day,series,demand,received,opening,served,lost,closing,order,target
0,0,0.0,0.0,225.44938356164386,0.0,0.0,225.44938356164386,0.0,225.44938356164386
0,1,0.0,0.0,509.6604109589041,0.0,0.0,509.6604109589041,0.0,509.6604109589041
0,2,587.94,0.0,546.2143150684931,546.2143150684931,41.725684931506976,0.0,546.2143150684931,546.2143150684931
0,3,0.0,0.0,241.21928082191778,0.0,0.0,241.21928082191778,0.0,241.21928082191778
0,4,221.9,0.0,524.5339726027396,221.9,0.0,302.6339726027396,221.89999999999998,524.5339726027396
0,5,0.0,0.0,424.828801369863,0.0,0.0,424.828801369863,0.0,424.828801369863
0,6,0.0,0.0,486.7493150684934,0.0,0.0,486.7493150684934,0.0,486.7493150684934
0,7,0.0,0.0,347.7283561643836,0.0,0.0,347.7283561643836,0.0,347.7283561643836
0,8,0.0,0.0,377.5047260273973,0.0,0.0,377.5047260273973,0.0,377.5047260273973
0,9,0.0,0.0,465.06106164383544,0.0,0.0,465.06106164383544,0.0,465.06106164383544
0,10,0.0,0.0,452.51907534246584,0.0,0.0,452.51907534246584,0.0,452.51907534246584
0,11,0.0,0.0,289.2730821917808,0.0,0.0,289.2730821917808,0.0,289.2730821917808
0,12,0.0,0.0,386.6066438356164,0.0,0.0,386.6066438356164,0.0,386.6066438356164
0,13,0.0,0.0,467.8044863013699,0.0,0.0,467.8044863013699,0.0,467.8044863013699
0,14,0.0,0.0,423.9286301369862,0.0,0.0,423.9286301369862,0.0,423.9286301369862
0,15,0.0,0.0,370.4582191780823,0.0,0.0,370.4582191780823,0.0,370.4582191780823
0,16,0.0,0.0,372.61815068493144,0.0,0.0,372.61815068493144,0.0,372.61815068493144
0,17,0.0,0.0,440.7528424657535,0.0,0.0,440.7528424657535,0.0,440.7528424657535
0,18,0.0,0.0,363.7329452054794,0.0,0.0,363.7329452054794,0.0,363.7329452054794
0,19,0.0,0.0,339.1046917808219,0.0,0.0,339.1046917808219,0.0,339.1046917808219
0,20,0.0,0.0,382.2246917808219,0.0,0.0,382.2246917808219,0.0,382.2246917808219
0,21,0.0,0.0,217.15965753424652,0.0,0.0,217.15965753424652,0.0,217.15965753424652
0,22,322.9,0.0,514.6831506849315,322.9,0.0,191.78315068493157,322.9,514.6831506849315
0,23,0.0,0.0,400.63876712328766,0.0,0.0,400.63876712328766,0.0,400.63876712328766
0,24,0.0,0.0,420.8831506849314,0.0,0.0,420.8831506849314,0.0,420.8831506849314
0,25,404.47,0.0,414.17273972602743,404.47,0.0,9.702739726027403,404.47,414.17273972602743
0,26,0.0,0.0,433.2189726027399,0.0,0.0,433.2189726027399,0.0,433.2189726027399
0,27,0.0,0.0,324.58712328767126,0.0,0.0,324.58712328767126,0.0,324.58712328767126
0,28,0.0,0.0,357.3754109589041,0.0,0.0,357.3754109589041,0.0,357.3754109589041
0,29,0.0,0.0,292.1207876712329,0.0,0.0,292.1207876712329,0.0,292.1207876712329
0,30,0.0,0.0,408.68301369863025,0.0,0.0,408.68301369863025,0.0,408.68301369863025
0,31,0.0,0.0,575.8559589041095,0.0,0.0,575.8559589041095,0.0,575.8559589041095
0,32,405.84,0.0,515.9707191780824,405.84,0.0,110.13071917808242,405.84,515.9707191780824
0,33,0.0,0.0,332.5119863013699,0.0,0.0,332.5119863013699,0.0,332.5119863013699
0,34,0.0,0.0,484.3216095890409,0.0,0.0,484.3216095890409,0.0,484.3216095890409
0,35,0.0,0.0,392.25914383561656,0.0,0.0,392.25914383561656,0.0,392.25914383561656
0,36,0.0,0.0,556.6009246575342,0.0,0.0,556.6009246575342,0.0,556.6009246575342
0,37,0.0,0.0,367.40099315068494,0.0,0.0,367.40099315068494,0.0,367.40099315068494
0,38,0.0,0.0,453.86154109589035,0.0,0.0,453.86154109589035,0.0,453.86154109589035
0,39,0.0,0.0,333.2752739726027,0.0,0.0,333.2752739726027,0.0,333.2752739726027
0,40,0.0,0.0,363.6351369863013,0.0,0.0,363.6351369863013,0.0,363.6351369863013
0,41,0.0,0.0,342.41434931506853,0.0,0.0,342.41434931506853,0.0,342.41434931506853
0,42,0.0,0.0,271.86130136986304,0.0,0.0,271.86130136986304,0.0,271.86130136986304
0,43,343.13,0.0,480.8273630136987,343.13,0.0,137.6973630136987,343.13,480.8273630136987
0,44,123.44,0.0,279.9872945205479,123.44,0.0,156.5472945205479,123.44,279.9872945205479
0,45,0.0,0.0,535.524212328767,0.0,0.0,535.524212328767,0.0,535.524212328767
0,46,0.0,0.0,423.32404109589044,0.0,0.0,423.32404109589044,0.0,423.32404109589044
0,47,0.0,0.0,388.81476027397264,0.0,0.0,388.81476027397264,0.0,388.81476027397264
0,48,226.17,0.0,527.1062328767123,226.17,0.0,300.9362328767123,226.16999999999996,527.1062328767123
0,49,0.0,0.0,338.29465753424654,0.0,0.0,338.29465753424654,0.0,338.29465753424654
0,50,0.0,0.0,404.66832191780827,0.0,0.0,404.66832191780827,0.0,404.66832191780827
0,51,0.0,0.0,245.63647260273976,0.0,0.0,245.63647260273976,0.0,245.63647260273976
0,52,0.0,0.0,465.3753424657534,0.0,0.0,465.3753424657534,0.0,465.3753424657534
0,53,0.0,0.0,310.62667808219175,0.0,0.0,310.62667808219175,0.0,310.62667808219175
0,54,0.0,0.0,468.955410958904,0.0,0.0,468.955410958904,0.0,468.955410958904
0,55,0.0,0.0,305.61544520547955,0.0,0.0,305.61544520547955,0.0,305.61544520547955
0,56,0.0,0.0,376.81647260273974,0.0,0.0,376.81647260273974,0.0,376.81647260273974
0,57,0.0,0.0,313.2279452054794,0.0,0.0,313.2279452054794,0.0,313.2279452054794
0,58,0.0,0.0,497.21479452054797,0.0,0.0,497.21479452054797,0.0,497.21479452054797
0,59,0.0,0.0,482.4107534246574,0.0,0.0,482.4107534246574,0.0,482.4107534246574
0,60,0.0,0.0,430.6970547945208,0.0,0.0,430.6970547945208,0.0,430.6970547945208
0,61,0.0,0.0,297.4455821917809,0.0,0.0,297.4455821917809,0.0,297.4455821917809
0,62,199.0,0.0,363.9398287671233,199.0,0.0,164.9398287671233,199.0,363.9398287671233
0,63,0.0,0.0,454.9069863013698,0.0,0.0,454.9069863013698,0.0,454.9069863013698
0,64,449.39,0.0,351.72698630136995,351.72698630136995,97.66301369863004,0.0,351.72698630136995,351.72698630136995
0,65,292.2,0.0,343.8869863013699,292.2,0.0,51.68698630136993,292.2,343.8869863013699
0,66,0.0,0.0,407.6145547945206,0.0,0.0,407.6145547945206,0.0,407.6145547945206
0,67,0.0,0.0,476.1551027397259,0.0,0.0,476.1551027397259,0.0,476.1551027397259
0,68,0.0,0.0,430.29191780821895,0.0,0.0,430.29191780821895,0.0,430.29191780821895
0,69,0.0,0.0,278.01890410958913,0.0,0.0,278.01890410958913,0.0,278.01890410958913
0,70,0.0,0.0,532.8097945205478,0.0,0.0,532.8097945205478,0.0,532.8097945205478
0,71,0.0,0.0,206.50311643835613,0.0,0.0,206.50311643835613,0.0,206.50311643835613
0,72,0.0,0.0,470.0392123287671,0.0,0.0,470.0392123287671,0.0,470.0392123287671
0,73,0.0,0.0,393.43020547945207,0.0,0.0,393.43020547945207,0.0,393.43020547945207
0,74,107.93,0.0,427.86421232876705,107.93,0.0,319.93421232876705,107.93,427.86421232876705
0,75,0.0,0.0,419.05044520547926,0.0,0.0,419.05044520547926,0.0,419.05044520547926
0,76,0.0,0.0,300.4021232876712,0.0,0.0,300.4021232876712,0.0,300.4021232876712
0,77,0.0,0.0,389.77486301369856,0.0,0.0,389.77486301369856,0.0,389.77486301369856
0,78,577.87,0.0,259.3933904109589,259.3933904109589,318.4766095890411,0.0,259.3933904109589,259.3933904109589
0,79,0.0,0.0,330.1576369863013,0.0,0.0,330.1576369863013,0.0,330.1576369863013
0,80,173.5,0.0,403.9877397260275,173.5,0.0,230.48773972602748,173.5,403.9877397260275
0,81,384.22,0.0,432.53695205479454,384.22,0.0,48.31695205479451,384.22,432.53695205479454
0,82,0.0,0.0,390.9296232876712,0.0,0.0,390.9296232876712,0.0,390.9296232876712
0,83,0.0,0.0,256.84510273972603,0.0,0.0,256.84510273972603,0.0,256.84510273972603
0,84,0.0,0.0,376.2492808219178,0.0,0.0,376.2492808219178,0.0,376.2492808219178
0,85,0.0,0.0,265.6598287671234,0.0,0.0,265.6598287671234,0.0,265.6598287671234
0,86,0.0,0.0,503.9685958904107,0.0,0.0,503.9685958904107,0.0,503.9685958904107
0,87,0.0,0.0,269.4978424657534,0.0,0.0,269.4978424657534,0.0,269.4978424657534
0,88,0.0,0.0,504.29510273972596,0.0,0.0,504.29510273972596,0.0,504.29510273972596
0,89,0.0,0.0,358.29476027397266,0.0,0.0,358.29476027397266,0.0,358.29476027397266
0,90,0.0,0.0,503.18133561643833,0.0,0.0,503.18133561643833,0.0,503.18133561643833
0,91,0.0,0.0,436.5981506849317,0.0,0.0,436.5981506849317,0.0,436.5981506849317
0,92,0.0,0.0,451.02246575342457,0.0,0.0,451.02246575342457,0.0,451.02246575342457
0,93,0.0,0.0,385.8469520547945,0.0,0.0,385.8469520547945,0.0,385.8469520547945
0,94,313.91,0.0,276.4630821917808,276.4630821917808,37.44691780821921,0.0,276.4630821917808,276.4630821917808
0,95,0.0,0.0,271.58202054794526,0.0,0.0,271.58202054794526,0.0,271.58202054794526
1,0,0.0,0.0,225.44938356164386,0.0,0.0,225.44938356164386,0.0,225.44938356164386
1,1,0.0,0.0,509.6604109589041,0.0,0.0,509.6604109589041,0.0,509.6604109589041
1,2,0.0,0.0,0.0,0.0,0.0,0.0,0.0,546.2143150684931
1,3,0.0,0.0,241.21928082191778,0.0,0.0,241.21928082191778,0.0,241.21928082191778
1,4,0.0,0.0,302.6339726027396,0.0,0.0,302.6339726027396,0.0,524.5339726027396
1,5,0.0,0.0,424.828801369863,0.0,0.0,424.828801369863,0.0,424.828801369863
1,6,0.0,0.0,486.7493150684934,0.0,0.0,486.7493150684934,0.0,486.7493150684934
1,7,0.0,0.0,347.7283561643836,0.0,0.0,347.7283561643836,0.0,347.7283561643836
1,8,0.0,0.0,377.5047260273973,0.0,0.0,377.5047260273973,0.0,377.5047260273973
1,9,0.0,0.0,465.06106164383544,0.0,0.0,465.06106164383544,0.0,465.06106164383544
1,10,0.0,0.0,452.51907534246584,0.0,0.0,452.51907534246584,0.0,452.51907534246584
1,11,0.0,0.0,289.2730821917808,0.0,0.0,289.2730821917808,0.0,289.2730821917808
1,12,0.0,0.0,386.6066438356164,0.0,0.0,386.6066438356164,0.0,386.6066438356164
1,13,0.0,0.0,467.8044863013699,0.0,0.0,467.8044863013699,0.0,467.8044863013699
1,14,515.95,0.0,423.9286301369862,423.9286301369862,92.02136986301383,0.0,423.9286301369862,423.9286301369862
1,15,0.0,0.0,370.4582191780823,0.0,0.0,370.4582191780823,0.0,370.4582191780823
1,16,0.0,0.0,372.61815068493144,0.0,0.0,372.61815068493144,0.0,372.61815068493144
1,17,561.66,0.0,440.7528424657535,440.7528424657535,120.9071575342465,0.0,440.7528424657535,440.7528424657535
1,18,0.0,0.0,363.7329452054794,0.0,0.0,363.7329452054794,0.0,363.7329452054794
1,19,0.0,0.0,339.1046917808219,0.0,0.0,339.1046917808219,0.0,339.1046917808219
1,20,0.0,0.0,382.2246917808219,0.0,0.0,382.2246917808219,0.0,382.2246917808219
1,21,309.68,0.0,217.15965753424652,217.15965753424652,92.52034246575349,0.0,217.15965753424652,217.15965753424652
1,22,0.0,0.0,191.78315068493157,0.0,0.0,191.78315068493157,0.0,514.6831506849315
1,23,0.0,0.0,400.63876712328766,0.0,0.0,400.63876712328766,0.0,400.63876712328766
1,24,0.0,0.0,420.8831506849314,0.0,0.0,420.8831506849314,0.0,420.8831506849314
1,25,309.71,0.0,9.702739726027403,9.702739726027403,300.0072602739726,0.0,9.702739726027403,414.17273972602743
1,26,0.0,0.0,433.2189726027399,0.0,0.0,433.2189726027399,0.0,433.2189726027399
1,27,0.0,0.0,324.58712328767126,0.0,0.0,324.58712328767126,0.0,324.58712328767126
1,28,0.0,0.0,357.3754109589041,0.0,0.0,357.3754109589041,0.0,357.3754109589041
1,29,0.0,0.0,292.1207876712329,0.0,0.0,292.1207876712329,0.0,292.1207876712329
1,30,0.0,0.0,408.68301369863025,0.0,0.0,408.68301369863025,0.0,408.68301369863025
1,31,0.0,0.0,575.8559589041095,0.0,0.0,575.8559589041095,0.0,575.8559589041095
1,32,0.0,0.0,110.13071917808242,0.0,0.0,110.13071917808242,0.0,515.9707191780824
1,33,0.0,0.0,332.5119863013699,0.0,0.0,332.5119863013699,0.0,332.5119863013699
1,34,0.0,0.0,484.3216095890409,0.0,0.0,484.3216095890409,0.0,484.3216095890409
1,35,0.0,0.0,392.25914383561656,0.0,0.0,392.25914383561656,0.0,392.25914383561656
1,36,274.56,0.0,556.6009246575342,274.56,0.0,282.04092465753416,274.56,556.6009246575342
1,37,0.0,0.0,367.40099315068494,0.0,0.0,367.40099315068494,0.0,367.40099315068494
1,38,0.0,0.0,453.86154109589035,0.0,0.0,453.86154109589035,0.0,453.86154109589035
1,39,326.71,0.0,333.2752739726027,326.71,0.0,6.565273972602711,326.71,333.2752739726027
1,40,0.0,0.0,363.6351369863013,0.0,0.0,363.6351369863013,0.0,363.6351369863013
1,41,0.0,0.0,342.41434931506853,0.0,0.0,342.41434931506853,0.0,342.41434931506853
1,42,0.0,0.0,271.86130136986304,0.0,0.0,271.86130136986304,0.0,271.86130136986304
1,43,0.0,0.0,137.6973630136987,0.0,0.0,137.6973630136987,0.0,480.8273630136987
1,44,0.0,0.0,156.5472945205479,0.0,0.0,156.5472945205479,0.0,279.9872945205479
1,45,0.0,0.0,535.524212328767,0.0,0.0,535.524212328767,0.0,535.524212328767
1,46,0.0,0.0,423.32404109589044,0.0,0.0,423.32404109589044,0.0,423.32404109589044
1,47,452.99,0.0,388.81476027397264,388.81476027397264,64.17523972602737,0.0,388.81476027397264,388.81476027397264
1,48,228.72,0.0,300.9362328767123,228.72,0.0,72.21623287671233,228.72000000000003,527.1062328767123
1,49,0.0,0.0,338.29465753424654,0.0,0.0,338.29465753424654,0.0,338.29465753424654
1,50,0.0,0.0,404.66832191780827,0.0,0.0,404.66832191780827,0.0,404.66832191780827
1,51,0.0,0.0,245.63647260273976,0.0,0.0,245.63647260273976,0.0,245.63647260273976
1,52,0.0,0.0,465.3753424657534,0.0,0.0,465.3753424657534,0.0,465.3753424657534
1,53,0.0,0.0,310.62667808219175,0.0,0.0,310.62667808219175,0.0,310.62667808219175
1,54,0.0,0.0,468.955410958904,0.0,0.0,468.955410958904,0.0,468.955410958904
1,55,0.0,0.0,305.61544520547955,0.0,0.0,305.61544520547955,0.0,305.61544520547955
1,56,0.0,0.0,376.81647260273974,0.0,0.0,376.81647260273974,0.0,376.81647260273974
1,57,0.0,0.0,313.2279452054794,0.0,0.0,313.2279452054794,0.0,313.2279452054794
1,58,0.0,0.0,497.21479452054797,0.0,0.0,497.21479452054797,0.0,497.21479452054797
1,59,259.73,0.0,482.4107534246574,259.73,0.0,222.68075342465738,259.73,482.4107534246574
1,60,0.0,0.0,430.6970547945208,0.0,0.0,430.6970547945208,0.0,430.6970547945208
1,61,0.0,0.0,297.4455821917809,0.0,0.0,297.4455821917809,0.0,297.4455821917809
1,62,0.0,0.0,164.9398287671233,0.0,0.0,164.9398287671233,0.0,363.9398287671233
1,63,0.0,0.0,454.9069863013698,0.0,0.0,454.9069863013698,0.0,454.9069863013698
1,64,0.0,0.0,0.0,0.0,0.0,0.0,0.0,351.72698630136995
1,65,0.0,0.0,51.68698630136993,0.0,0.0,51.68698630136993,0.0,343.8869863013699
1,66,0.0,0.0,407.6145547945206,0.0,0.0,407.6145547945206,0.0,407.6145547945206
1,67,0.0,0.0,476.1551027397259,0.0,0.0,476.1551027397259,0.0,476.1551027397259
1,68,317.02,0.0,430.29191780821895,317.02,0.0,113.27191780821897,317.02,430.29191780821895
1,69,0.0,0.0,278.01890410958913,0.0,0.0,278.01890410958913,0.0,278.01890410958913
1,70,0.0,0.0,532.8097945205478,0.0,0.0,532.8097945205478,0.0,532.8097945205478
1,71,0.0,0.0,206.50311643835613,0.0,0.0,206.50311643835613,0.0,206.50311643835613
1,72,0.0,0.0,470.0392123287671,0.0,0.0,470.0392123287671,0.0,470.0392123287671
1,73,0.0,0.0,393.43020547945207,0.0,0.0,393.43020547945207,0.0,393.43020547945207
1,74,0.0,0.0,319.93421232876705,0.0,0.0,319.93421232876705,0.0,427.86421232876705
1,75,0.0,0.0,419.05044520547926,0.0,0.0,419.05044520547926,0.0,419.05044520547926
1,76,0.0,0.0,300.4021232876712,0.0,0.0,300.4021232876712,0.0,300.4021232876712
1,77,0.0,0.0,389.77486301369856,0.0,0.0,389.77486301369856,0.0,389.77486301369856
1,78,0.0,0.0,0.0,0.0,0.0,0.0,0.0,259.3933904109589
1,79,0.0,0.0,330.1576369863013,0.0,0.0,330.1576369863013,0.0,330.1576369863013
1,80,0.0,0.0,230.48773972602748,0.0,0.0,230.48773972602748,0.0,403.9877397260275
1,81,0.0,0.0,48.31695205479451,0.0,0.0,48.31695205479451,0.0,432.53695205479454
1,82,347.61,0.0,390.9296232876712,347.61,0.0,43.31962328767116,347.61,390.9296232876712
1,83,0.0,0.0,256.84510273972603,0.0,0.0,256.84510273972603,0.0,256.84510273972603
1,84,0.0,0.0,376.2492808219178,0.0,0.0,376.2492808219178,0.0,376.2492808219178
1,85,0.0,0.0,265.6598287671234,0.0,0.0,265.6598287671234,0.0,265.6598287671234
1,86,551.63,0.0,503.9685958904107,503.9685958904107,47.661404109589284,0.0,503.9685958904107,503.9685958904107
1,87,427.95,0.0,269.4978424657534,269.4978424657534,158.45215753424657,0.0,269.4978424657534,269.4978424657534
1,88,0.0,0.0,504.29510273972596,0.0,0.0,504.29510273972596,0.0,504.29510273972596
1,89,0.0,0.0,358.29476027397266,0.0,0.0,358.29476027397266,0.0,358.29476027397266
1,90,0.0,0.0,503.18133561643833,0.0,0.0,503.18133561643833,0.0,503.18133561643833
1,91,203.76,0.0,436.5981506849317,203.76,0.0,232.8381506849317,203.76,436.5981506849317
1,92,0.0,0.0,451.02246575342457,0.0,0.0,451.02246575342457,0.0,451.02246575342457
1,93,0.0,0.0,385.8469520547945,0.0,0.0,385.8469520547945,0.0,385.8469520547945
1,94,0.0,0.0,0.0,0.0,0.0,0.0,0.0,276.4630821917808
1,95,0.0,0.0,271.58202054794526,0.0,0.0,271.58202054794526,0.0,271.58202054794526
2,0,0.0,0.0,225.44938356164386,0.0,0.0,225.44938356164386,0.0,225.44938356164386
2,1,0.0,0.0,509.6604109589041,0.0,0.0,509.6604109589041,0.0,509.6604109589041
2,2,0.0,546.2143150684931,546.2143150684931,0.0,0.0,546.2143150684931,0.0,546.2143150684931
2,3,0.0,0.0,241.21928082191778,0.0,0.0,241.21928082191778,0.0,241.21928082191778
2,4,0.0,221.89999999999998,524.5339726027396,0.0,0.0,524.5339726027396,0.0,524.5339726027396
2,5,0.0,0.0,424.828801369863,0.0,0.0,424.828801369863,0.0,424.828801369863
2,6,557.91,0.0,486.7493150684934,486.7493150684934,71.16068493150658,0.0,486.7493150684934,486.7493150684934
2,7,0.0,0.0,347.7283561643836,0.0,0.0,347.7283561643836,0.0,347.7283561643836
2,8,0.0,0.0,377.5047260273973,0.0,0.0,377.5047260273973,0.0,377.5047260273973
2,9,0.0,0.0,465.06106164383544,0.0,0.0,465.06106164383544,0.0,465.06106164383544
2,10,0.0,0.0,452.51907534246584,0.0,0.0,452.51907534246584,0.0,452.51907534246584
2,11,0.0,0.0,289.2730821917808,0.0,0.0,289.2730821917808,0.0,289.2730821917808
2,12,0.0,0.0,386.6066438356164,0.0,0.0,386.6066438356164,0.0,386.6066438356164
2,13,0.0,0.0,467.8044863013699,0.0,0.0,467.8044863013699,0.0,467.8044863013699
2,14,0.0,0.0,0.0,0.0,0.0,0.0,0.0,423.9286301369862
2,15,0.0,0.0,370.4582191780823,0.0,0.0,370.4582191780823,0.0,370.4582191780823
2,16,0.0,0.0,372.61815068493144,0.0,0.0,372.61815068493144,0.0,372.61815068493144
2,17,0.0,0.0,0.0,0.0,0.0,0.0,0.0,440.7528424657535
2,18,0.0,0.0,363.7329452054794,0.0,0.0,363.7329452054794,0.0,363.7329452054794
2,19,0.0,0.0,339.1046917808219,0.0,0.0,339.1046917808219,0.0,339.1046917808219
2,20,324.34,0.0,382.2246917808219,324.34,0.0,57.884691780821925,324.34,382.2246917808219
2,21,0.0,0.0,0.0,0.0,0.0,0.0,0.0,217.15965753424652
2,22,0.0,322.9,514.6831506849315,0.0,0.0,514.6831506849315,0.0,514.6831506849315
2,23,0.0,0.0,400.63876712328766,0.0,0.0,400.63876712328766,0.0,400.63876712328766
2,24,0.0,0.0,420.8831506849314,0.0,0.0,420.8831506849314,0.0,420.8831506849314
2,25,0.0,404.47,404.47,0.0,0.0,404.47,0.0,414.17273972602743
2,26,0.0,0.0,433.2189726027399,0.0,0.0,433.2189726027399,0.0,433.2189726027399
2,27,0.0,0.0,324.58712328767126,0.0,0.0,324.58712328767126,0.0,324.58712328767126
2,28,540.24,0.0,357.3754109589041,357.3754109589041,182.86458904109588,0.0,357.3754109589041,357.3754109589041
2,29,518.12,0.0,292.1207876712329,292.1207876712329,225.9992123287671,0.0,292.1207876712329,292.1207876712329
2,30,258.86,0.0,408.68301369863025,258.86,0.0,149.82301369863023,258.86,408.68301369863025
2,31,0.0,0.0,575.8559589041095,0.0,0.0,575.8559589041095,0.0,575.8559589041095
2,32,0.0,405.84,515.9707191780824,0.0,0.0,515.9707191780824,0.0,515.9707191780824
2,33,532.54,0.0,332.5119863013699,332.5119863013699,200.02801369863005,0.0,332.5119863013699,332.5119863013699
2,34,0.0,0.0,484.3216095890409,0.0,0.0,484.3216095890409,0.0,484.3216095890409
2,35,0.0,0.0,392.25914383561656,0.0,0.0,392.25914383561656,0.0,392.25914383561656
2,36,0.0,0.0,282.04092465753416,0.0,0.0,282.04092465753416,0.0,556.6009246575342
2,37,0.0,0.0,367.40099315068494,0.0,0.0,367.40099315068494,0.0,367.40099315068494
2,38,0.0,0.0,453.86154109589035,0.0,0.0,453.86154109589035,0.0,453.86154109589035
2,39,0.0,0.0,6.565273972602711,0.0,0.0,6.565273972602711,0.0,333.2752739726027
2,40,0.0,0.0,363.6351369863013,0.0,0.0,363.6351369863013,0.0,363.6351369863013
2,41,0.0,0.0,342.41434931506853,0.0,0.0,342.41434931506853,0.0,342.41434931506853
2,42,0.0,0.0,271.86130136986304,0.0,0.0,271.86130136986304,0.0,271.86130136986304
2,43,0.0,343.13,480.8273630136987,0.0,0.0,480.8273630136987,0.0,480.8273630136987
2,44,0.0,123.44,279.9872945205479,0.0,0.0,279.9872945205479,0.0,279.9872945205479
2,45,0.0,0.0,535.524212328767,0.0,0.0,535.524212328767,0.0,535.524212328767
2,46,0.0,0.0,423.32404109589044,0.0,0.0,423.32404109589044,0.0,423.32404109589044
2,47,535.92,0.0,0.0,0.0,535.92,0.0,0.0,388.81476027397264
2,48,0.0,226.16999999999996,298.38623287671226,0.0,0.0,298.38623287671226,0.0,527.1062328767123
2,49,392.98,0.0,338.29465753424654,338.29465753424654,54.68534246575348,0.0,338.29465753424654,338.29465753424654
2,50,465.51,0.0,404.66832191780827,404.66832191780827,60.84167808219172,0.0,404.66832191780827,404.66832191780827
2,51,0.0,0.0,245.63647260273976,0.0,0.0,245.63647260273976,0.0,245.63647260273976
2,52,0.0,0.0,465.3753424657534,0.0,0.0,465.3753424657534,0.0,465.3753424657534
2,53,0.0,0.0,310.62667808219175,0.0,0.0,310.62667808219175,0.0,310.62667808219175
2,54,0.0,0.0,468.955410958904,0.0,0.0,468.955410958904,0.0,468.955410958904
2,55,0.0,0.0,305.61544520547955,0.0,0.0,305.61544520547955,0.0,305.61544520547955
2,56,0.0,0.0,376.81647260273974,0.0,0.0,376.81647260273974,0.0,376.81647260273974
2,57,154.93,0.0,313.2279452054794,154.93,0.0,158.29794520547938,154.93,313.2279452054794
2,58,0.0,0.0,497.21479452054797,0.0,0.0,497.21479452054797,0.0,497.21479452054797
2,59,0.0,0.0,222.68075342465738,0.0,0.0,222.68075342465738,0.0,482.4107534246574
2,60,0.0,0.0,430.6970547945208,0.0,0.0,430.6970547945208,0.0,430.6970547945208
2,61,0.0,0.0,297.4455821917809,0.0,0.0,297.4455821917809,0.0,297.4455821917809
2,62,0.0,199.0,363.9398287671233,0.0,0.0,363.9398287671233,0.0,363.9398287671233
2,63,0.0,0.0,454.9069863013698,0.0,0.0,454.9069863013698,0.0,454.9069863013698
2,64,0.0,351.72698630136995,351.72698630136995,0.0,0.0,351.72698630136995,0.0,351.72698630136995
2,65,765.39,292.2,343.8869863013699,343.8869863013699,421.50301369863007,0.0,343.8869863013699,343.8869863013699
2,66,0.0,0.0,407.6145547945206,0.0,0.0,407.6145547945206,0.0,407.6145547945206
2,67,0.0,0.0,476.1551027397259,0.0,0.0,476.1551027397259,0.0,476.1551027397259
2,68,0.0,0.0,113.27191780821897,0.0,0.0,113.27191780821897,0.0,430.29191780821895
2,69,0.0,0.0,278.01890410958913,0.0,0.0,278.01890410958913,0.0,278.01890410958913
2,70,419.71,0.0,532.8097945205478,419.71,0.0,113.09979452054785,419.71,532.8097945205478
2,71,0.0,0.0,206.50311643835613,0.0,0.0,206.50311643835613,0.0,206.50311643835613
2,72,0.0,0.0,470.0392123287671,0.0,0.0,470.0392123287671,0.0,470.0392123287671
2,73,0.0,0.0,393.43020547945207,0.0,0.0,393.43020547945207,0.0,393.43020547945207
2,74,0.0,107.93,427.86421232876705,0.0,0.0,427.86421232876705,0.0,427.86421232876705
2,75,0.0,0.0,419.05044520547926,0.0,0.0,419.05044520547926,0.0,419.05044520547926
2,76,0.0,0.0,300.4021232876712,0.0,0.0,300.4021232876712,0.0,300.4021232876712
2,77,0.0,0.0,389.77486301369856,0.0,0.0,389.77486301369856,0.0,389.77486301369856
2,78,0.0,259.3933904109589,259.3933904109589,0.0,0.0,259.3933904109589,0.0,259.3933904109589
2,79,0.0,0.0,330.1576369863013,0.0,0.0,330.1576369863013,0.0,330.1576369863013
2,80,0.0,173.5,403.9877397260275,0.0,0.0,403.9877397260275,0.0,403.9877397260275
2,81,0.0,384.22,432.53695205479454,0.0,0.0,432.53695205479454,0.0,432.53695205479454
2,82,0.0,0.0,43.31962328767116,0.0,0.0,43.31962328767116,0.0,390.9296232876712
2,83,0.0,0.0,256.84510273972603,0.0,0.0,256.84510273972603,0.0,256.84510273972603
2,84,0.0,0.0,376.2492808219178,0.0,0.0,376.2492808219178,0.0,376.2492808219178
2,85,0.0,0.0,265.6598287671234,0.0,0.0,265.6598287671234,0.0,265.6598287671234
2,86,284.25,0.0,0.0,0.0,284.25,0.0,0.0,503.9685958904107
2,87,0.0,0.0,0.0,0.0,0.0,0.0,0.0,269.4978424657534
2,88,0.0,0.0,504.29510273972596,0.0,0.0,504.29510273972596,0.0,504.29510273972596
2,89,0.0,0.0,358.29476027397266,0.0,0.0,358.29476027397266,0.0,358.29476027397266
2,90,480.66,0.0,503.18133561643833,480.66,0.0,22.521335616438307,480.66,503.18133561643833
2,91,0.0,0.0,232.8381506849317,0.0,0.0,232.8381506849317,0.0,436.5981506849317
2,92,0.0,0.0,451.02246575342457,0.0,0.0,451.02246575342457,0.0,451.02246575342457
2,93,0.0,0.0,385.8469520547945,0.0,0.0,385.8469520547945,0.0,385.8469520547945
2,94,0.0,276.4630821917808,276.4630821917808,0.0,0.0,276.4630821917808,0.0,276.4630821917808
2,95,0.0,0.0,271.58202054794526,0.0,0.0,271.58202054794526,0.0,271.58202054794526
3,0,0.0,0.0,225.44938356164386,0.0,0.0,225.44938356164386,0.0,225.44938356164386
3,1,0.0,0.0,509.6604109589041,0.0,0.0,509.6604109589041,0.0,509.6604109589041
3,2,0.0,0.0,546.2143150684931,0.0,0.0,546.2143150684931,0.0,546.2143150684931
3,3,0.0,0.0,241.21928082191778,0.0,0.0,241.21928082191778,0.0,241.21928082191778
3,4,0.0,0.0,524.5339726027396,0.0,0.0,524.5339726027396,0.0,524.5339726027396
3,5,0.0,0.0,424.828801369863,0.0,0.0,424.828801369863,0.0,424.828801369863
3,6,0.0,0.0,0.0,0.0,0.0,0.0,0.0,486.7493150684934
3,7,0.0,0.0,347.7283561643836,0.0,0.0,347.7283561643836,0.0,347.7283561643836
3,8,0.0,0.0,377.5047260273973,0.0,0.0,377.5047260273973,0.0,377.5047260273973
3,9,215.32,0.0,465.06106164383544,215.32,0.0,249.74106164383545,215.32,465.06106164383544
3,10,0.0,0.0,452.51907534246584,0.0,0.0,452.51907534246584,0.0,452.51907534246584
3,11,506.65,0.0,289.2730821917808,289.2730821917808,217.37691780821916,0.0,289.2730821917808,289.2730821917808
3,12,0.0,0.0,386.6066438356164,0.0,0.0,386.6066438356164,0.0,386.6066438356164
3,13,282.41,0.0,467.8044863013699,282.41,0.0,185.39448630136985,282.41,467.8044863013699
3,14,0.0,423.9286301369862,423.9286301369862,0.0,0.0,423.9286301369862,0.0,423.9286301369862
3,15,0.0,0.0,370.4582191780823,0.0,0.0,370.4582191780823,0.0,370.4582191780823
3,16,0.0,0.0,372.61815068493144,0.0,0.0,372.61815068493144,0.0,372.61815068493144
3,17,0.0,440.7528424657535,440.7528424657535,0.0,0.0,440.7528424657535,0.0,440.7528424657535
3,18,0.0,0.0,363.7329452054794,0.0,0.0,363.7329452054794,0.0,363.7329452054794
3,19,0.0,0.0,339.1046917808219,0.0,0.0,339.1046917808219,0.0,339.1046917808219
3,20,0.0,0.0,57.884691780821925,0.0,0.0,57.884691780821925,0.0,382.2246917808219
3,21,0.0,217.15965753424652,217.15965753424652,0.0,0.0,217.15965753424652,0.0,217.15965753424652
3,22,0.0,0.0,514.6831506849315,0.0,0.0,514.6831506849315,0.0,514.6831506849315
3,23,0.0,0.0,400.63876712328766,0.0,0.0,400.63876712328766,0.0,400.63876712328766
3,24,0.0,0.0,420.8831506849314,0.0,0.0,420.8831506849314,0.0,420.8831506849314
3,25,199.38,9.702739726027403,414.17273972602743,199.38,0.0,214.79273972602743,199.38,414.17273972602743
3,26,0.0,0.0,433.2189726027399,0.0,0.0,433.2189726027399,0.0,433.2189726027399
3,27,0.0,0.0,324.58712328767126,0.0,0.0,324.58712328767126,0.0,324.58712328767126
3,28,0.0,0.0,0.0,0.0,0.0,0.0,0.0,357.3754109589041
3,29,0.0,0.0,0.0,0.0,0.0,0.0,0.0,292.1207876712329
3,30,408.67,0.0,149.82301369863023,149.82301369863023,258.8469863013698,0.0,149.82301369863023,408.68301369863025
3,31,0.0,0.0,575.8559589041095,0.0,0.0,575.8559589041095,0.0,575.8559589041095
3,32,0.0,0.0,515.9707191780824,0.0,0.0,515.9707191780824,0.0,515.9707191780824
3,33,409.36,0.0,0.0,0.0,409.36,0.0,0.0,332.5119863013699
3,34,0.0,0.0,484.3216095890409,0.0,0.0,484.3216095890409,0.0,484.3216095890409
3,35,0.0,0.0,392.25914383561656,0.0,0.0,392.25914383561656,0.0,392.25914383561656
3,36,0.0,274.56,556.6009246575342,0.0,0.0,556.6009246575342,0.0,556.6009246575342
3,37,0.0,0.0,367.40099315068494,0.0,0.0,367.40099315068494,0.0,367.40099315068494
3,38,213.55,0.0,453.86154109589035,213.55,0.0,240.31154109589033,213.55,453.86154109589035
3,39,0.0,326.71,333.2752739726027,0.0,0.0,333.2752739726027,0.0,333.2752739726027
3,40,0.0,0.0,363.6351369863013,0.0,0.0,363.6351369863013,0.0,363.6351369863013
3,41,0.0,0.0,342.41434931506853,0.0,0.0,342.41434931506853,0.0,342.41434931506853
3,42,0.0,0.0,271.86130136986304,0.0,0.0,271.86130136986304,0.0,271.86130136986304
3,43,0.0,0.0,480.8273630136987,0.0,0.0,480.8273630136987,0.0,480.8273630136987
3,44,304.07,0.0,279.9872945205479,279.9872945205479,24.082705479452102,0.0,279.9872945205479,279.9872945205479
3,45,0.0,0.0,535.524212328767,0.0,0.0,535.524212328767,0.0,535.524212328767
3,46,0.0,0.0,423.32404109589044,0.0,0.0,423.32404109589044,0.0,423.32404109589044
3,47,0.0,388.81476027397264,388.81476027397264,0.0,0.0,388.81476027397264,0.0,388.81476027397264
3,48,158.54,228.72000000000003,527.1062328767123,158.54,0.0,368.5662328767123,158.53999999999996,527.1062328767123
3,49,0.0,0.0,0.0,0.0,0.0,0.0,0.0,338.29465753424654
3,50,0.0,0.0,0.0,0.0,0.0,0.0,0.0,404.66832191780827
3,51,0.0,0.0,245.63647260273976,0.0,0.0,245.63647260273976,0.0,245.63647260273976
3,52,0.0,0.0,465.3753424657534,0.0,0.0,465.3753424657534,0.0,465.3753424657534
3,53,0.0,0.0,310.62667808219175,0.0,0.0,310.62667808219175,0.0,310.62667808219175
3,54,0.0,0.0,468.955410958904,0.0,0.0,468.955410958904,0.0,468.955410958904
3,55,0.0,0.0,305.61544520547955,0.0,0.0,305.61544520547955,0.0,305.61544520547955
3,56,0.0,0.0,376.81647260273974,0.0,0.0,376.81647260273974,0.0,376.81647260273974
3,57,369.11,0.0,158.29794520547938,158.29794520547938,210.81205479452063,0.0,158.29794520547938,313.2279452054794
3,58,0.0,0.0,497.21479452054797,0.0,0.0,497.21479452054797,0.0,497.21479452054797
3,59,351.82,259.73,482.4107534246574,351.82,0.0,130.5907534246574,351.82,482.4107534246574
3,60,0.0,0.0,430.6970547945208,0.0,0.0,430.6970547945208,0.0,430.6970547945208
3,61,0.0,0.0,297.4455821917809,0.0,0.0,297.4455821917809,0.0,297.4455821917809
3,62,0.0,0.0,363.9398287671233,0.0,0.0,363.9398287671233,0.0,363.9398287671233
3,63,0.0,0.0,454.9069863013698,0.0,0.0,454.9069863013698,0.0,454.9069863013698
3,64,0.0,0.0,351.72698630136995,0.0,0.0,351.72698630136995,0.0,351.72698630136995
3,65,0.0,0.0,0.0,0.0,0.0,0.0,0.0,343.8869863013699
3,66,0.0,0.0,407.6145547945206,0.0,0.0,407.6145547945206,0.0,407.6145547945206
3,67,0.0,0.0,476.1551027397259,0.0,0.0,476.1551027397259,0.0,476.1551027397259
3,68,0.0,317.02,430.29191780821895,0.0,0.0,430.29191780821895,0.0,430.29191780821895
3,69,0.0,0.0,278.01890410958913,0.0,0.0,278.01890410958913,0.0,278.01890410958913
3,70,0.0,0.0,113.09979452054785,0.0,0.0,113.09979452054785,0.0,532.8097945205478
3,71,216.31,0.0,206.50311643835613,206.50311643835613,9.806883561643872,0.0,206.50311643835613,206.50311643835613
3,72,0.0,0.0,470.0392123287671,0.0,0.0,470.0392123287671,0.0,470.0392123287671
3,73,0.0,0.0,393.43020547945207,0.0,0.0,393.43020547945207,0.0,393.43020547945207
3,74,0.0,0.0,427.86421232876705,0.0,0.0,427.86421232876705,0.0,427.86421232876705
3,75,0.0,0.0,419.05044520547926,0.0,0.0,419.05044520547926,0.0,419.05044520547926
3,76,0.0,0.0,300.4021232876712,0.0,0.0,300.4021232876712,0.0,300.4021232876712
3,77,0.0,0.0,389.77486301369856,0.0,0.0,389.77486301369856,0.0,389.77486301369856
3,78,0.0,0.0,259.3933904109589,0.0,0.0,259.3933904109589,0.0,259.3933904109589
3,79,0.0,0.0,330.1576369863013,0.0,0.0,330.1576369863013,0.0,330.1576369863013
3,80,248.73,0.0,403.9877397260275,248.73,0.0,155.2577397260275,248.73,403.9877397260275
3,81,0.0,0.0,432.53695205479454,0.0,0.0,432.53695205479454,0.0,432.53695205479454
3,82,0.0,347.61,390.9296232876712,0.0,0.0,390.9296232876712,0.0,390.9296232876712
3,83,282.98,0.0,256.84510273972603,256.84510273972603,26.134897260273988,0.0,256.84510273972603,256.84510273972603
3,84,0.0,0.0,376.2492808219178,0.0,0.0,376.2492808219178,0.0,376.2492808219178
3,85,0.0,0.0,265.6598287671234,0.0,0.0,265.6598287671234,0.0,265.6598287671234
3,86,0.0,503.9685958904107,503.9685958904107,0.0,0.0,503.9685958904107,0.0,503.9685958904107
3,87,0.0,269.4978424657534,269.4978424657534,0.0,0.0,269.4978424657534,0.0,269.4978424657534
3,88,0.0,0.0,504.29510273972596,0.0,0.0,504.29510273972596,0.0,504.29510273972596
3,89,0.0,0.0,358.29476027397266,0.0,0.0,358.29476027397266,0.0,358.29476027397266
3,90,0.0,0.0,22.521335616438307,0.0,0.0,22.521335616438307,0.0,503.18133561643833
3,91,0.0,203.76,436.5981506849317,0.0,0.0,436.5981506849317,0.0,436.5981506849317
3,92,0.0,0.0,451.02246575342457,0.0,0.0,451.02246575342457,0.0,451.02246575342457
3,93,0.0,0.0,385.8469520547945,0.0,0.0,385.8469520547945,0.0,385.8469520547945
3,94,0.0,0.0,276.4630821917808,0.0,0.0,276.4630821917808,0.0,276.4630821917808
3,95,423.53,0.0,271.58202054794526,271.58202054794526,151.9479794520547,0.0,271.58202054794526,271.58202054794526
4,0,174.39,0.0,225.44938356164386,174.39,0.0,51.05938356164387,174.39,225.44938356164386
4,1,0.0,0.0,509.6604109589041,0.0,0.0,509.6604109589041,0.0,509.6604109589041
4,2,0.0,0.0,546.2143150684931,0.0,0.0,546.2143150684931,0.0,546.2143150684931
4,3,0.0,0.0,241.21928082191778,0.0,0.0,241.21928082191778,0.0,241.21928082191778
4,4,0.0,0.0,524.5339726027396,0.0,0.0,524.5339726027396,0.0,524.5339726027396
4,5,0.0,0.0,424.828801369863,0.0,0.0,424.828801369863,0.0,424.828801369863
4,6,0.0,486.7493150684934,486.7493150684934,0.0,0.0,486.7493150684934,0.0,486.7493150684934
4,7,0.0,0.0,347.7283561643836,0.0,0.0,347.7283561643836,0.0,347.7283561643836
4,8,0.0,0.0,377.5047260273973,0.0,0.0,377.5047260273973,0.0,377.5047260273973
4,9,0.0,0.0,249.74106164383545,0.0,0.0,249.74106164383545,0.0,465.06106164383544
4,10,0.0,0.0,452.51907534246584,0.0,0.0,452.51907534246584,0.0,452.51907534246584
4,11,0.0,0.0,0.0,0.0,0.0,0.0,0.0,289.2730821917808
4,12,0.0,0.0,386.6066438356164,0.0,0.0,386.6066438356164,0.0,386.6066438356164
4,13,0.0,0.0,185.39448630136985,0.0,0.0,185.39448630136985,0.0,467.8044863013699
4,14,0.0,0.0,423.9286301369862,0.0,0.0,423.9286301369862,0.0,423.9286301369862
4,15,0.0,0.0,370.4582191780823,0.0,0.0,370.4582191780823,0.0,370.4582191780823
4,16,537.17,0.0,372.61815068493144,372.61815068493144,164.55184931506852,0.0,372.61815068493144,372.61815068493144
4,17,0.0,0.0,440.7528424657535,0.0,0.0,440.7528424657535,0.0,440.7528424657535
4,18,0.0,0.0,363.7329452054794,0.0,0.0,363.7329452054794,0.0,363.7329452054794
4,19,0.0,0.0,339.1046917808219,0.0,0.0,339.1046917808219,0.0,339.1046917808219
4,20,0.0,324.34,382.2246917808219,0.0,0.0,382.2246917808219,0.0,382.2246917808219
4,21,0.0,0.0,217.15965753424652,0.0,0.0,217.15965753424652,0.0,217.15965753424652
4,22,0.0,0.0,514.6831506849315,0.0,0.0,514.6831506849315,0.0,514.6831506849315
4,23,243.37,0.0,400.63876712328766,243.37,0.0,157.26876712328766,243.37,400.63876712328766
4,24,0.0,0.0,420.8831506849314,0.0,0.0,420.8831506849314,0.0,420.8831506849314
4,25,0.0,0.0,214.79273972602743,0.0,0.0,214.79273972602743,0.0,414.17273972602743
4,26,198.62,0.0,433.2189726027399,198.62,0.0,234.59897260273988,198.62,433.2189726027399
4,27,0.0,0.0,324.58712328767126,0.0,0.0,324.58712328767126,0.0,324.58712328767126
4,28,0.0,357.3754109589041,357.3754109589041,0.0,0.0,357.3754109589041,0.0,357.3754109589041
4,29,0.0,292.1207876712329,292.1207876712329,0.0,0.0,292.1207876712329,0.0,292.1207876712329
4,30,0.0,258.86,258.86,0.0,0.0,258.86,0.0,408.68301369863025
4,31,0.0,0.0,575.8559589041095,0.0,0.0,575.8559589041095,0.0,575.8559589041095
4,32,0.0,0.0,515.9707191780824,0.0,0.0,515.9707191780824,0.0,515.9707191780824
4,33,0.0,332.5119863013699,332.5119863013699,0.0,0.0,332.5119863013699,0.0,332.5119863013699
4,34,0.0,0.0,484.3216095890409,0.0,0.0,484.3216095890409,0.0,484.3216095890409
4,35,164.22,0.0,392.25914383561656,164.22,0.0,228.03914383561656,164.22,392.25914383561656
4,36,0.0,0.0,556.6009246575342,0.0,0.0,556.6009246575342,0.0,556.6009246575342
4,37,0.0,0.0,367.40099315068494,0.0,0.0,367.40099315068494,0.0,367.40099315068494
4,38,0.0,0.0,240.31154109589033,0.0,0.0,240.31154109589033,0.0,453.86154109589035
4,39,0.0,0.0,333.2752739726027,0.0,0.0,333.2752739726027,0.0,333.2752739726027
4,40,0.0,0.0,363.6351369863013,0.0,0.0,363.6351369863013,0.0,363.6351369863013
4,41,0.0,0.0,342.41434931506853,0.0,0.0,342.41434931506853,0.0,342.41434931506853
4,42,104.64,0.0,271.86130136986304,104.64,0.0,167.22130136986306,104.63999999999999,271.86130136986304
4,43,0.0,0.0,480.8273630136987,0.0,0.0,480.8273630136987,0.0,480.8273630136987
4,44,0.0,0.0,0.0,0.0,0.0,0.0,0.0,279.9872945205479
4,45,0.0,0.0,535.524212328767,0.0,0.0,535.524212328767,0.0,535.524212328767
4,46,0.0,0.0,423.32404109589044,0.0,0.0,423.32404109589044,0.0,423.32404109589044
4,47,0.0,0.0,388.81476027397264,0.0,0.0,388.81476027397264,0.0,388.81476027397264
4,48,0.0,0.0,368.5662328767123,0.0,0.0,368.5662328767123,0.0,527.1062328767123
4,49,0.0,338.29465753424654,338.29465753424654,0.0,0.0,338.29465753424654,0.0,338.29465753424654
4,50,0.0,404.66832191780827,404.66832191780827,0.0,0.0,404.66832191780827,0.0,404.66832191780827
4,51,501.84,0.0,245.63647260273976,245.63647260273976,256.20352739726025,0.0,245.63647260273976,245.63647260273976
4,52,492.81,0.0,465.3753424657534,465.3753424657534,27.434657534246583,0.0,465.3753424657534,465.3753424657534
4,53,0.0,0.0,310.62667808219175,0.0,0.0,310.62667808219175,0.0,310.62667808219175
4,54,0.0,0.0,468.955410958904,0.0,0.0,468.955410958904,0.0,468.955410958904
4,55,0.0,0.0,305.61544520547955,0.0,0.0,305.61544520547955,0.0,305.61544520547955
4,56,0.0,0.0,376.81647260273974,0.0,0.0,376.81647260273974,0.0,376.81647260273974
4,57,0.0,154.93,154.93,0.0,0.0,154.93,0.0,313.2279452054794
4,58,288.19,0.0,497.21479452054797,288.19,0.0,209.02479452054797,288.19,497.21479452054797
4,59,0.0,0.0,130.5907534246574,0.0,0.0,130.5907534246574,0.0,482.4107534246574
4,60,0.0,0.0,430.6970547945208,0.0,0.0,430.6970547945208,0.0,430.6970547945208
4,61,0.0,0.0,297.4455821917809,0.0,0.0,297.4455821917809,0.0,297.4455821917809
4,62,280.03,0.0,363.9398287671233,280.03,0.0,83.90982876712332,280.03,363.9398287671233
4,63,0.0,0.0,454.9069863013698,0.0,0.0,454.9069863013698,0.0,454.9069863013698
4,64,0.0,0.0,351.72698630136995,0.0,0.0,351.72698630136995,0.0,351.72698630136995
4,65,0.0,343.8869863013699,343.8869863013699,0.0,0.0,343.8869863013699,0.0,343.8869863013699
4,66,399.39,0.0,407.6145547945206,399.39,0.0,8.2245547945206,399.39,407.6145547945206
4,67,0.0,0.0,476.1551027397259,0.0,0.0,476.1551027397259,0.0,476.1551027397259
4,68,0.0,0.0,430.29191780821895,0.0,0.0,430.29191780821895,0.0,430.29191780821895
4,69,0.0,0.0,278.01890410958913,0.0,0.0,278.01890410958913,0.0,278.01890410958913
4,70,575.9,419.71,532.8097945205478,532.8097945205478,43.09020547945215,0.0,532.8097945205478,532.8097945205478
4,71,0.0,0.0,0.0,0.0,0.0,0.0,0.0,206.50311643835613
4,72,0.0,0.0,470.0392123287671,0.0,0.0,470.0392123287671,0.0,470.0392123287671
4,73,0.0,0.0,393.43020547945207,0.0,0.0,393.43020547945207,0.0,393.43020547945207
4,74,0.0,0.0,427.86421232876705,0.0,0.0,427.86421232876705,0.0,427.86421232876705
4,75,0.0,0.0,419.05044520547926,0.0,0.0,419.05044520547926,0.0,419.05044520547926
4,76,0.0,0.0,300.4021232876712,0.0,0.0,300.4021232876712,0.0,300.4021232876712
4,77,0.0,0.0,389.77486301369856,0.0,0.0,389.77486301369856,0.0,389.77486301369856
4,78,0.0,0.0,259.3933904109589,0.0,0.0,259.3933904109589,0.0,259.3933904109589
4,79,0.0,0.0,330.1576369863013,0.0,0.0,330.1576369863013,0.0,330.1576369863013
4,80,0.0,0.0,155.2577397260275,0.0,0.0,155.2577397260275,0.0,403.9877397260275
4,81,0.0,0.0,432.53695205479454,0.0,0.0,432.53695205479454,0.0,432.53695205479454
4,82,0.0,0.0,390.9296232876712,0.0,0.0,390.9296232876712,0.0,390.9296232876712
4,83,0.0,0.0,0.0,0.0,0.0,0.0,0.0,256.84510273972603
4,84,0.0,0.0,376.2492808219178,0.0,0.0,376.2492808219178,0.0,376.2492808219178
4,85,0.0,0.0,265.6598287671234,0.0,0.0,265.6598287671234,0.0,265.6598287671234
4,86,0.0,0.0,503.9685958904107,0.0,0.0,503.9685958904107,0.0,503.9685958904107
4,87,0.0,0.0,269.4978424657534,0.0,0.0,269.4978424657534,0.0,269.4978424657534
4,88,0.0,0.0,504.29510273972596,0.0,0.0,504.29510273972596,0.0,504.29510273972596
4,89,0.0,0.0,358.29476027397266,0.0,0.0,358.29476027397266,0.0,358.29476027397266
4,90,501.29,480.66,503.18133561643833,501.29,0.0,1.8913356164383117,501.29,503.18133561643833
4,91,536.8,0.0,436.5981506849317,436.5981506849317,100.20184931506827,0.0,436.5981506849317,436.5981506849317
4,92,0.0,0.0,451.02246575342457,0.0,0.0,451.02246575342457,0.0,451.02246575342457
4,93,0.0,0.0,385.8469520547945,0.0,0.0,385.8469520547945,0.0,385.8469520547945
4,94,0.0,0.0,276.4630821917808,0.0,0.0,276.4630821917808,0.0,276.4630821917808
4,95,124.6,0.0,0.0,0.0,124.6,0.0,0.0,271.58202054794526
5,0,0.0,0.0,51.05938356164387,0.0,0.0,51.05938356164387,0.0,225.44938356164386
5,1,103.08,0.0,509.6604109589041,103.08,0.0,406.5804109589041,103.07999999999998,509.6604109589041
5,2,0.0,0.0,546.2143150684931,0.0,0.0,546.2143150684931,0.0,546.2143150684931
5,3,0.0,0.0,241.21928082191778,0.0,0.0,241.21928082191778,0.0,241.21928082191778
5,4,0.0,0.0,524.5339726027396,0.0,0.0,524.5339726027396,0.0,524.5339726027396
5,5,0.0,0.0,424.828801369863,0.0,0.0,424.828801369863,0.0,424.828801369863
5,6,0.0,0.0,486.7493150684934,0.0,0.0,486.7493150684934,0.0,486.7493150684934
5,7,0.0,0.0,347.7283561643836,0.0,0.0,347.7283561643836,0.0,347.7283561643836
5,8,0.0,0.0,377.5047260273973,0.0,0.0,377.5047260273973,0.0,377.5047260273973
5,9,0.0,215.32,465.06106164383544,0.0,0.0,465.06106164383544,0.0,465.06106164383544
5,10,431.41,0.0,452.51907534246584,431.41,0.0,21.109075342465815,431.41,452.51907534246584
5,11,0.0,289.2730821917808,289.2730821917808,0.0,0.0,289.2730821917808,0.0,289.2730821917808
5,12,0.0,0.0,386.6066438356164,0.0,0.0,386.6066438356164,0.0,386.6066438356164
5,13,0.0,282.41,467.8044863013699,0.0,0.0,467.8044863013699,0.0,467.8044863013699
5,14,0.0,0.0,423.9286301369862,0.0,0.0,423.9286301369862,0.0,423.9286301369862
5,15,0.0,0.0,370.4582191780823,0.0,0.0,370.4582191780823,0.0,370.4582191780823
5,16,0.0,0.0,0.0,0.0,0.0,0.0,0.0,372.61815068493144
5,17,280.88,0.0,440.7528424657535,280.88,0.0,159.87284246575348,280.88,440.7528424657535
5,18,0.0,0.0,363.7329452054794,0.0,0.0,363.7329452054794,0.0,363.7329452054794
5,19,0.0,0.0,339.1046917808219,0.0,0.0,339.1046917808219,0.0,339.1046917808219
5,20,0.0,0.0,382.2246917808219,0.0,0.0,382.2246917808219,0.0,382.2246917808219
5,21,0.0,0.0,217.15965753424652,0.0,0.0,217.15965753424652,0.0,217.15965753424652
5,22,0.0,0.0,514.6831506849315,0.0,0.0,514.6831506849315,0.0,514.6831506849315
5,23,0.0,0.0,157.26876712328766,0.0,0.0,157.26876712328766,0.0,400.63876712328766
5,24,0.0,0.0,420.8831506849314,0.0,0.0,420.8831506849314,0.0,420.8831506849314
5,25,0.0,199.38,414.17273972602743,0.0,0.0,414.17273972602743,0.0,414.17273972602743
5,26,219.59,0.0,234.59897260273988,219.59,0.0,15.008972602739874,219.59000000000003,433.2189726027399
5,27,0.0,0.0,324.58712328767126,0.0,0.0,324.58712328767126,0.0,324.58712328767126
5,28,189.65,0.0,357.3754109589041,189.65,0.0,167.72541095890412,189.65,357.3754109589041
5,29,0.0,0.0,292.1207876712329,0.0,0.0,292.1207876712329,0.0,292.1207876712329
5,30,437.81,149.82301369863023,408.68301369863025,408.68301369863025,29.126986301369755,0.0,408.68301369863025,408.68301369863025
5,31,0.0,0.0,575.8559589041095,0.0,0.0,575.8559589041095,0.0,575.8559589041095
5,32,199.93,0.0,515.9707191780824,199.93,0.0,316.0407191780824,199.93,515.9707191780824
5,33,0.0,0.0,332.5119863013699,0.0,0.0,332.5119863013699,0.0,332.5119863013699
5,34,0.0,0.0,484.3216095890409,0.0,0.0,484.3216095890409,0.0,484.3216095890409
5,35,0.0,0.0,228.03914383561656,0.0,0.0,228.03914383561656,0.0,392.25914383561656
5,36,0.0,0.0,556.6009246575342,0.0,0.0,556.6009246575342,0.0,556.6009246575342
5,37,0.0,0.0,367.40099315068494,0.0,0.0,367.40099315068494,0.0,367.40099315068494
5,38,0.0,213.55,453.86154109589035,0.0,0.0,453.86154109589035,0.0,453.86154109589035
5,39,492.05,0.0,333.2752739726027,333.2752739726027,158.77472602739732,0.0,333.2752739726027,333.2752739726027
5,40,0.0,0.0,363.6351369863013,0.0,0.0,363.6351369863013,0.0,363.6351369863013
5,41,0.0,0.0,342.41434931506853,0.0,0.0,342.41434931506853,0.0,342.41434931506853
5,42,0.0,0.0,167.22130136986306,0.0,0.0,167.22130136986306,0.0,271.86130136986304
5,43,187.49,0.0,480.8273630136987,187.49,0.0,293.3373630136987,187.49,480.8273630136987
5,44,0.0,279.9872945205479,279.9872945205479,0.0,0.0,279.9872945205479,0.0,279.9872945205479
5,45,0.0,0.0,535.524212328767,0.0,0.0,535.524212328767,0.0,535.524212328767
5,46,0.0,0.0,423.32404109589044,0.0,0.0,423.32404109589044,0.0,423.32404109589044
5,47,465.05,0.0,388.81476027397264,388.81476027397264,76.23523972602737,0.0,388.81476027397264,388.81476027397264
5,48,403.13,158.53999999999996,527.1062328767123,403.13,0.0,123.97623287671229,403.13,527.1062328767123
5,49,176.56,0.0,338.29465753424654,176.56,0.0,161.73465753424654,176.56,338.29465753424654
5,50,0.0,0.0,404.66832191780827,0.0,0.0,404.66832191780827,0.0,404.66832191780827
5,51,0.0,0.0,0.0,0.0,0.0,0.0,0.0,245.63647260273976
5,52,0.0,0.0,0.0,0.0,0.0,0.0,0.0,465.3753424657534
5,53,0.0,0.0,310.62667808219175,0.0,0.0,310.62667808219175,0.0,310.62667808219175
5,54,0.0,0.0,468.955410958904,0.0,0.0,468.955410958904,0.0,468.955410958904
5,55,0.0,0.0,305.61544520547955,0.0,0.0,305.61544520547955,0.0,305.61544520547955
5,56,0.0,0.0,376.81647260273974,0.0,0.0,376.81647260273974,0.0,376.81647260273974
5,57,0.0,158.29794520547938,313.2279452054794,0.0,0.0,313.2279452054794,0.0,313.2279452054794
5,58,0.0,0.0,209.02479452054797,0.0,0.0,209.02479452054797,0.0,497.21479452054797
5,59,0.0,351.82,482.4107534246574,0.0,0.0,482.4107534246574,0.0,482.4107534246574
5,60,0.0,0.0,430.6970547945208,0.0,0.0,430.6970547945208,0.0,430.6970547945208
5,61,0.0,0.0,297.4455821917809,0.0,0.0,297.4455821917809,0.0,297.4455821917809
5,62,0.0,0.0,83.90982876712332,0.0,0.0,83.90982876712332,0.0,363.9398287671233
5,63,0.0,0.0,454.9069863013698,0.0,0.0,454.9069863013698,0.0,454.9069863013698
5,64,0.0,0.0,351.72698630136995,0.0,0.0,351.72698630136995,0.0,351.72698630136995
5,65,0.0,0.0,343.8869863013699,0.0,0.0,343.8869863013699,0.0,343.8869863013699
5,66,0.0,0.0,8.2245547945206,0.0,0.0,8.2245547945206,0.0,407.6145547945206
5,67,0.0,0.0,476.1551027397259,0.0,0.0,476.1551027397259,0.0,476.1551027397259
5,68,0.0,0.0,430.29191780821895,0.0,0.0,430.29191780821895,0.0,430.29191780821895
5,69,0.0,0.0,278.01890410958913,0.0,0.0,278.01890410958913,0.0,278.01890410958913
5,70,0.0,0.0,0.0,0.0,0.0,0.0,0.0,532.8097945205478
5,71,0.0,206.50311643835613,206.50311643835613,0.0,0.0,206.50311643835613,0.0,206.50311643835613
5,72,0.0,0.0,470.0392123287671,0.0,0.0,470.0392123287671,0.0,470.0392123287671
5,73,141.68,0.0,393.43020547945207,141.68,0.0,251.75020547945206,141.68,393.43020547945207
5,74,0.0,0.0,427.86421232876705,0.0,0.0,427.86421232876705,0.0,427.86421232876705
5,75,0.0,0.0,419.05044520547926,0.0,0.0,419.05044520547926,0.0,419.05044520547926
5,76,0.0,0.0,300.4021232876712,0.0,0.0,300.4021232876712,0.0,300.4021232876712
5,77,0.0,0.0,389.77486301369856,0.0,0.0,389.77486301369856,0.0,389.77486301369856
5,78,0.0,0.0,259.3933904109589,0.0,0.0,259.3933904109589,0.0,259.3933904109589
5,79,0.0,0.0,330.1576369863013,0.0,0.0,330.1576369863013,0.0,330.1576369863013
5,80,464.48,248.73,403.9877397260275,403.9877397260275,60.49226027397253,0.0,403.9877397260275,403.9877397260275
5,81,0.0,0.0,432.53695205479454,0.0,0.0,432.53695205479454,0.0,432.53695205479454
5,82,142.84,0.0,390.9296232876712,142.84,0.0,248.08962328767117,142.84,390.9296232876712
5,83,0.0,256.84510273972603,256.84510273972603,0.0,0.0,256.84510273972603,0.0,256.84510273972603
5,84,0.0,0.0,376.2492808219178,0.0,0.0,376.2492808219178,0.0,376.2492808219178
5,85,0.0,0.0,265.6598287671234,0.0,0.0,265.6598287671234,0.0,265.6598287671234
5,86,0.0,0.0,503.9685958904107,0.0,0.0,503.9685958904107,0.0,503.9685958904107
5,87,0.0,0.0,269.4978424657534,0.0,0.0,269.4978424657534,0.0,269.4978424657534
5,88,0.0,0.0,504.29510273972596,0.0,0.0,504.29510273972596,0.0,504.29510273972596
5,89,0.0,0.0,358.29476027397266,0.0,0.0,358.29476027397266,0.0,358.29476027397266
5,90,0.0,0.0,1.8913356164383117,0.0,0.0,1.8913356164383117,0.0,503.18133561643833
5,91,0.0,0.0,0.0,0.0,0.0,0.0,0.0,436.5981506849317
5,92,0.0,0.0,451.02246575342457,0.0,0.0,451.02246575342457,0.0,451.02246575342457
5,93,0.0,0.0,385.8469520547945,0.0,0.0,385.8469520547945,0.0,385.8469520547945
5,94,0.0,0.0,276.4630821917808,0.0,0.0,276.4630821917808,0.0,276.4630821917808
5,95,0.0,271.58202054794526,271.58202054794526,0.0,0.0,271.58202054794526,0.0,271.58202054794526
6,0,0.0,174.39,225.44938356164386,0.0,0.0,225.44938356164386,0.0,225.44938356164386
6,1,0.0,0.0,406.5804109589041,0.0,0.0,406.5804109589041,0.0,509.6604109589041
6,2,0.0,0.0,546.2143150684931,0.0,0.0,546.2143150684931,0.0,546.2143150684931
6,3,0.0,0.0,241.21928082191778,0.0,0.0,241.21928082191778,0.0,241.21928082191778
6,4,0.0,0.0,524.5339726027396,0.0,0.0,524.5339726027396,0.0,524.5339726027396
6,5,0.0,0.0,424.828801369863,0.0,0.0,424.828801369863,0.0,424.828801369863
6,6,443.4,0.0,486.7493150684934,443.4,0.0,43.34931506849341,443.4,486.7493150684934
6,7,0.0,0.0,347.7283561643836,0.0,0.0,347.7283561643836,0.0,347.7283561643836
6,8,0.0,0.0,377.5047260273973,0.0,0.0,377.5047260273973,0.0,377.5047260273973
6,9,134.24,0.0,465.06106164383544,134.24,0.0,330.82106164383544,134.24,465.06106164383544
6,10,0.0,0.0,21.109075342465815,0.0,0.0,21.109075342465815,0.0,452.51907534246584
6,11,0.0,0.0,289.2730821917808,0.0,0.0,289.2730821917808,0.0,289.2730821917808
6,12,0.0,0.0,386.6066438356164,0.0,0.0,386.6066438356164,0.0,386.6066438356164
6,13,0.0,0.0,467.8044863013699,0.0,0.0,467.8044863013699,0.0,467.8044863013699
6,14,570.39,0.0,423.9286301369862,423.9286301369862,146.46136986301377,0.0,423.9286301369862,423.9286301369862
6,15,0.0,0.0,370.4582191780823,0.0,0.0,370.4582191780823,0.0,370.4582191780823
6,16,0.0,372.61815068493144,372.61815068493144,0.0,0.0,372.61815068493144,0.0,372.61815068493144
6,17,0.0,0.0,159.87284246575348,0.0,0.0,159.87284246575348,0.0,440.7528424657535
6,18,0.0,0.0,363.7329452054794,0.0,0.0,363.7329452054794,0.0,363.7329452054794
6,19,0.0,0.0,339.1046917808219,0.0,0.0,339.1046917808219,0.0,339.1046917808219
6,20,0.0,0.0,382.2246917808219,0.0,0.0,382.2246917808219,0.0,382.2246917808219
6,21,0.0,0.0,217.15965753424652,0.0,0.0,217.15965753424652,0.0,217.15965753424652
6,22,0.0,0.0,514.6831506849315,0.0,0.0,514.6831506849315,0.0,514.6831506849315
6,23,0.0,243.37,400.63876712328766,0.0,0.0,400.63876712328766,0.0,400.63876712328766
6,24,0.0,0.0,420.8831506849314,0.0,0.0,420.8831506849314,0.0,420.8831506849314
6,25,0.0,0.0,414.17273972602743,0.0,0.0,414.17273972602743,0.0,414.17273972602743
6,26,0.0,198.62,213.62897260273988,0.0,0.0,213.62897260273988,0.0,433.2189726027399
6,27,0.0,0.0,324.58712328767126,0.0,0.0,324.58712328767126,0.0,324.58712328767126
6,28,0.0,0.0,167.72541095890412,0.0,0.0,167.72541095890412,0.0,357.3754109589041
6,29,0.0,0.0,292.1207876712329,0.0,0.0,292.1207876712329,0.0,292.1207876712329
6,30,137.49,0.0,0.0,0.0,137.49,0.0,0.0,408.68301369863025
6,31,0.0,0.0,575.8559589041095,0.0,0.0,575.8559589041095,0.0,575.8559589041095
6,32,0.0,0.0,316.0407191780824,0.0,0.0,316.0407191780824,0.0,515.9707191780824
6,33,0.0,0.0,332.5119863013699,0.0,0.0,332.5119863013699,0.0,332.5119863013699
6,34,0.0,0.0,484.3216095890409,0.0,0.0,484.3216095890409,0.0,484.3216095890409
6,35,0.0,164.22,392.25914383561656,0.0,0.0,392.25914383561656,0.0,392.25914383561656
6,36,0.0,0.0,556.6009246575342,0.0,0.0,556.6009246575342,0.0,556.6009246575342
6,37,178.94,0.0,367.40099315068494,178.94,0.0,188.46099315068494,178.94,367.40099315068494
6,38,0.0,0.0,453.86154109589035,0.0,0.0,453.86154109589035,0.0,453.86154109589035
6,39,0.0,0.0,0.0,0.0,0.0,0.0,0.0,333.2752739726027
6,40,517.12,0.0,363.6351369863013,363.6351369863013,153.4848630136987,0.0,363.6351369863013,363.6351369863013
6,41,0.0,0.0,342.41434931506853,0.0,0.0,342.41434931506853,0.0,342.41434931506853
6,42,0.0,104.63999999999999,271.86130136986304,0.0,0.0,271.86130136986304,0.0,271.86130136986304
6,43,0.0,0.0,293.3373630136987,0.0,0.0,293.3373630136987,0.0,480.8273630136987
6,44,0.0,0.0,279.9872945205479,0.0,0.0,279.9872945205479,0.0,279.9872945205479
6,45,410.57,0.0,535.524212328767,410.57,0.0,124.95421232876703,410.57,535.524212328767
6,46,0.0,0.0,423.32404109589044,0.0,0.0,423.32404109589044,0.0,423.32404109589044
6,47,0.0,0.0,0.0,0.0,0.0,0.0,0.0,388.81476027397264
6,48,0.0,0.0,123.97623287671229,0.0,0.0,123.97623287671229,0.0,527.1062328767123
6,49,0.0,0.0,161.73465753424654,0.0,0.0,161.73465753424654,0.0,338.29465753424654
6,50,0.0,0.0,404.66832191780827,0.0,0.0,404.66832191780827,0.0,404.66832191780827
6,51,0.0,245.63647260273976,245.63647260273976,0.0,0.0,245.63647260273976,0.0,245.63647260273976
6,52,0.0,465.3753424657534,465.3753424657534,0.0,0.0,465.3753424657534,0.0,465.3753424657534
6,53,0.0,0.0,310.62667808219175,0.0,0.0,310.62667808219175,0.0,310.62667808219175
6,54,213.72,0.0,468.955410958904,213.72,0.0,255.235410958904,213.72,468.955410958904
6,55,0.0,0.0,305.61544520547955,0.0,0.0,305.61544520547955,0.0,305.61544520547955
6,56,0.0,0.0,376.81647260273974,0.0,0.0,376.81647260273974,0.0,376.81647260273974
6,57,0.0,0.0,313.2279452054794,0.0,0.0,313.2279452054794,0.0,313.2279452054794
6,58,0.0,288.19,497.21479452054797,0.0,0.0,497.21479452054797,0.0,497.21479452054797
6,59,0.0,0.0,482.4107534246574,0.0,0.0,482.4107534246574,0.0,482.4107534246574
6,60,0.0,0.0,430.6970547945208,0.0,0.0,430.6970547945208,0.0,430.6970547945208
6,61,0.0,0.0,297.4455821917809,0.0,0.0,297.4455821917809,0.0,297.4455821917809
6,62,449.51,280.03,363.9398287671233,363.9398287671233,85.5701712328767,0.0,363.9398287671233,363.9398287671233
6,63,0.0,0.0,454.9069863013698,0.0,0.0,454.9069863013698,0.0,454.9069863013698
6,64,0.0,0.0,351.72698630136995,0.0,0.0,351.72698630136995,0.0,351.72698630136995
6,65,0.0,0.0,343.8869863013699,0.0,0.0,343.8869863013699,0.0,343.8869863013699
6,66,0.0,399.39,407.6145547945206,0.0,0.0,407.6145547945206,0.0,407.6145547945206
6,67,0.0,0.0,476.1551027397259,0.0,0.0,476.1551027397259,0.0,476.1551027397259
6,68,0.0,0.0,430.29191780821895,0.0,0.0,430.29191780821895,0.0,430.29191780821895
6,69,0.0,0.0,278.01890410958913,0.0,0.0,278.01890410958913,0.0,278.01890410958913
6,70,521.1,532.8097945205478,532.8097945205478,521.1,0.0,11.709794520547803,521.1,532.8097945205478
6,71,0.0,0.0,206.50311643835613,0.0,0.0,206.50311643835613,0.0,206.50311643835613
6,72,464.93,0.0,470.0392123287671,464.93,0.0,5.109212328767114,464.93,470.0392123287671
6,73,0.0,0.0,251.75020547945206,0.0,0.0,251.75020547945206,0.0,393.43020547945207
6,74,0.0,0.0,427.86421232876705,0.0,0.0,427.86421232876705,0.0,427.86421232876705
6,75,0.0,0.0,419.05044520547926,0.0,0.0,419.05044520547926,0.0,419.05044520547926
6,76,0.0,0.0,300.4021232876712,0.0,0.0,300.4021232876712,0.0,300.4021232876712
6,77,0.0,0.0,389.77486301369856,0.0,0.0,389.77486301369856,0.0,389.77486301369856
6,78,0.0,0.0,259.3933904109589,0.0,0.0,259.3933904109589,0.0,259.3933904109589
6,79,0.0,0.0,330.1576369863013,0.0,0.0,330.1576369863013,0.0,330.1576369863013
6,80,0.0,0.0,0.0,0.0,0.0,0.0,0.0,403.9877397260275
6,81,459.85,0.0,432.53695205479454,432.53695205479454,27.313047945205483,0.0,432.53695205479454,432.53695205479454
6,82,0.0,0.0,248.08962328767117,0.0,0.0,248.08962328767117,0.0,390.9296232876712
6,83,0.0,0.0,256.84510273972603,0.0,0.0,256.84510273972603,0.0,256.84510273972603
6,84,0.0,0.0,376.2492808219178,0.0,0.0,376.2492808219178,0.0,376.2492808219178
6,85,0.0,0.0,265.6598287671234,0.0,0.0,265.6598287671234,0.0,265.6598287671234
6,86,0.0,0.0,503.9685958904107,0.0,0.0,503.9685958904107,0.0,503.9685958904107
6,87,0.0,0.0,269.4978424657534,0.0,0.0,269.4978424657534,0.0,269.4978424657534
6,88,444.75,0.0,504.29510273972596,444.75,0.0,59.54510273972596,444.75,504.29510273972596
6,89,0.0,0.0,358.29476027397266,0.0,0.0,358.29476027397266,0.0,358.29476027397266
6,90,0.0,501.29,503.18133561643833,0.0,0.0,503.18133561643833,0.0,503.18133561643833
6,91,0.0,436.5981506849317,436.5981506849317,0.0,0.0,436.5981506849317,0.0,436.5981506849317
6,92,385.32,0.0,451.02246575342457,385.32,0.0,65.70246575342458,385.32,451.02246575342457
6,93,475.98,0.0,385.8469520547945,385.8469520547945,90.13304794520553,0.0,385.8469520547945,385.8469520547945
6,94,0.0,0.0,276.4630821917808,0.0,0.0,276.4630821917808,0.0,276.4630821917808
6,95,0.0,0.0,271.58202054794526,0.0,0.0,271.58202054794526,0.0,271.58202054794526
7,0,0.0,0.0,225.44938356164386,0.0,0.0,225.44938356164386,0.0,225.44938356164386
7,1,419.47,103.07999999999998,509.6604109589041,419.47,0.0,90.19041095890407,419.47,509.6604109589041
7,2,0.0,0.0,546.2143150684931,0.0,0.0,546.2143150684931,0.0,546.2143150684931
7,3,0.0,0.0,241.21928082191778,0.0,0.0,241.21928082191778,0.0,241.21928082191778
7,4,0.0,0.0,524.5339726027396,0.0,0.0,524.5339726027396,0.0,524.5339726027396
7,5,0.0,0.0,424.828801369863,0.0,0.0,424.828801369863,0.0,424.828801369863
7,6,0.0,0.0,43.34931506849341,0.0,0.0,43.34931506849341,0.0,486.7493150684934
7,7,0.0,0.0,347.7283561643836,0.0,0.0,347.7283561643836,0.0,347.7283561643836
7,8,0.0,0.0,377.5047260273973,0.0,0.0,377.5047260273973,0.0,377.5047260273973
7,9,0.0,0.0,330.82106164383544,0.0,0.0,330.82106164383544,0.0,465.06106164383544
7,10,0.0,431.41,452.51907534246584,0.0,0.0,452.51907534246584,0.0,452.51907534246584
7,11,0.0,0.0,289.2730821917808,0.0,0.0,289.2730821917808,0.0,289.2730821917808
7,12,0.0,0.0,386.6066438356164,0.0,0.0,386.6066438356164,0.0,386.6066438356164
7,13,0.0,0.0,467.8044863013699,0.0,0.0,467.8044863013699,0.0,467.8044863013699
7,14,0.0,0.0,0.0,0.0,0.0,0.0,0.0,423.9286301369862
7,15,0.0,0.0,370.4582191780823,0.0,0.0,370.4582191780823,0.0,370.4582191780823
7,16,0.0,0.0,372.61815068493144,0.0,0.0,372.61815068493144,0.0,372.61815068493144
7,17,0.0,280.88,440.7528424657535,0.0,0.0,440.7528424657535,0.0,440.7528424657535
7,18,0.0,0.0,363.7329452054794,0.0,0.0,363.7329452054794,0.0,363.7329452054794
7,19,0.0,0.0,339.1046917808219,0.0,0.0,339.1046917808219,0.0,339.1046917808219
7,20,0.0,0.0,382.2246917808219,0.0,0.0,382.2246917808219,0.0,382.2246917808219
7,21,0.0,0.0,217.15965753424652,0.0,0.0,217.15965753424652,0.0,217.15965753424652
7,22,0.0,0.0,514.6831506849315,0.0,0.0,514.6831506849315,0.0,514.6831506849315
7,23,0.0,0.0,400.63876712328766,0.0,0.0,400.63876712328766,0.0,400.63876712328766
7,24,0.0,0.0,420.8831506849314,0.0,0.0,420.8831506849314,0.0,420.8831506849314
7,25,0.0,0.0,414.17273972602743,0.0,0.0,414.17273972602743,0.0,414.17273972602743
7,26,459.96,219.59000000000003,433.2189726027399,433.2189726027399,26.741027397260098,0.0,433.2189726027399,433.2189726027399
7,27,534.5,0.0,324.58712328767126,324.58712328767126,209.91287671232874,0.0,324.58712328767126,324.58712328767126
7,28,0.0,189.65,357.3754109589041,0.0,0.0,357.3754109589041,0.0,357.3754109589041
7,29,0.0,0.0,292.1207876712329,0.0,0.0,292.1207876712329,0.0,292.1207876712329
7,30,0.0,408.68301369863025,408.68301369863025,0.0,0.0,408.68301369863025,0.0,408.68301369863025
7,31,0.0,0.0,575.8559589041095,0.0,0.0,575.8559589041095,0.0,575.8559589041095
7,32,0.0,199.93,515.9707191780824,0.0,0.0,515.9707191780824,0.0,515.9707191780824
7,33,0.0,0.0,332.5119863013699,0.0,0.0,332.5119863013699,0.0,332.5119863013699
7,34,282.11,0.0,484.3216095890409,282.11,0.0,202.2116095890409,282.11,484.3216095890409
7,35,0.0,0.0,392.25914383561656,0.0,0.0,392.25914383561656,0.0,392.25914383561656
7,36,250.01,0.0,556.6009246575342,250.01,0.0,306.5909246575342,250.01,556.6009246575342
7,37,0.0,0.0,188.46099315068494,0.0,0.0,188.46099315068494,0.0,367.40099315068494
7,38,0.0,0.0,453.86154109589035,0.0,0.0,453.86154109589035,0.0,453.86154109589035
7,39,0.0,333.2752739726027,333.2752739726027,0.0,0.0,333.2752739726027,0.0,333.2752739726027
7,40,0.0,0.0,0.0,0.0,0.0,0.0,0.0,363.6351369863013
7,41,0.0,0.0,342.41434931506853,0.0,0.0,342.41434931506853,0.0,342.41434931506853
7,42,0.0,0.0,271.86130136986304,0.0,0.0,271.86130136986304,0.0,271.86130136986304
7,43,0.0,187.49,480.8273630136987,0.0,0.0,480.8273630136987,0.0,480.8273630136987
7,44,540.8,0.0,279.9872945205479,279.9872945205479,260.81270547945206,0.0,279.9872945205479,279.9872945205479
7,45,0.0,0.0,124.95421232876703,0.0,0.0,124.95421232876703,0.0,535.524212328767
7,46,0.0,0.0,423.32404109589044,0.0,0.0,423.32404109589044,0.0,423.32404109589044
7,47,0.0,388.81476027397264,388.81476027397264,0.0,0.0,388.81476027397264,0.0,388.81476027397264
7,48,0.0,403.13,527.1062328767123,0.0,0.0,527.1062328767123,0.0,527.1062328767123
7,49,0.0,176.56,338.29465753424654,0.0,0.0,338.29465753424654,0.0,338.29465753424654
7,50,0.0,0.0,404.66832191780827,0.0,0.0,404.66832191780827,0.0,404.66832191780827
7,51,0.0,0.0,245.63647260273976,0.0,0.0,245.63647260273976,0.0,245.63647260273976
7,52,0.0,0.0,465.3753424657534,0.0,0.0,465.3753424657534,0.0,465.3753424657534
7,53,0.0,0.0,310.62667808219175,0.0,0.0,310.62667808219175,0.0,310.62667808219175
7,54,235.81,0.0,255.235410958904,235.81,0.0,19.425410958903996,235.80999999999997,468.955410958904
7,55,0.0,0.0,305.61544520547955,0.0,0.0,305.61544520547955,0.0,305.61544520547955
7,56,0.0,0.0,376.81647260273974,0.0,0.0,376.81647260273974,0.0,376.81647260273974
7,57,0.0,0.0,313.2279452054794,0.0,0.0,313.2279452054794,0.0,313.2279452054794
7,58,0.0,0.0,497.21479452054797,0.0,0.0,497.21479452054797,0.0,497.21479452054797
7,59,109.86,0.0,482.4107534246574,109.86,0.0,372.5507534246574,109.86000000000001,482.4107534246574
7,60,0.0,0.0,430.6970547945208,0.0,0.0,430.6970547945208,0.0,430.6970547945208
7,61,0.0,0.0,297.4455821917809,0.0,0.0,297.4455821917809,0.0,297.4455821917809
7,62,0.0,0.0,0.0,0.0,0.0,0.0,0.0,363.9398287671233
7,63,538.53,0.0,454.9069863013698,454.9069863013698,83.62301369863019,0.0,454.9069863013698,454.9069863013698
7,64,0.0,0.0,351.72698630136995,0.0,0.0,351.72698630136995,0.0,351.72698630136995
7,65,0.0,0.0,343.8869863013699,0.0,0.0,343.8869863013699,0.0,343.8869863013699
7,66,0.0,0.0,407.6145547945206,0.0,0.0,407.6145547945206,0.0,407.6145547945206
7,67,0.0,0.0,476.1551027397259,0.0,0.0,476.1551027397259,0.0,476.1551027397259
7,68,580.31,0.0,430.29191780821895,430.29191780821895,150.018082191781,0.0,430.29191780821895,430.29191780821895
7,69,0.0,0.0,278.01890410958913,0.0,0.0,278.01890410958913,0.0,278.01890410958913
7,70,0.0,0.0,11.709794520547803,0.0,0.0,11.709794520547803,0.0,532.8097945205478
7,71,0.0,0.0,206.50311643835613,0.0,0.0,206.50311643835613,0.0,206.50311643835613
7,72,0.0,0.0,5.109212328767114,0.0,0.0,5.109212328767114,0.0,470.0392123287671
7,73,0.0,141.68,393.43020547945207,0.0,0.0,393.43020547945207,0.0,393.43020547945207
7,74,0.0,0.0,427.86421232876705,0.0,0.0,427.86421232876705,0.0,427.86421232876705
7,75,0.0,0.0,419.05044520547926,0.0,0.0,419.05044520547926,0.0,419.05044520547926
7,76,0.0,0.0,300.4021232876712,0.0,0.0,300.4021232876712,0.0,300.4021232876712
7,77,0.0,0.0,389.77486301369856,0.0,0.0,389.77486301369856,0.0,389.77486301369856
7,78,0.0,0.0,259.3933904109589,0.0,0.0,259.3933904109589,0.0,259.3933904109589
7,79,0.0,0.0,330.1576369863013,0.0,0.0,330.1576369863013,0.0,330.1576369863013
7,80,164.75,403.9877397260275,403.9877397260275,164.75,0.0,239.23773972602748,164.75,403.9877397260275
7,81,202.98,0.0,0.0,0.0,202.98,0.0,0.0,432.53695205479454
7,82,0.0,142.84,390.9296232876712,0.0,0.0,390.9296232876712,0.0,390.9296232876712
7,83,0.0,0.0,256.84510273972603,0.0,0.0,256.84510273972603,0.0,256.84510273972603
7,84,0.0,0.0,376.2492808219178,0.0,0.0,376.2492808219178,0.0,376.2492808219178
7,85,0.0,0.0,265.6598287671234,0.0,0.0,265.6598287671234,0.0,265.6598287671234
7,86,0.0,0.0,503.9685958904107,0.0,0.0,503.9685958904107,0.0,503.9685958904107
7,87,300.39,0.0,269.4978424657534,269.4978424657534,30.892157534246564,0.0,269.4978424657534,269.4978424657534
7,88,200.04,0.0,59.54510273972596,59.54510273972596,140.49489726027403,0.0,59.54510273972596,504.29510273972596
7,89,0.0,0.0,358.29476027397266,0.0,0.0,358.29476027397266,0.0,358.29476027397266
7,90,0.0,0.0,503.18133561643833,0.0,0.0,503.18133561643833,0.0,503.18133561643833
7,91,0.0,0.0,436.5981506849317,0.0,0.0,436.5981506849317,0.0,436.5981506849317
7,92,0.0,0.0,65.70246575342458,0.0,0.0,65.70246575342458,0.0,451.02246575342457
7,93,0.0,0.0,0.0,0.0,0.0,0.0,0.0,385.8469520547945
7,94,0.0,0.0,276.4630821917808,0.0,0.0,276.4630821917808,0.0,276.4630821917808
7,95,0.0,0.0,271.58202054794526,0.0,0.0,271.58202054794526,0.0,271.58202054794526
8,0,0.0,0.0,225.44938356164386,0.0,0.0,225.44938356164386,0.0,225.44938356164386
8,1,0.0,0.0,90.19041095890407,0.0,0.0,90.19041095890407,0.0,509.6604109589041
8,2,0.0,0.0,546.2143150684931,0.0,0.0,546.2143150684931,0.0,546.2143150684931
8,3,0.0,0.0,241.21928082191778,0.0,0.0,241.21928082191778,0.0,241.21928082191778
8,4,502.89,0.0,524.5339726027396,502.89,0.0,21.64397260273961,502.89,524.5339726027396
8,5,0.0,0.0,424.828801369863,0.0,0.0,424.828801369863,0.0,424.828801369863
8,6,0.0,443.4,486.7493150684934,0.0,0.0,486.7493150684934,0.0,486.7493150684934
8,7,0.0,0.0,347.7283561643836,0.0,0.0,347.7283561643836,0.0,347.7283561643836
8,8,528.61,0.0,377.5047260273973,377.5047260273973,151.10527397260273,0.0,377.5047260273973,377.5047260273973
8,9,0.0,134.24,465.06106164383544,0.0,0.0,465.06106164383544,0.0,465.06106164383544
8,10,0.0,0.0,452.51907534246584,0.0,0.0,452.51907534246584,0.0,452.51907534246584
8,11,0.0,0.0,289.2730821917808,0.0,0.0,289.2730821917808,0.0,289.2730821917808
8,12,0.0,0.0,386.6066438356164,0.0,0.0,386.6066438356164,0.0,386.6066438356164
8,13,230.14,0.0,467.8044863013699,230.14,0.0,237.6644863013699,230.14,467.8044863013699
8,14,0.0,423.9286301369862,423.9286301369862,0.0,0.0,423.9286301369862,0.0,423.9286301369862
8,15,0.0,0.0,370.4582191780823,0.0,0.0,370.4582191780823,0.0,370.4582191780823
8,16,0.0,0.0,372.61815068493144,0.0,0.0,372.61815068493144,0.0,372.61815068493144
8,17,0.0,0.0,440.7528424657535,0.0,0.0,440.7528424657535,0.0,440.7528424657535
8,18,0.0,0.0,363.7329452054794,0.0,0.0,363.7329452054794,0.0,363.7329452054794
8,19,0.0,0.0,339.1046917808219,0.0,0.0,339.1046917808219,0.0,339.1046917808219
8,20,0.0,0.0,382.2246917808219,0.0,0.0,382.2246917808219,0.0,382.2246917808219
8,21,0.0,0.0,217.15965753424652,0.0,0.0,217.15965753424652,0.0,217.15965753424652
8,22,0.0,0.0,514.6831506849315,0.0,0.0,514.6831506849315,0.0,514.6831506849315
8,23,196.56,0.0,400.63876712328766,196.56,0.0,204.07876712328766,196.56,400.63876712328766
8,24,0.0,0.0,420.8831506849314,0.0,0.0,420.8831506849314,0.0,420.8831506849314
8,25,492.97,0.0,414.17273972602743,414.17273972602743,78.7972602739726,0.0,414.17273972602743,414.17273972602743
8,26,0.0,0.0,0.0,0.0,0.0,0.0,0.0,433.2189726027399
8,27,0.0,0.0,0.0,0.0,0.0,0.0,0.0,324.58712328767126
8,28,0.0,0.0,357.3754109589041,0.0,0.0,357.3754109589041,0.0,357.3754109589041
8,29,0.0,0.0,292.1207876712329,0.0,0.0,292.1207876712329,0.0,292.1207876712329
8,30,0.0,0.0,408.68301369863025,0.0,0.0,408.68301369863025,0.0,408.68301369863025
8,31,0.0,0.0,575.8559589041095,0.0,0.0,575.8559589041095,0.0,575.8559589041095
8,32,0.0,0.0,515.9707191780824,0.0,0.0,515.9707191780824,0.0,515.9707191780824
8,33,496.36,0.0,332.5119863013699,332.5119863013699,163.8480136986301,0.0,332.5119863013699,332.5119863013699
8,34,135.67,0.0,202.2116095890409,135.67,0.0,66.54160958904092,135.66999999999996,484.3216095890409
8,35,263.87,0.0,392.25914383561656,263.87,0.0,128.38914383561655,263.87,392.25914383561656
8,36,0.0,0.0,306.5909246575342,0.0,0.0,306.5909246575342,0.0,556.6009246575342
8,37,0.0,178.94,367.40099315068494,0.0,0.0,367.40099315068494,0.0,367.40099315068494
8,38,0.0,0.0,453.86154109589035,0.0,0.0,453.86154109589035,0.0,453.86154109589035
8,39,0.0,0.0,333.2752739726027,0.0,0.0,333.2752739726027,0.0,333.2752739726027
8,40,0.0,363.6351369863013,363.6351369863013,0.0,0.0,363.6351369863013,0.0,363.6351369863013
8,41,0.0,0.0,342.41434931506853,0.0,0.0,342.41434931506853,0.0,342.41434931506853
8,42,0.0,0.0,271.86130136986304,0.0,0.0,271.86130136986304,0.0,271.86130136986304
8,43,0.0,0.0,480.8273630136987,0.0,0.0,480.8273630136987,0.0,480.8273630136987
8,44,0.0,0.0,0.0,0.0,0.0,0.0,0.0,279.9872945205479
8,45,0.0,410.57,535.524212328767,0.0,0.0,535.524212328767,0.0,535.524212328767
8,46,0.0,0.0,423.32404109589044,0.0,0.0,423.32404109589044,0.0,423.32404109589044
8,47,0.0,0.0,388.81476027397264,0.0,0.0,388.81476027397264,0.0,388.81476027397264
8,48,0.0,0.0,527.1062328767123,0.0,0.0,527.1062328767123,0.0,527.1062328767123
8,49,0.0,0.0,338.29465753424654,0.0,0.0,338.29465753424654,0.0,338.29465753424654
8,50,0.0,0.0,404.66832191780827,0.0,0.0,404.66832191780827,0.0,404.66832191780827
8,51,579.0,0.0,245.63647260273976,245.63647260273976,333.3635273972602,0.0,245.63647260273976,245.63647260273976
8,52,0.0,0.0,465.3753424657534,0.0,0.0,465.3753424657534,0.0,465.3753424657534
8,53,0.0,0.0,310.62667808219175,0.0,0.0,310.62667808219175,0.0,310.62667808219175
8,54,0.0,213.72,233.145410958904,0.0,0.0,233.145410958904,2.842170943040401e-14,468.955410958904
8,55,0.0,0.0,305.61544520547955,0.0,0.0,305.61544520547955,0.0,305.61544520547955
8,56,0.0,0.0,376.81647260273974,0.0,0.0,376.81647260273974,0.0,376.81647260273974
8,57,0.0,0.0,313.2279452054794,0.0,0.0,313.2279452054794,0.0,313.2279452054794
8,58,0.0,0.0,497.21479452054797,0.0,0.0,497.21479452054797,0.0,497.21479452054797
8,59,0.0,0.0,372.5507534246574,0.0,0.0,372.5507534246574,0.0,482.4107534246574
8,60,0.0,0.0,430.6970547945208,0.0,0.0,430.6970547945208,0.0,430.6970547945208
8,61,0.0,0.0,297.4455821917809,0.0,0.0,297.4455821917809,0.0,297.4455821917809
8,62,353.67,363.9398287671233,363.9398287671233,353.67,0.0,10.269828767123272,353.67,363.9398287671233
8,63,0.0,0.0,0.0,0.0,0.0,0.0,0.0,454.9069863013698
8,64,0.0,0.0,351.72698630136995,0.0,0.0,351.72698630136995,0.0,351.72698630136995
8,65,0.0,0.0,343.8869863013699,0.0,0.0,343.8869863013699,0.0,343.8869863013699
8,66,0.0,0.0,407.6145547945206,0.0,0.0,407.6145547945206,0.0,407.6145547945206
8,67,0.0,0.0,476.1551027397259,0.0,0.0,476.1551027397259,0.0,476.1551027397259
8,68,0.0,0.0,0.0,0.0,0.0,0.0,0.0,430.29191780821895
8,69,0.0,0.0,278.01890410958913,0.0,0.0,278.01890410958913,0.0,278.01890410958913
8,70,0.0,521.1,532.8097945205478,0.0,0.0,532.8097945205478,0.0,532.8097945205478
8,71,0.0,0.0,206.50311643835613,0.0,0.0,206.50311643835613,0.0,206.50311643835613
8,72,0.0,464.93,470.0392123287671,0.0,0.0,470.0392123287671,0.0,470.0392123287671
8,73,681.56,0.0,393.43020547945207,393.43020547945207,288.1297945205479,0.0,393.43020547945207,393.43020547945207
8,74,0.0,0.0,427.86421232876705,0.0,0.0,427.86421232876705,0.0,427.86421232876705
8,75,0.0,0.0,419.05044520547926,0.0,0.0,419.05044520547926,0.0,419.05044520547926
8,76,967.73,0.0,300.4021232876712,300.4021232876712,667.3278767123288,0.0,300.4021232876712,300.4021232876712
8,77,0.0,0.0,389.77486301369856,0.0,0.0,389.77486301369856,0.0,389.77486301369856
8,78,0.0,0.0,259.3933904109589,0.0,0.0,259.3933904109589,0.0,259.3933904109589
8,79,0.0,0.0,330.1576369863013,0.0,0.0,330.1576369863013,0.0,330.1576369863013
8,80,0.0,0.0,239.23773972602748,0.0,0.0,239.23773972602748,0.0,403.9877397260275
8,81,0.0,432.53695205479454,432.53695205479454,0.0,0.0,432.53695205479454,0.0,432.53695205479454
8,82,0.0,0.0,390.9296232876712,0.0,0.0,390.9296232876712,0.0,390.9296232876712
8,83,387.63,0.0,256.84510273972603,256.84510273972603,130.78489726027397,0.0,256.84510273972603,256.84510273972603
8,84,0.0,0.0,376.2492808219178,0.0,0.0,376.2492808219178,0.0,376.2492808219178
8,85,0.0,0.0,265.6598287671234,0.0,0.0,265.6598287671234,0.0,265.6598287671234
8,86,275.94,0.0,503.9685958904107,275.94,0.0,228.0285958904107,275.94,503.9685958904107
8,87,0.0,0.0,0.0,0.0,0.0,0.0,0.0,269.4978424657534
8,88,0.0,444.75,444.75,0.0,0.0,444.75,0.0,504.29510273972596
8,89,0.0,0.0,358.29476027397266,0.0,0.0,358.29476027397266,0.0,358.29476027397266
8,90,31.25,0.0,503.18133561643833,31.25,0.0,471.93133561643833,31.25,503.18133561643833
8,91,0.0,0.0,436.5981506849317,0.0,0.0,436.5981506849317,0.0,436.5981506849317
8,92,0.0,385.32,451.02246575342457,0.0,0.0,451.02246575342457,0.0,451.02246575342457
8,93,0.0,385.8469520547945,385.8469520547945,0.0,0.0,385.8469520547945,0.0,385.8469520547945
8,94,0.0,0.0,276.4630821917808,0.0,0.0,276.4630821917808,0.0,276.4630821917808
8,95,128.2,0.0,271.58202054794526,128.2,0.0,143.38202054794527,128.2,271.58202054794526
9,0,0.0,0.0,225.44938356164386,0.0,0.0,225.44938356164386,0.0,225.44938356164386
9,1,0.0,419.47,509.6604109589041,0.0,0.0,509.6604109589041,0.0,509.6604109589041
9,2,0.0,0.0,546.2143150684931,0.0,0.0,546.2143150684931,0.0,546.2143150684931
9,3,0.0,0.0,241.21928082191778,0.0,0.0,241.21928082191778,0.0,241.21928082191778
9,4,0.0,0.0,21.64397260273961,0.0,0.0,21.64397260273961,0.0,524.5339726027396
9,5,0.0,0.0,424.828801369863,0.0,0.0,424.828801369863,0.0,424.828801369863
9,6,0.0,0.0,486.7493150684934,0.0,0.0,486.7493150684934,0.0,486.7493150684934
9,7,0.0,0.0,347.7283561643836,0.0,0.0,347.7283561643836,0.0,347.7283561643836
9,8,502.84,0.0,0.0,0.0,502.84,0.0,0.0,377.5047260273973
9,9,0.0,0.0,465.06106164383544,0.0,0.0,465.06106164383544,0.0,465.06106164383544
9,10,0.0,0.0,452.51907534246584,0.0,0.0,452.51907534246584,0.0,452.51907534246584
9,11,0.0,0.0,289.2730821917808,0.0,0.0,289.2730821917808,0.0,289.2730821917808
9,12,0.0,0.0,386.6066438356164,0.0,0.0,386.6066438356164,0.0,386.6066438356164
9,13,0.0,0.0,237.6644863013699,0.0,0.0,237.6644863013699,0.0,467.8044863013699
9,14,0.0,0.0,423.9286301369862,0.0,0.0,423.9286301369862,0.0,423.9286301369862
9,15,0.0,0.0,370.4582191780823,0.0,0.0,370.4582191780823,0.0,370.4582191780823
9,16,0.0,0.0,372.61815068493144,0.0,0.0,372.61815068493144,0.0,372.61815068493144
9,17,261.65,0.0,440.7528424657535,261.65,0.0,179.1028424657535,261.65,440.7528424657535
9,18,0.0,0.0,363.7329452054794,0.0,0.0,363.7329452054794,0.0,363.7329452054794
9,19,0.0,0.0,339.1046917808219,0.0,0.0,339.1046917808219,0.0,339.1046917808219
9,20,0.0,0.0,382.2246917808219,0.0,0.0,382.2246917808219,0.0,382.2246917808219
9,21,0.0,0.0,217.15965753424652,0.0,0.0,217.15965753424652,0.0,217.15965753424652
9,22,0.0,0.0,514.6831506849315,0.0,0.0,514.6831506849315,0.0,514.6831506849315
9,23,0.0,0.0,204.07876712328766,0.0,0.0,204.07876712328766,0.0,400.63876712328766
9,24,0.0,0.0,420.8831506849314,0.0,0.0,420.8831506849314,0.0,420.8831506849314
9,25,0.0,0.0,0.0,0.0,0.0,0.0,0.0,414.17273972602743
9,26,0.0,433.2189726027399,433.2189726027399,0.0,0.0,433.2189726027399,0.0,433.2189726027399
9,27,0.0,324.58712328767126,324.58712328767126,0.0,0.0,324.58712328767126,0.0,324.58712328767126
9,28,0.0,0.0,357.3754109589041,0.0,0.0,357.3754109589041,0.0,357.3754109589041
9,29,390.95,0.0,292.1207876712329,292.1207876712329,98.82921232876708,0.0,292.1207876712329,292.1207876712329
9,30,0.0,0.0,408.68301369863025,0.0,0.0,408.68301369863025,0.0,408.68301369863025
9,31,271.7,0.0,575.8559589041095,271.7,0.0,304.15595890410947,271.7,575.8559589041095
9,32,0.0,0.0,515.9707191780824,0.0,0.0,515.9707191780824,0.0,515.9707191780824
9,33,0.0,0.0,0.0,0.0,0.0,0.0,0.0,332.5119863013699
9,34,0.0,282.11,348.65160958904096,0.0,0.0,348.65160958904096,0.0,484.3216095890409
9,35,0.0,0.0,128.38914383561655,0.0,0.0,128.38914383561655,0.0,392.25914383561656
9,36,466.62,250.01,556.6009246575342,466.62,0.0,89.98092465753416,466.62,556.6009246575342
9,37,0.0,0.0,367.40099315068494,0.0,0.0,367.40099315068494,0.0,367.40099315068494
9,38,0.0,0.0,453.86154109589035,0.0,0.0,453.86154109589035,0.0,453.86154109589035
9,39,0.0,0.0,333.2752739726027,0.0,0.0,333.2752739726027,0.0,333.2752739726027
9,40,0.0,0.0,363.6351369863013,0.0,0.0,363.6351369863013,0.0,363.6351369863013
9,41,0.0,0.0,342.41434931506853,0.0,0.0,342.41434931506853,0.0,342.41434931506853
9,42,0.0,0.0,271.86130136986304,0.0,0.0,271.86130136986304,0.0,271.86130136986304
9,43,0.0,0.0,480.8273630136987,0.0,0.0,480.8273630136987,0.0,480.8273630136987
9,44,0.0,279.9872945205479,279.9872945205479,0.0,0.0,279.9872945205479,0.0,279.9872945205479
9,45,0.0,0.0,535.524212328767,0.0,0.0,535.524212328767,0.0,535.524212328767
9,46,0.0,0.0,423.32404109589044,0.0,0.0,423.32404109589044,0.0,423.32404109589044
9,47,0.0,0.0,388.81476027397264,0.0,0.0,388.81476027397264,0.0,388.81476027397264
9,48,0.0,0.0,527.1062328767123,0.0,0.0,527.1062328767123,0.0,527.1062328767123
9,49,0.0,0.0,338.29465753424654,0.0,0.0,338.29465753424654,0.0,338.29465753424654
9,50,0.0,0.0,404.66832191780827,0.0,0.0,404.66832191780827,0.0,404.66832191780827
9,51,0.0,0.0,0.0,0.0,0.0,0.0,0.0,245.63647260273976
9,52,273.75,0.0,465.3753424657534,273.75,0.0,191.62534246575342,273.75,465.3753424657534
9,53,0.0,0.0,310.62667808219175,0.0,0.0,310.62667808219175,0.0,310.62667808219175
9,54,0.0,235.80999999999997,468.95541095890394,0.0,0.0,468.95541095890394,2.842170943040401e-14,468.955410958904
9,55,0.0,0.0,305.61544520547955,0.0,0.0,305.61544520547955,0.0,305.61544520547955
9,56,0.0,0.0,376.81647260273974,0.0,0.0,376.81647260273974,0.0,376.81647260273974
9,57,0.0,0.0,313.2279452054794,0.0,0.0,313.2279452054794,0.0,313.2279452054794
9,58,0.0,0.0,497.21479452054797,0.0,0.0,497.21479452054797,0.0,497.21479452054797
9,59,0.0,109.86000000000001,482.4107534246574,0.0,0.0,482.4107534246574,0.0,482.4107534246574
9,60,0.0,0.0,430.6970547945208,0.0,0.0,430.6970547945208,0.0,430.6970547945208
9,61,234.28,0.0,297.4455821917809,234.28,0.0,63.165582191780885,234.28,297.4455821917809
9,62,363.52,0.0,10.269828767123272,10.269828767123272,353.2501712328767,0.0,10.269828767123272,363.9398287671233
9,63,0.0,454.9069863013698,454.9069863013698,0.0,0.0,454.9069863013698,0.0,454.9069863013698
9,64,0.0,0.0,351.72698630136995,0.0,0.0,351.72698630136995,0.0,351.72698630136995
9,65,0.0,0.0,343.8869863013699,0.0,0.0,343.8869863013699,0.0,343.8869863013699
9,66,0.0,0.0,407.6145547945206,0.0,0.0,407.6145547945206,0.0,407.6145547945206
9,67,0.0,0.0,476.1551027397259,0.0,0.0,476.1551027397259,0.0,476.1551027397259
9,68,524.12,430.29191780821895,430.29191780821895,430.29191780821895,93.82808219178105,0.0,430.29191780821895,430.29191780821895
9,69,0.0,0.0,278.01890410958913,0.0,0.0,278.01890410958913,0.0,278.01890410958913
9,70,483.73,0.0,532.8097945205478,483.73,0.0,49.07979452054781,483.73,532.8097945205478
9,71,0.0,0.0,206.50311643835613,0.0,0.0,206.50311643835613,0.0,206.50311643835613
9,72,0.0,0.0,470.0392123287671,0.0,0.0,470.0392123287671,0.0,470.0392123287671
9,73,0.0,0.0,0.0,0.0,0.0,0.0,0.0,393.43020547945207
9,74,0.0,0.0,427.86421232876705,0.0,0.0,427.86421232876705,0.0,427.86421232876705
9,75,0.0,0.0,419.05044520547926,0.0,0.0,419.05044520547926,0.0,419.05044520547926
9,76,270.93,0.0,0.0,0.0,270.93,0.0,0.0,300.4021232876712
9,77,0.0,0.0,389.77486301369856,0.0,0.0,389.77486301369856,0.0,389.77486301369856
9,78,0.0,0.0,259.3933904109589,0.0,0.0,259.3933904109589,0.0,259.3933904109589
9,79,0.0,0.0,330.1576369863013,0.0,0.0,330.1576369863013,0.0,330.1576369863013
9,80,267.39,164.75,403.9877397260275,267.39,0.0,136.5977397260275,267.39,403.9877397260275
9,81,0.0,0.0,432.53695205479454,0.0,0.0,432.53695205479454,0.0,432.53695205479454
9,82,163.09,0.0,390.9296232876712,163.09,0.0,227.83962328767117,163.09,390.9296232876712
9,83,0.0,0.0,0.0,0.0,0.0,0.0,0.0,256.84510273972603
9,84,0.0,0.0,376.2492808219178,0.0,0.0,376.2492808219178,0.0,376.2492808219178
9,85,0.0,0.0,265.6598287671234,0.0,0.0,265.6598287671234,0.0,265.6598287671234
9,86,0.0,0.0,228.0285958904107,0.0,0.0,228.0285958904107,0.0,503.9685958904107
9,87,0.0,269.4978424657534,269.4978424657534,0.0,0.0,269.4978424657534,0.0,269.4978424657534
9,88,0.0,59.54510273972596,504.29510273972596,0.0,0.0,504.29510273972596,0.0,504.29510273972596
9,89,0.0,0.0,358.29476027397266,0.0,0.0,358.29476027397266,0.0,358.29476027397266
9,90,0.0,0.0,471.93133561643833,0.0,0.0,471.93133561643833,0.0,503.18133561643833
9,91,0.0,0.0,436.5981506849317,0.0,0.0,436.5981506849317,0.0,436.5981506849317
9,92,0.0,0.0,451.02246575342457,0.0,0.0,451.02246575342457,0.0,451.02246575342457
9,93,0.0,0.0,385.8469520547945,0.0,0.0,385.8469520547945,0.0,385.8469520547945
9,94,0.0,0.0,276.4630821917808,0.0,0.0,276.4630821917808,0.0,276.4630821917808
9,95,0.0,0.0,143.38202054794527,0.0,0.0,143.38202054794527,0.0,271.58202054794526
10,0,0.0,0.0,225.44938356164386,0.0,0.0,225.44938356164386,0.0,225.44938356164386
10,1,0.0,0.0,509.6604109589041,0.0,0.0,509.6604109589041,0.0,509.6604109589041
10,2,0.0,0.0,546.2143150684931,0.0,0.0,546.2143150684931,0.0,546.2143150684931
10,3,0.0,0.0,241.21928082191778,0.0,0.0,241.21928082191778,0.0,241.21928082191778
10,4,0.0,502.89,524.5339726027396,0.0,0.0,524.5339726027396,0.0,524.5339726027396
10,5,0.0,0.0,424.828801369863,0.0,0.0,424.828801369863,0.0,424.828801369863
10,6,0.0,0.0,486.7493150684934,0.0,0.0,486.7493150684934,0.0,486.7493150684934
10,7,0.0,0.0,347.7283561643836,0.0,0.0,347.7283561643836,0.0,347.7283561643836
10,8,539.27,377.5047260273973,377.5047260273973,377.5047260273973,161.7652739726027,0.0,377.5047260273973,377.5047260273973
10,9,0.0,0.0,465.06106164383544,0.0,0.0,465.06106164383544,0.0,465.06106164383544
10,10,0.0,0.0,452.51907534246584,0.0,0.0,452.51907534246584,0.0,452.51907534246584
10,11,471.11,0.0,289.2730821917808,289.2730821917808,181.8369178082192,0.0,289.2730821917808,289.2730821917808
10,12,0.0,0.0,386.6066438356164,0.0,0.0,386.6066438356164,0.0,386.6066438356164
10,13,0.0,230.14,467.8044863013699,0.0,0.0,467.8044863013699,0.0,467.8044863013699
10,14,0.0,0.0,423.9286301369862,0.0,0.0,423.9286301369862,0.0,423.9286301369862
10,15,0.0,0.0,370.4582191780823,0.0,0.0,370.4582191780823,0.0,370.4582191780823
10,16,0.0,0.0,372.61815068493144,0.0,0.0,372.61815068493144,0.0,372.61815068493144
10,17,0.0,0.0,179.1028424657535,0.0,0.0,179.1028424657535,0.0,440.7528424657535
10,18,0.0,0.0,363.7329452054794,0.0,0.0,363.7329452054794,0.0,363.7329452054794
10,19,0.0,0.0,339.1046917808219,0.0,0.0,339.1046917808219,0.0,339.1046917808219
10,20,0.0,0.0,382.2246917808219,0.0,0.0,382.2246917808219,0.0,382.2246917808219
10,21,0.0,0.0,217.15965753424652,0.0,0.0,217.15965753424652,0.0,217.15965753424652
10,22,0.0,0.0,514.6831506849315,0.0,0.0,514.6831506849315,0.0,514.6831506849315
10,23,0.0,196.56,400.63876712328766,0.0,0.0,400.63876712328766,0.0,400.63876712328766
10,24,0.0,0.0,420.8831506849314,0.0,0.0,420.8831506849314,0.0,420.8831506849314
10,25,0.0,414.17273972602743,414.17273972602743,0.0,0.0,414.17273972602743,0.0,414.17273972602743
10,26,0.0,0.0,433.2189726027399,0.0,0.0,433.2189726027399,0.0,433.2189726027399
10,27,0.0,0.0,324.58712328767126,0.0,0.0,324.58712328767126,0.0,324.58712328767126
10,28,0.0,0.0,357.3754109589041,0.0,0.0,357.3754109589041,0.0,357.3754109589041
10,29,315.64,0.0,0.0,0.0,315.64,0.0,0.0,292.1207876712329
10,30,0.0,0.0,408.68301369863025,0.0,0.0,408.68301369863025,0.0,408.68301369863025
10,31,0.0,0.0,304.15595890410947,0.0,0.0,304.15595890410947,0.0,575.8559589041095
10,32,0.0,0.0,515.9707191780824,0.0,0.0,515.9707191780824,0.0,515.9707191780824
10,33,0.0,332.5119863013699,332.5119863013699,0.0,0.0,332.5119863013699,0.0,332.5119863013699
10,34,0.0,135.66999999999996,484.3216095890409,0.0,0.0,484.3216095890409,0.0,484.3216095890409
10,35,0.0,263.87,392.25914383561656,0.0,0.0,392.25914383561656,0.0,392.25914383561656
10,36,0.0,0.0,89.98092465753416,0.0,0.0,89.98092465753416,0.0,556.6009246575342
10,37,0.0,0.0,367.40099315068494,0.0,0.0,367.40099315068494,0.0,367.40099315068494
10,38,0.0,0.0,453.86154109589035,0.0,0.0,453.86154109589035,0.0,453.86154109589035
10,39,233.23,0.0,333.2752739726027,233.23,0.0,100.0452739726027,233.23,333.2752739726027
10,40,432.54,0.0,363.6351369863013,363.6351369863013,68.90486301369873,0.0,363.6351369863013,363.6351369863013
10,41,0.0,0.0,342.41434931506853,0.0,0.0,342.41434931506853,0.0,342.41434931506853
10,42,0.0,0.0,271.86130136986304,0.0,0.0,271.86130136986304,0.0,271.86130136986304
10,43,0.0,0.0,480.8273630136987,0.0,0.0,480.8273630136987,0.0,480.8273630136987
10,44,0.0,0.0,279.9872945205479,0.0,0.0,279.9872945205479,0.0,279.9872945205479
10,45,0.0,0.0,535.524212328767,0.0,0.0,535.524212328767,0.0,535.524212328767
10,46,0.0,0.0,423.32404109589044,0.0,0.0,423.32404109589044,0.0,423.32404109589044
10,47,262.86,0.0,388.81476027397264,262.86,0.0,125.95476027397262,262.86,388.81476027397264
10,48,0.0,0.0,527.1062328767123,0.0,0.0,527.1062328767123,0.0,527.1062328767123
10,49,0.0,0.0,338.29465753424654,0.0,0.0,338.29465753424654,0.0,338.29465753424654
10,50,262.61,0.0,404.66832191780827,262.61,0.0,142.05832191780826,262.61,404.66832191780827
10,51,0.0,245.63647260273976,245.63647260273976,0.0,0.0,245.63647260273976,0.0,245.63647260273976
10,52,0.0,0.0,191.62534246575342,0.0,0.0,191.62534246575342,0.0,465.3753424657534
10,53,0.0,0.0,310.62667808219175,0.0,0.0,310.62667808219175,0.0,310.62667808219175
10,54,0.0,2.842170943040401e-14,468.95541095890394,0.0,0.0,468.95541095890394,2.842170943040401e-14,468.955410958904
10,55,0.0,0.0,305.61544520547955,0.0,0.0,305.61544520547955,0.0,305.61544520547955
10,56,0.0,0.0,376.81647260273974,0.0,0.0,376.81647260273974,0.0,376.81647260273974
10,57,0.0,0.0,313.2279452054794,0.0,0.0,313.2279452054794,0.0,313.2279452054794
10,58,0.0,0.0,497.21479452054797,0.0,0.0,497.21479452054797,0.0,497.21479452054797
10,59,112.42,0.0,482.4107534246574,112.42,0.0,369.9907534246574,112.42000000000002,482.4107534246574
10,60,0.0,0.0,430.6970547945208,0.0,0.0,430.6970547945208,0.0,430.6970547945208
10,61,0.0,0.0,63.165582191780885,0.0,0.0,63.165582191780885,0.0,297.4455821917809
10,62,0.0,353.67,353.67,0.0,0.0,353.67,0.0,363.9398287671233
10,63,0.0,0.0,454.9069863013698,0.0,0.0,454.9069863013698,0.0,454.9069863013698
10,64,0.0,0.0,351.72698630136995,0.0,0.0,351.72698630136995,0.0,351.72698630136995
10,65,0.0,0.0,343.8869863013699,0.0,0.0,343.8869863013699,0.0,343.8869863013699
10,66,0.0,0.0,407.6145547945206,0.0,0.0,407.6145547945206,0.0,407.6145547945206
10,67,0.0,0.0,476.1551027397259,0.0,0.0,476.1551027397259,0.0,476.1551027397259
10,68,0.0,0.0,0.0,0.0,0.0,0.0,0.0,430.29191780821895
10,69,157.47,0.0,278.01890410958913,157.47,0.0,120.54890410958913,157.47,278.01890410958913
10,70,0.0,0.0,49.07979452054781,0.0,0.0,49.07979452054781,0.0,532.8097945205478
10,71,0.0,0.0,206.50311643835613,0.0,0.0,206.50311643835613,0.0,206.50311643835613
10,72,0.0,0.0,470.0392123287671,0.0,0.0,470.0392123287671,0.0,470.0392123287671
10,73,0.0,393.43020547945207,393.43020547945207,0.0,0.0,393.43020547945207,0.0,393.43020547945207
10,74,0.0,0.0,427.86421232876705,0.0,0.0,427.86421232876705,0.0,427.86421232876705
10,75,0.0,0.0,419.05044520547926,0.0,0.0,419.05044520547926,0.0,419.05044520547926
10,76,0.0,300.4021232876712,300.4021232876712,0.0,0.0,300.4021232876712,0.0,300.4021232876712
10,77,0.0,0.0,389.77486301369856,0.0,0.0,389.77486301369856,0.0,389.77486301369856
10,78,0.0,0.0,259.3933904109589,0.0,0.0,259.3933904109589,0.0,259.3933904109589
10,79,0.0,0.0,330.1576369863013,0.0,0.0,330.1576369863013,0.0,330.1576369863013
10,80,0.0,0.0,136.5977397260275,0.0,0.0,136.5977397260275,0.0,403.9877397260275
10,81,402.49,0.0,432.53695205479454,402.49,0.0,30.04695205479453,402.49,432.53695205479454
10,82,0.0,0.0,227.83962328767117,0.0,0.0,227.83962328767117,0.0,390.9296232876712
10,83,0.0,256.84510273972603,256.84510273972603,0.0,0.0,256.84510273972603,0.0,256.84510273972603
10,84,0.0,0.0,376.2492808219178,0.0,0.0,376.2492808219178,0.0,376.2492808219178
10,85,0.0,0.0,265.6598287671234,0.0,0.0,265.6598287671234,0.0,265.6598287671234
10,86,0.0,275.94,503.9685958904107,0.0,0.0,503.9685958904107,0.0,503.9685958904107
10,87,0.0,0.0,269.4978424657534,0.0,0.0,269.4978424657534,0.0,269.4978424657534
10,88,0.0,0.0,504.29510273972596,0.0,0.0,504.29510273972596,0.0,504.29510273972596
10,89,0.0,0.0,358.29476027397266,0.0,0.0,358.29476027397266,0.0,358.29476027397266
10,90,0.0,31.25,503.18133561643833,0.0,0.0,503.18133561643833,0.0,503.18133561643833
10,91,0.0,0.0,436.5981506849317,0.0,0.0,436.5981506849317,0.0,436.5981506849317
10,92,0.0,0.0,451.02246575342457,0.0,0.0,451.02246575342457,0.0,451.02246575342457
10,93,511.44,0.0,385.8469520547945,385.8469520547945,125.59304794520551,0.0,385.8469520547945,385.8469520547945
10,94,0.0,0.0,276.4630821917808,0.0,0.0,276.4630821917808,0.0,276.4630821917808
10,95,0.0,128.2,271.58202054794526,0.0,0.0,271.58202054794526,0.0,271.58202054794526
11,0,401.81,0.0,225.44938356164386,225.44938356164386,176.36061643835615,0.0,225.44938356164386,225.44938356164386
11,1,0.0,0.0,509.6604109589041,0.0,0.0,509.6604109589041,0.0,509.6604109589041
11,2,0.0,0.0,546.2143150684931,0.0,0.0,546.2143150684931,0.0,546.2143150684931
11,3,0.0,0.0,241.21928082191778,0.0,0.0,241.21928082191778,0.0,241.21928082191778
11,4,374.87,0.0,524.5339726027396,374.87,0.0,149.6639726027396,374.87,524.5339726027396
11,5,0.0,0.0,424.828801369863,0.0,0.0,424.828801369863,0.0,424.828801369863
11,6,0.0,0.0,486.7493150684934,0.0,0.0,486.7493150684934,0.0,486.7493150684934
11,7,543.34,0.0,347.7283561643836,347.7283561643836,195.6116438356164,0.0,347.7283561643836,347.7283561643836
11,8,0.0,0.0,0.0,0.0,0.0,0.0,0.0,377.5047260273973
11,9,0.0,0.0,465.06106164383544,0.0,0.0,465.06106164383544,0.0,465.06106164383544
11,10,0.0,0.0,452.51907534246584,0.0,0.0,452.51907534246584,0.0,452.51907534246584
11,11,0.0,0.0,0.0,0.0,0.0,0.0,0.0,289.2730821917808
11,12,0.0,0.0,386.6066438356164,0.0,0.0,386.6066438356164,0.0,386.6066438356164
11,13,0.0,0.0,467.8044863013699,0.0,0.0,467.8044863013699,0.0,467.8044863013699
11,14,506.56,0.0,423.9286301369862,423.9286301369862,82.63136986301379,0.0,423.9286301369862,423.9286301369862
11,15,0.0,0.0,370.4582191780823,0.0,0.0,370.4582191780823,0.0,370.4582191780823
11,16,348.45,0.0,372.61815068493144,348.45,0.0,24.168150684931447,348.45,372.61815068493144
11,17,0.0,261.65,440.7528424657535,0.0,0.0,440.7528424657535,0.0,440.7528424657535
11,18,0.0,0.0,363.7329452054794,0.0,0.0,363.7329452054794,0.0,363.7329452054794
11,19,0.0,0.0,339.1046917808219,0.0,0.0,339.1046917808219,0.0,339.1046917808219
11,20,0.0,0.0,382.2246917808219,0.0,0.0,382.2246917808219,0.0,382.2246917808219
11,21,0.0,0.0,217.15965753424652,0.0,0.0,217.15965753424652,0.0,217.15965753424652
11,22,0.0,0.0,514.6831506849315,0.0,0.0,514.6831506849315,0.0,514.6831506849315
11,23,0.0,0.0,400.63876712328766,0.0,0.0,400.63876712328766,0.0,400.63876712328766
11,24,0.0,0.0,420.8831506849314,0.0,0.0,420.8831506849314,0.0,420.8831506849314
11,25,0.0,0.0,414.17273972602743,0.0,0.0,414.17273972602743,0.0,414.17273972602743
11,26,0.0,0.0,433.2189726027399,0.0,0.0,433.2189726027399,0.0,433.2189726027399
11,27,0.0,0.0,324.58712328767126,0.0,0.0,324.58712328767126,0.0,324.58712328767126
11,28,0.0,0.0,357.3754109589041,0.0,0.0,357.3754109589041,0.0,357.3754109589041
11,29,0.0,292.1207876712329,292.1207876712329,0.0,0.0,292.1207876712329,0.0,292.1207876712329
11,30,421.53,0.0,408.68301369863025,408.68301369863025,12.846986301369725,0.0,408.68301369863025,408.68301369863025
11,31,0.0,271.7,575.8559589041095,0.0,0.0,575.8559589041095,0.0,575.8559589041095
11,32,0.0,0.0,515.9707191780824,0.0,0.0,515.9707191780824,0.0,515.9707191780824
11,33,0.0,0.0,332.5119863013699,0.0,0.0,332.5119863013699,0.0,332.5119863013699
11,34,0.0,0.0,484.3216095890409,0.0,0.0,484.3216095890409,0.0,484.3216095890409
11,35,0.0,0.0,392.25914383561656,0.0,0.0,392.25914383561656,0.0,392.25914383561656
11,36,0.0,466.62,556.6009246575342,0.0,0.0,556.6009246575342,0.0,556.6009246575342
11,37,0.0,0.0,367.40099315068494,0.0,0.0,367.40099315068494,0.0,367.40099315068494
11,38,555.1,0.0,453.86154109589035,453.86154109589035,101.23845890410968,0.0,453.86154109589035,453.86154109589035
11,39,347.48,0.0,100.0452739726027,100.0452739726027,247.43472602739732,0.0,100.0452739726027,333.2752739726027
11,40,0.0,0.0,0.0,0.0,0.0,0.0,0.0,363.6351369863013
11,41,0.0,0.0,342.41434931506853,0.0,0.0,342.41434931506853,0.0,342.41434931506853
11,42,0.0,0.0,271.86130136986304,0.0,0.0,271.86130136986304,0.0,271.86130136986304
11,43,0.0,0.0,480.8273630136987,0.0,0.0,480.8273630136987,0.0,480.8273630136987
11,44,0.0,0.0,279.9872945205479,0.0,0.0,279.9872945205479,0.0,279.9872945205479
11,45,0.0,0.0,535.524212328767,0.0,0.0,535.524212328767,0.0,535.524212328767
11,46,0.0,0.0,423.32404109589044,0.0,0.0,423.32404109589044,0.0,423.32404109589044
11,47,0.0,0.0,125.95476027397262,0.0,0.0,125.95476027397262,0.0,388.81476027397264
11,48,371.68,0.0,527.1062328767123,371.68,0.0,155.42623287671228,371.68,527.1062328767123
11,49,0.0,0.0,338.29465753424654,0.0,0.0,338.29465753424654,0.0,338.29465753424654
11,50,258.07,0.0,142.05832191780826,142.05832191780826,116.01167808219174,0.0,142.05832191780826,404.66832191780827
11,51,0.0,0.0,245.63647260273976,0.0,0.0,245.63647260273976,0.0,245.63647260273976
11,52,0.0,273.75,465.3753424657534,0.0,0.0,465.3753424657534,0.0,465.3753424657534
11,53,0.0,0.0,310.62667808219175,0.0,0.0,310.62667808219175,0.0,310.62667808219175
11,54,0.0,2.842170943040401e-14,468.95541095890394,0.0,0.0,468.95541095890394,2.842170943040401e-14,468.955410958904
11,55,0.0,0.0,305.61544520547955,0.0,0.0,305.61544520547955,0.0,305.61544520547955
11,56,0.0,0.0,376.81647260273974,0.0,0.0,376.81647260273974,0.0,376.81647260273974
11,57,0.0,0.0,313.2279452054794,0.0,0.0,313.2279452054794,0.0,313.2279452054794
11,58,229.94,0.0,497.21479452054797,229.94,0.0,267.27479452054797,229.94,497.21479452054797
11,59,0.0,0.0,369.9907534246574,0.0,0.0,369.9907534246574,0.0,482.4107534246574
11,60,0.0,0.0,430.6970547945208,0.0,0.0,430.6970547945208,0.0,430.6970547945208
11,61,0.0,234.28,297.4455821917809,0.0,0.0,297.4455821917809,0.0,297.4455821917809
11,62,0.0,10.269828767123272,363.9398287671233,0.0,0.0,363.9398287671233,0.0,363.9398287671233
11,63,0.0,0.0,454.9069863013698,0.0,0.0,454.9069863013698,0.0,454.9069863013698
11,64,0.0,0.0,351.72698630136995,0.0,0.0,351.72698630136995,0.0,351.72698630136995
11,65,0.0,0.0,343.8869863013699,0.0,0.0,343.8869863013699,0.0,343.8869863013699
11,66,0.0,0.0,407.6145547945206,0.0,0.0,407.6145547945206,0.0,407.6145547945206
11,67,0.0,0.0,476.1551027397259,0.0,0.0,476.1551027397259,0.0,476.1551027397259
11,68,0.0,430.29191780821895,430.29191780821895,0.0,0.0,430.29191780821895,0.0,430.29191780821895
11,69,0.0,0.0,120.54890410958913,0.0,0.0,120.54890410958913,0.0,278.01890410958913
11,70,0.0,483.73,532.8097945205478,0.0,0.0,532.8097945205478,0.0,532.8097945205478
11,71,0.0,0.0,206.50311643835613,0.0,0.0,206.50311643835613,0.0,206.50311643835613
11,72,0.0,0.0,470.0392123287671,0.0,0.0,470.0392123287671,0.0,470.0392123287671
11,73,516.86,0.0,393.43020547945207,393.43020547945207,123.42979452054794,0.0,393.43020547945207,393.43020547945207
11,74,0.0,0.0,427.86421232876705,0.0,0.0,427.86421232876705,0.0,427.86421232876705
11,75,0.0,0.0,419.05044520547926,0.0,0.0,419.05044520547926,0.0,419.05044520547926
11,76,286.25,0.0,300.4021232876712,286.25,0.0,14.152123287671202,286.25,300.4021232876712
11,77,0.0,0.0,389.77486301369856,0.0,0.0,389.77486301369856,0.0,389.77486301369856
11,78,0.0,0.0,259.3933904109589,0.0,0.0,259.3933904109589,0.0,259.3933904109589
11,79,0.0,0.0,330.1576369863013,0.0,0.0,330.1576369863013,0.0,330.1576369863013
11,80,0.0,267.39,403.9877397260275,0.0,0.0,403.9877397260275,0.0,403.9877397260275
11,81,0.0,0.0,30.04695205479453,0.0,0.0,30.04695205479453,0.0,432.53695205479454
11,82,0.0,163.09,390.9296232876712,0.0,0.0,390.9296232876712,0.0,390.9296232876712
11,83,0.0,0.0,256.84510273972603,0.0,0.0,256.84510273972603,0.0,256.84510273972603
11,84,0.0,0.0,376.2492808219178,0.0,0.0,376.2492808219178,0.0,376.2492808219178
11,85,0.0,0.0,265.6598287671234,0.0,0.0,265.6598287671234,0.0,265.6598287671234
11,86,0.0,0.0,503.9685958904107,0.0,0.0,503.9685958904107,0.0,503.9685958904107
11,87,0.0,0.0,269.4978424657534,0.0,0.0,269.4978424657534,0.0,269.4978424657534
11,88,0.0,0.0,504.29510273972596,0.0,0.0,504.29510273972596,0.0,504.29510273972596
11,89,0.0,0.0,358.29476027397266,0.0,0.0,358.29476027397266,0.0,358.29476027397266
11,90,0.0,0.0,503.18133561643833,0.0,0.0,503.18133561643833,0.0,503.18133561643833
11,91,0.0,0.0,436.5981506849317,0.0,0.0,436.5981506849317,0.0,436.5981506849317
11,92,0.0,0.0,451.02246575342457,0.0,0.0,451.02246575342457,0.0,451.02246575342457
11,93,0.0,0.0,0.0,0.0,0.0,0.0,0.0,385.8469520547945
11,94,0.0,0.0,276.4630821917808,0.0,0.0,276.4630821917808,0.0,276.4630821917808
11,95,392.86,0.0,271.58202054794526,271.58202054794526,121.27797945205475,0.0,271.58202054794526,271.58202054794526
12,0,0.0,0.0,0.0,0.0,0.0,0.0,0.0,225.44938356164386
12,1,0.0,0.0,509.6604109589041,0.0,0.0,509.6604109589041,0.0,509.6604109589041
12,2,0.0,0.0,546.2143150684931,0.0,0.0,546.2143150684931,0.0,546.2143150684931
12,3,0.0,0.0,241.21928082191778,0.0,0.0,241.21928082191778,0.0,241.21928082191778
12,4,0.0,0.0,149.6639726027396,0.0,0.0,149.6639726027396,0.0,524.5339726027396
12,5,0.0,0.0,424.828801369863,0.0,0.0,424.828801369863,0.0,424.828801369863
12,6,0.0,0.0,486.7493150684934,0.0,0.0,486.7493150684934,0.0,486.7493150684934
12,7,0.0,0.0,0.0,0.0,0.0,0.0,0.0,347.7283561643836
12,8,0.0,377.5047260273973,377.5047260273973,0.0,0.0,377.5047260273973,0.0,377.5047260273973
12,9,0.0,0.0,465.06106164383544,0.0,0.0,465.06106164383544,0.0,465.06106164383544
12,10,0.0,0.0,452.51907534246584,0.0,0.0,452.51907534246584,0.0,452.51907534246584
12,11,289.48,289.2730821917808,289.2730821917808,289.2730821917808,0.20691780821920247,0.0,289.2730821917808,289.2730821917808
12,12,0.0,0.0,386.6066438356164,0.0,0.0,386.6066438356164,0.0,386.6066438356164
12,13,0.0,0.0,467.8044863013699,0.0,0.0,467.8044863013699,0.0,467.8044863013699
12,14,551.82,0.0,0.0,0.0,551.82,0.0,0.0,423.9286301369862
12,15,0.0,0.0,370.4582191780823,0.0,0.0,370.4582191780823,0.0,370.4582191780823
12,16,0.0,0.0,24.168150684931447,0.0,0.0,24.168150684931447,0.0,372.61815068493144
12,17,0.0,0.0,440.7528424657535,0.0,0.0,440.7528424657535,0.0,440.7528424657535
12,18,0.0,0.0,363.7329452054794,0.0,0.0,363.7329452054794,0.0,363.7329452054794
12,19,0.0,0.0,339.1046917808219,0.0,0.0,339.1046917808219,0.0,339.1046917808219
12,20,0.0,0.0,382.2246917808219,0.0,0.0,382.2246917808219,0.0,382.2246917808219
12,21,0.0,0.0,217.15965753424652,0.0,0.0,217.15965753424652,0.0,217.15965753424652
12,22,1125.23,0.0,514.6831506849315,514.6831506849315,610.5468493150685,0.0,514.6831506849315,514.6831506849315
12,23,0.0,0.0,400.63876712328766,0.0,0.0,400.63876712328766,0.0,400.63876712328766
12,24,0.0,0.0,420.8831506849314,0.0,0.0,420.8831506849314,0.0,420.8831506849314
12,25,323.44,0.0,414.17273972602743,323.44,0.0,90.73273972602743,323.44,414.17273972602743
12,26,0.0,0.0,433.2189726027399,0.0,0.0,433.2189726027399,0.0,433.2189726027399
12,27,273.33,0.0,324.58712328767126,273.33,0.0,51.25712328767128,273.33,324.58712328767126
12,28,0.0,0.0,357.3754109589041,0.0,0.0,357.3754109589041,0.0,357.3754109589041
12,29,0.0,0.0,292.1207876712329,0.0,0.0,292.1207876712329,0.0,292.1207876712329
12,30,0.0,0.0,0.0,0.0,0.0,0.0,0.0,408.68301369863025
12,31,620.5,0.0,575.8559589041095,575.8559589041095,44.64404109589054,0.0,575.8559589041095,575.8559589041095
12,32,0.0,0.0,515.9707191780824,0.0,0.0,515.9707191780824,0.0,515.9707191780824
12,33,0.0,0.0,332.5119863013699,0.0,0.0,332.5119863013699,0.0,332.5119863013699
12,34,0.0,0.0,484.3216095890409,0.0,0.0,484.3216095890409,0.0,484.3216095890409
12,35,0.0,0.0,392.25914383561656,0.0,0.0,392.25914383561656,0.0,392.25914383561656
12,36,308.31,0.0,556.6009246575342,308.31,0.0,248.29092465753416,308.31,556.6009246575342
12,37,0.0,0.0,367.40099315068494,0.0,0.0,367.40099315068494,0.0,367.40099315068494
12,38,501.14,0.0,0.0,0.0,501.14,0.0,0.0,453.86154109589035
12,39,0.0,233.23,233.23,0.0,0.0,233.23,0.0,333.2752739726027
12,40,0.0,363.6351369863013,363.6351369863013,0.0,0.0,363.6351369863013,0.0,363.6351369863013
12,41,0.0,0.0,342.41434931506853,0.0,0.0,342.41434931506853,0.0,342.41434931506853
12,42,227.15,0.0,271.86130136986304,227.15,0.0,44.71130136986304,227.15,271.86130136986304
12,43,0.0,0.0,480.8273630136987,0.0,0.0,480.8273630136987,0.0,480.8273630136987
12,44,0.0,0.0,279.9872945205479,0.0,0.0,279.9872945205479,0.0,279.9872945205479
12,45,0.0,0.0,535.524212328767,0.0,0.0,535.524212328767,0.0,535.524212328767
12,46,0.0,0.0,423.32404109589044,0.0,0.0,423.32404109589044,0.0,423.32404109589044
12,47,255.67,262.86,388.81476027397264,255.67,0.0,133.14476027397265,255.67,388.81476027397264
12,48,0.0,0.0,155.42623287671228,0.0,0.0,155.42623287671228,0.0,527.1062328767123
12,49,107.39,0.0,338.29465753424654,107.39,0.0,230.90465753424655,107.38999999999999,338.29465753424654
12,50,0.0,262.61,262.61,0.0,0.0,262.61,0.0,404.66832191780827
12,51,0.0,0.0,245.63647260273976,0.0,0.0,245.63647260273976,0.0,245.63647260273976
12,52,0.0,0.0,465.3753424657534,0.0,0.0,465.3753424657534,0.0,465.3753424657534
12,53,0.0,0.0,310.62667808219175,0.0,0.0,310.62667808219175,0.0,310.62667808219175
12,54,0.0,2.842170943040401e-14,468.95541095890394,0.0,0.0,468.95541095890394,2.842170943040401e-14,468.955410958904
12,55,391.91,0.0,305.61544520547955,305.61544520547955,86.29455479452048,0.0,305.61544520547955,305.61544520547955
12,56,0.0,0.0,376.81647260273974,0.0,0.0,376.81647260273974,0.0,376.81647260273974
12,57,0.0,0.0,313.2279452054794,0.0,0.0,313.2279452054794,0.0,313.2279452054794
12,58,0.0,0.0,267.27479452054797,0.0,0.0,267.27479452054797,0.0,497.21479452054797
12,59,0.0,112.42000000000002,482.4107534246574,0.0,0.0,482.4107534246574,0.0,482.4107534246574
12,60,0.0,0.0,430.6970547945208,0.0,0.0,430.6970547945208,0.0,430.6970547945208
12,61,0.0,0.0,297.4455821917809,0.0,0.0,297.4455821917809,0.0,297.4455821917809
12,62,0.0,0.0,363.9398287671233,0.0,0.0,363.9398287671233,0.0,363.9398287671233
12,63,314.56,0.0,454.9069863013698,314.56,0.0,140.34698630136978,314.56,454.9069863013698
12,64,0.0,0.0,351.72698630136995,0.0,0.0,351.72698630136995,0.0,351.72698630136995
12,65,0.0,0.0,343.8869863013699,0.0,0.0,343.8869863013699,0.0,343.8869863013699
12,66,152.81,0.0,407.6145547945206,152.81,0.0,254.80455479452058,152.81,407.6145547945206
12,67,145.8,0.0,476.1551027397259,145.8,0.0,330.3551027397259,145.8,476.1551027397259
12,68,0.0,0.0,430.29191780821895,0.0,0.0,430.29191780821895,0.0,430.29191780821895
12,69,0.0,157.47,278.01890410958913,0.0,0.0,278.01890410958913,0.0,278.01890410958913
12,70,194.6,0.0,532.8097945205478,194.6,0.0,338.2097945205478,194.60000000000002,532.8097945205478
12,71,0.0,0.0,206.50311643835613,0.0,0.0,206.50311643835613,0.0,206.50311643835613
12,72,0.0,0.0,470.0392123287671,0.0,0.0,470.0392123287671,0.0,470.0392123287671
12,73,0.0,0.0,0.0,0.0,0.0,0.0,0.0,393.43020547945207
12,74,0.0,0.0,427.86421232876705,0.0,0.0,427.86421232876705,0.0,427.86421232876705
12,75,0.0,0.0,419.05044520547926,0.0,0.0,419.05044520547926,0.0,419.05044520547926
12,76,0.0,0.0,14.152123287671202,0.0,0.0,14.152123287671202,0.0,300.4021232876712
12,77,0.0,0.0,389.77486301369856,0.0,0.0,389.77486301369856,0.0,389.77486301369856
12,78,0.0,0.0,259.3933904109589,0.0,0.0,259.3933904109589,0.0,259.3933904109589
12,79,0.0,0.0,330.1576369863013,0.0,0.0,330.1576369863013,0.0,330.1576369863013
12,80,0.0,0.0,403.9877397260275,0.0,0.0,403.9877397260275,0.0,403.9877397260275
12,81,0.0,402.49,432.53695205479454,0.0,0.0,432.53695205479454,0.0,432.53695205479454
12,82,0.0,0.0,390.9296232876712,0.0,0.0,390.9296232876712,0.0,390.9296232876712
12,83,0.0,0.0,256.84510273972603,0.0,0.0,256.84510273972603,0.0,256.84510273972603
12,84,0.0,0.0,376.2492808219178,0.0,0.0,376.2492808219178,0.0,376.2492808219178
12,85,0.0,0.0,265.6598287671234,0.0,0.0,265.6598287671234,0.0,265.6598287671234
12,86,0.0,0.0,503.9685958904107,0.0,0.0,503.9685958904107,0.0,503.9685958904107
12,87,0.0,0.0,269.4978424657534,0.0,0.0,269.4978424657534,0.0,269.4978424657534
12,88,0.0,0.0,504.29510273972596,0.0,0.0,504.29510273972596,0.0,504.29510273972596
12,89,0.0,0.0,358.29476027397266,0.0,0.0,358.29476027397266,0.0,358.29476027397266
12,90,0.0,0.0,503.18133561643833,0.0,0.0,503.18133561643833,0.0,503.18133561643833
12,91,0.0,0.0,436.5981506849317,0.0,0.0,436.5981506849317,0.0,436.5981506849317
12,92,0.0,0.0,451.02246575342457,0.0,0.0,451.02246575342457,0.0,451.02246575342457
12,93,464.65,385.8469520547945,385.8469520547945,385.8469520547945,78.80304794520549,0.0,385.8469520547945,385.8469520547945
12,94,212.46,0.0,276.4630821917808,212.46,0.0,64.0030821917808,212.46,276.4630821917808
12,95,0.0,0.0,0.0,0.0,0.0,0.0,0.0,271.58202054794526
13,0,0.0,225.44938356164386,225.44938356164386,0.0,0.0,225.44938356164386,0.0,225.44938356164386
13,1,0.0,0.0,509.6604109589041,0.0,0.0,509.6604109589041,0.0,509.6604109589041
13,2,0.0,0.0,546.2143150684931,0.0,0.0,546.2143150684931,0.0,546.2143150684931
13,3,0.0,0.0,241.21928082191778,0.0,0.0,241.21928082191778,0.0,241.21928082191778
13,4,0.0,374.87,524.5339726027396,0.0,0.0,524.5339726027396,0.0,524.5339726027396
13,5,0.0,0.0,424.828801369863,0.0,0.0,424.828801369863,0.0,424.828801369863
13,6,0.0,0.0,486.7493150684934,0.0,0.0,486.7493150684934,0.0,486.7493150684934
13,7,0.0,347.7283561643836,347.7283561643836,0.0,0.0,347.7283561643836,0.0,347.7283561643836
13,8,0.0,0.0,377.5047260273973,0.0,0.0,377.5047260273973,0.0,377.5047260273973
13,9,0.0,0.0,465.06106164383544,0.0,0.0,465.06106164383544,0.0,465.06106164383544
13,10,0.0,0.0,452.51907534246584,0.0,0.0,452.51907534246584,0.0,452.51907534246584
13,11,0.0,0.0,0.0,0.0,0.0,0.0,0.0,289.2730821917808
13,12,204.35,0.0,386.6066438356164,204.35,0.0,182.25664383561642,204.35,386.6066438356164
13,13,0.0,0.0,467.8044863013699,0.0,0.0,467.8044863013699,0.0,467.8044863013699
13,14,0.0,423.9286301369862,423.9286301369862,0.0,0.0,423.9286301369862,0.0,423.9286301369862
13,15,0.0,0.0,370.4582191780823,0.0,0.0,370.4582191780823,0.0,370.4582191780823
13,16,307.12,348.45,372.61815068493144,307.12,0.0,65.49815068493143,307.12,372.61815068493144
13,17,0.0,0.0,440.7528424657535,0.0,0.0,440.7528424657535,0.0,440.7528424657535
13,18,0.0,0.0,363.7329452054794,0.0,0.0,363.7329452054794,0.0,363.7329452054794
13,19,494.19,0.0,339.1046917808219,339.1046917808219,155.0853082191781,0.0,339.1046917808219,339.1046917808219
13,20,0.0,0.0,382.2246917808219,0.0,0.0,382.2246917808219,0.0,382.2246917808219
13,21,0.0,0.0,217.15965753424652,0.0,0.0,217.15965753424652,0.0,217.15965753424652
13,22,0.0,0.0,0.0,0.0,0.0,0.0,0.0,514.6831506849315
13,23,0.0,0.0,400.63876712328766,0.0,0.0,400.63876712328766,0.0,400.63876712328766
13,24,0.0,0.0,420.8831506849314,0.0,0.0,420.8831506849314,0.0,420.8831506849314
13,25,0.0,0.0,90.73273972602743,0.0,0.0,90.73273972602743,0.0,414.17273972602743
13,26,475.54,0.0,433.2189726027399,433.2189726027399,42.32102739726014,0.0,433.2189726027399,433.2189726027399
13,27,0.0,0.0,51.25712328767128,0.0,0.0,51.25712328767128,0.0,324.58712328767126
13,28,0.0,0.0,357.3754109589041,0.0,0.0,357.3754109589041,0.0,357.3754109589041
13,29,0.0,0.0,292.1207876712329,0.0,0.0,292.1207876712329,0.0,292.1207876712329
13,30,117.54,408.68301369863025,408.68301369863025,117.54,0.0,291.1430136986302,117.54000000000002,408.68301369863025
13,31,0.0,0.0,0.0,0.0,0.0,0.0,0.0,575.8559589041095
13,32,0.0,0.0,515.9707191780824,0.0,0.0,515.9707191780824,0.0,515.9707191780824
13,33,0.0,0.0,332.5119863013699,0.0,0.0,332.5119863013699,0.0,332.5119863013699
13,34,0.0,0.0,484.3216095890409,0.0,0.0,484.3216095890409,0.0,484.3216095890409
13,35,0.0,0.0,392.25914383561656,0.0,0.0,392.25914383561656,0.0,392.25914383561656
13,36,0.0,0.0,248.29092465753416,0.0,0.0,248.29092465753416,0.0,556.6009246575342
13,37,0.0,0.0,367.40099315068494,0.0,0.0,367.40099315068494,0.0,367.40099315068494
13,38,397.81,453.86154109589035,453.86154109589035,397.81,0.0,56.05154109589034,397.81,453.86154109589035
13,39,0.0,100.0452739726027,333.2752739726027,0.0,0.0,333.2752739726027,0.0,333.2752739726027
13,40,0.0,0.0,363.6351369863013,0.0,0.0,363.6351369863013,0.0,363.6351369863013
13,41,0.0,0.0,342.41434931506853,0.0,0.0,342.41434931506853,0.0,342.41434931506853
13,42,485.94,0.0,44.71130136986304,44.71130136986304,441.22869863013693,0.0,44.71130136986304,271.86130136986304
13,43,0.0,0.0,480.8273630136987,0.0,0.0,480.8273630136987,0.0,480.8273630136987
13,44,510.5,0.0,279.9872945205479,279.9872945205479,230.5127054794521,0.0,279.9872945205479,279.9872945205479
13,45,0.0,0.0,535.524212328767,0.0,0.0,535.524212328767,0.0,535.524212328767
13,46,498.38,0.0,423.32404109589044,423.32404109589044,75.05595890410956,0.0,423.32404109589044,423.32404109589044
13,47,0.0,0.0,133.14476027397265,0.0,0.0,133.14476027397265,0.0,388.81476027397264
13,48,280.97,371.68,527.1062328767123,280.97,0.0,246.13623287671226,280.97,527.1062328767123
13,49,454.3,0.0,230.90465753424655,230.90465753424655,223.39534246575346,0.0,230.90465753424655,338.29465753424654
13,50,0.0,142.05832191780826,404.66832191780827,0.0,0.0,404.66832191780827,0.0,404.66832191780827
13,51,0.0,0.0,245.63647260273976,0.0,0.0,245.63647260273976,0.0,245.63647260273976
13,52,0.0,0.0,465.3753424657534,0.0,0.0,465.3753424657534,0.0,465.3753424657534
13,53,0.0,0.0,310.62667808219175,0.0,0.0,310.62667808219175,0.0,310.62667808219175
13,54,0.0,2.842170943040401e-14,468.95541095890394,0.0,0.0,468.95541095890394,2.842170943040401e-14,468.955410958904
13,55,0.0,0.0,0.0,0.0,0.0,0.0,0.0,305.61544520547955
13,56,0.0,0.0,376.81647260273974,0.0,0.0,376.81647260273974,0.0,376.81647260273974
13,57,0.0,0.0,313.2279452054794,0.0,0.0,313.2279452054794,0.0,313.2279452054794
13,58,156.77,229.94,497.21479452054797,156.77,0.0,340.44479452054793,156.77000000000004,497.21479452054797
13,59,0.0,0.0,482.4107534246574,0.0,0.0,482.4107534246574,0.0,482.4107534246574
13,60,0.0,0.0,430.6970547945208,0.0,0.0,430.6970547945208,0.0,430.6970547945208
13,61,0.0,0.0,297.4455821917809,0.0,0.0,297.4455821917809,0.0,297.4455821917809
13,62,410.46,0.0,363.9398287671233,363.9398287671233,46.52017123287669,0.0,363.9398287671233,363.9398287671233
13,63,0.0,0.0,140.34698630136978,0.0,0.0,140.34698630136978,0.0,454.9069863013698
13,64,0.0,0.0,351.72698630136995,0.0,0.0,351.72698630136995,0.0,351.72698630136995
13,65,0.0,0.0,343.8869863013699,0.0,0.0,343.8869863013699,0.0,343.8869863013699
13,66,0.0,0.0,254.80455479452058,0.0,0.0,254.80455479452058,0.0,407.6145547945206
13,67,0.0,0.0,330.3551027397259,0.0,0.0,330.3551027397259,0.0,476.1551027397259
13,68,0.0,0.0,430.29191780821895,0.0,0.0,430.29191780821895,0.0,430.29191780821895
13,69,0.0,0.0,278.01890410958913,0.0,0.0,278.01890410958913,0.0,278.01890410958913
13,70,0.0,0.0,338.2097945205478,0.0,0.0,338.2097945205478,0.0,532.8097945205478
13,71,0.0,0.0,206.50311643835613,0.0,0.0,206.50311643835613,0.0,206.50311643835613
13,72,0.0,0.0,470.0392123287671,0.0,0.0,470.0392123287671,0.0,470.0392123287671
13,73,0.0,393.43020547945207,393.43020547945207,0.0,0.0,393.43020547945207,0.0,393.43020547945207
13,74,409.44,0.0,427.86421232876705,409.44,0.0,18.424212328767055,409.44,427.86421232876705
13,75,0.0,0.0,419.05044520547926,0.0,0.0,419.05044520547926,0.0,419.05044520547926
13,76,261.61,286.25,300.4021232876712,261.61,0.0,38.79212328767119,261.61,300.4021232876712
13,77,495.09,0.0,389.77486301369856,389.77486301369856,105.31513698630141,0.0,389.77486301369856,389.77486301369856
13,78,0.0,0.0,259.3933904109589,0.0,0.0,259.3933904109589,0.0,259.3933904109589
13,79,0.0,0.0,330.1576369863013,0.0,0.0,330.1576369863013,0.0,330.1576369863013
13,80,0.0,0.0,403.9877397260275,0.0,0.0,403.9877397260275,0.0,403.9877397260275
13,81,0.0,0.0,432.53695205479454,0.0,0.0,432.53695205479454,0.0,432.53695205479454
13,82,0.0,0.0,390.9296232876712,0.0,0.0,390.9296232876712,0.0,390.9296232876712
13,83,0.0,0.0,256.84510273972603,0.0,0.0,256.84510273972603,0.0,256.84510273972603
13,84,541.31,0.0,376.2492808219178,376.2492808219178,165.06071917808214,0.0,376.2492808219178,376.2492808219178
13,85,0.0,0.0,265.6598287671234,0.0,0.0,265.6598287671234,0.0,265.6598287671234
13,86,0.0,0.0,503.9685958904107,0.0,0.0,503.9685958904107,0.0,503.9685958904107
13,87,0.0,0.0,269.4978424657534,0.0,0.0,269.4978424657534,0.0,269.4978424657534
13,88,0.0,0.0,504.29510273972596,0.0,0.0,504.29510273972596,0.0,504.29510273972596
13,89,0.0,0.0,358.29476027397266,0.0,0.0,358.29476027397266,0.0,358.29476027397266
13,90,0.0,0.0,503.18133561643833,0.0,0.0,503.18133561643833,0.0,503.18133561643833
13,91,0.0,0.0,436.5981506849317,0.0,0.0,436.5981506849317,0.0,436.5981506849317
13,92,519.32,0.0,451.02246575342457,451.02246575342457,68.29753424657548,0.0,451.02246575342457,451.02246575342457
13,93,0.0,0.0,0.0,0.0,0.0,0.0,0.0,385.8469520547945
13,94,0.0,0.0,64.0030821917808,0.0,0.0,64.0030821917808,0.0,276.4630821917808
13,95,309.6,271.58202054794526,271.58202054794526,271.58202054794526,38.01797945205476,0.0,271.58202054794526,271.58202054794526
14,0,0.0,0.0,225.44938356164386,0.0,0.0,225.44938356164386,0.0,225.44938356164386
14,1,0.0,0.0,509.6604109589041,0.0,0.0,509.6604109589041,0.0,509.6604109589041
14,2,0.0,0.0,546.2143150684931,0.0,0.0,546.2143150684931,0.0,546.2143150684931
14,3,0.0,0.0,241.21928082191778,0.0,0.0,241.21928082191778,0.0,241.21928082191778
14,4,222.58,0.0,524.5339726027396,222.58,0.0,301.95397260273955,222.58000000000004,524.5339726027396
14,5,0.0,0.0,424.828801369863,0.0,0.0,424.828801369863,0.0,424.828801369863
14,6,0.0,0.0,486.7493150684934,0.0,0.0,486.7493150684934,0.0,486.7493150684934
14,7,0.0,0.0,347.7283561643836,0.0,0.0,347.7283561643836,0.0,347.7283561643836
14,8,149.88,0.0,377.5047260273973,149.88,0.0,227.6247260273973,149.88,377.5047260273973
14,9,0.0,0.0,465.06106164383544,0.0,0.0,465.06106164383544,0.0,465.06106164383544
14,10,0.0,0.0,452.51907534246584,0.0,0.0,452.51907534246584,0.0,452.51907534246584
14,11,0.0,289.2730821917808,289.2730821917808,0.0,0.0,289.2730821917808,0.0,289.2730821917808
14,12,0.0,0.0,182.25664383561642,0.0,0.0,182.25664383561642,0.0,386.6066438356164
14,13,0.0,0.0,467.8044863013699,0.0,0.0,467.8044863013699,0.0,467.8044863013699
14,14,0.0,0.0,423.9286301369862,0.0,0.0,423.9286301369862,0.0,423.9286301369862
14,15,0.0,0.0,370.4582191780823,0.0,0.0,370.4582191780823,0.0,370.4582191780823
14,16,0.0,0.0,65.49815068493143,0.0,0.0,65.49815068493143,0.0,372.61815068493144
14,17,0.0,0.0,440.7528424657535,0.0,0.0,440.7528424657535,0.0,440.7528424657535
14,18,0.0,0.0,363.7329452054794,0.0,0.0,363.7329452054794,0.0,363.7329452054794
14,19,0.0,0.0,0.0,0.0,0.0,0.0,0.0,339.1046917808219
14,20,0.0,0.0,382.2246917808219,0.0,0.0,382.2246917808219,0.0,382.2246917808219
14,21,0.0,0.0,217.15965753424652,0.0,0.0,217.15965753424652,0.0,217.15965753424652
14,22,0.0,514.6831506849315,514.6831506849315,0.0,0.0,514.6831506849315,0.0,514.6831506849315
14,23,0.0,0.0,400.63876712328766,0.0,0.0,400.63876712328766,0.0,400.63876712328766
14,24,0.0,0.0,420.8831506849314,0.0,0.0,420.8831506849314,0.0,420.8831506849314
14,25,0.0,323.44,414.17273972602743,0.0,0.0,414.17273972602743,0.0,414.17273972602743
14,26,0.0,0.0,0.0,0.0,0.0,0.0,0.0,433.2189726027399
14,27,0.0,273.33,324.58712328767126,0.0,0.0,324.58712328767126,0.0,324.58712328767126
14,28,0.0,0.0,357.3754109589041,0.0,0.0,357.3754109589041,0.0,357.3754109589041
14,29,0.0,0.0,292.1207876712329,0.0,0.0,292.1207876712329,0.0,292.1207876712329
14,30,0.0,0.0,291.1430136986302,0.0,0.0,291.1430136986302,0.0,408.68301369863025
14,31,207.92,575.8559589041095,575.8559589041095,207.92,0.0,367.9359589041095,207.91999999999996,575.8559589041095
14,32,0.0,0.0,515.9707191780824,0.0,0.0,515.9707191780824,0.0,515.9707191780824
14,33,0.0,0.0,332.5119863013699,0.0,0.0,332.5119863013699,0.0,332.5119863013699
14,34,0.0,0.0,484.3216095890409,0.0,0.0,484.3216095890409,0.0,484.3216095890409
14,35,222.81,0.0,392.25914383561656,222.81,0.0,169.44914383561655,222.81,392.25914383561656
14,36,0.0,308.31,556.6009246575342,0.0,0.0,556.6009246575342,0.0,556.6009246575342
14,37,0.0,0.0,367.40099315068494,0.0,0.0,367.40099315068494,0.0,367.40099315068494
14,38,0.0,0.0,56.05154109589034,0.0,0.0,56.05154109589034,0.0,453.86154109589035
14,39,0.0,0.0,333.2752739726027,0.0,0.0,333.2752739726027,0.0,333.2752739726027
14,40,0.0,0.0,363.6351369863013,0.0,0.0,363.6351369863013,0.0,363.6351369863013
14,41,0.0,0.0,342.41434931506853,0.0,0.0,342.41434931506853,0.0,342.41434931506853
14,42,499.61,227.15,227.15,227.15,272.46000000000004,0.0,227.15,271.86130136986304
14,43,0.0,0.0,480.8273630136987,0.0,0.0,480.8273630136987,0.0,480.8273630136987
14,44,0.0,0.0,0.0,0.0,0.0,0.0,0.0,279.9872945205479
14,45,0.0,0.0,535.524212328767,0.0,0.0,535.524212328767,0.0,535.524212328767
14,46,0.0,0.0,0.0,0.0,0.0,0.0,0.0,423.32404109589044
14,47,0.0,255.67,388.81476027397264,0.0,0.0,388.81476027397264,0.0,388.81476027397264
14,48,212.94,0.0,246.13623287671226,212.94,0.0,33.19623287671226,212.94,527.1062328767123
14,49,0.0,107.38999999999999,107.38999999999999,0.0,0.0,107.38999999999999,0.0,338.29465753424654
14,50,0.0,0.0,404.66832191780827,0.0,0.0,404.66832191780827,0.0,404.66832191780827
14,51,0.0,0.0,245.63647260273976,0.0,0.0,245.63647260273976,0.0,245.63647260273976
14,52,0.0,0.0,465.3753424657534,0.0,0.0,465.3753424657534,0.0,465.3753424657534
14,53,0.0,0.0,310.62667808219175,0.0,0.0,310.62667808219175,0.0,310.62667808219175
14,54,0.0,2.842170943040401e-14,468.95541095890394,0.0,0.0,468.95541095890394,2.842170943040401e-14,468.955410958904
14,55,0.0,305.61544520547955,305.61544520547955,0.0,0.0,305.61544520547955,0.0,305.61544520547955
14,56,0.0,0.0,376.81647260273974,0.0,0.0,376.81647260273974,0.0,376.81647260273974
14,57,0.0,0.0,313.2279452054794,0.0,0.0,313.2279452054794,0.0,313.2279452054794
14,58,0.0,0.0,340.44479452054793,0.0,0.0,340.44479452054793,0.0,497.21479452054797
14,59,0.0,0.0,482.4107534246574,0.0,0.0,482.4107534246574,0.0,482.4107534246574
14,60,0.0,0.0,430.6970547945208,0.0,0.0,430.6970547945208,0.0,430.6970547945208
14,61,0.0,0.0,297.4455821917809,0.0,0.0,297.4455821917809,0.0,297.4455821917809
14,62,488.91,0.0,0.0,0.0,488.91,0.0,0.0,363.9398287671233
14,63,0.0,314.56,454.9069863013698,0.0,0.0,454.9069863013698,0.0,454.9069863013698
14,64,0.0,0.0,351.72698630136995,0.0,0.0,351.72698630136995,0.0,351.72698630136995
14,65,0.0,0.0,343.8869863013699,0.0,0.0,343.8869863013699,0.0,343.8869863013699
14,66,0.0,152.81,407.6145547945206,0.0,0.0,407.6145547945206,0.0,407.6145547945206
14,67,0.0,145.8,476.1551027397259,0.0,0.0,476.1551027397259,0.0,476.1551027397259
14,68,0.0,0.0,430.29191780821895,0.0,0.0,430.29191780821895,0.0,430.29191780821895
14,69,0.0,0.0,278.01890410958913,0.0,0.0,278.01890410958913,0.0,278.01890410958913
14,70,588.84,194.60000000000002,532.8097945205478,532.8097945205478,56.030205479452206,0.0,532.8097945205478,532.8097945205478
14,71,253.33,0.0,206.50311643835613,206.50311643835613,46.82688356164388,0.0,206.50311643835613,206.50311643835613
14,72,0.0,0.0,470.0392123287671,0.0,0.0,470.0392123287671,0.0,470.0392123287671
14,73,0.0,0.0,393.43020547945207,0.0,0.0,393.43020547945207,0.0,393.43020547945207
14,74,0.0,0.0,18.424212328767055,0.0,0.0,18.424212328767055,0.0,427.86421232876705
14,75,363.96,0.0,419.05044520547926,363.96,0.0,55.090445205479284,363.96,419.05044520547926
14,76,0.0,0.0,38.79212328767119,0.0,0.0,38.79212328767119,0.0,300.4021232876712
14,77,0.0,0.0,0.0,0.0,0.0,0.0,0.0,389.77486301369856
14,78,182.55,0.0,259.3933904109589,182.55,0.0,76.84339041095888,182.55,259.3933904109589
14,79,0.0,0.0,330.1576369863013,0.0,0.0,330.1576369863013,0.0,330.1576369863013
14,80,143.27,0.0,403.9877397260275,143.27,0.0,260.7177397260275,143.26999999999998,403.9877397260275
14,81,503.07,0.0,432.53695205479454,432.53695205479454,70.53304794520545,0.0,432.53695205479454,432.53695205479454
14,82,0.0,0.0,390.9296232876712,0.0,0.0,390.9296232876712,0.0,390.9296232876712
14,83,0.0,0.0,256.84510273972603,0.0,0.0,256.84510273972603,0.0,256.84510273972603
14,84,0.0,0.0,0.0,0.0,0.0,0.0,0.0,376.2492808219178
14,85,412.43,0.0,265.6598287671234,265.6598287671234,146.77017123287663,0.0,265.6598287671234,265.6598287671234
14,86,0.0,0.0,503.9685958904107,0.0,0.0,503.9685958904107,0.0,503.9685958904107
14,87,0.0,0.0,269.4978424657534,0.0,0.0,269.4978424657534,0.0,269.4978424657534
14,88,0.0,0.0,504.29510273972596,0.0,0.0,504.29510273972596,0.0,504.29510273972596
14,89,0.0,0.0,358.29476027397266,0.0,0.0,358.29476027397266,0.0,358.29476027397266
14,90,0.0,0.0,503.18133561643833,0.0,0.0,503.18133561643833,0.0,503.18133561643833
14,91,0.0,0.0,436.5981506849317,0.0,0.0,436.5981506849317,0.0,436.5981506849317
14,92,0.0,0.0,0.0,0.0,0.0,0.0,0.0,451.02246575342457
14,93,0.0,385.8469520547945,385.8469520547945,0.0,0.0,385.8469520547945,0.0,385.8469520547945
14,94,0.0,212.46,276.4630821917808,0.0,0.0,276.4630821917808,0.0,276.4630821917808
14,95,527.97,0.0,0.0,0.0,527.97,0.0,0.0,271.58202054794526
15,0,0.0,0.0,225.44938356164386,0.0,0.0,225.44938356164386,0.0,225.44938356164386
15,1,462.03,0.0,509.6604109589041,462.03,0.0,47.63041095890412,462.03,509.6604109589041
15,2,0.0,0.0,546.2143150684931,0.0,0.0,546.2143150684931,0.0,546.2143150684931
15,3,0.0,0.0,241.21928082191778,0.0,0.0,241.21928082191778,0.0,241.21928082191778
15,4,0.0,0.0,301.95397260273955,0.0,0.0,301.95397260273955,0.0,524.5339726027396
15,5,357.5,0.0,424.828801369863,357.5,0.0,67.32880136986302,357.5,424.828801369863
15,6,0.0,0.0,486.7493150684934,0.0,0.0,486.7493150684934,0.0,486.7493150684934
15,7,0.0,0.0,347.7283561643836,0.0,0.0,347.7283561643836,0.0,347.7283561643836
15,8,0.0,0.0,227.6247260273973,0.0,0.0,227.6247260273973,0.0,377.5047260273973
15,9,482.49,0.0,465.06106164383544,465.06106164383544,17.428938356164565,0.0,465.06106164383544,465.06106164383544
15,10,0.0,0.0,452.51907534246584,0.0,0.0,452.51907534246584,0.0,452.51907534246584
15,11,0.0,0.0,289.2730821917808,0.0,0.0,289.2730821917808,0.0,289.2730821917808
15,12,0.0,204.35,386.6066438356164,0.0,0.0,386.6066438356164,0.0,386.6066438356164
15,13,572.05,0.0,467.8044863013699,467.8044863013699,104.24551369863008,0.0,467.8044863013699,467.8044863013699
15,14,0.0,0.0,423.9286301369862,0.0,0.0,423.9286301369862,0.0,423.9286301369862
15,15,0.0,0.0,370.4582191780823,0.0,0.0,370.4582191780823,0.0,370.4582191780823
15,16,0.0,307.12,372.61815068493144,0.0,0.0,372.61815068493144,0.0,372.61815068493144
15,17,0.0,0.0,440.7528424657535,0.0,0.0,440.7528424657535,0.0,440.7528424657535
15,18,0.0,0.0,363.7329452054794,0.0,0.0,363.7329452054794,0.0,363.7329452054794
15,19,0.0,339.1046917808219,339.1046917808219,0.0,0.0,339.1046917808219,0.0,339.1046917808219
15,20,0.0,0.0,382.2246917808219,0.0,0.0,382.2246917808219,0.0,382.2246917808219
15,21,269.95,0.0,217.15965753424652,217.15965753424652,52.79034246575347,0.0,217.15965753424652,217.15965753424652
15,22,0.0,0.0,514.6831506849315,0.0,0.0,514.6831506849315,0.0,514.6831506849315
15,23,0.0,0.0,400.63876712328766,0.0,0.0,400.63876712328766,0.0,400.63876712328766
15,24,0.0,0.0,420.8831506849314,0.0,0.0,420.8831506849314,0.0,420.8831506849314
15,25,0.0,0.0,414.17273972602743,0.0,0.0,414.17273972602743,0.0,414.17273972602743
15,26,0.0,433.2189726027399,433.2189726027399,0.0,0.0,433.2189726027399,0.0,433.2189726027399
15,27,0.0,0.0,324.58712328767126,0.0,0.0,324.58712328767126,0.0,324.58712328767126
15,28,0.0,0.0,357.3754109589041,0.0,0.0,357.3754109589041,0.0,357.3754109589041
15,29,0.0,0.0,292.1207876712329,0.0,0.0,292.1207876712329,0.0,292.1207876712329
15,30,0.0,117.54000000000002,408.68301369863025,0.0,0.0,408.68301369863025,0.0,408.68301369863025
15,31,0.0,0.0,367.9359589041095,0.0,0.0,367.9359589041095,0.0,575.8559589041095
15,32,0.0,0.0,515.9707191780824,0.0,0.0,515.9707191780824,0.0,515.9707191780824
15,33,0.0,0.0,332.5119863013699,0.0,0.0,332.5119863013699,0.0,332.5119863013699
15,34,0.0,0.0,484.3216095890409,0.0,0.0,484.3216095890409,0.0,484.3216095890409
15,35,0.0,0.0,169.44914383561655,0.0,0.0,169.44914383561655,0.0,392.25914383561656
15,36,0.0,0.0,556.6009246575342,0.0,0.0,556.6009246575342,0.0,556.6009246575342
15,37,0.0,0.0,367.40099315068494,0.0,0.0,367.40099315068494,0.0,367.40099315068494
15,38,0.0,397.81,453.86154109589035,0.0,0.0,453.86154109589035,0.0,453.86154109589035
15,39,356.8,0.0,333.2752739726027,333.2752739726027,23.52472602739732,0.0,333.2752739726027,333.2752739726027
15,40,0.0,0.0,363.6351369863013,0.0,0.0,363.6351369863013,0.0,363.6351369863013
15,41,120.84,0.0,342.41434931506853,120.84,0.0,221.57434931506853,120.84,342.41434931506853
15,42,0.0,44.71130136986304,44.71130136986304,0.0,0.0,44.71130136986304,0.0,271.86130136986304
15,43,0.0,0.0,480.8273630136987,0.0,0.0,480.8273630136987,0.0,480.8273630136987
15,44,0.0,279.9872945205479,279.9872945205479,0.0,0.0,279.9872945205479,0.0,279.9872945205479
15,45,0.0,0.0,535.524212328767,0.0,0.0,535.524212328767,0.0,535.524212328767
15,46,0.0,423.32404109589044,423.32404109589044,0.0,0.0,423.32404109589044,0.0,423.32404109589044
15,47,0.0,0.0,388.81476027397264,0.0,0.0,388.81476027397264,0.0,388.81476027397264
15,48,0.0,280.97,314.1662328767123,0.0,0.0,314.1662328767123,0.0,527.1062328767123
15,49,0.0,230.90465753424655,338.29465753424654,0.0,0.0,338.29465753424654,0.0,338.29465753424654
15,50,0.0,0.0,404.66832191780827,0.0,0.0,404.66832191780827,0.0,404.66832191780827
15,51,0.0,0.0,245.63647260273976,0.0,0.0,245.63647260273976,0.0,245.63647260273976
15,52,0.0,0.0,465.3753424657534,0.0,0.0,465.3753424657534,0.0,465.3753424657534
15,53,420.04,0.0,310.62667808219175,310.62667808219175,109.41332191780828,0.0,310.62667808219175,310.62667808219175
15,54,0.0,2.842170943040401e-14,468.95541095890394,0.0,0.0,468.95541095890394,2.842170943040401e-14,468.955410958904
15,55,0.0,0.0,305.61544520547955,0.0,0.0,305.61544520547955,0.0,305.61544520547955
15,56,0.0,0.0,376.81647260273974,0.0,0.0,376.81647260273974,0.0,376.81647260273974
15,57,0.0,0.0,313.2279452054794,0.0,0.0,313.2279452054794,0.0,313.2279452054794
15,58,492.54,156.77000000000004,497.21479452054797,492.54,0.0,4.674794520547948,492.54,497.21479452054797
15,59,0.0,0.0,482.4107534246574,0.0,0.0,482.4107534246574,0.0,482.4107534246574
15,60,0.0,0.0,430.6970547945208,0.0,0.0,430.6970547945208,0.0,430.6970547945208
15,61,0.0,0.0,297.4455821917809,0.0,0.0,297.4455821917809,0.0,297.4455821917809
15,62,120.3,363.9398287671233,363.9398287671233,120.3,0.0,243.63982876712328,120.30000000000001,363.9398287671233
15,63,0.0,0.0,454.9069863013698,0.0,0.0,454.9069863013698,0.0,454.9069863013698
15,64,0.0,0.0,351.72698630136995,0.0,0.0,351.72698630136995,0.0,351.72698630136995
15,65,0.0,0.0,343.8869863013699,0.0,0.0,343.8869863013699,0.0,343.8869863013699
15,66,0.0,0.0,407.6145547945206,0.0,0.0,407.6145547945206,0.0,407.6145547945206
15,67,0.0,0.0,476.1551027397259,0.0,0.0,476.1551027397259,0.0,476.1551027397259
15,68,0.0,0.0,430.29191780821895,0.0,0.0,430.29191780821895,0.0,430.29191780821895
15,69,279.63,0.0,278.01890410958913,278.01890410958913,1.6110958904108656,0.0,278.01890410958913,278.01890410958913
15,70,317.81,0.0,0.0,0.0,317.81,0.0,0.0,532.8097945205478
15,71,0.0,0.0,0.0,0.0,0.0,0.0,0.0,206.50311643835613
15,72,0.0,0.0,470.0392123287671,0.0,0.0,470.0392123287671,0.0,470.0392123287671
15,73,594.96,0.0,393.43020547945207,393.43020547945207,201.52979452054797,0.0,393.43020547945207,393.43020547945207
15,74,0.0,409.44,427.86421232876705,0.0,0.0,427.86421232876705,0.0,427.86421232876705
15,75,0.0,0.0,55.090445205479284,0.0,0.0,55.090445205479284,0.0,419.05044520547926
15,76,0.0,261.61,300.4021232876712,0.0,0.0,300.4021232876712,0.0,300.4021232876712
15,77,0.0,389.77486301369856,389.77486301369856,0.0,0.0,389.77486301369856,0.0,389.77486301369856
15,78,0.0,0.0,76.84339041095888,0.0,0.0,76.84339041095888,0.0,259.3933904109589
15,79,0.0,0.0,330.1576369863013,0.0,0.0,330.1576369863013,0.0,330.1576369863013
15,80,0.0,0.0,260.7177397260275,0.0,0.0,260.7177397260275,0.0,403.9877397260275
15,81,174.34,0.0,0.0,0.0,174.34,0.0,0.0,432.53695205479454
15,82,0.0,0.0,390.9296232876712,0.0,0.0,390.9296232876712,0.0,390.9296232876712
15,83,0.0,0.0,256.84510273972603,0.0,0.0,256.84510273972603,0.0,256.84510273972603
15,84,0.0,376.2492808219178,376.2492808219178,0.0,0.0,376.2492808219178,0.0,376.2492808219178
15,85,0.0,0.0,0.0,0.0,0.0,0.0,0.0,265.6598287671234
15,86,436.48,0.0,503.9685958904107,436.48,0.0,67.48859589041069,436.48,503.9685958904107
15,87,0.0,0.0,269.4978424657534,0.0,0.0,269.4978424657534,0.0,269.4978424657534
15,88,0.0,0.0,504.29510273972596,0.0,0.0,504.29510273972596,0.0,504.29510273972596
15,89,0.0,0.0,358.29476027397266,0.0,0.0,358.29476027397266,0.0,358.29476027397266
15,90,0.0,0.0,503.18133561643833,0.0,0.0,503.18133561643833,0.0,503.18133561643833
15,91,0.0,0.0,436.5981506849317,0.0,0.0,436.5981506849317,0.0,436.5981506849317
15,92,0.0,451.02246575342457,451.02246575342457,0.0,0.0,451.02246575342457,0.0,451.02246575342457
15,93,0.0,0.0,385.8469520547945,0.0,0.0,385.8469520547945,0.0,385.8469520547945
15,94,0.0,0.0,276.4630821917808,0.0,0.0,276.4630821917808,0.0,276.4630821917808
15,95,0.0,271.58202054794526,271.58202054794526,0.0,0.0,271.58202054794526,0.0,271.58202054794526
16,0,319.64,0.0,225.44938356164386,225.44938356164386,94.19061643835613,0.0,225.44938356164386,225.44938356164386
16,1,0.0,0.0,47.63041095890412,0.0,0.0,47.63041095890412,0.0,509.6604109589041
16,2,349.94,0.0,546.2143150684931,349.94,0.0,196.27431506849308,349.94,546.2143150684931
16,3,0.0,0.0,241.21928082191778,0.0,0.0,241.21928082191778,0.0,241.21928082191778
16,4,479.39,222.58000000000004,524.5339726027396,479.39,0.0,45.14397260273961,479.39,524.5339726027396
16,5,0.0,0.0,67.32880136986302,0.0,0.0,67.32880136986302,0.0,424.828801369863
16,6,0.0,0.0,486.7493150684934,0.0,0.0,486.7493150684934,0.0,486.7493150684934
16,7,0.0,0.0,347.7283561643836,0.0,0.0,347.7283561643836,0.0,347.7283561643836
16,8,0.0,149.88,377.5047260273973,0.0,0.0,377.5047260273973,0.0,377.5047260273973
16,9,0.0,0.0,0.0,0.0,0.0,0.0,0.0,465.06106164383544
16,10,564.96,0.0,452.51907534246584,452.51907534246584,112.4409246575342,0.0,452.51907534246584,452.51907534246584
16,11,0.0,0.0,289.2730821917808,0.0,0.0,289.2730821917808,0.0,289.2730821917808
16,12,0.0,0.0,386.6066438356164,0.0,0.0,386.6066438356164,0.0,386.6066438356164
16,13,0.0,0.0,0.0,0.0,0.0,0.0,0.0,467.8044863013699
16,14,0.0,0.0,423.9286301369862,0.0,0.0,423.9286301369862,0.0,423.9286301369862
16,15,0.0,0.0,370.4582191780823,0.0,0.0,370.4582191780823,0.0,370.4582191780823
16,16,0.0,0.0,372.61815068493144,0.0,0.0,372.61815068493144,0.0,372.61815068493144
16,17,0.0,0.0,440.7528424657535,0.0,0.0,440.7528424657535,0.0,440.7528424657535
16,18,0.0,0.0,363.7329452054794,0.0,0.0,363.7329452054794,0.0,363.7329452054794
16,19,0.0,0.0,339.1046917808219,0.0,0.0,339.1046917808219,0.0,339.1046917808219
16,20,0.0,0.0,382.2246917808219,0.0,0.0,382.2246917808219,0.0,382.2246917808219
16,21,0.0,0.0,0.0,0.0,0.0,0.0,0.0,217.15965753424652
16,22,0.0,0.0,514.6831506849315,0.0,0.0,514.6831506849315,0.0,514.6831506849315
16,23,0.0,0.0,400.63876712328766,0.0,0.0,400.63876712328766,0.0,400.63876712328766
16,24,0.0,0.0,420.8831506849314,0.0,0.0,420.8831506849314,0.0,420.8831506849314
16,25,0.0,0.0,414.17273972602743,0.0,0.0,414.17273972602743,0.0,414.17273972602743
16,26,0.0,0.0,433.2189726027399,0.0,0.0,433.2189726027399,0.0,433.2189726027399
16,27,0.0,0.0,324.58712328767126,0.0,0.0,324.58712328767126,0.0,324.58712328767126
16,28,0.0,0.0,357.3754109589041,0.0,0.0,357.3754109589041,0.0,357.3754109589041
16,29,0.0,0.0,292.1207876712329,0.0,0.0,292.1207876712329,0.0,292.1207876712329
16,30,0.0,0.0,408.68301369863025,0.0,0.0,408.68301369863025,0.0,408.68301369863025
16,31,0.0,207.91999999999996,575.8559589041095,0.0,0.0,575.8559589041095,0.0,575.8559589041095
16,32,0.0,0.0,515.9707191780824,0.0,0.0,515.9707191780824,0.0,515.9707191780824
16,33,0.0,0.0,332.5119863013699,0.0,0.0,332.5119863013699,0.0,332.5119863013699
16,34,0.0,0.0,484.3216095890409,0.0,0.0,484.3216095890409,0.0,484.3216095890409
16,35,0.0,222.81,392.25914383561656,0.0,0.0,392.25914383561656,0.0,392.25914383561656
16,36,0.0,0.0,556.6009246575342,0.0,0.0,556.6009246575342,0.0,556.6009246575342
16,37,0.0,0.0,367.40099315068494,0.0,0.0,367.40099315068494,0.0,367.40099315068494
16,38,379.9,0.0,453.86154109589035,379.9,0.0,73.96154109589037,379.9,453.86154109589035
16,39,0.0,0.0,0.0,0.0,0.0,0.0,0.0,333.2752739726027
16,40,0.0,0.0,363.6351369863013,0.0,0.0,363.6351369863013,0.0,363.6351369863013
16,41,0.0,0.0,221.57434931506853,0.0,0.0,221.57434931506853,0.0,342.41434931506853
16,42,0.0,227.15,271.86130136986304,0.0,0.0,271.86130136986304,0.0,271.86130136986304
16,43,286.83,0.0,480.8273630136987,286.83,0.0,193.9973630136987,286.83,480.8273630136987
16,44,0.0,0.0,279.9872945205479,0.0,0.0,279.9872945205479,0.0,279.9872945205479
16,45,0.0,0.0,535.524212328767,0.0,0.0,535.524212328767,0.0,535.524212328767
16,46,0.0,0.0,423.32404109589044,0.0,0.0,423.32404109589044,0.0,423.32404109589044
16,47,0.0,0.0,388.81476027397264,0.0,0.0,388.81476027397264,0.0,388.81476027397264
16,48,160.64,212.94,527.1062328767123,160.64,0.0,366.4662328767123,160.64,527.1062328767123
16,49,0.0,0.0,338.29465753424654,0.0,0.0,338.29465753424654,0.0,338.29465753424654
16,50,0.0,0.0,404.66832191780827,0.0,0.0,404.66832191780827,0.0,404.66832191780827
16,51,0.0,0.0,245.63647260273976,0.0,0.0,245.63647260273976,0.0,245.63647260273976
16,52,0.0,0.0,465.3753424657534,0.0,0.0,465.3753424657534,0.0,465.3753424657534
16,53,0.0,0.0,0.0,0.0,0.0,0.0,0.0,310.62667808219175
16,54,0.0,2.842170943040401e-14,468.95541095890394,0.0,0.0,468.95541095890394,2.842170943040401e-14,468.955410958904
16,55,0.0,0.0,305.61544520547955,0.0,0.0,305.61544520547955,0.0,305.61544520547955
16,56,0.0,0.0,376.81647260273974,0.0,0.0,376.81647260273974,0.0,376.81647260273974
16,57,0.0,0.0,313.2279452054794,0.0,0.0,313.2279452054794,0.0,313.2279452054794
16,58,338.99,0.0,4.674794520547948,4.674794520547948,334.31520547945206,0.0,4.674794520547948,497.21479452054797
16,59,0.0,0.0,482.4107534246574,0.0,0.0,482.4107534246574,0.0,482.4107534246574
16,60,0.0,0.0,430.6970547945208,0.0,0.0,430.6970547945208,0.0,430.6970547945208
16,61,0.0,0.0,297.4455821917809,0.0,0.0,297.4455821917809,0.0,297.4455821917809
16,62,0.0,0.0,243.63982876712328,0.0,0.0,243.63982876712328,0.0,363.9398287671233
16,63,325.34,0.0,454.9069863013698,325.34,0.0,129.5669863013698,325.34,454.9069863013698
16,64,357.97,0.0,351.72698630136995,351.72698630136995,6.2430136986300795,0.0,351.72698630136995,351.72698630136995
16,65,0.0,0.0,343.8869863013699,0.0,0.0,343.8869863013699,0.0,343.8869863013699
16,66,0.0,0.0,407.6145547945206,0.0,0.0,407.6145547945206,0.0,407.6145547945206
16,67,0.0,0.0,476.1551027397259,0.0,0.0,476.1551027397259,0.0,476.1551027397259
16,68,0.0,0.0,430.29191780821895,0.0,0.0,430.29191780821895,0.0,430.29191780821895
16,69,0.0,0.0,0.0,0.0,0.0,0.0,0.0,278.01890410958913
16,70,0.0,532.8097945205478,532.8097945205478,0.0,0.0,532.8097945205478,0.0,532.8097945205478
16,71,0.0,206.50311643835613,206.50311643835613,0.0,0.0,206.50311643835613,0.0,206.50311643835613
16,72,0.0,0.0,470.0392123287671,0.0,0.0,470.0392123287671,0.0,470.0392123287671
16,73,205.11,0.0,0.0,0.0,205.11,0.0,0.0,393.43020547945207
16,74,0.0,0.0,427.86421232876705,0.0,0.0,427.86421232876705,0.0,427.86421232876705
16,75,0.0,363.96,419.05044520547926,0.0,0.0,419.05044520547926,0.0,419.05044520547926
16,76,0.0,0.0,300.4021232876712,0.0,0.0,300.4021232876712,0.0,300.4021232876712
16,77,0.0,0.0,389.77486301369856,0.0,0.0,389.77486301369856,0.0,389.77486301369856
16,78,0.0,182.55,259.3933904109589,0.0,0.0,259.3933904109589,0.0,259.3933904109589
16,79,0.0,0.0,330.1576369863013,0.0,0.0,330.1576369863013,0.0,330.1576369863013
16,80,182.15,143.26999999999998,403.9877397260275,182.15,0.0,221.83773972602748,182.15,403.9877397260275
16,81,0.0,432.53695205479454,432.53695205479454,0.0,0.0,432.53695205479454,0.0,432.53695205479454
16,82,0.0,0.0,390.9296232876712,0.0,0.0,390.9296232876712,0.0,390.9296232876712
16,83,0.0,0.0,256.84510273972603,0.0,0.0,256.84510273972603,0.0,256.84510273972603
16,84,277.77,0.0,376.2492808219178,277.77,0.0,98.47928082191783,277.77,376.2492808219178
16,85,0.0,265.6598287671234,265.6598287671234,0.0,0.0,265.6598287671234,0.0,265.6598287671234
16,86,0.0,0.0,67.48859589041069,0.0,0.0,67.48859589041069,0.0,503.9685958904107
16,87,0.0,0.0,269.4978424657534,0.0,0.0,269.4978424657534,0.0,269.4978424657534
16,88,0.0,0.0,504.29510273972596,0.0,0.0,504.29510273972596,0.0,504.29510273972596
16,89,0.0,0.0,358.29476027397266,0.0,0.0,358.29476027397266,0.0,358.29476027397266
16,90,0.0,0.0,503.18133561643833,0.0,0.0,503.18133561643833,0.0,503.18133561643833
16,91,0.0,0.0,436.5981506849317,0.0,0.0,436.5981506849317,0.0,436.5981506849317
16,92,0.0,0.0,451.02246575342457,0.0,0.0,451.02246575342457,0.0,451.02246575342457
16,93,0.0,0.0,385.8469520547945,0.0,0.0,385.8469520547945,0.0,385.8469520547945
16,94,525.32,0.0,276.4630821917808,276.4630821917808,248.85691780821924,0.0,276.4630821917808,276.4630821917808
16,95,0.0,0.0,271.58202054794526,0.0,0.0,271.58202054794526,0.0,271.58202054794526
17,0,0.0,0.0,0.0,0.0,0.0,0.0,0.0,225.44938356164386
17,1,0.0,462.03,509.6604109589041,0.0,0.0,509.6604109589041,0.0,509.6604109589041
17,2,0.0,0.0,196.27431506849308,0.0,0.0,196.27431506849308,0.0,546.2143150684931
17,3,0.0,0.0,241.21928082191778,0.0,0.0,241.21928082191778,0.0,241.21928082191778
17,4,0.0,0.0,45.14397260273961,0.0,0.0,45.14397260273961,0.0,524.5339726027396
17,5,0.0,357.5,424.828801369863,0.0,0.0,424.828801369863,0.0,424.828801369863
17,6,0.0,0.0,486.7493150684934,0.0,0.0,486.7493150684934,0.0,486.7493150684934
17,7,0.0,0.0,347.7283561643836,0.0,0.0,347.7283561643836,0.0,347.7283561643836
17,8,0.0,0.0,377.5047260273973,0.0,0.0,377.5047260273973,0.0,377.5047260273973
17,9,0.0,465.06106164383544,465.06106164383544,0.0,0.0,465.06106164383544,0.0,465.06106164383544
17,10,0.0,0.0,0.0,0.0,0.0,0.0,0.0,452.51907534246584
17,11,85.65,0.0,289.2730821917808,85.65,0.0,203.6230821917808,85.65,289.2730821917808
17,12,0.0,0.0,386.6066438356164,0.0,0.0,386.6066438356164,0.0,386.6066438356164
17,13,0.0,467.8044863013699,467.8044863013699,0.0,0.0,467.8044863013699,0.0,467.8044863013699
17,14,0.0,0.0,423.9286301369862,0.0,0.0,423.9286301369862,0.0,423.9286301369862
17,15,212.4,0.0,370.4582191780823,212.4,0.0,158.05821917808228,212.4,370.4582191780823
17,16,0.0,0.0,372.61815068493144,0.0,0.0,372.61815068493144,0.0,372.61815068493144
17,17,0.0,0.0,440.7528424657535,0.0,0.0,440.7528424657535,0.0,440.7528424657535
17,18,0.0,0.0,363.7329452054794,0.0,0.0,363.7329452054794,0.0,363.7329452054794
17,19,0.0,0.0,339.1046917808219,0.0,0.0,339.1046917808219,0.0,339.1046917808219
17,20,0.0,0.0,382.2246917808219,0.0,0.0,382.2246917808219,0.0,382.2246917808219
17,21,0.0,217.15965753424652,217.15965753424652,0.0,0.0,217.15965753424652,0.0,217.15965753424652
17,22,0.0,0.0,514.6831506849315,0.0,0.0,514.6831506849315,0.0,514.6831506849315
17,23,0.0,0.0,400.63876712328766,0.0,0.0,400.63876712328766,0.0,400.63876712328766
17,24,0.0,0.0,420.8831506849314,0.0,0.0,420.8831506849314,0.0,420.8831506849314
17,25,0.0,0.0,414.17273972602743,0.0,0.0,414.17273972602743,0.0,414.17273972602743
17,26,547.98,0.0,433.2189726027399,433.2189726027399,114.76102739726014,0.0,433.2189726027399,433.2189726027399
17,27,0.0,0.0,324.58712328767126,0.0,0.0,324.58712328767126,0.0,324.58712328767126
17,28,0.0,0.0,357.3754109589041,0.0,0.0,357.3754109589041,0.0,357.3754109589041
17,29,257.14,0.0,292.1207876712329,257.14,0.0,34.98078767123292,257.14,292.1207876712329
17,30,0.0,0.0,408.68301369863025,0.0,0.0,408.68301369863025,0.0,408.68301369863025
17,31,0.0,0.0,575.8559589041095,0.0,0.0,575.8559589041095,0.0,575.8559589041095
17,32,0.0,0.0,515.9707191780824,0.0,0.0,515.9707191780824,0.0,515.9707191780824
17,33,0.0,0.0,332.5119863013699,0.0,0.0,332.5119863013699,0.0,332.5119863013699
17,34,0.0,0.0,484.3216095890409,0.0,0.0,484.3216095890409,0.0,484.3216095890409
17,35,0.0,0.0,392.25914383561656,0.0,0.0,392.25914383561656,0.0,392.25914383561656
17,36,0.0,0.0,556.6009246575342,0.0,0.0,556.6009246575342,0.0,556.6009246575342
17,37,227.55,0.0,367.40099315068494,227.55,0.0,139.85099315068493,227.55,367.40099315068494
17,38,0.0,0.0,73.96154109589037,0.0,0.0,73.96154109589037,0.0,453.86154109589035
17,39,0.0,333.2752739726027,333.2752739726027,0.0,0.0,333.2752739726027,0.0,333.2752739726027
17,40,0.0,0.0,363.6351369863013,0.0,0.0,363.6351369863013,0.0,363.6351369863013
17,41,0.0,120.84,342.41434931506853,0.0,0.0,342.41434931506853,0.0,342.41434931506853
17,42,484.6,0.0,271.86130136986304,271.86130136986304,212.73869863013698,0.0,271.86130136986304,271.86130136986304
17,43,433.24,0.0,193.9973630136987,193.9973630136987,239.2426369863013,0.0,193.9973630136987,480.8273630136987
17,44,0.0,0.0,279.9872945205479,0.0,0.0,279.9872945205479,0.0,279.9872945205479
17,45,0.0,0.0,535.524212328767,0.0,0.0,535.524212328767,0.0,535.524212328767
17,46,0.0,0.0,423.32404109589044,0.0,0.0,423.32404109589044,0.0,423.32404109589044
17,47,0.0,0.0,388.81476027397264,0.0,0.0,388.81476027397264,0.0,388.81476027397264
17,48,157.02,0.0,366.4662328767123,157.02,0.0,209.4462328767123,157.01999999999998,527.1062328767123
17,49,0.0,0.0,338.29465753424654,0.0,0.0,338.29465753424654,0.0,338.29465753424654
17,50,0.0,0.0,404.66832191780827,0.0,0.0,404.66832191780827,0.0,404.66832191780827
17,51,0.0,0.0,245.63647260273976,0.0,0.0,245.63647260273976,0.0,245.63647260273976
17,52,0.0,0.0,465.3753424657534,0.0,0.0,465.3753424657534,0.0,465.3753424657534
17,53,0.0,310.62667808219175,310.62667808219175,0.0,0.0,310.62667808219175,0.0,310.62667808219175
17,54,0.0,2.842170943040401e-14,468.95541095890394,0.0,0.0,468.95541095890394,2.842170943040401e-14,468.955410958904
17,55,425.12,0.0,305.61544520547955,305.61544520547955,119.50455479452046,0.0,305.61544520547955,305.61544520547955
17,56,0.0,0.0,376.81647260273974,0.0,0.0,376.81647260273974,0.0,376.81647260273974
17,57,0.0,0.0,313.2279452054794,0.0,0.0,313.2279452054794,0.0,313.2279452054794
17,58,0.0,492.54,492.54,0.0,0.0,492.54,0.0,497.21479452054797
17,59,0.0,0.0,482.4107534246574,0.0,0.0,482.4107534246574,0.0,482.4107534246574
17,60,0.0,0.0,430.6970547945208,0.0,0.0,430.6970547945208,0.0,430.6970547945208
17,61,0.0,0.0,297.4455821917809,0.0,0.0,297.4455821917809,0.0,297.4455821917809
17,62,0.0,120.30000000000001,363.9398287671233,0.0,0.0,363.9398287671233,0.0,363.9398287671233
17,63,0.0,0.0,129.5669863013698,0.0,0.0,129.5669863013698,0.0,454.9069863013698
17,64,150.6,0.0,0.0,0.0,150.6,0.0,0.0,351.72698630136995
17,65,0.0,0.0,343.8869863013699,0.0,0.0,343.8869863013699,0.0,343.8869863013699
17,66,0.0,0.0,407.6145547945206,0.0,0.0,407.6145547945206,0.0,407.6145547945206
17,67,0.0,0.0,476.1551027397259,0.0,0.0,476.1551027397259,0.0,476.1551027397259
17,68,100.47,0.0,430.29191780821895,100.47,0.0,329.8219178082189,100.47000000000003,430.29191780821895
17,69,231.91,278.01890410958913,278.01890410958913,231.91,0.0,46.10890410958913,231.91,278.01890410958913
17,70,0.0,0.0,532.8097945205478,0.0,0.0,532.8097945205478,0.0,532.8097945205478
17,71,0.0,0.0,206.50311643835613,0.0,0.0,206.50311643835613,0.0,206.50311643835613
17,72,59.39,0.0,470.0392123287671,59.39,0.0,410.64921232876713,59.389999999999986,470.0392123287671
17,73,0.0,393.43020547945207,393.43020547945207,0.0,0.0,393.43020547945207,0.0,393.43020547945207
17,74,0.0,0.0,427.86421232876705,0.0,0.0,427.86421232876705,0.0,427.86421232876705
17,75,0.0,0.0,419.05044520547926,0.0,0.0,419.05044520547926,0.0,419.05044520547926
17,76,0.0,0.0,300.4021232876712,0.0,0.0,300.4021232876712,0.0,300.4021232876712
17,77,0.0,0.0,389.77486301369856,0.0,0.0,389.77486301369856,0.0,389.77486301369856
17,78,0.0,0.0,259.3933904109589,0.0,0.0,259.3933904109589,0.0,259.3933904109589
17,79,0.0,0.0,330.1576369863013,0.0,0.0,330.1576369863013,0.0,330.1576369863013
17,80,0.0,0.0,221.83773972602748,0.0,0.0,221.83773972602748,0.0,403.9877397260275
17,81,246.88,0.0,432.53695205479454,246.88,0.0,185.65695205479454,246.88,432.53695205479454
17,82,0.0,0.0,390.9296232876712,0.0,0.0,390.9296232876712,0.0,390.9296232876712
17,83,0.0,0.0,256.84510273972603,0.0,0.0,256.84510273972603,0.0,256.84510273972603
17,84,0.0,0.0,98.47928082191783,0.0,0.0,98.47928082191783,0.0,376.2492808219178
17,85,0.0,0.0,265.6598287671234,0.0,0.0,265.6598287671234,0.0,265.6598287671234
17,86,187.06,436.48,503.9685958904107,187.06,0.0,316.9085958904107,187.06,503.9685958904107
17,87,0.0,0.0,269.4978424657534,0.0,0.0,269.4978424657534,0.0,269.4978424657534
17,88,0.0,0.0,504.29510273972596,0.0,0.0,504.29510273972596,0.0,504.29510273972596
17,89,0.0,0.0,358.29476027397266,0.0,0.0,358.29476027397266,0.0,358.29476027397266
17,90,0.0,0.0,503.18133561643833,0.0,0.0,503.18133561643833,0.0,503.18133561643833
17,91,0.0,0.0,436.5981506849317,0.0,0.0,436.5981506849317,0.0,436.5981506849317
17,92,0.0,0.0,451.02246575342457,0.0,0.0,451.02246575342457,0.0,451.02246575342457
17,93,0.0,0.0,385.8469520547945,0.0,0.0,385.8469520547945,0.0,385.8469520547945
17,94,0.0,0.0,0.0,0.0,0.0,0.0,0.0,276.4630821917808
17,95,0.0,0.0,271.58202054794526,0.0,0.0,271.58202054794526,0.0,271.58202054794526
18,0,248.98,225.44938356164386,225.44938356164386,225.44938356164386,23.530616438356134,0.0,225.44938356164386,225.44938356164386
18,1,0.0,0.0,509.6604109589041,0.0,0.0,509.6604109589041,0.0,509.6604109589041
18,2,0.0,349.94,546.2143150684931,0.0,0.0,546.2143150684931,0.0,546.2143150684931
18,3,0.0,0.0,241.21928082191778,0.0,0.0,241.21928082191778,0.0,241.21928082191778
18,4,269.92,479.39,524.5339726027396,269.92,0.0,254.61397260273958,269.92,524.5339726027396
18,5,0.0,0.0,424.828801369863,0.0,0.0,424.828801369863,0.0,424.828801369863
18,6,0.0,0.0,486.7493150684934,0.0,0.0,486.7493150684934,0.0,486.7493150684934
18,7,0.0,0.0,347.7283561643836,0.0,0.0,347.7283561643836,0.0,347.7283561643836
18,8,0.0,0.0,377.5047260273973,0.0,0.0,377.5047260273973,0.0,377.5047260273973
18,9,0.0,0.0,465.06106164383544,0.0,0.0,465.06106164383544,0.0,465.06106164383544
18,10,0.0,452.51907534246584,452.51907534246584,0.0,0.0,452.51907534246584,0.0,452.51907534246584
18,11,0.0,0.0,203.6230821917808,0.0,0.0,203.6230821917808,0.0,289.2730821917808
18,12,0.0,0.0,386.6066438356164,0.0,0.0,386.6066438356164,0.0,386.6066438356164
18,13,0.0,0.0,467.8044863013699,0.0,0.0,467.8044863013699,0.0,467.8044863013699
18,14,0.0,0.0,423.9286301369862,0.0,0.0,423.9286301369862,0.0,423.9286301369862
18,15,0.0,0.0,158.05821917808228,0.0,0.0,158.05821917808228,0.0,370.4582191780823
18,16,0.0,0.0,372.61815068493144,0.0,0.0,372.61815068493144,0.0,372.61815068493144
18,17,0.0,0.0,440.7528424657535,0.0,0.0,440.7528424657535,0.0,440.7528424657535
18,18,0.0,0.0,363.7329452054794,0.0,0.0,363.7329452054794,0.0,363.7329452054794
18,19,0.0,0.0,339.1046917808219,0.0,0.0,339.1046917808219,0.0,339.1046917808219
18,20,0.0,0.0,382.2246917808219,0.0,0.0,382.2246917808219,0.0,382.2246917808219
18,21,979.89,0.0,217.15965753424652,217.15965753424652,762.7303424657534,0.0,217.15965753424652,217.15965753424652
18,22,0.0,0.0,514.6831506849315,0.0,0.0,514.6831506849315,0.0,514.6831506849315
18,23,0.0,0.0,400.63876712328766,0.0,0.0,400.63876712328766,0.0,400.63876712328766
18,24,0.0,0.0,420.8831506849314,0.0,0.0,420.8831506849314,0.0,420.8831506849314
18,25,0.0,0.0,414.17273972602743,0.0,0.0,414.17273972602743,0.0,414.17273972602743
18,26,960.19,0.0,0.0,0.0,960.19,0.0,0.0,433.2189726027399
18,27,0.0,0.0,324.58712328767126,0.0,0.0,324.58712328767126,0.0,324.58712328767126
18,28,0.0,0.0,357.3754109589041,0.0,0.0,357.3754109589041,0.0,357.3754109589041
18,29,547.64,0.0,34.98078767123292,34.98078767123292,512.6592123287671,0.0,34.98078767123292,292.1207876712329
18,30,0.0,0.0,408.68301369863025,0.0,0.0,408.68301369863025,0.0,408.68301369863025
18,31,0.0,0.0,575.8559589041095,0.0,0.0,575.8559589041095,0.0,575.8559589041095
18,32,0.0,0.0,515.9707191780824,0.0,0.0,515.9707191780824,0.0,515.9707191780824
18,33,524.11,0.0,332.5119863013699,332.5119863013699,191.5980136986301,0.0,332.5119863013699,332.5119863013699
18,34,0.0,0.0,484.3216095890409,0.0,0.0,484.3216095890409,0.0,484.3216095890409
18,35,0.0,0.0,392.25914383561656,0.0,0.0,392.25914383561656,0.0,392.25914383561656
18,36,0.0,0.0,556.6009246575342,0.0,0.0,556.6009246575342,0.0,556.6009246575342
18,37,0.0,0.0,139.85099315068493,0.0,0.0,139.85099315068493,0.0,367.40099315068494
18,38,0.0,379.9,453.86154109589035,0.0,0.0,453.86154109589035,0.0,453.86154109589035
18,39,0.0,0.0,333.2752739726027,0.0,0.0,333.2752739726027,0.0,333.2752739726027
18,40,0.0,0.0,363.6351369863013,0.0,0.0,363.6351369863013,0.0,363.6351369863013
18,41,218.16,0.0,342.41434931506853,218.16,0.0,124.25434931506854,218.16,342.41434931506853
18,42,0.0,0.0,0.0,0.0,0.0,0.0,0.0,271.86130136986304
18,43,0.0,286.83,286.83,0.0,0.0,286.83,0.0,480.8273630136987
18,44,139.61,0.0,279.9872945205479,139.61,0.0,140.37729452054788,139.61,279.9872945205479
18,45,0.0,0.0,535.524212328767,0.0,0.0,535.524212328767,0.0,535.524212328767
18,46,0.0,0.0,423.32404109589044,0.0,0.0,423.32404109589044,0.0,423.32404109589044
18,47,161.33,0.0,388.81476027397264,161.33,0.0,227.48476027397263,161.33,388.81476027397264
18,48,210.08,160.64,370.0862328767123,210.08,0.0,160.0062328767123,210.08000000000004,527.1062328767123
18,49,0.0,0.0,338.29465753424654,0.0,0.0,338.29465753424654,0.0,338.29465753424654
18,50,0.0,0.0,404.66832191780827,0.0,0.0,404.66832191780827,0.0,404.66832191780827
18,51,0.0,0.0,245.63647260273976,0.0,0.0,245.63647260273976,0.0,245.63647260273976
18,52,0.0,0.0,465.3753424657534,0.0,0.0,465.3753424657534,0.0,465.3753424657534
18,53,0.0,0.0,310.62667808219175,0.0,0.0,310.62667808219175,0.0,310.62667808219175
18,54,0.0,2.842170943040401e-14,468.95541095890394,0.0,0.0,468.95541095890394,2.842170943040401e-14,468.955410958904
18,55,0.0,0.0,0.0,0.0,0.0,0.0,0.0,305.61544520547955
18,56,591.45,0.0,376.81647260273974,376.81647260273974,214.6335273972603,0.0,376.81647260273974,376.81647260273974
18,57,0.0,0.0,313.2279452054794,0.0,0.0,313.2279452054794,0.0,313.2279452054794
18,58,0.0,4.674794520547948,497.21479452054797,0.0,0.0,497.21479452054797,0.0,497.21479452054797
18,59,190.22,0.0,482.4107534246574,190.22,0.0,292.1907534246574,190.22000000000003,482.4107534246574
18,60,0.0,0.0,430.6970547945208,0.0,0.0,430.6970547945208,0.0,430.6970547945208
18,61,0.0,0.0,297.4455821917809,0.0,0.0,297.4455821917809,0.0,297.4455821917809
18,62,0.0,0.0,363.9398287671233,0.0,0.0,363.9398287671233,0.0,363.9398287671233
18,63,0.0,325.34,454.9069863013698,0.0,0.0,454.9069863013698,0.0,454.9069863013698
18,64,574.59,351.72698630136995,351.72698630136995,351.72698630136995,222.86301369863008,0.0,351.72698630136995,351.72698630136995
18,65,0.0,0.0,343.8869863013699,0.0,0.0,343.8869863013699,0.0,343.8869863013699
18,66,0.0,0.0,407.6145547945206,0.0,0.0,407.6145547945206,0.0,407.6145547945206
18,67,0.0,0.0,476.1551027397259,0.0,0.0,476.1551027397259,0.0,476.1551027397259
18,68,0.0,0.0,329.8219178082189,0.0,0.0,329.8219178082189,0.0,430.29191780821895
18,69,0.0,0.0,46.10890410958913,0.0,0.0,46.10890410958913,0.0,278.01890410958913
18,70,0.0,0.0,532.8097945205478,0.0,0.0,532.8097945205478,0.0,532.8097945205478
18,71,0.0,0.0,206.50311643835613,0.0,0.0,206.50311643835613,0.0,206.50311643835613
18,72,0.0,0.0,410.64921232876713,0.0,0.0,410.64921232876713,0.0,470.0392123287671
18,73,0.0,0.0,393.43020547945207,0.0,0.0,393.43020547945207,0.0,393.43020547945207
18,74,502.53,0.0,427.86421232876705,427.86421232876705,74.66578767123292,0.0,427.86421232876705,427.86421232876705
18,75,460.29,0.0,419.05044520547926,419.05044520547926,41.23955479452076,0.0,419.05044520547926,419.05044520547926
18,76,0.0,0.0,300.4021232876712,0.0,0.0,300.4021232876712,0.0,300.4021232876712
18,77,0.0,0.0,389.77486301369856,0.0,0.0,389.77486301369856,0.0,389.77486301369856
18,78,146.4,0.0,259.3933904109589,146.4,0.0,112.99339041095888,146.4,259.3933904109589
18,79,0.0,0.0,330.1576369863013,0.0,0.0,330.1576369863013,0.0,330.1576369863013
18,80,0.0,182.15,403.9877397260275,0.0,0.0,403.9877397260275,0.0,403.9877397260275
18,81,0.0,0.0,185.65695205479454,0.0,0.0,185.65695205479454,0.0,432.53695205479454
18,82,0.0,0.0,390.9296232876712,0.0,0.0,390.9296232876712,0.0,390.9296232876712
18,83,0.0,0.0,256.84510273972603,0.0,0.0,256.84510273972603,0.0,256.84510273972603
18,84,579.86,277.77,376.2492808219178,376.2492808219178,203.6107191780822,0.0,376.2492808219178,376.2492808219178
18,85,0.0,0.0,265.6598287671234,0.0,0.0,265.6598287671234,0.0,265.6598287671234
18,86,0.0,0.0,316.9085958904107,0.0,0.0,316.9085958904107,0.0,503.9685958904107
18,87,0.0,0.0,269.4978424657534,0.0,0.0,269.4978424657534,0.0,269.4978424657534
18,88,0.0,0.0,504.29510273972596,0.0,0.0,504.29510273972596,0.0,504.29510273972596
18,89,0.0,0.0,358.29476027397266,0.0,0.0,358.29476027397266,0.0,358.29476027397266
18,90,0.0,0.0,503.18133561643833,0.0,0.0,503.18133561643833,0.0,503.18133561643833
18,91,0.0,0.0,436.5981506849317,0.0,0.0,436.5981506849317,0.0,436.5981506849317
18,92,265.01,0.0,451.02246575342457,265.01,0.0,186.01246575342458,265.01,451.02246575342457
18,93,0.0,0.0,385.8469520547945,0.0,0.0,385.8469520547945,0.0,385.8469520547945
18,94,0.0,276.4630821917808,276.4630821917808,0.0,0.0,276.4630821917808,0.0,276.4630821917808
18,95,447.34,0.0,271.58202054794526,271.58202054794526,175.7579794520547,0.0,271.58202054794526,271.58202054794526
19,0,0.0,0.0,0.0,0.0,0.0,0.0,0.0,225.44938356164386
19,1,0.0,0.0,509.6604109589041,0.0,0.0,509.6604109589041,0.0,509.6604109589041
19,2,0.0,0.0,546.2143150684931,0.0,0.0,546.2143150684931,0.0,546.2143150684931
19,3,0.0,0.0,241.21928082191778,0.0,0.0,241.21928082191778,0.0,241.21928082191778
19,4,459.83,0.0,254.61397260273958,254.61397260273958,205.2160273972604,0.0,254.61397260273958,524.5339726027396
19,5,152.52,0.0,424.828801369863,152.52,0.0,272.308801369863,152.52000000000004,424.828801369863
19,6,552.25,0.0,486.7493150684934,486.7493150684934,65.50068493150661,0.0,486.7493150684934,486.7493150684934
19,7,0.0,0.0,347.7283561643836,0.0,0.0,347.7283561643836,0.0,347.7283561643836
19,8,257.63,0.0,377.5047260273973,257.63,0.0,119.87472602739729,257.63,377.5047260273973
19,9,0.0,0.0,465.06106164383544,0.0,0.0,465.06106164383544,0.0,465.06106164383544
19,10,0.0,0.0,452.51907534246584,0.0,0.0,452.51907534246584,0.0,452.51907534246584
19,11,0.0,85.65,289.2730821917808,0.0,0.0,289.2730821917808,0.0,289.2730821917808
19,12,0.0,0.0,386.6066438356164,0.0,0.0,386.6066438356164,0.0,386.6066438356164
19,13,0.0,0.0,467.8044863013699,0.0,0.0,467.8044863013699,0.0,467.8044863013699
19,14,0.0,0.0,423.9286301369862,0.0,0.0,423.9286301369862,0.0,423.9286301369862
19,15,0.0,212.4,370.4582191780823,0.0,0.0,370.4582191780823,0.0,370.4582191780823
19,16,0.0,0.0,372.61815068493144,0.0,0.0,372.61815068493144,0.0,372.61815068493144
19,17,0.0,0.0,440.7528424657535,0.0,0.0,440.7528424657535,0.0,440.7528424657535
19,18,167.12,0.0,363.7329452054794,167.12,0.0,196.61294520547938,167.12,363.7329452054794
19,19,0.0,0.0,339.1046917808219,0.0,0.0,339.1046917808219,0.0,339.1046917808219
19,20,0.0,0.0,382.2246917808219,0.0,0.0,382.2246917808219,0.0,382.2246917808219
19,21,0.0,0.0,0.0,0.0,0.0,0.0,0.0,217.15965753424652
19,22,0.0,0.0,514.6831506849315,0.0,0.0,514.6831506849315,0.0,514.6831506849315
19,23,0.0,0.0,400.63876712328766,0.0,0.0,400.63876712328766,0.0,400.63876712328766
19,24,0.0,0.0,420.8831506849314,0.0,0.0,420.8831506849314,0.0,420.8831506849314
19,25,0.0,0.0,414.17273972602743,0.0,0.0,414.17273972602743,0.0,414.17273972602743
19,26,0.0,433.2189726027399,433.2189726027399,0.0,0.0,433.2189726027399,0.0,433.2189726027399
19,27,0.0,0.0,324.58712328767126,0.0,0.0,324.58712328767126,0.0,324.58712328767126
19,28,0.0,0.0,357.3754109589041,0.0,0.0,357.3754109589041,0.0,357.3754109589041
19,29,462.7,257.14,257.14,257.14,205.56,0.0,257.14,292.1207876712329
19,30,0.0,0.0,408.68301369863025,0.0,0.0,408.68301369863025,0.0,408.68301369863025
19,31,0.0,0.0,575.8559589041095,0.0,0.0,575.8559589041095,0.0,575.8559589041095
19,32,0.0,0.0,515.9707191780824,0.0,0.0,515.9707191780824,0.0,515.9707191780824
19,33,0.0,0.0,0.0,0.0,0.0,0.0,0.0,332.5119863013699
19,34,0.0,0.0,484.3216095890409,0.0,0.0,484.3216095890409,0.0,484.3216095890409
19,35,0.0,0.0,392.25914383561656,0.0,0.0,392.25914383561656,0.0,392.25914383561656
19,36,479.78,0.0,556.6009246575342,479.78,0.0,76.82092465753419,479.78,556.6009246575342
19,37,0.0,227.55,367.40099315068494,0.0,0.0,367.40099315068494,0.0,367.40099315068494
19,38,0.0,0.0,453.86154109589035,0.0,0.0,453.86154109589035,0.0,453.86154109589035
19,39,0.0,0.0,333.2752739726027,0.0,0.0,333.2752739726027,0.0,333.2752739726027
19,40,0.0,0.0,363.6351369863013,0.0,0.0,363.6351369863013,0.0,363.6351369863013
19,41,485.34,0.0,124.25434931506854,124.25434931506854,361.08565068493147,0.0,124.25434931506854,342.41434931506853
19,42,0.0,271.86130136986304,271.86130136986304,0.0,0.0,271.86130136986304,0.0,271.86130136986304
19,43,0.0,193.9973630136987,480.8273630136987,0.0,0.0,480.8273630136987,0.0,480.8273630136987
19,44,296.27,0.0,140.37729452054788,140.37729452054788,155.8927054794521,0.0,140.37729452054788,279.9872945205479
19,45,344.8,0.0,535.524212328767,344.8,0.0,190.724212328767,344.8,535.524212328767
19,46,0.0,0.0,423.32404109589044,0.0,0.0,423.32404109589044,0.0,423.32404109589044
19,47,0.0,0.0,227.48476027397263,0.0,0.0,227.48476027397263,0.0,388.81476027397264
19,48,0.0,157.01999999999998,317.02623287671224,0.0,0.0,317.02623287671224,0.0,527.1062328767123
19,49,0.0,0.0,338.29465753424654,0.0,0.0,338.29465753424654,0.0,338.29465753424654
19,50,545.78,0.0,404.66832191780827,404.66832191780827,141.1116780821917,0.0,404.66832191780827,404.66832191780827
19,51,0.0,0.0,245.63647260273976,0.0,0.0,245.63647260273976,0.0,245.63647260273976
19,52,0.0,0.0,465.3753424657534,0.0,0.0,465.3753424657534,0.0,465.3753424657534
19,53,0.0,0.0,310.62667808219175,0.0,0.0,310.62667808219175,0.0,310.62667808219175
19,54,0.0,2.842170943040401e-14,468.95541095890394,0.0,0.0,468.95541095890394,2.842170943040401e-14,468.955410958904
19,55,363.32,305.61544520547955,305.61544520547955,305.61544520547955,57.70455479452045,0.0,305.61544520547955,305.61544520547955
19,56,0.0,0.0,0.0,0.0,0.0,0.0,0.0,376.81647260273974
19,57,201.28,0.0,313.2279452054794,201.28,0.0,111.94794520547939,201.28,313.2279452054794
19,58,0.0,0.0,497.21479452054797,0.0,0.0,497.21479452054797,0.0,497.21479452054797
19,59,0.0,0.0,292.1907534246574,0.0,0.0,292.1907534246574,0.0,482.4107534246574
19,60,0.0,0.0,430.6970547945208,0.0,0.0,430.6970547945208,0.0,430.6970547945208
19,61,0.0,0.0,297.4455821917809,0.0,0.0,297.4455821917809,0.0,297.4455821917809
19,62,0.0,0.0,363.9398287671233,0.0,0.0,363.9398287671233,0.0,363.9398287671233
19,63,0.0,0.0,454.9069863013698,0.0,0.0,454.9069863013698,0.0,454.9069863013698
19,64,0.0,0.0,0.0,0.0,0.0,0.0,0.0,351.72698630136995
19,65,0.0,0.0,343.8869863013699,0.0,0.0,343.8869863013699,0.0,343.8869863013699
19,66,0.0,0.0,407.6145547945206,0.0,0.0,407.6145547945206,0.0,407.6145547945206
19,67,0.0,0.0,476.1551027397259,0.0,0.0,476.1551027397259,0.0,476.1551027397259
19,68,0.0,100.47000000000003,430.29191780821895,0.0,0.0,430.29191780821895,0.0,430.29191780821895
19,69,0.0,231.91,278.01890410958913,0.0,0.0,278.01890410958913,0.0,278.01890410958913
19,70,488.49,0.0,532.8097945205478,488.49,0.0,44.319794520547816,488.49,532.8097945205478
19,71,0.0,0.0,206.50311643835613,0.0,0.0,206.50311643835613,0.0,206.50311643835613
19,72,0.0,59.389999999999986,470.0392123287671,0.0,0.0,470.0392123287671,0.0,470.0392123287671
19,73,0.0,0.0,393.43020547945207,0.0,0.0,393.43020547945207,0.0,393.43020547945207
19,74,246.41,0.0,0.0,0.0,246.41,0.0,0.0,427.86421232876705
19,75,229.22,0.0,0.0,0.0,229.22,0.0,0.0,419.05044520547926
19,76,0.0,0.0,300.4021232876712,0.0,0.0,300.4021232876712,0.0,300.4021232876712
19,77,0.0,0.0,389.77486301369856,0.0,0.0,389.77486301369856,0.0,389.77486301369856
19,78,354.76,0.0,112.99339041095888,112.99339041095888,241.7666095890411,0.0,112.99339041095888,259.3933904109589
19,79,0.0,0.0,330.1576369863013,0.0,0.0,330.1576369863013,0.0,330.1576369863013
19,80,0.0,0.0,403.9877397260275,0.0,0.0,403.9877397260275,0.0,403.9877397260275
19,81,0.0,246.88,432.53695205479454,0.0,0.0,432.53695205479454,0.0,432.53695205479454
19,82,340.8,0.0,390.9296232876712,340.8,0.0,50.129623287671166,340.8,390.9296232876712
19,83,0.0,0.0,256.84510273972603,0.0,0.0,256.84510273972603,0.0,256.84510273972603
19,84,0.0,0.0,0.0,0.0,0.0,0.0,0.0,376.2492808219178
19,85,0.0,0.0,265.6598287671234,0.0,0.0,265.6598287671234,0.0,265.6598287671234
19,86,0.0,187.06,503.9685958904107,0.0,0.0,503.9685958904107,0.0,503.9685958904107
19,87,0.0,0.0,269.4978424657534,0.0,0.0,269.4978424657534,0.0,269.4978424657534
19,88,0.0,0.0,504.29510273972596,0.0,0.0,504.29510273972596,0.0,504.29510273972596
19,89,0.0,0.0,358.29476027397266,0.0,0.0,358.29476027397266,0.0,358.29476027397266
19,90,0.0,0.0,503.18133561643833,0.0,0.0,503.18133561643833,0.0,503.18133561643833
19,91,0.0,0.0,436.5981506849317,0.0,0.0,436.5981506849317,0.0,436.5981506849317
19,92,0.0,0.0,186.01246575342458,0.0,0.0,186.01246575342458,0.0,451.02246575342457
19,93,0.0,0.0,385.8469520547945,0.0,0.0,385.8469520547945,0.0,385.8469520547945
19,94,0.0,0.0,276.4630821917808,0.0,0.0,276.4630821917808,0.0,276.4630821917808
19,95,0.0,0.0,0.0,0.0,0.0,0.0,0.0,271.58202054794526
20,0,0.0,225.44938356164386,225.44938356164386,0.0,0.0,225.44938356164386,0.0,225.44938356164386
20,1,0.0,0.0,509.6604109589041,0.0,0.0,509.6604109589041,0.0,509.6604109589041
20,2,0.0,0.0,546.2143150684931,0.0,0.0,546.2143150684931,0.0,546.2143150684931
20,3,0.0,0.0,241.21928082191778,0.0,0.0,241.21928082191778,0.0,241.21928082191778
20,4,0.0,269.92,269.92,0.0,0.0,269.92,0.0,524.5339726027396
20,5,225.19,0.0,272.308801369863,225.19,0.0,47.11880136986298,225.19,424.828801369863
20,6,0.0,0.0,0.0,0.0,0.0,0.0,0.0,486.7493150684934
20,7,0.0,0.0,347.7283561643836,0.0,0.0,347.7283561643836,0.0,347.7283561643836
20,8,0.0,0.0,119.87472602739729,0.0,0.0,119.87472602739729,0.0,377.5047260273973
20,9,0.0,0.0,465.06106164383544,0.0,0.0,465.06106164383544,0.0,465.06106164383544
20,10,0.0,0.0,452.51907534246584,0.0,0.0,452.51907534246584,0.0,452.51907534246584
20,11,0.0,0.0,289.2730821917808,0.0,0.0,289.2730821917808,0.0,289.2730821917808
20,12,0.0,0.0,386.6066438356164,0.0,0.0,386.6066438356164,0.0,386.6066438356164
20,13,0.0,0.0,467.8044863013699,0.0,0.0,467.8044863013699,0.0,467.8044863013699
20,14,583.59,0.0,423.9286301369862,423.9286301369862,159.66136986301382,0.0,423.9286301369862,423.9286301369862
20,15,0.0,0.0,370.4582191780823,0.0,0.0,370.4582191780823,0.0,370.4582191780823
20,16,0.0,0.0,372.61815068493144,0.0,0.0,372.61815068493144,0.0,372.61815068493144
20,17,0.0,0.0,440.7528424657535,0.0,0.0,440.7528424657535,0.0,440.7528424657535
20,18,0.0,0.0,196.61294520547938,0.0,0.0,196.61294520547938,0.0,363.7329452054794
20,19,0.0,0.0,339.1046917808219,0.0,0.0,339.1046917808219,0.0,339.1046917808219
20,20,0.0,0.0,382.2246917808219,0.0,0.0,382.2246917808219,0.0,382.2246917808219
20,21,0.0,217.15965753424652,217.15965753424652,0.0,0.0,217.15965753424652,0.0,217.15965753424652
20,22,0.0,0.0,514.6831506849315,0.0,0.0,514.6831506849315,0.0,514.6831506849315
20,23,0.0,0.0,400.63876712328766,0.0,0.0,400.63876712328766,0.0,400.63876712328766
20,24,0.0,0.0,420.8831506849314,0.0,0.0,420.8831506849314,0.0,420.8831506849314
20,25,0.0,0.0,414.17273972602743,0.0,0.0,414.17273972602743,0.0,414.17273972602743
20,26,277.64,0.0,433.2189726027399,277.64,0.0,155.5789726027399,277.64,433.2189726027399
20,27,0.0,0.0,324.58712328767126,0.0,0.0,324.58712328767126,0.0,324.58712328767126
20,28,0.0,0.0,357.3754109589041,0.0,0.0,357.3754109589041,0.0,357.3754109589041
20,29,0.0,34.98078767123292,34.98078767123292,0.0,0.0,34.98078767123292,0.0,292.1207876712329
20,30,311.54,0.0,408.68301369863025,311.54,0.0,97.14301369863023,311.54,408.68301369863025
20,31,0.0,0.0,575.8559589041095,0.0,0.0,575.8559589041095,0.0,575.8559589041095
20,32,0.0,0.0,515.9707191780824,0.0,0.0,515.9707191780824,0.0,515.9707191780824
20,33,0.0,332.5119863013699,332.5119863013699,0.0,0.0,332.5119863013699,0.0,332.5119863013699
20,34,0.0,0.0,484.3216095890409,0.0,0.0,484.3216095890409,0.0,484.3216095890409
20,35,572.92,0.0,392.25914383561656,392.25914383561656,180.6608561643834,0.0,392.25914383561656,392.25914383561656
20,36,0.0,0.0,76.82092465753419,0.0,0.0,76.82092465753419,0.0,556.6009246575342
20,37,0.0,0.0,367.40099315068494,0.0,0.0,367.40099315068494,0.0,367.40099315068494
20,38,0.0,0.0,453.86154109589035,0.0,0.0,453.86154109589035,0.0,453.86154109589035
20,39,0.0,0.0,333.2752739726027,0.0,0.0,333.2752739726027,0.0,333.2752739726027
20,40,288.36,0.0,363.6351369863013,288.36,0.0,75.27513698630128,288.36,363.6351369863013
20,41,0.0,218.16,218.16,0.0,0.0,218.16,0.0,342.41434931506853
20,42,0.0,0.0,271.86130136986304,0.0,0.0,271.86130136986304,0.0,271.86130136986304
20,43,0.0,0.0,480.8273630136987,0.0,0.0,480.8273630136987,0.0,480.8273630136987
20,44,0.0,139.61,139.61,0.0,0.0,139.61,0.0,279.9872945205479
20,45,0.0,0.0,190.724212328767,0.0,0.0,190.724212328767,0.0,535.524212328767
20,46,0.0,0.0,423.32404109589044,0.0,0.0,423.32404109589044,0.0,423.32404109589044
20,47,0.0,161.33,388.81476027397264,0.0,0.0,388.81476027397264,0.0,388.81476027397264
20,48,0.0,210.08000000000004,527.1062328767123,0.0,0.0,527.1062328767123,0.0,527.1062328767123
20,49,0.0,0.0,338.29465753424654,0.0,0.0,338.29465753424654,0.0,338.29465753424654
20,50,0.0,0.0,0.0,0.0,0.0,0.0,0.0,404.66832191780827
20,51,374.15,0.0,245.63647260273976,245.63647260273976,128.51352739726022,0.0,245.63647260273976,245.63647260273976
20,52,0.0,0.0,465.3753424657534,0.0,0.0,465.3753424657534,0.0,465.3753424657534
20,53,0.0,0.0,310.62667808219175,0.0,0.0,310.62667808219175,0.0,310.62667808219175
20,54,0.0,2.842170943040401e-14,468.95541095890394,0.0,0.0,468.95541095890394,2.842170943040401e-14,468.955410958904
20,55,0.0,0.0,0.0,0.0,0.0,0.0,0.0,305.61544520547955
20,56,219.1,376.81647260273974,376.81647260273974,219.1,0.0,157.71647260273974,219.1,376.81647260273974
20,57,0.0,0.0,111.94794520547939,0.0,0.0,111.94794520547939,0.0,313.2279452054794
20,58,0.0,0.0,497.21479452054797,0.0,0.0,497.21479452054797,0.0,497.21479452054797
20,59,0.0,190.22000000000003,482.4107534246574,0.0,0.0,482.4107534246574,0.0,482.4107534246574
20,60,0.0,0.0,430.6970547945208,0.0,0.0,430.6970547945208,0.0,430.6970547945208
20,61,535.02,0.0,297.4455821917809,297.4455821917809,237.5744178082191,0.0,297.4455821917809,297.4455821917809
20,62,0.0,0.0,363.9398287671233,0.0,0.0,363.9398287671233,0.0,363.9398287671233
20,63,0.0,0.0,454.9069863013698,0.0,0.0,454.9069863013698,0.0,454.9069863013698
20,64,0.0,351.72698630136995,351.72698630136995,0.0,0.0,351.72698630136995,0.0,351.72698630136995
20,65,0.0,0.0,343.8869863013699,0.0,0.0,343.8869863013699,0.0,343.8869863013699
20,66,0.0,0.0,407.6145547945206,0.0,0.0,407.6145547945206,0.0,407.6145547945206
20,67,0.0,0.0,476.1551027397259,0.0,0.0,476.1551027397259,0.0,476.1551027397259
20,68,224.67,0.0,430.29191780821895,224.67,0.0,205.62191780821897,224.67,430.29191780821895
20,69,0.0,0.0,278.01890410958913,0.0,0.0,278.01890410958913,0.0,278.01890410958913
20,70,0.0,0.0,44.319794520547816,0.0,0.0,44.319794520547816,0.0,532.8097945205478
20,71,0.0,0.0,206.50311643835613,0.0,0.0,206.50311643835613,0.0,206.50311643835613
20,72,0.0,0.0,470.0392123287671,0.0,0.0,470.0392123287671,0.0,470.0392123287671
20,73,0.0,0.0,393.43020547945207,0.0,0.0,393.43020547945207,0.0,393.43020547945207
20,74,0.0,427.86421232876705,427.86421232876705,0.0,0.0,427.86421232876705,0.0,427.86421232876705
20,75,0.0,419.05044520547926,419.05044520547926,0.0,0.0,419.05044520547926,0.0,419.05044520547926
20,76,0.0,0.0,300.4021232876712,0.0,0.0,300.4021232876712,0.0,300.4021232876712
20,77,544.05,0.0,389.77486301369856,389.77486301369856,154.2751369863014,0.0,389.77486301369856,389.77486301369856
20,78,0.0,146.4,146.4,0.0,0.0,146.4,0.0,259.3933904109589
20,79,0.0,0.0,330.1576369863013,0.0,0.0,330.1576369863013,0.0,330.1576369863013
20,80,0.0,0.0,403.9877397260275,0.0,0.0,403.9877397260275,0.0,403.9877397260275
20,81,0.0,0.0,432.53695205479454,0.0,0.0,432.53695205479454,0.0,432.53695205479454
20,82,0.0,0.0,50.129623287671166,0.0,0.0,50.129623287671166,0.0,390.9296232876712
20,83,0.0,0.0,256.84510273972603,0.0,0.0,256.84510273972603,0.0,256.84510273972603
20,84,0.0,376.2492808219178,376.2492808219178,0.0,0.0,376.2492808219178,0.0,376.2492808219178
20,85,0.0,0.0,265.6598287671234,0.0,0.0,265.6598287671234,0.0,265.6598287671234
20,86,0.0,0.0,503.9685958904107,0.0,0.0,503.9685958904107,0.0,503.9685958904107
20,87,0.0,0.0,269.4978424657534,0.0,0.0,269.4978424657534,0.0,269.4978424657534
20,88,0.0,0.0,504.29510273972596,0.0,0.0,504.29510273972596,0.0,504.29510273972596
20,89,0.0,0.0,358.29476027397266,0.0,0.0,358.29476027397266,0.0,358.29476027397266
20,90,0.0,0.0,503.18133561643833,0.0,0.0,503.18133561643833,0.0,503.18133561643833
20,91,188.35,0.0,436.5981506849317,188.35,0.0,248.2481506849317,188.35,436.5981506849317
20,92,0.0,265.01,451.02246575342457,0.0,0.0,451.02246575342457,0.0,451.02246575342457
20,93,0.0,0.0,385.8469520547945,0.0,0.0,385.8469520547945,0.0,385.8469520547945
20,94,0.0,0.0,276.4630821917808,0.0,0.0,276.4630821917808,0.0,276.4630821917808
20,95,578.1,271.58202054794526,271.58202054794526,271.58202054794526,306.51797945205476,0.0,271.58202054794526,271.58202054794526
21,0,445.86,0.0,225.44938356164386,225.44938356164386,220.41061643835616,0.0,225.44938356164386,225.44938356164386
21,1,0.0,0.0,509.6604109589041,0.0,0.0,509.6604109589041,0.0,509.6604109589041
21,2,0.0,0.0,546.2143150684931,0.0,0.0,546.2143150684931,0.0,546.2143150684931
21,3,0.0,0.0,241.21928082191778,0.0,0.0,241.21928082191778,0.0,241.21928082191778
21,4,0.0,254.61397260273958,524.5339726027396,0.0,0.0,524.5339726027396,0.0,524.5339726027396
21,5,0.0,152.52000000000004,199.63880136986302,0.0,0.0,199.63880136986302,0.0,424.828801369863
21,6,0.0,486.7493150684934,486.7493150684934,0.0,0.0,486.7493150684934,0.0,486.7493150684934
21,7,0.0,0.0,347.7283561643836,0.0,0.0,347.7283561643836,0.0,347.7283561643836
21,8,0.0,257.63,377.5047260273973,0.0,0.0,377.5047260273973,0.0,377.5047260273973
21,9,0.0,0.0,465.06106164383544,0.0,0.0,465.06106164383544,0.0,465.06106164383544
21,10,0.0,0.0,452.51907534246584,0.0,0.0,452.51907534246584,0.0,452.51907534246584
21,11,0.0,0.0,289.2730821917808,0.0,0.0,289.2730821917808,0.0,289.2730821917808
21,12,0.0,0.0,386.6066438356164,0.0,0.0,386.6066438356164,0.0,386.6066438356164
21,13,0.0,0.0,467.8044863013699,0.0,0.0,467.8044863013699,0.0,467.8044863013699
21,14,521.1,0.0,0.0,0.0,521.1,0.0,0.0,423.9286301369862
21,15,0.0,0.0,370.4582191780823,0.0,0.0,370.4582191780823,0.0,370.4582191780823
21,16,0.0,0.0,372.61815068493144,0.0,0.0,372.61815068493144,0.0,372.61815068493144
21,17,0.0,0.0,440.7528424657535,0.0,0.0,440.7528424657535,0.0,440.7528424657535
21,18,0.0,167.12,363.7329452054794,0.0,0.0,363.7329452054794,0.0,363.7329452054794
21,19,0.0,0.0,339.1046917808219,0.0,0.0,339.1046917808219,0.0,339.1046917808219
21,20,0.0,0.0,382.2246917808219,0.0,0.0,382.2246917808219,0.0,382.2246917808219
21,21,237.04,0.0,217.15965753424652,217.15965753424652,19.880342465753472,0.0,217.15965753424652,217.15965753424652
21,22,0.0,0.0,514.6831506849315,0.0,0.0,514.6831506849315,0.0,514.6831506849315
21,23,0.0,0.0,400.63876712328766,0.0,0.0,400.63876712328766,0.0,400.63876712328766
21,24,0.0,0.0,420.8831506849314,0.0,0.0,420.8831506849314,0.0,420.8831506849314
21,25,496.39,0.0,414.17273972602743,414.17273972602743,82.21726027397256,0.0,414.17273972602743,414.17273972602743
21,26,0.0,0.0,155.5789726027399,0.0,0.0,155.5789726027399,0.0,433.2189726027399
21,27,0.0,0.0,324.58712328767126,0.0,0.0,324.58712328767126,0.0,324.58712328767126
21,28,0.0,0.0,357.3754109589041,0.0,0.0,357.3754109589041,0.0,357.3754109589041
21,29,0.0,257.14,292.1207876712329,0.0,0.0,292.1207876712329,0.0,292.1207876712329
21,30,0.0,0.0,97.14301369863023,0.0,0.0,97.14301369863023,0.0,408.68301369863025
21,31,217.05,0.0,575.8559589041095,217.05,0.0,358.80595890410945,217.05,575.8559589041095
21,32,503.39,0.0,515.9707191780824,503.39,0.0,12.580719178082404,503.39,515.9707191780824
21,33,0.0,0.0,332.5119863013699,0.0,0.0,332.5119863013699,0.0,332.5119863013699
21,34,0.0,0.0,484.3216095890409,0.0,0.0,484.3216095890409,0.0,484.3216095890409
21,35,0.0,0.0,0.0,0.0,0.0,0.0,0.0,392.25914383561656
21,36,0.0,479.78,556.6009246575342,0.0,0.0,556.6009246575342,0.0,556.6009246575342
21,37,0.0,0.0,367.40099315068494,0.0,0.0,367.40099315068494,0.0,367.40099315068494
21,38,0.0,0.0,453.86154109589035,0.0,0.0,453.86154109589035,0.0,453.86154109589035
21,39,0.0,0.0,333.2752739726027,0.0,0.0,333.2752739726027,0.0,333.2752739726027
21,40,0.0,0.0,75.27513698630128,0.0,0.0,75.27513698630128,0.0,363.6351369863013
21,41,294.01,124.25434931506854,342.41434931506853,294.01,0.0,48.40434931506854,294.01,342.41434931506853
21,42,0.0,0.0,271.86130136986304,0.0,0.0,271.86130136986304,0.0,271.86130136986304
21,43,0.0,0.0,480.8273630136987,0.0,0.0,480.8273630136987,0.0,480.8273630136987
21,44,0.0,140.37729452054788,279.9872945205479,0.0,0.0,279.9872945205479,0.0,279.9872945205479
21,45,0.0,344.8,535.524212328767,0.0,0.0,535.524212328767,0.0,535.524212328767
21,46,0.0,0.0,423.32404109589044,0.0,0.0,423.32404109589044,0.0,423.32404109589044
21,47,388.88,0.0,388.81476027397264,388.81476027397264,0.06523972602735739,0.0,388.81476027397264,388.81476027397264
21,48,0.0,0.0,527.1062328767123,0.0,0.0,527.1062328767123,0.0,527.1062328767123
21,49,0.0,0.0,338.29465753424654,0.0,0.0,338.29465753424654,0.0,338.29465753424654
21,50,107.6,404.66832191780827,404.66832191780827,107.6,0.0,297.06832191780825,107.60000000000002,404.66832191780827
21,51,0.0,0.0,0.0,0.0,0.0,0.0,0.0,245.63647260273976
21,52,0.0,0.0,465.3753424657534,0.0,0.0,465.3753424657534,0.0,465.3753424657534
21,53,0.0,0.0,310.62667808219175,0.0,0.0,310.62667808219175,0.0,310.62667808219175
21,54,0.0,2.842170943040401e-14,468.95541095890394,0.0,0.0,468.95541095890394,2.842170943040401e-14,468.955410958904
21,55,0.0,305.61544520547955,305.61544520547955,0.0,0.0,305.61544520547955,0.0,305.61544520547955
21,56,0.0,0.0,157.71647260273974,0.0,0.0,157.71647260273974,0.0,376.81647260273974
21,57,0.0,201.28,313.2279452054794,0.0,0.0,313.2279452054794,0.0,313.2279452054794
21,58,0.0,0.0,497.21479452054797,0.0,0.0,497.21479452054797,0.0,497.21479452054797
21,59,0.0,0.0,482.4107534246574,0.0,0.0,482.4107534246574,0.0,482.4107534246574
21,60,294.73,0.0,430.6970547945208,294.73,0.0,135.96705479452078,294.73,430.6970547945208
21,61,0.0,0.0,0.0,0.0,0.0,0.0,0.0,297.4455821917809
21,62,0.0,0.0,363.9398287671233,0.0,0.0,363.9398287671233,0.0,363.9398287671233
21,63,0.0,0.0,454.9069863013698,0.0,0.0,454.9069863013698,0.0,454.9069863013698
21,64,0.0,0.0,351.72698630136995,0.0,0.0,351.72698630136995,0.0,351.72698630136995
21,65,0.0,0.0,343.8869863013699,0.0,0.0,343.8869863013699,0.0,343.8869863013699
21,66,0.0,0.0,407.6145547945206,0.0,0.0,407.6145547945206,0.0,407.6145547945206
21,67,0.0,0.0,476.1551027397259,0.0,0.0,476.1551027397259,0.0,476.1551027397259
21,68,0.0,0.0,205.62191780821897,0.0,0.0,205.62191780821897,0.0,430.29191780821895
21,69,154.9,0.0,278.01890410958913,154.9,0.0,123.11890410958912,154.9,278.01890410958913
21,70,0.0,488.49,532.8097945205478,0.0,0.0,532.8097945205478,0.0,532.8097945205478
21,71,0.0,0.0,206.50311643835613,0.0,0.0,206.50311643835613,0.0,206.50311643835613
21,72,0.0,0.0,470.0392123287671,0.0,0.0,470.0392123287671,0.0,470.0392123287671
21,73,264.88,0.0,393.43020547945207,264.88,0.0,128.55020547945207,264.88,393.43020547945207
21,74,0.0,0.0,427.86421232876705,0.0,0.0,427.86421232876705,0.0,427.86421232876705
21,75,0.0,0.0,419.05044520547926,0.0,0.0,419.05044520547926,0.0,419.05044520547926
21,76,0.0,0.0,300.4021232876712,0.0,0.0,300.4021232876712,0.0,300.4021232876712
21,77,376.37,0.0,0.0,0.0,376.37,0.0,0.0,389.77486301369856
21,78,0.0,112.99339041095888,259.3933904109589,0.0,0.0,259.3933904109589,0.0,259.3933904109589
21,79,0.0,0.0,330.1576369863013,0.0,0.0,330.1576369863013,0.0,330.1576369863013
21,80,359.51,0.0,403.9877397260275,359.51,0.0,44.477739726027494,359.51,403.9877397260275
21,81,0.0,0.0,432.53695205479454,0.0,0.0,432.53695205479454,0.0,432.53695205479454
21,82,245.15,340.8,390.9296232876712,245.15,0.0,145.77962328767117,245.15,390.9296232876712
21,83,361.69,0.0,256.84510273972603,256.84510273972603,104.84489726027397,0.0,256.84510273972603,256.84510273972603
21,84,0.0,0.0,376.2492808219178,0.0,0.0,376.2492808219178,0.0,376.2492808219178
21,85,0.0,0.0,265.6598287671234,0.0,0.0,265.6598287671234,0.0,265.6598287671234
21,86,0.0,0.0,503.9685958904107,0.0,0.0,503.9685958904107,0.0,503.9685958904107
21,87,0.0,0.0,269.4978424657534,0.0,0.0,269.4978424657534,0.0,269.4978424657534
21,88,0.0,0.0,504.29510273972596,0.0,0.0,504.29510273972596,0.0,504.29510273972596
21,89,0.0,0.0,358.29476027397266,0.0,0.0,358.29476027397266,0.0,358.29476027397266
21,90,0.0,0.0,503.18133561643833,0.0,0.0,503.18133561643833,0.0,503.18133561643833
21,91,0.0,0.0,248.2481506849317,0.0,0.0,248.2481506849317,0.0,436.5981506849317
21,92,0.0,0.0,451.02246575342457,0.0,0.0,451.02246575342457,0.0,451.02246575342457
21,93,0.0,0.0,385.8469520547945,0.0,0.0,385.8469520547945,0.0,385.8469520547945
21,94,0.0,0.0,276.4630821917808,0.0,0.0,276.4630821917808,0.0,276.4630821917808
21,95,0.0,0.0,0.0,0.0,0.0,0.0,0.0,271.58202054794526
22,0,0.0,0.0,0.0,0.0,0.0,0.0,0.0,225.44938356164386
22,1,0.0,0.0,509.6604109589041,0.0,0.0,509.6604109589041,0.0,509.6604109589041
22,2,0.0,0.0,546.2143150684931,0.0,0.0,546.2143150684931,0.0,546.2143150684931
22,3,0.0,0.0,241.21928082191778,0.0,0.0,241.21928082191778,0.0,241.21928082191778
22,4,0.0,0.0,524.5339726027396,0.0,0.0,524.5339726027396,0.0,524.5339726027396
22,5,0.0,225.19,424.828801369863,0.0,0.0,424.828801369863,0.0,424.828801369863
22,6,257.42,0.0,486.7493150684934,257.42,0.0,229.32931506849337,257.42,486.7493150684934
22,7,0.0,0.0,347.7283561643836,0.0,0.0,347.7283561643836,0.0,347.7283561643836
22,8,0.0,0.0,377.5047260273973,0.0,0.0,377.5047260273973,0.0,377.5047260273973
22,9,0.0,0.0,465.06106164383544,0.0,0.0,465.06106164383544,0.0,465.06106164383544
22,10,0.0,0.0,452.51907534246584,0.0,0.0,452.51907534246584,0.0,452.51907534246584
22,11,0.0,0.0,289.2730821917808,0.0,0.0,289.2730821917808,0.0,289.2730821917808
22,12,0.0,0.0,386.6066438356164,0.0,0.0,386.6066438356164,0.0,386.6066438356164
22,13,0.0,0.0,467.8044863013699,0.0,0.0,467.8044863013699,0.0,467.8044863013699
22,14,0.0,423.9286301369862,423.9286301369862,0.0,0.0,423.9286301369862,0.0,423.9286301369862
22,15,0.0,0.0,370.4582191780823,0.0,0.0,370.4582191780823,0.0,370.4582191780823
22,16,0.0,0.0,372.61815068493144,0.0,0.0,372.61815068493144,0.0,372.61815068493144
22,17,162.73,0.0,440.7528424657535,162.73,0.0,278.02284246575346,162.73000000000002,440.7528424657535
22,18,505.69,0.0,363.7329452054794,363.7329452054794,141.95705479452062,0.0,363.7329452054794,363.7329452054794
22,19,0.0,0.0,339.1046917808219,0.0,0.0,339.1046917808219,0.0,339.1046917808219
22,20,0.0,0.0,382.2246917808219,0.0,0.0,382.2246917808219,0.0,382.2246917808219
22,21,598.82,0.0,0.0,0.0,598.82,0.0,0.0,217.15965753424652
22,22,434.48,0.0,514.6831506849315,434.48,0.0,80.20315068493153,434.48,514.6831506849315
22,23,0.0,0.0,400.63876712328766,0.0,0.0,400.63876712328766,0.0,400.63876712328766
22,24,0.0,0.0,420.8831506849314,0.0,0.0,420.8831506849314,0.0,420.8831506849314
22,25,0.0,0.0,0.0,0.0,0.0,0.0,0.0,414.17273972602743
22,26,0.0,277.64,433.2189726027399,0.0,0.0,433.2189726027399,0.0,433.2189726027399
22,27,0.0,0.0,324.58712328767126,0.0,0.0,324.58712328767126,0.0,324.58712328767126
22,28,0.0,0.0,357.3754109589041,0.0,0.0,357.3754109589041,0.0,357.3754109589041
22,29,0.0,0.0,292.1207876712329,0.0,0.0,292.1207876712329,0.0,292.1207876712329
22,30,0.0,311.54,408.68301369863025,0.0,0.0,408.68301369863025,0.0,408.68301369863025
22,31,0.0,0.0,358.80595890410945,0.0,0.0,358.80595890410945,0.0,575.8559589041095
22,32,0.0,0.0,12.580719178082404,0.0,0.0,12.580719178082404,0.0,515.9707191780824
22,33,0.0,0.0,332.5119863013699,0.0,0.0,332.5119863013699,0.0,332.5119863013699
22,34,0.0,0.0,484.3216095890409,0.0,0.0,484.3216095890409,0.0,484.3216095890409
22,35,0.0,392.25914383561656,392.25914383561656,0.0,0.0,392.25914383561656,0.0,392.25914383561656
22,36,0.0,0.0,556.6009246575342,0.0,0.0,556.6009246575342,0.0,556.6009246575342
22,37,0.0,0.0,367.40099315068494,0.0,0.0,367.40099315068494,0.0,367.40099315068494
22,38,0.0,0.0,453.86154109589035,0.0,0.0,453.86154109589035,0.0,453.86154109589035
22,39,457.05,0.0,333.2752739726027,333.2752739726027,123.77472602739732,0.0,333.2752739726027,333.2752739726027
22,40,0.0,288.36,363.6351369863013,0.0,0.0,363.6351369863013,0.0,363.6351369863013
22,41,0.0,0.0,48.40434931506854,0.0,0.0,48.40434931506854,0.0,342.41434931506853
22,42,261.9,0.0,271.86130136986304,261.9,0.0,9.961301369863065,261.9,271.86130136986304
22,43,575.52,0.0,480.8273630136987,480.8273630136987,94.6926369863013,0.0,480.8273630136987,480.8273630136987
22,44,0.0,0.0,279.9872945205479,0.0,0.0,279.9872945205479,0.0,279.9872945205479
22,45,0.0,0.0,535.524212328767,0.0,0.0,535.524212328767,0.0,535.524212328767
22,46,0.0,0.0,423.32404109589044,0.0,0.0,423.32404109589044,0.0,423.32404109589044
22,47,0.0,0.0,0.0,0.0,0.0,0.0,0.0,388.81476027397264
22,48,491.48,0.0,527.1062328767123,491.48,0.0,35.626232876712265,491.48,527.1062328767123
22,49,0.0,0.0,338.29465753424654,0.0,0.0,338.29465753424654,0.0,338.29465753424654
22,50,0.0,0.0,297.06832191780825,0.0,0.0,297.06832191780825,0.0,404.66832191780827
22,51,0.0,245.63647260273976,245.63647260273976,0.0,0.0,245.63647260273976,0.0,245.63647260273976
22,52,0.0,0.0,465.3753424657534,0.0,0.0,465.3753424657534,0.0,465.3753424657534
22,53,0.0,0.0,310.62667808219175,0.0,0.0,310.62667808219175,0.0,310.62667808219175
22,54,0.0,2.842170943040401e-14,468.95541095890394,0.0,0.0,468.95541095890394,2.842170943040401e-14,468.955410958904
22,55,0.0,0.0,305.61544520547955,0.0,0.0,305.61544520547955,0.0,305.61544520547955
22,56,0.0,219.1,376.81647260273974,0.0,0.0,376.81647260273974,0.0,376.81647260273974
22,57,0.0,0.0,313.2279452054794,0.0,0.0,313.2279452054794,0.0,313.2279452054794
22,58,516.67,0.0,497.21479452054797,497.21479452054797,19.45520547945199,0.0,497.21479452054797,497.21479452054797
22,59,0.0,0.0,482.4107534246574,0.0,0.0,482.4107534246574,0.0,482.4107534246574
22,60,275.38,0.0,135.96705479452078,135.96705479452078,139.41294520547922,0.0,135.96705479452078,430.6970547945208
22,61,0.0,297.4455821917809,297.4455821917809,0.0,0.0,297.4455821917809,0.0,297.4455821917809
22,62,514.22,0.0,363.9398287671233,363.9398287671233,150.28017123287674,0.0,363.9398287671233,363.9398287671233
22,63,0.0,0.0,454.9069863013698,0.0,0.0,454.9069863013698,0.0,454.9069863013698
22,64,0.0,0.0,351.72698630136995,0.0,0.0,351.72698630136995,0.0,351.72698630136995
22,65,0.0,0.0,343.8869863013699,0.0,0.0,343.8869863013699,0.0,343.8869863013699
22,66,0.0,0.0,407.6145547945206,0.0,0.0,407.6145547945206,0.0,407.6145547945206
22,67,0.0,0.0,476.1551027397259,0.0,0.0,476.1551027397259,0.0,476.1551027397259
22,68,0.0,224.67,430.29191780821895,0.0,0.0,430.29191780821895,0.0,430.29191780821895
22,69,0.0,0.0,123.11890410958912,0.0,0.0,123.11890410958912,0.0,278.01890410958913
22,70,197.0,0.0,532.8097945205478,197.0,0.0,335.8097945205478,197.0,532.8097945205478
22,71,0.0,0.0,206.50311643835613,0.0,0.0,206.50311643835613,0.0,206.50311643835613
22,72,0.0,0.0,470.0392123287671,0.0,0.0,470.0392123287671,0.0,470.0392123287671
22,73,0.0,0.0,128.55020547945207,0.0,0.0,128.55020547945207,0.0,393.43020547945207
22,74,0.0,0.0,427.86421232876705,0.0,0.0,427.86421232876705,0.0,427.86421232876705
22,75,0.0,0.0,419.05044520547926,0.0,0.0,419.05044520547926,0.0,419.05044520547926
22,76,0.0,0.0,300.4021232876712,0.0,0.0,300.4021232876712,0.0,300.4021232876712
22,77,0.0,389.77486301369856,389.77486301369856,0.0,0.0,389.77486301369856,0.0,389.77486301369856
22,78,541.66,0.0,259.3933904109589,259.3933904109589,282.2666095890411,0.0,259.3933904109589,259.3933904109589
22,79,0.0,0.0,330.1576369863013,0.0,0.0,330.1576369863013,0.0,330.1576369863013
22,80,0.0,0.0,44.477739726027494,0.0,0.0,44.477739726027494,0.0,403.9877397260275
22,81,0.0,0.0,432.53695205479454,0.0,0.0,432.53695205479454,0.0,432.53695205479454
22,82,0.0,0.0,145.77962328767117,0.0,0.0,145.77962328767117,0.0,390.9296232876712
22,83,225.5,0.0,0.0,0.0,225.5,0.0,0.0,256.84510273972603
22,84,122.8,0.0,376.2492808219178,122.8,0.0,253.4492808219178,122.80000000000001,376.2492808219178
22,85,0.0,0.0,265.6598287671234,0.0,0.0,265.6598287671234,0.0,265.6598287671234
22,86,0.0,0.0,503.9685958904107,0.0,0.0,503.9685958904107,0.0,503.9685958904107
22,87,0.0,0.0,269.4978424657534,0.0,0.0,269.4978424657534,0.0,269.4978424657534
22,88,0.0,0.0,504.29510273972596,0.0,0.0,504.29510273972596,0.0,504.29510273972596
22,89,0.0,0.0,358.29476027397266,0.0,0.0,358.29476027397266,0.0,358.29476027397266
22,90,0.0,0.0,503.18133561643833,0.0,0.0,503.18133561643833,0.0,503.18133561643833
22,91,0.0,188.35,436.5981506849317,0.0,0.0,436.5981506849317,0.0,436.5981506849317
22,92,0.0,0.0,451.02246575342457,0.0,0.0,451.02246575342457,0.0,451.02246575342457
22,93,0.0,0.0,385.8469520547945,0.0,0.0,385.8469520547945,0.0,385.8469520547945
22,94,0.0,0.0,276.4630821917808,0.0,0.0,276.4630821917808,0.0,276.4630821917808
22,95,0.0,271.58202054794526,271.58202054794526,0.0,0.0,271.58202054794526,0.0,271.58202054794526
23,0,0.0,225.44938356164386,225.44938356164386,0.0,0.0,225.44938356164386,0.0,225.44938356164386
23,1,0.0,0.0,509.6604109589041,0.0,0.0,509.6604109589041,0.0,509.6604109589041
23,2,573.65,0.0,546.2143150684931,546.2143150684931,27.4356849315069,0.0,546.2143150684931,546.2143150684931
23,3,0.0,0.0,241.21928082191778,0.0,0.0,241.21928082191778,0.0,241.21928082191778
23,4,0.0,0.0,524.5339726027396,0.0,0.0,524.5339726027396,0.0,524.5339726027396
23,5,0.0,0.0,424.828801369863,0.0,0.0,424.828801369863,0.0,424.828801369863
23,6,332.37,0.0,229.32931506849337,229.32931506849337,103.04068493150663,0.0,229.32931506849337,486.7493150684934
23,7,0.0,0.0,347.7283561643836,0.0,0.0,347.7283561643836,0.0,347.7283561643836
23,8,0.0,0.0,377.5047260273973,0.0,0.0,377.5047260273973,0.0,377.5047260273973
23,9,0.0,0.0,465.06106164383544,0.0,0.0,465.06106164383544,0.0,465.06106164383544
23,10,0.0,0.0,452.51907534246584,0.0,0.0,452.51907534246584,0.0,452.51907534246584
23,11,0.0,0.0,289.2730821917808,0.0,0.0,289.2730821917808,0.0,289.2730821917808
23,12,134.19,0.0,386.6066438356164,134.19,0.0,252.4166438356164,134.19,386.6066438356164
23,13,0.0,0.0,467.8044863013699,0.0,0.0,467.8044863013699,0.0,467.8044863013699
23,14,0.0,0.0,423.9286301369862,0.0,0.0,423.9286301369862,0.0,423.9286301369862
23,15,0.0,0.0,370.4582191780823,0.0,0.0,370.4582191780823,0.0,370.4582191780823
23,16,0.0,0.0,372.61815068493144,0.0,0.0,372.61815068493144,0.0,372.61815068493144
23,17,143.93,0.0,278.02284246575346,143.93,0.0,134.09284246575345,143.93,440.7528424657535
23,18,0.0,0.0,0.0,0.0,0.0,0.0,0.0,363.7329452054794
23,19,0.0,0.0,339.1046917808219,0.0,0.0,339.1046917808219,0.0,339.1046917808219
23,20,0.0,0.0,382.2246917808219,0.0,0.0,382.2246917808219,0.0,382.2246917808219
23,21,0.0,217.15965753424652,217.15965753424652,0.0,0.0,217.15965753424652,0.0,217.15965753424652
23,22,201.3,0.0,80.20315068493153,80.20315068493153,121.09684931506848,0.0,80.20315068493153,514.6831506849315
23,23,0.0,0.0,400.63876712328766,0.0,0.0,400.63876712328766,0.0,400.63876712328766
23,24,0.0,0.0,420.8831506849314,0.0,0.0,420.8831506849314,0.0,420.8831506849314
23,25,0.0,414.17273972602743,414.17273972602743,0.0,0.0,414.17273972602743,0.0,414.17273972602743
23,26,0.0,0.0,433.2189726027399,0.0,0.0,433.2189726027399,0.0,433.2189726027399
23,27,0.0,0.0,324.58712328767126,0.0,0.0,324.58712328767126,0.0,324.58712328767126
23,28,254.1,0.0,357.3754109589041,254.1,0.0,103.27541095890413,254.1,357.3754109589041
23,29,0.0,0.0,292.1207876712329,0.0,0.0,292.1207876712329,0.0,292.1207876712329
23,30,321.54,0.0,408.68301369863025,321.54,0.0,87.14301369863023,321.54,408.68301369863025
23,31,0.0,217.05,575.8559589041095,0.0,0.0,575.8559589041095,0.0,575.8559589041095
23,32,480.6,503.39,515.9707191780824,480.6,0.0,35.37071917808237,480.6,515.9707191780824
23,33,0.0,0.0,332.5119863013699,0.0,0.0,332.5119863013699,0.0,332.5119863013699
23,34,0.0,0.0,484.3216095890409,0.0,0.0,484.3216095890409,0.0,484.3216095890409
23,35,0.0,0.0,392.25914383561656,0.0,0.0,392.25914383561656,0.0,392.25914383561656
23,36,0.0,0.0,556.6009246575342,0.0,0.0,556.6009246575342,0.0,556.6009246575342
23,37,0.0,0.0,367.40099315068494,0.0,0.0,367.40099315068494,0.0,367.40099315068494
23,38,0.0,0.0,453.86154109589035,0.0,0.0,453.86154109589035,0.0,453.86154109589035
23,39,321.93,0.0,0.0,0.0,321.93,0.0,0.0,333.2752739726027
23,40,0.0,0.0,363.6351369863013,0.0,0.0,363.6351369863013,0.0,363.6351369863013
23,41,0.0,294.01,342.41434931506853,0.0,0.0,342.41434931506853,0.0,342.41434931506853
23,42,464.01,0.0,9.961301369863065,9.961301369863065,454.0486986301369,0.0,9.961301369863065,271.86130136986304
23,43,445.17,0.0,0.0,0.0,445.17,0.0,0.0,480.8273630136987
23,44,0.0,0.0,279.9872945205479,0.0,0.0,279.9872945205479,0.0,279.9872945205479
23,45,0.0,0.0,535.524212328767,0.0,0.0,535.524212328767,0.0,535.524212328767
23,46,0.0,0.0,423.32404109589044,0.0,0.0,423.32404109589044,0.0,423.32404109589044
23,47,0.0,388.81476027397264,388.81476027397264,0.0,0.0,388.81476027397264,0.0,388.81476027397264
23,48,156.61,0.0,35.626232876712265,35.626232876712265,120.98376712328775,0.0,35.626232876712265,527.1062328767123
23,49,0.0,0.0,338.29465753424654,0.0,0.0,338.29465753424654,0.0,338.29465753424654
23,50,0.0,107.60000000000002,404.66832191780827,0.0,0.0,404.66832191780827,0.0,404.66832191780827
23,51,0.0,0.0,245.63647260273976,0.0,0.0,245.63647260273976,0.0,245.63647260273976
23,52,477.53,0.0,465.3753424657534,465.3753424657534,12.154657534246553,0.0,465.3753424657534,465.3753424657534
23,53,0.0,0.0,310.62667808219175,0.0,0.0,310.62667808219175,0.0,310.62667808219175
23,54,0.0,2.842170943040401e-14,468.95541095890394,0.0,0.0,468.95541095890394,2.842170943040401e-14,468.955410958904
23,55,0.0,0.0,305.61544520547955,0.0,0.0,305.61544520547955,0.0,305.61544520547955
23,56,0.0,0.0,376.81647260273974,0.0,0.0,376.81647260273974,0.0,376.81647260273974
23,57,0.0,0.0,313.2279452054794,0.0,0.0,313.2279452054794,0.0,313.2279452054794
23,58,0.0,0.0,0.0,0.0,0.0,0.0,0.0,497.21479452054797
23,59,0.0,0.0,482.4107534246574,0.0,0.0,482.4107534246574,0.0,482.4107534246574
23,60,0.0,294.73,294.73,0.0,0.0,294.73,0.0,430.6970547945208
23,61,0.0,0.0,297.4455821917809,0.0,0.0,297.4455821917809,0.0,297.4455821917809
23,62,0.0,0.0,0.0,0.0,0.0,0.0,0.0,363.9398287671233
23,63,0.0,0.0,454.9069863013698,0.0,0.0,454.9069863013698,0.0,454.9069863013698
23,64,0.0,0.0,351.72698630136995,0.0,0.0,351.72698630136995,0.0,351.72698630136995
23,65,0.0,0.0,343.8869863013699,0.0,0.0,343.8869863013699,0.0,343.8869863013699
23,66,572.78,0.0,407.6145547945206,407.6145547945206,165.1654452054794,0.0,407.6145547945206,407.6145547945206
23,67,0.0,0.0,476.1551027397259,0.0,0.0,476.1551027397259,0.0,476.1551027397259
23,68,0.0,0.0,430.29191780821895,0.0,0.0,430.29191780821895,0.0,430.29191780821895
23,69,0.0,154.9,278.01890410958913,0.0,0.0,278.01890410958913,0.0,278.01890410958913
23,70,0.0,0.0,335.8097945205478,0.0,0.0,335.8097945205478,0.0,532.8097945205478
23,71,0.0,0.0,206.50311643835613,0.0,0.0,206.50311643835613,0.0,206.50311643835613
23,72,0.0,0.0,470.0392123287671,0.0,0.0,470.0392123287671,0.0,470.0392123287671
23,73,0.0,264.88,393.43020547945207,0.0,0.0,393.43020547945207,0.0,393.43020547945207
23,74,587.72,0.0,427.86421232876705,427.86421232876705,159.85578767123297,0.0,427.86421232876705,427.86421232876705
23,75,0.0,0.0,419.05044520547926,0.0,0.0,419.05044520547926,0.0,419.05044520547926
23,76,0.0,0.0,300.4021232876712,0.0,0.0,300.4021232876712,0.0,300.4021232876712
23,77,0.0,0.0,389.77486301369856,0.0,0.0,389.77486301369856,0.0,389.77486301369856
23,78,0.0,0.0,0.0,0.0,0.0,0.0,0.0,259.3933904109589
23,79,0.0,0.0,330.1576369863013,0.0,0.0,330.1576369863013,0.0,330.1576369863013
23,80,0.0,359.51,403.9877397260275,0.0,0.0,403.9877397260275,0.0,403.9877397260275
23,81,0.0,0.0,432.53695205479454,0.0,0.0,432.53695205479454,0.0,432.53695205479454
23,82,0.0,245.15,390.9296232876712,0.0,0.0,390.9296232876712,0.0,390.9296232876712
23,83,0.0,256.84510273972603,256.84510273972603,0.0,0.0,256.84510273972603,0.0,256.84510273972603
23,84,0.0,0.0,253.4492808219178,0.0,0.0,253.4492808219178,0.0,376.2492808219178
23,85,0.0,0.0,265.6598287671234,0.0,0.0,265.6598287671234,0.0,265.6598287671234
23,86,0.0,0.0,503.9685958904107,0.0,0.0,503.9685958904107,0.0,503.9685958904107
23,87,0.0,0.0,269.4978424657534,0.0,0.0,269.4978424657534,0.0,269.4978424657534
23,88,0.0,0.0,504.29510273972596,0.0,0.0,504.29510273972596,0.0,504.29510273972596
23,89,0.0,0.0,358.29476027397266,0.0,0.0,358.29476027397266,0.0,358.29476027397266
23,90,0.0,0.0,503.18133561643833,0.0,0.0,503.18133561643833,0.0,503.18133561643833
23,91,191.86,0.0,436.5981506849317,191.86,0.0,244.73815068493167,191.86,436.5981506849317
23,92,0.0,0.0,451.02246575342457,0.0,0.0,451.02246575342457,0.0,451.02246575342457
23,93,0.0,0.0,385.8469520547945,0.0,0.0,385.8469520547945,0.0,385.8469520547945
23,94,0.0,0.0,276.4630821917808,0.0,0.0,276.4630821917808,0.0,276.4630821917808
23,95,0.0,0.0,271.58202054794526,0.0,0.0,271.58202054794526,0.0,271.58202054794526
24,0,0.0,0.0,225.44938356164386,0.0,0.0,225.44938356164386,0.0,225.44938356164386
24,1,0.0,0.0,509.6604109589041,0.0,0.0,509.6604109589041,0.0,509.6604109589041
24,2,0.0,0.0,0.0,0.0,0.0,0.0,0.0,546.2143150684931
24,3,0.0,0.0,241.21928082191778,0.0,0.0,241.21928082191778,0.0,241.21928082191778
24,4,0.0,0.0,524.5339726027396,0.0,0.0,524.5339726027396,0.0,524.5339726027396
24,5,0.0,0.0,424.828801369863,0.0,0.0,424.828801369863,0.0,424.828801369863
24,6,0.0,257.42,257.42,0.0,0.0,257.42,0.0,486.7493150684934
24,7,0.0,0.0,347.7283561643836,0.0,0.0,347.7283561643836,0.0,347.7283561643836
24,8,0.0,0.0,377.5047260273973,0.0,0.0,377.5047260273973,0.0,377.5047260273973
24,9,0.0,0.0,465.06106164383544,0.0,0.0,465.06106164383544,0.0,465.06106164383544
24,10,563.96,0.0,452.51907534246584,452.51907534246584,111.4409246575342,0.0,452.51907534246584,452.51907534246584
24,11,0.0,0.0,289.2730821917808,0.0,0.0,289.2730821917808,0.0,289.2730821917808
24,12,0.0,0.0,252.4166438356164,0.0,0.0,252.4166438356164,0.0,386.6066438356164
24,13,0.0,0.0,467.8044863013699,0.0,0.0,467.8044863013699,0.0,467.8044863013699
24,14,311.64,0.0,423.9286301369862,311.64,0.0,112.28863013698623,311.64,423.9286301369862
24,15,0.0,0.0,370.4582191780823,0.0,0.0,370.4582191780823,0.0,370.4582191780823
24,16,0.0,0.0,372.61815068493144,0.0,0.0,372.61815068493144,0.0,372.61815068493144
24,17,0.0,162.73000000000002,296.82284246575347,0.0,0.0,296.82284246575347,0.0,440.7528424657535
24,18,0.0,363.7329452054794,363.7329452054794,0.0,0.0,363.7329452054794,0.0,363.7329452054794
24,19,0.0,0.0,339.1046917808219,0.0,0.0,339.1046917808219,0.0,339.1046917808219
24,20,0.0,0.0,382.2246917808219,0.0,0.0,382.2246917808219,0.0,382.2246917808219
24,21,0.0,0.0,217.15965753424652,0.0,0.0,217.15965753424652,0.0,217.15965753424652
24,22,0.0,434.48,434.48,0.0,0.0,434.48,0.0,514.6831506849315
24,23,538.12,0.0,400.63876712328766,400.63876712328766,137.48123287671234,0.0,400.63876712328766,400.63876712328766
24,24,0.0,0.0,420.8831506849314,0.0,0.0,420.8831506849314,0.0,420.8831506849314
24,25,0.0,0.0,414.17273972602743,0.0,0.0,414.17273972602743,0.0,414.17273972602743
24,26,344.07,0.0,433.2189726027399,344.07,0.0,89.14897260273989,344.07,433.2189726027399
24,27,0.0,0.0,324.58712328767126,0.0,0.0,324.58712328767126,0.0,324.58712328767126
24,28,0.0,0.0,103.27541095890413,0.0,0.0,103.27541095890413,0.0,357.3754109589041
24,29,102.15,0.0,292.1207876712329,102.15,0.0,189.9707876712329,102.15,292.1207876712329
24,30,0.0,0.0,87.14301369863023,0.0,0.0,87.14301369863023,0.0,408.68301369863025
24,31,0.0,0.0,575.8559589041095,0.0,0.0,575.8559589041095,0.0,575.8559589041095
24,32,0.0,0.0,35.37071917808237,0.0,0.0,35.37071917808237,0.0,515.9707191780824
24,33,0.0,0.0,332.5119863013699,0.0,0.0,332.5119863013699,0.0,332.5119863013699
24,34,552.11,0.0,484.3216095890409,484.3216095890409,67.7883904109591,0.0,484.3216095890409,484.3216095890409
24,35,0.0,0.0,392.25914383561656,0.0,0.0,392.25914383561656,0.0,392.25914383561656
24,36,0.0,0.0,556.6009246575342,0.0,0.0,556.6009246575342,0.0,556.6009246575342
24,37,455.53,0.0,367.40099315068494,367.40099315068494,88.12900684931503,0.0,367.40099315068494,367.40099315068494
24,38,0.0,0.0,453.86154109589035,0.0,0.0,453.86154109589035,0.0,453.86154109589035
24,39,0.0,333.2752739726027,333.2752739726027,0.0,0.0,333.2752739726027,0.0,333.2752739726027
24,40,0.0,0.0,363.6351369863013,0.0,0.0,363.6351369863013,0.0,363.6351369863013
24,41,0.0,0.0,342.41434931506853,0.0,0.0,342.41434931506853,0.0,342.41434931506853
24,42,318.81,261.9,261.9,261.9,56.910000000000025,0.0,261.9,271.86130136986304
24,43,0.0,480.8273630136987,480.8273630136987,0.0,0.0,480.8273630136987,0.0,480.8273630136987
24,44,0.0,0.0,279.9872945205479,0.0,0.0,279.9872945205479,0.0,279.9872945205479
24,45,0.0,0.0,535.524212328767,0.0,0.0,535.524212328767,0.0,535.524212328767
24,46,0.0,0.0,423.32404109589044,0.0,0.0,423.32404109589044,0.0,423.32404109589044
24,47,0.0,0.0,388.81476027397264,0.0,0.0,388.81476027397264,0.0,388.81476027397264
24,48,0.0,491.48,491.48,0.0,0.0,491.48,0.0,527.1062328767123
24,49,0.0,0.0,338.29465753424654,0.0,0.0,338.29465753424654,0.0,338.29465753424654
24,50,0.0,0.0,404.66832191780827,0.0,0.0,404.66832191780827,0.0,404.66832191780827
24,51,0.0,0.0,245.63647260273976,0.0,0.0,245.63647260273976,0.0,245.63647260273976
24,52,0.0,0.0,0.0,0.0,0.0,0.0,0.0,465.3753424657534
24,53,0.0,0.0,310.62667808219175,0.0,0.0,310.62667808219175,0.0,310.62667808219175
24,54,556.52,2.842170943040401e-14,468.95541095890394,468.95541095890394,87.56458904109604,0.0,468.95541095890394,468.955410958904
24,55,0.0,0.0,305.61544520547955,0.0,0.0,305.61544520547955,0.0,305.61544520547955
24,56,0.0,0.0,376.81647260273974,0.0,0.0,376.81647260273974,0.0,376.81647260273974
24,57,0.0,0.0,313.2279452054794,0.0,0.0,313.2279452054794,0.0,313.2279452054794
24,58,0.0,497.21479452054797,497.21479452054797,0.0,0.0,497.21479452054797,0.0,497.21479452054797
24,59,0.0,0.0,482.4107534246574,0.0,0.0,482.4107534246574,0.0,482.4107534246574
24,60,0.0,135.96705479452078,430.6970547945208,0.0,0.0,430.6970547945208,0.0,430.6970547945208
24,61,0.0,0.0,297.4455821917809,0.0,0.0,297.4455821917809,0.0,297.4455821917809
24,62,0.0,363.9398287671233,363.9398287671233,0.0,0.0,363.9398287671233,0.0,363.9398287671233
24,63,599.75,0.0,454.9069863013698,454.9069863013698,144.84301369863022,0.0,454.9069863013698,454.9069863013698
24,64,0.0,0.0,351.72698630136995,0.0,0.0,351.72698630136995,0.0,351.72698630136995
24,65,0.0,0.0,343.8869863013699,0.0,0.0,343.8869863013699,0.0,343.8869863013699
24,66,0.0,0.0,0.0,0.0,0.0,0.0,0.0,407.6145547945206
24,67,0.0,0.0,476.1551027397259,0.0,0.0,476.1551027397259,0.0,476.1551027397259
24,68,0.0,0.0,430.29191780821895,0.0,0.0,430.29191780821895,0.0,430.29191780821895
24,69,144.13,0.0,278.01890410958913,144.13,0.0,133.88890410958913,144.13,278.01890410958913
24,70,0.0,197.0,532.8097945205478,0.0,0.0,532.8097945205478,0.0,532.8097945205478
24,71,0.0,0.0,206.50311643835613,0.0,0.0,206.50311643835613,0.0,206.50311643835613
24,72,0.0,0.0,470.0392123287671,0.0,0.0,470.0392123287671,0.0,470.0392123287671
24,73,0.0,0.0,393.43020547945207,0.0,0.0,393.43020547945207,0.0,393.43020547945207
24,74,0.0,0.0,0.0,0.0,0.0,0.0,0.0,427.86421232876705
24,75,0.0,0.0,419.05044520547926,0.0,0.0,419.05044520547926,0.0,419.05044520547926
24,76,0.0,0.0,300.4021232876712,0.0,0.0,300.4021232876712,0.0,300.4021232876712
24,77,0.0,0.0,389.77486301369856,0.0,0.0,389.77486301369856,0.0,389.77486301369856
24,78,461.56,259.3933904109589,259.3933904109589,259.3933904109589,202.16660958904112,0.0,259.3933904109589,259.3933904109589
24,79,0.0,0.0,330.1576369863013,0.0,0.0,330.1576369863013,0.0,330.1576369863013
24,80,0.0,0.0,403.9877397260275,0.0,0.0,403.9877397260275,0.0,403.9877397260275
24,81,0.0,0.0,432.53695205479454,0.0,0.0,432.53695205479454,0.0,432.53695205479454
24,82,0.0,0.0,390.9296232876712,0.0,0.0,390.9296232876712,0.0,390.9296232876712
24,83,0.0,0.0,256.84510273972603,0.0,0.0,256.84510273972603,0.0,256.84510273972603
24,84,0.0,122.80000000000001,376.2492808219178,0.0,0.0,376.2492808219178,0.0,376.2492808219178
24,85,0.0,0.0,265.6598287671234,0.0,0.0,265.6598287671234,0.0,265.6598287671234
24,86,133.53,0.0,503.9685958904107,133.53,0.0,370.43859589041074,133.52999999999997,503.9685958904107
24,87,0.0,0.0,269.4978424657534,0.0,0.0,269.4978424657534,0.0,269.4978424657534
24,88,0.0,0.0,504.29510273972596,0.0,0.0,504.29510273972596,0.0,504.29510273972596
24,89,0.0,0.0,358.29476027397266,0.0,0.0,358.29476027397266,0.0,358.29476027397266
24,90,0.0,0.0,503.18133561643833,0.0,0.0,503.18133561643833,0.0,503.18133561643833
24,91,116.61,0.0,244.73815068493167,116.61,0.0,128.12815068493165,116.61000000000001,436.5981506849317
24,92,0.0,0.0,451.02246575342457,0.0,0.0,451.02246575342457,0.0,451.02246575342457
24,93,0.0,0.0,385.8469520547945,0.0,0.0,385.8469520547945,0.0,385.8469520547945
24,94,0.0,0.0,276.4630821917808,0.0,0.0,276.4630821917808,0.0,276.4630821917808
24,95,0.0,0.0,271.58202054794526,0.0,0.0,271.58202054794526,0.0,271.58202054794526
25,0,0.0,0.0,225.44938356164386,0.0,0.0,225.44938356164386,0.0,225.44938356164386
25,1,0.0,0.0,509.6604109589041,0.0,0.0,509.6604109589041,0.0,509.6604109589041
25,2,0.0,546.2143150684931,546.2143150684931,0.0,0.0,546.2143150684931,0.0,546.2143150684931
25,3,0.0,0.0,241.21928082191778,0.0,0.0,241.21928082191778,0.0,241.21928082191778
25,4,0.0,0.0,524.5339726027396,0.0,0.0,524.5339726027396,0.0,524.5339726027396
25,5,0.0,0.0,424.828801369863,0.0,0.0,424.828801369863,0.0,424.828801369863
25,6,0.0,229.32931506849337,486.7493150684934,0.0,0.0,486.7493150684934,0.0,486.7493150684934
25,7,470.51,0.0,347.7283561643836,347.7283561643836,122.78164383561636,0.0,347.7283561643836,347.7283561643836
25,8,0.0,0.0,377.5047260273973,0.0,0.0,377.5047260273973,0.0,377.5047260273973
25,9,195.42,0.0,465.06106164383544,195.42,0.0,269.6410616438354,195.42000000000002,465.06106164383544
25,10,0.0,0.0,0.0,0.0,0.0,0.0,0.0,452.51907534246584
25,11,0.0,0.0,289.2730821917808,0.0,0.0,289.2730821917808,0.0,289.2730821917808
25,12,0.0,134.19,386.6066438356164,0.0,0.0,386.6066438356164,0.0,386.6066438356164
25,13,0.0,0.0,467.8044863013699,0.0,0.0,467.8044863013699,0.0,467.8044863013699
25,14,0.0,0.0,112.28863013698623,0.0,0.0,112.28863013698623,0.0,423.9286301369862
25,15,0.0,0.0,370.4582191780823,0.0,0.0,370.4582191780823,0.0,370.4582191780823
25,16,0.0,0.0,372.61815068493144,0.0,0.0,372.61815068493144,0.0,372.61815068493144
25,17,309.39,143.93,440.7528424657535,309.39,0.0,131.3628424657535,309.39,440.7528424657535
25,18,0.0,0.0,363.7329452054794,0.0,0.0,363.7329452054794,0.0,363.7329452054794
25,19,0.0,0.0,339.1046917808219,0.0,0.0,339.1046917808219,0.0,339.1046917808219
25,20,0.0,0.0,382.2246917808219,0.0,0.0,382.2246917808219,0.0,382.2246917808219
25,21,261.95,0.0,217.15965753424652,217.15965753424652,44.79034246575347,0.0,217.15965753424652,217.15965753424652
25,22,0.0,80.20315068493153,514.6831506849315,0.0,0.0,514.6831506849315,0.0,514.6831506849315
25,23,0.0,0.0,0.0,0.0,0.0,0.0,0.0,400.63876712328766
25,24,0.0,0.0,420.8831506849314,0.0,0.0,420.8831506849314,0.0,420.8831506849314
25,25,0.0,0.0,414.17273972602743,0.0,0.0,414.17273972602743,0.0,414.17273972602743
25,26,0.0,0.0,89.14897260273989,0.0,0.0,89.14897260273989,0.0,433.2189726027399
25,27,0.0,0.0,324.58712328767126,0.0,0.0,324.58712328767126,0.0,324.58712328767126
25,28,0.0,254.1,357.3754109589041,0.0,0.0,357.3754109589041,0.0,357.3754109589041
25,29,0.0,0.0,189.9707876712329,0.0,0.0,189.9707876712329,0.0,292.1207876712329
25,30,0.0,321.54,408.68301369863025,0.0,0.0,408.68301369863025,0.0,408.68301369863025
25,31,0.0,0.0,575.8559589041095,0.0,0.0,575.8559589041095,0.0,575.8559589041095
25,32,0.0,480.6,515.9707191780824,0.0,0.0,515.9707191780824,0.0,515.9707191780824
25,33,312.9,0.0,332.5119863013699,312.9,0.0,19.61198630136994,312.9,332.5119863013699
25,34,0.0,0.0,0.0,0.0,0.0,0.0,0.0,484.3216095890409
25,35,0.0,0.0,392.25914383561656,0.0,0.0,392.25914383561656,0.0,392.25914383561656
25,36,0.0,0.0,556.6009246575342,0.0,0.0,556.6009246575342,0.0,556.6009246575342
25,37,0.0,0.0,0.0,0.0,0.0,0.0,0.0,367.40099315068494
25,38,540.85,0.0,453.86154109589035,453.86154109589035,86.98845890410968,0.0,453.86154109589035,453.86154109589035
25,39,0.0,0.0,333.2752739726027,0.0,0.0,333.2752739726027,0.0,333.2752739726027
25,40,0.0,0.0,363.6351369863013,0.0,0.0,363.6351369863013,0.0,363.6351369863013
25,41,150.44,0.0,342.41434931506853,150.44,0.0,191.97434931506854,150.44,342.41434931506853
25,42,0.0,9.961301369863065,9.961301369863065,0.0,0.0,9.961301369863065,0.0,271.86130136986304
25,43,0.0,0.0,480.8273630136987,0.0,0.0,480.8273630136987,0.0,480.8273630136987
25,44,0.0,0.0,279.9872945205479,0.0,0.0,279.9872945205479,0.0,279.9872945205479
25,45,0.0,0.0,535.524212328767,0.0,0.0,535.524212328767,0.0,535.524212328767
25,46,0.0,0.0,423.32404109589044,0.0,0.0,423.32404109589044,0.0,423.32404109589044
25,47,0.0,0.0,388.81476027397264,0.0,0.0,388.81476027397264,0.0,388.81476027397264
25,48,462.35,35.626232876712265,527.1062328767123,462.35,0.0,64.75623287671226,462.35,527.1062328767123
25,49,0.0,0.0,338.29465753424654,0.0,0.0,338.29465753424654,0.0,338.29465753424654
25,50,0.0,0.0,404.66832191780827,0.0,0.0,404.66832191780827,0.0,404.66832191780827
25,51,0.0,0.0,245.63647260273976,0.0,0.0,245.63647260273976,0.0,245.63647260273976
25,52,0.0,465.3753424657534,465.3753424657534,0.0,0.0,465.3753424657534,0.0,465.3753424657534
25,53,0.0,0.0,310.62667808219175,0.0,0.0,310.62667808219175,0.0,310.62667808219175
25,54,0.0,2.842170943040401e-14,2.842170943040401e-14,0.0,0.0,2.842170943040401e-14,0.0,468.955410958904
25,55,0.0,0.0,305.61544520547955,0.0,0.0,305.61544520547955,0.0,305.61544520547955
25,56,0.0,0.0,376.81647260273974,0.0,0.0,376.81647260273974,0.0,376.81647260273974
25,57,490.38,0.0,313.2279452054794,313.2279452054794,177.1520547945206,0.0,313.2279452054794,313.2279452054794
25,58,0.0,0.0,497.21479452054797,0.0,0.0,497.21479452054797,0.0,497.21479452054797
25,59,0.0,0.0,482.4107534246574,0.0,0.0,482.4107534246574,0.0,482.4107534246574
25,60,490.41,0.0,430.6970547945208,430.6970547945208,59.71294520547923,0.0,430.6970547945208,430.6970547945208
25,61,0.0,0.0,297.4455821917809,0.0,0.0,297.4455821917809,0.0,297.4455821917809
25,62,324.09,0.0,363.9398287671233,324.09,0.0,39.84982876712331,324.09,363.9398287671233
25,63,0.0,0.0,0.0,0.0,0.0,0.0,0.0,454.9069863013698
25,64,0.0,0.0,351.72698630136995,0.0,0.0,351.72698630136995,0.0,351.72698630136995
25,65,0.0,0.0,343.8869863013699,0.0,0.0,343.8869863013699,0.0,343.8869863013699
25,66,592.53,407.6145547945206,407.6145547945206,407.6145547945206,184.9154452054794,0.0,407.6145547945206,407.6145547945206
25,67,0.0,0.0,476.1551027397259,0.0,0.0,476.1551027397259,0.0,476.1551027397259
25,68,264.32,0.0,430.29191780821895,264.32,0.0,165.97191780821896,264.32,430.29191780821895
25,69,0.0,0.0,133.88890410958913,0.0,0.0,133.88890410958913,0.0,278.01890410958913
25,70,0.0,0.0,532.8097945205478,0.0,0.0,532.8097945205478,0.0,532.8097945205478
25,71,0.0,0.0,206.50311643835613,0.0,0.0,206.50311643835613,0.0,206.50311643835613
25,72,0.0,0.0,470.0392123287671,0.0,0.0,470.0392123287671,0.0,470.0392123287671
25,73,0.0,0.0,393.43020547945207,0.0,0.0,393.43020547945207,0.0,393.43020547945207
25,74,0.0,427.86421232876705,427.86421232876705,0.0,0.0,427.86421232876705,0.0,427.86421232876705
25,75,0.0,0.0,419.05044520547926,0.0,0.0,419.05044520547926,0.0,419.05044520547926
25,76,0.0,0.0,300.4021232876712,0.0,0.0,300.4021232876712,0.0,300.4021232876712
25,77,189.0,0.0,389.77486301369856,189.0,0.0,200.77486301369856,189.0,389.77486301369856
25,78,0.0,0.0,0.0,0.0,0.0,0.0,0.0,259.3933904109589
25,79,0.0,0.0,330.1576369863013,0.0,0.0,330.1576369863013,0.0,330.1576369863013
25,80,0.0,0.0,403.9877397260275,0.0,0.0,403.9877397260275,0.0,403.9877397260275
25,81,362.27,0.0,432.53695205479454,362.27,0.0,70.26695205479456,362.27,432.53695205479454
25,82,0.0,0.0,390.9296232876712,0.0,0.0,390.9296232876712,0.0,390.9296232876712
25,83,0.0,0.0,256.84510273972603,0.0,0.0,256.84510273972603,0.0,256.84510273972603
25,84,0.0,0.0,376.2492808219178,0.0,0.0,376.2492808219178,0.0,376.2492808219178
25,85,209.04,0.0,265.6598287671234,209.04,0.0,56.61982876712338,209.04,265.6598287671234
25,86,0.0,0.0,370.43859589041074,0.0,0.0,370.43859589041074,0.0,503.9685958904107
25,87,0.0,0.0,269.4978424657534,0.0,0.0,269.4978424657534,0.0,269.4978424657534
25,88,162.11,0.0,504.29510273972596,162.11,0.0,342.18510273972595,162.11,504.29510273972596
25,89,0.0,0.0,358.29476027397266,0.0,0.0,358.29476027397266,0.0,358.29476027397266
25,90,0.0,0.0,503.18133561643833,0.0,0.0,503.18133561643833,0.0,503.18133561643833
25,91,0.0,191.86,319.98815068493167,0.0,0.0,319.98815068493167,0.0,436.5981506849317
25,92,0.0,0.0,451.02246575342457,0.0,0.0,451.02246575342457,0.0,451.02246575342457
25,93,0.0,0.0,385.8469520547945,0.0,0.0,385.8469520547945,0.0,385.8469520547945
25,94,0.0,0.0,276.4630821917808,0.0,0.0,276.4630821917808,0.0,276.4630821917808
25,95,0.0,0.0,271.58202054794526,0.0,0.0,271.58202054794526,0.0,271.58202054794526
26,0,0.0,0.0,225.44938356164386,0.0,0.0,225.44938356164386,0.0,225.44938356164386
26,1,0.0,0.0,509.6604109589041,0.0,0.0,509.6604109589041,0.0,509.6604109589041
26,2,0.0,0.0,546.2143150684931,0.0,0.0,546.2143150684931,0.0,546.2143150684931
26,3,0.0,0.0,241.21928082191778,0.0,0.0,241.21928082191778,0.0,241.21928082191778
26,4,0.0,0.0,524.5339726027396,0.0,0.0,524.5339726027396,0.0,524.5339726027396
26,5,0.0,0.0,424.828801369863,0.0,0.0,424.828801369863,0.0,424.828801369863
26,6,0.0,0.0,486.7493150684934,0.0,0.0,486.7493150684934,0.0,486.7493150684934
26,7,0.0,0.0,0.0,0.0,0.0,0.0,0.0,347.7283561643836
26,8,0.0,0.0,377.5047260273973,0.0,0.0,377.5047260273973,0.0,377.5047260273973
26,9,0.0,0.0,269.6410616438354,0.0,0.0,269.6410616438354,0.0,465.06106164383544
26,10,207.93,452.51907534246584,452.51907534246584,207.93,0.0,244.58907534246583,207.93,452.51907534246584
26,11,0.0,0.0,289.2730821917808,0.0,0.0,289.2730821917808,0.0,289.2730821917808
26,12,0.0,0.0,386.6066438356164,0.0,0.0,386.6066438356164,0.0,386.6066438356164
26,13,0.0,0.0,467.8044863013699,0.0,0.0,467.8044863013699,0.0,467.8044863013699
26,14,0.0,311.64,423.9286301369862,0.0,0.0,423.9286301369862,0.0,423.9286301369862
26,15,0.0,0.0,370.4582191780823,0.0,0.0,370.4582191780823,0.0,370.4582191780823
26,16,0.0,0.0,372.61815068493144,0.0,0.0,372.61815068493144,0.0,372.61815068493144
26,17,0.0,0.0,131.3628424657535,0.0,0.0,131.3628424657535,0.0,440.7528424657535
26,18,0.0,0.0,363.7329452054794,0.0,0.0,363.7329452054794,0.0,363.7329452054794
26,19,0.0,0.0,339.1046917808219,0.0,0.0,339.1046917808219,0.0,339.1046917808219
26,20,0.0,0.0,382.2246917808219,0.0,0.0,382.2246917808219,0.0,382.2246917808219
26,21,512.75,0.0,0.0,0.0,512.75,0.0,0.0,217.15965753424652
26,22,193.49,0.0,514.6831506849315,193.49,0.0,321.19315068493154,193.49,514.6831506849315
26,23,0.0,400.63876712328766,400.63876712328766,0.0,0.0,400.63876712328766,0.0,400.63876712328766
26,24,0.0,0.0,420.8831506849314,0.0,0.0,420.8831506849314,0.0,420.8831506849314
26,25,418.64,0.0,414.17273972602743,414.17273972602743,4.467260273972556,0.0,414.17273972602743,414.17273972602743
26,26,0.0,344.07,433.2189726027399,0.0,0.0,433.2189726027399,0.0,433.2189726027399
26,27,0.0,0.0,324.58712328767126,0.0,0.0,324.58712328767126,0.0,324.58712328767126
26,28,0.0,0.0,357.3754109589041,0.0,0.0,357.3754109589041,0.0,357.3754109589041
26,29,0.0,102.15,292.1207876712329,0.0,0.0,292.1207876712329,0.0,292.1207876712329
26,30,160.28,0.0,408.68301369863025,160.28,0.0,248.40301369863025,160.28,408.68301369863025
26,31,0.0,0.0,575.8559589041095,0.0,0.0,575.8559589041095,0.0,575.8559589041095
26,32,578.37,0.0,515.9707191780824,515.9707191780824,62.399280821917614,0.0,515.9707191780824,515.9707191780824
26,33,0.0,0.0,19.61198630136994,0.0,0.0,19.61198630136994,0.0,332.5119863013699
26,34,0.0,484.3216095890409,484.3216095890409,0.0,0.0,484.3216095890409,0.0,484.3216095890409
26,35,0.0,0.0,392.25914383561656,0.0,0.0,392.25914383561656,0.0,392.25914383561656
26,36,0.0,0.0,556.6009246575342,0.0,0.0,556.6009246575342,0.0,556.6009246575342
26,37,0.0,367.40099315068494,367.40099315068494,0.0,0.0,367.40099315068494,0.0,367.40099315068494
26,38,0.0,0.0,0.0,0.0,0.0,0.0,0.0,453.86154109589035
26,39,423.32,0.0,333.2752739726027,333.2752739726027,90.0447260273973,0.0,333.2752739726027,333.2752739726027
26,40,0.0,0.0,363.6351369863013,0.0,0.0,363.6351369863013,0.0,363.6351369863013
26,41,105.49,0.0,191.97434931506854,105.49,0.0,86.48434931506854,105.49000000000001,342.41434931506853
26,42,0.0,261.9,271.86130136986304,0.0,0.0,271.86130136986304,0.0,271.86130136986304
26,43,409.56,0.0,480.8273630136987,409.56,0.0,71.26736301369868,409.56,480.8273630136987
26,44,0.0,0.0,279.9872945205479,0.0,0.0,279.9872945205479,0.0,279.9872945205479
26,45,0.0,0.0,535.524212328767,0.0,0.0,535.524212328767,0.0,535.524212328767
26,46,0.0,0.0,423.32404109589044,0.0,0.0,423.32404109589044,0.0,423.32404109589044
26,47,0.0,0.0,388.81476027397264,0.0,0.0,388.81476027397264,0.0,388.81476027397264
26,48,0.0,0.0,64.75623287671226,0.0,0.0,64.75623287671226,0.0,527.1062328767123
26,49,0.0,0.0,338.29465753424654,0.0,0.0,338.29465753424654,0.0,338.29465753424654
26,50,0.0,0.0,404.66832191780827,0.0,0.0,404.66832191780827,0.0,404.66832191780827
26,51,0.0,0.0,245.63647260273976,0.0,0.0,245.63647260273976,0.0,245.63647260273976
26,52,0.0,0.0,465.3753424657534,0.0,0.0,465.3753424657534,0.0,465.3753424657534
26,53,0.0,0.0,310.62667808219175,0.0,0.0,310.62667808219175,0.0,310.62667808219175
26,54,0.0,468.95541095890394,468.95541095890394,0.0,0.0,468.95541095890394,5.684341886080802e-14,468.955410958904
26,55,0.0,0.0,305.61544520547955,0.0,0.0,305.61544520547955,0.0,305.61544520547955
26,56,0.0,0.0,376.81647260273974,0.0,0.0,376.81647260273974,0.0,376.81647260273974
26,57,117.84,0.0,0.0,0.0,117.84,0.0,0.0,313.2279452054794
26,58,0.0,0.0,497.21479452054797,0.0,0.0,497.21479452054797,0.0,497.21479452054797
26,59,0.0,0.0,482.4107534246574,0.0,0.0,482.4107534246574,0.0,482.4107534246574
26,60,0.0,0.0,0.0,0.0,0.0,0.0,0.0,430.6970547945208
26,61,0.0,0.0,297.4455821917809,0.0,0.0,297.4455821917809,0.0,297.4455821917809
26,62,0.0,0.0,39.84982876712331,0.0,0.0,39.84982876712331,0.0,363.9398287671233
26,63,494.06,454.9069863013698,454.9069863013698,454.9069863013698,39.15301369863022,0.0,454.9069863013698,454.9069863013698
26,64,0.0,0.0,351.72698630136995,0.0,0.0,351.72698630136995,0.0,351.72698630136995
26,65,0.0,0.0,343.8869863013699,0.0,0.0,343.8869863013699,0.0,343.8869863013699
26,66,588.63,0.0,0.0,0.0,588.63,0.0,0.0,407.6145547945206
26,67,0.0,0.0,476.1551027397259,0.0,0.0,476.1551027397259,0.0,476.1551027397259
26,68,0.0,0.0,165.97191780821896,0.0,0.0,165.97191780821896,0.0,430.29191780821895
26,69,0.0,144.13,278.01890410958913,0.0,0.0,278.01890410958913,0.0,278.01890410958913
26,70,0.0,0.0,532.8097945205478,0.0,0.0,532.8097945205478,0.0,532.8097945205478
26,71,0.0,0.0,206.50311643835613,0.0,0.0,206.50311643835613,0.0,206.50311643835613
26,72,0.0,0.0,470.0392123287671,0.0,0.0,470.0392123287671,0.0,470.0392123287671
26,73,0.0,0.0,393.43020547945207,0.0,0.0,393.43020547945207,0.0,393.43020547945207
26,74,0.0,0.0,427.86421232876705,0.0,0.0,427.86421232876705,0.0,427.86421232876705
26,75,0.0,0.0,419.05044520547926,0.0,0.0,419.05044520547926,0.0,419.05044520547926
26,76,0.0,0.0,300.4021232876712,0.0,0.0,300.4021232876712,0.0,300.4021232876712
26,77,0.0,0.0,200.77486301369856,0.0,0.0,200.77486301369856,0.0,389.77486301369856
26,78,0.0,259.3933904109589,259.3933904109589,0.0,0.0,259.3933904109589,0.0,259.3933904109589
26,79,0.0,0.0,330.1576369863013,0.0,0.0,330.1576369863013,0.0,330.1576369863013
26,80,0.0,0.0,403.9877397260275,0.0,0.0,403.9877397260275,0.0,403.9877397260275
26,81,0.0,0.0,70.26695205479456,0.0,0.0,70.26695205479456,0.0,432.53695205479454
26,82,0.0,0.0,390.9296232876712,0.0,0.0,390.9296232876712,0.0,390.9296232876712
26,83,0.0,0.0,256.84510273972603,0.0,0.0,256.84510273972603,0.0,256.84510273972603
26,84,0.0,0.0,376.2492808219178,0.0,0.0,376.2492808219178,0.0,376.2492808219178
26,85,447.52,0.0,56.61982876712338,56.61982876712338,390.9001712328766,0.0,56.61982876712338,265.6598287671234
26,86,0.0,133.52999999999997,503.9685958904107,0.0,0.0,503.9685958904107,0.0,503.9685958904107
26,87,0.0,0.0,269.4978424657534,0.0,0.0,269.4978424657534,0.0,269.4978424657534
26,88,0.0,0.0,342.18510273972595,0.0,0.0,342.18510273972595,0.0,504.29510273972596
26,89,0.0,0.0,358.29476027397266,0.0,0.0,358.29476027397266,0.0,358.29476027397266
26,90,0.0,0.0,503.18133561643833,0.0,0.0,503.18133561643833,0.0,503.18133561643833
26,91,312.85,116.61000000000001,436.5981506849317,312.85,0.0,123.74815068493166,312.85,436.5981506849317
26,92,0.0,0.0,451.02246575342457,0.0,0.0,451.02246575342457,0.0,451.02246575342457
26,93,226.62,0.0,385.8469520547945,226.62,0.0,159.22695205479448,226.62,385.8469520547945
26,94,0.0,0.0,276.4630821917808,0.0,0.0,276.4630821917808,0.0,276.4630821917808
26,95,0.0,0.0,271.58202054794526,0.0,0.0,271.58202054794526,0.0,271.58202054794526
27,0,0.0,0.0,225.44938356164386,0.0,0.0,225.44938356164386,0.0,225.44938356164386
27,1,0.0,0.0,509.6604109589041,0.0,0.0,509.6604109589041,0.0,509.6604109589041
27,2,231.8,0.0,546.2143150684931,231.8,0.0,314.41431506849307,231.8,546.2143150684931
27,3,0.0,0.0,241.21928082191778,0.0,0.0,241.21928082191778,0.0,241.21928082191778
27,4,0.0,0.0,524.5339726027396,0.0,0.0,524.5339726027396,0.0,524.5339726027396
27,5,0.0,0.0,424.828801369863,0.0,0.0,424.828801369863,0.0,424.828801369863
27,6,0.0,0.0,486.7493150684934,0.0,0.0,486.7493150684934,0.0,486.7493150684934
27,7,0.0,347.7283561643836,347.7283561643836,0.0,0.0,347.7283561643836,0.0,347.7283561643836
27,8,0.0,0.0,377.5047260273973,0.0,0.0,377.5047260273973,0.0,377.5047260273973
27,9,0.0,195.42000000000002,465.06106164383544,0.0,0.0,465.06106164383544,0.0,465.06106164383544
27,10,588.26,0.0,244.58907534246583,244.58907534246583,343.67092465753416,0.0,244.58907534246583,452.51907534246584
27,11,0.0,0.0,289.2730821917808,0.0,0.0,289.2730821917808,0.0,289.2730821917808
27,12,0.0,0.0,386.6066438356164,0.0,0.0,386.6066438356164,0.0,386.6066438356164
27,13,0.0,0.0,467.8044863013699,0.0,0.0,467.8044863013699,0.0,467.8044863013699
27,14,0.0,0.0,423.9286301369862,0.0,0.0,423.9286301369862,0.0,423.9286301369862
27,15,0.0,0.0,370.4582191780823,0.0,0.0,370.4582191780823,0.0,370.4582191780823
27,16,287.89,0.0,372.61815068493144,287.89,0.0,84.72815068493145,287.89,372.61815068493144
27,17,0.0,309.39,440.7528424657535,0.0,0.0,440.7528424657535,0.0,440.7528424657535
27,18,549.76,0.0,363.7329452054794,363.7329452054794,186.0270547945206,0.0,363.7329452054794,363.7329452054794
27,19,0.0,0.0,339.1046917808219,0.0,0.0,339.1046917808219,0.0,339.1046917808219
27,20,0.0,0.0,382.2246917808219,0.0,0.0,382.2246917808219,0.0,382.2246917808219
27,21,0.0,217.15965753424652,217.15965753424652,0.0,0.0,217.15965753424652,0.0,217.15965753424652
27,22,0.0,0.0,321.19315068493154,0.0,0.0,321.19315068493154,0.0,514.6831506849315
27,23,0.0,0.0,400.63876712328766,0.0,0.0,400.63876712328766,0.0,400.63876712328766
27,24,0.0,0.0,420.8831506849314,0.0,0.0,420.8831506849314,0.0,420.8831506849314
27,25,0.0,0.0,0.0,0.0,0.0,0.0,0.0,414.17273972602743
27,26,0.0,0.0,433.2189726027399,0.0,0.0,433.2189726027399,0.0,433.2189726027399
27,27,0.0,0.0,324.58712328767126,0.0,0.0,324.58712328767126,0.0,324.58712328767126
27,28,0.0,0.0,357.3754109589041,0.0,0.0,357.3754109589041,0.0,357.3754109589041
27,29,0.0,0.0,292.1207876712329,0.0,0.0,292.1207876712329,0.0,292.1207876712329
27,30,0.0,0.0,248.40301369863025,0.0,0.0,248.40301369863025,0.0,408.68301369863025
27,31,0.0,0.0,575.8559589041095,0.0,0.0,575.8559589041095,0.0,575.8559589041095
27,32,0.0,0.0,0.0,0.0,0.0,0.0,0.0,515.9707191780824
27,33,0.0,312.9,332.5119863013699,0.0,0.0,332.5119863013699,0.0,332.5119863013699
27,34,0.0,0.0,484.3216095890409,0.0,0.0,484.3216095890409,0.0,484.3216095890409
27,35,0.0,0.0,392.25914383561656,0.0,0.0,392.25914383561656,0.0,392.25914383561656
27,36,0.0,0.0,556.6009246575342,0.0,0.0,556.6009246575342,0.0,556.6009246575342
27,37,0.0,0.0,367.40099315068494,0.0,0.0,367.40099315068494,0.0,367.40099315068494
27,38,0.0,453.86154109589035,453.86154109589035,0.0,0.0,453.86154109589035,0.0,453.86154109589035
27,39,0.0,0.0,0.0,0.0,0.0,0.0,0.0,333.2752739726027
27,40,0.0,0.0,363.6351369863013,0.0,0.0,363.6351369863013,0.0,363.6351369863013
27,41,0.0,150.44,236.92434931506853,0.0,0.0,236.92434931506853,0.0,342.41434931506853
27,42,0.0,0.0,271.86130136986304,0.0,0.0,271.86130136986304,0.0,271.86130136986304
27,43,0.0,0.0,71.26736301369868,0.0,0.0,71.26736301369868,0.0,480.8273630136987
27,44,282.75,0.0,279.9872945205479,279.9872945205479,2.7627054794521086,0.0,279.9872945205479,279.9872945205479
27,45,206.66,0.0,535.524212328767,206.66,0.0,328.86421232876705,206.65999999999997,535.524212328767
27,46,0.0,0.0,423.32404109589044,0.0,0.0,423.32404109589044,0.0,423.32404109589044
27,47,0.0,0.0,388.81476027397264,0.0,0.0,388.81476027397264,0.0,388.81476027397264
27,48,0.0,462.35,527.1062328767123,0.0,0.0,527.1062328767123,0.0,527.1062328767123
27,49,0.0,0.0,338.29465753424654,0.0,0.0,338.29465753424654,0.0,338.29465753424654
27,50,0.0,0.0,404.66832191780827,0.0,0.0,404.66832191780827,0.0,404.66832191780827
27,51,0.0,0.0,245.63647260273976,0.0,0.0,245.63647260273976,0.0,245.63647260273976
27,52,0.0,0.0,465.3753424657534,0.0,0.0,465.3753424657534,0.0,465.3753424657534
27,53,0.0,0.0,310.62667808219175,0.0,0.0,310.62667808219175,0.0,310.62667808219175
27,54,0.0,0.0,468.95541095890394,0.0,0.0,468.95541095890394,0.0,468.955410958904
27,55,206.23,0.0,305.61544520547955,206.23,0.0,99.38544520547956,206.23,305.61544520547955
27,56,0.0,0.0,376.81647260273974,0.0,0.0,376.81647260273974,0.0,376.81647260273974
27,57,0.0,313.2279452054794,313.2279452054794,0.0,0.0,313.2279452054794,0.0,313.2279452054794
27,58,127.42,0.0,497.21479452054797,127.42,0.0,369.79479452054795,127.42000000000002,497.21479452054797
27,59,0.0,0.0,482.4107534246574,0.0,0.0,482.4107534246574,0.0,482.4107534246574
27,60,0.0,430.6970547945208,430.6970547945208,0.0,0.0,430.6970547945208,0.0,430.6970547945208
27,61,0.0,0.0,297.4455821917809,0.0,0.0,297.4455821917809,0.0,297.4455821917809
27,62,0.0,324.09,363.9398287671233,0.0,0.0,363.9398287671233,0.0,363.9398287671233
27,63,0.0,0.0,0.0,0.0,0.0,0.0,0.0,454.9069863013698
27,64,0.0,0.0,351.72698630136995,0.0,0.0,351.72698630136995,0.0,351.72698630136995
27,65,0.0,0.0,343.8869863013699,0.0,0.0,343.8869863013699,0.0,343.8869863013699
27,66,0.0,407.6145547945206,407.6145547945206,0.0,0.0,407.6145547945206,0.0,407.6145547945206
27,67,305.58,0.0,476.1551027397259,305.58,0.0,170.57510273972593,305.58,476.1551027397259
27,68,0.0,264.32,430.29191780821895,0.0,0.0,430.29191780821895,0.0,430.29191780821895
27,69,0.0,0.0,278.01890410958913,0.0,0.0,278.01890410958913,0.0,278.01890410958913
27,70,0.0,0.0,532.8097945205478,0.0,0.0,532.8097945205478,0.0,532.8097945205478
27,71,0.0,0.0,206.50311643835613,0.0,0.0,206.50311643835613,0.0,206.50311643835613
27,72,0.0,0.0,470.0392123287671,0.0,0.0,470.0392123287671,0.0,470.0392123287671
27,73,0.0,0.0,393.43020547945207,0.0,0.0,393.43020547945207,0.0,393.43020547945207
27,74,187.59,0.0,427.86421232876705,187.59,0.0,240.27421232876705,187.59,427.86421232876705
27,75,0.0,0.0,419.05044520547926,0.0,0.0,419.05044520547926,0.0,419.05044520547926
27,76,0.0,0.0,300.4021232876712,0.0,0.0,300.4021232876712,0.0,300.4021232876712
27,77,0.0,189.0,389.77486301369856,0.0,0.0,389.77486301369856,0.0,389.77486301369856
27,78,569.46,0.0,259.3933904109589,259.3933904109589,310.06660958904115,0.0,259.3933904109589,259.3933904109589
27,79,0.0,0.0,330.1576369863013,0.0,0.0,330.1576369863013,0.0,330.1576369863013
27,80,0.0,0.0,403.9877397260275,0.0,0.0,403.9877397260275,0.0,403.9877397260275
27,81,0.0,362.27,432.53695205479454,0.0,0.0,432.53695205479454,0.0,432.53695205479454
27,82,0.0,0.0,390.9296232876712,0.0,0.0,390.9296232876712,0.0,390.9296232876712
27,83,0.0,0.0,256.84510273972603,0.0,0.0,256.84510273972603,0.0,256.84510273972603
27,84,269.57,0.0,376.2492808219178,269.57,0.0,106.67928082191781,269.57,376.2492808219178
27,85,0.0,209.04,209.04,0.0,0.0,209.04,0.0,265.6598287671234
27,86,383.19,0.0,503.9685958904107,383.19,0.0,120.77859589041071,383.19,503.9685958904107
27,87,0.0,0.0,269.4978424657534,0.0,0.0,269.4978424657534,0.0,269.4978424657534
27,88,0.0,162.11,504.29510273972596,0.0,0.0,504.29510273972596,0.0,504.29510273972596
27,89,0.0,0.0,358.29476027397266,0.0,0.0,358.29476027397266,0.0,358.29476027397266
27,90,0.0,0.0,503.18133561643833,0.0,0.0,503.18133561643833,0.0,503.18133561643833
27,91,0.0,0.0,123.74815068493166,0.0,0.0,123.74815068493166,0.0,436.5981506849317
27,92,0.0,0.0,451.02246575342457,0.0,0.0,451.02246575342457,0.0,451.02246575342457
27,93,0.0,0.0,159.22695205479448,0.0,0.0,159.22695205479448,0.0,385.8469520547945
27,94,0.0,0.0,276.4630821917808,0.0,0.0,276.4630821917808,0.0,276.4630821917808
27,95,227.01,0.0,271.58202054794526,227.01,0.0,44.57202054794527,227.01,271.58202054794526
28,0,517.2,0.0,225.44938356164386,225.44938356164386,291.7506164383562,0.0,225.44938356164386,225.44938356164386
28,1,0.0,0.0,509.6604109589041,0.0,0.0,509.6604109589041,0.0,509.6604109589041
28,2,0.0,0.0,314.41431506849307,0.0,0.0,314.41431506849307,0.0,546.2143150684931
28,3,0.0,0.0,241.21928082191778,0.0,0.0,241.21928082191778,0.0,241.21928082191778
28,4,0.0,0.0,524.5339726027396,0.0,0.0,524.5339726027396,0.0,524.5339726027396
28,5,0.0,0.0,424.828801369863,0.0,0.0,424.828801369863,0.0,424.828801369863
28,6,0.0,0.0,486.7493150684934,0.0,0.0,486.7493150684934,0.0,486.7493150684934
28,7,0.0,0.0,347.7283561643836,0.0,0.0,347.7283561643836,0.0,347.7283561643836
28,8,356.22,0.0,377.5047260273973,356.22,0.0,21.284726027397255,356.22,377.5047260273973
28,9,0.0,0.0,465.06106164383544,0.0,0.0,465.06106164383544,0.0,465.06106164383544
28,10,0.0,207.93,207.93,0.0,0.0,207.93,0.0,452.51907534246584
28,11,0.0,0.0,289.2730821917808,0.0,0.0,289.2730821917808,0.0,289.2730821917808
28,12,0.0,0.0,386.6066438356164,0.0,0.0,386.6066438356164,0.0,386.6066438356164
28,13,0.0,0.0,467.8044863013699,0.0,0.0,467.8044863013699,0.0,467.8044863013699
28,14,0.0,0.0,423.9286301369862,0.0,0.0,423.9286301369862,0.0,423.9286301369862
28,15,0.0,0.0,370.4582191780823,0.0,0.0,370.4582191780823,0.0,370.4582191780823
28,16,0.0,0.0,84.72815068493145,0.0,0.0,84.72815068493145,0.0,372.61815068493144
28,17,0.0,0.0,440.7528424657535,0.0,0.0,440.7528424657535,0.0,440.7528424657535
28,18,0.0,0.0,0.0,0.0,0.0,0.0,0.0,363.7329452054794
28,19,0.0,0.0,339.1046917808219,0.0,0.0,339.1046917808219,0.0,339.1046917808219
28,20,0.0,0.0,382.2246917808219,0.0,0.0,382.2246917808219,0.0,382.2246917808219
28,21,0.0,0.0,217.15965753424652,0.0,0.0,217.15965753424652,0.0,217.15965753424652
28,22,569.18,193.49,514.6831506849315,514.6831506849315,54.4968493150684,0.0,514.6831506849315,514.6831506849315
28,23,0.0,0.0,400.63876712328766,0.0,0.0,400.63876712328766,0.0,400.63876712328766
28,24,0.0,0.0,420.8831506849314,0.0,0.0,420.8831506849314,0.0,420.8831506849314
28,25,373.47,414.17273972602743,414.17273972602743,373.47,0.0,40.7027397260274,373.47,414.17273972602743
28,26,0.0,0.0,433.2189726027399,0.0,0.0,433.2189726027399,0.0,433.2189726027399
28,27,0.0,0.0,324.58712328767126,0.0,0.0,324.58712328767126,0.0,324.58712328767126
28,28,0.0,0.0,357.3754109589041,0.0,0.0,357.3754109589041,0.0,357.3754109589041
28,29,0.0,0.0,292.1207876712329,0.0,0.0,292.1207876712329,0.0,292.1207876712329
28,30,0.0,160.28,408.68301369863025,0.0,0.0,408.68301369863025,0.0,408.68301369863025
28,31,0.0,0.0,575.8559589041095,0.0,0.0,575.8559589041095,0.0,575.8559589041095
28,32,0.0,515.9707191780824,515.9707191780824,0.0,0.0,515.9707191780824,0.0,515.9707191780824
28,33,0.0,0.0,332.5119863013699,0.0,0.0,332.5119863013699,0.0,332.5119863013699
28,34,0.0,0.0,484.3216095890409,0.0,0.0,484.3216095890409,0.0,484.3216095890409
28,35,0.0,0.0,392.25914383561656,0.0,0.0,392.25914383561656,0.0,392.25914383561656
28,36,0.0,0.0,556.6009246575342,0.0,0.0,556.6009246575342,0.0,556.6009246575342
28,37,545.49,0.0,367.40099315068494,367.40099315068494,178.08900684931507,0.0,367.40099315068494,367.40099315068494
28,38,533.5,0.0,453.86154109589035,453.86154109589035,79.63845890410965,0.0,453.86154109589035,453.86154109589035
28,39,0.0,333.2752739726027,333.2752739726027,0.0,0.0,333.2752739726027,0.0,333.2752739726027
28,40,0.0,0.0,363.6351369863013,0.0,0.0,363.6351369863013,0.0,363.6351369863013
28,41,223.34,105.49000000000001,342.41434931506853,223.34,0.0,119.07434931506853,223.34,342.41434931506853
28,42,0.0,0.0,271.86130136986304,0.0,0.0,271.86130136986304,0.0,271.86130136986304
28,43,0.0,409.56,480.8273630136987,0.0,0.0,480.8273630136987,0.0,480.8273630136987
28,44,0.0,0.0,0.0,0.0,0.0,0.0,0.0,279.9872945205479
28,45,0.0,0.0,328.86421232876705,0.0,0.0,328.86421232876705,0.0,535.524212328767
28,46,338.49,0.0,423.32404109589044,338.49,0.0,84.83404109589043,338.49,423.32404109589044
28,47,0.0,0.0,388.81476027397264,0.0,0.0,388.81476027397264,0.0,388.81476027397264
28,48,318.86,0.0,527.1062328767123,318.86,0.0,208.24623287671227,318.86,527.1062328767123
28,49,391.04,0.0,338.29465753424654,338.29465753424654,52.74534246575348,0.0,338.29465753424654,338.29465753424654
28,50,0.0,0.0,404.66832191780827,0.0,0.0,404.66832191780827,0.0,404.66832191780827
28,51,0.0,0.0,245.63647260273976,0.0,0.0,245.63647260273976,0.0,245.63647260273976
28,52,0.0,0.0,465.3753424657534,0.0,0.0,465.3753424657534,0.0,465.3753424657534
28,53,0.0,0.0,310.62667808219175,0.0,0.0,310.62667808219175,0.0,310.62667808219175
28,54,0.0,5.684341886080802e-14,468.955410958904,0.0,0.0,468.955410958904,0.0,468.955410958904
28,55,0.0,0.0,99.38544520547956,0.0,0.0,99.38544520547956,0.0,305.61544520547955
28,56,0.0,0.0,376.81647260273974,0.0,0.0,376.81647260273974,0.0,376.81647260273974
28,57,0.0,0.0,313.2279452054794,0.0,0.0,313.2279452054794,0.0,313.2279452054794
28,58,0.0,0.0,369.79479452054795,0.0,0.0,369.79479452054795,0.0,497.21479452054797
28,59,0.0,0.0,482.4107534246574,0.0,0.0,482.4107534246574,0.0,482.4107534246574
28,60,0.0,0.0,430.6970547945208,0.0,0.0,430.6970547945208,0.0,430.6970547945208
28,61,0.0,0.0,297.4455821917809,0.0,0.0,297.4455821917809,0.0,297.4455821917809
28,62,447.45,0.0,363.9398287671233,363.9398287671233,83.5101712328767,0.0,363.9398287671233,363.9398287671233
28,63,0.0,454.9069863013698,454.9069863013698,0.0,0.0,454.9069863013698,0.0,454.9069863013698
28,64,0.0,0.0,351.72698630136995,0.0,0.0,351.72698630136995,0.0,351.72698630136995
28,65,0.0,0.0,343.8869863013699,0.0,0.0,343.8869863013699,0.0,343.8869863013699
28,66,0.0,0.0,407.6145547945206,0.0,0.0,407.6145547945206,0.0,407.6145547945206
28,67,0.0,0.0,170.57510273972593,0.0,0.0,170.57510273972593,0.0,476.1551027397259
28,68,269.33,0.0,430.29191780821895,269.33,0.0,160.96191780821897,269.33,430.29191780821895
28,69,0.0,0.0,278.01890410958913,0.0,0.0,278.01890410958913,0.0,278.01890410958913
28,70,0.0,0.0,532.8097945205478,0.0,0.0,532.8097945205478,0.0,532.8097945205478
28,71,0.0,0.0,206.50311643835613,0.0,0.0,206.50311643835613,0.0,206.50311643835613
28,72,0.0,0.0,470.0392123287671,0.0,0.0,470.0392123287671,0.0,470.0392123287671
28,73,0.0,0.0,393.43020547945207,0.0,0.0,393.43020547945207,0.0,393.43020547945207
28,74,0.0,0.0,240.27421232876705,0.0,0.0,240.27421232876705,0.0,427.86421232876705
28,75,0.0,0.0,419.05044520547926,0.0,0.0,419.05044520547926,0.0,419.05044520547926
28,76,0.0,0.0,300.4021232876712,0.0,0.0,300.4021232876712,0.0,300.4021232876712
28,77,0.0,0.0,389.77486301369856,0.0,0.0,389.77486301369856,0.0,389.77486301369856
28,78,0.0,0.0,0.0,0.0,0.0,0.0,0.0,259.3933904109589
28,79,0.0,0.0,330.1576369863013,0.0,0.0,330.1576369863013,0.0,330.1576369863013
28,80,0.0,0.0,403.9877397260275,0.0,0.0,403.9877397260275,0.0,403.9877397260275
28,81,787.31,0.0,432.53695205479454,432.53695205479454,354.7730479452054,0.0,432.53695205479454,432.53695205479454
28,82,127.78,0.0,390.9296232876712,127.78,0.0,263.14962328767115,127.78000000000003,390.9296232876712
28,83,0.0,0.0,256.84510273972603,0.0,0.0,256.84510273972603,0.0,256.84510273972603
28,84,0.0,0.0,106.67928082191781,0.0,0.0,106.67928082191781,0.0,376.2492808219178
28,85,0.0,56.61982876712338,265.6598287671234,0.0,0.0,265.6598287671234,0.0,265.6598287671234
28,86,0.0,0.0,120.77859589041071,0.0,0.0,120.77859589041071,0.0,503.9685958904107
28,87,0.0,0.0,269.4978424657534,0.0,0.0,269.4978424657534,0.0,269.4978424657534
28,88,0.0,0.0,504.29510273972596,0.0,0.0,504.29510273972596,0.0,504.29510273972596
28,89,0.0,0.0,358.29476027397266,0.0,0.0,358.29476027397266,0.0,358.29476027397266
28,90,0.0,0.0,503.18133561643833,0.0,0.0,503.18133561643833,0.0,503.18133561643833
28,91,0.0,312.85,436.5981506849317,0.0,0.0,436.5981506849317,0.0,436.5981506849317
28,92,0.0,0.0,451.02246575342457,0.0,0.0,451.02246575342457,0.0,451.02246575342457
28,93,0.0,226.62,385.8469520547945,0.0,0.0,385.8469520547945,0.0,385.8469520547945
28,94,0.0,0.0,276.4630821917808,0.0,0.0,276.4630821917808,0.0,276.4630821917808
28,95,0.0,0.0,44.57202054794527,0.0,0.0,44.57202054794527,0.0,271.58202054794526
29,0,0.0,0.0,0.0,0.0,0.0,0.0,0.0,225.44938356164386
29,1,0.0,0.0,509.6604109589041,0.0,0.0,509.6604109589041,0.0,509.6604109589041
29,2,0.0,231.8,546.2143150684931,0.0,0.0,546.2143150684931,0.0,546.2143150684931
29,3,0.0,0.0,241.21928082191778,0.0,0.0,241.21928082191778,0.0,241.21928082191778
29,4,120.09,0.0,524.5339726027396,120.09,0.0,404.44397260273956,120.09000000000003,524.5339726027396
29,5,0.0,0.0,424.828801369863,0.0,0.0,424.828801369863,0.0,424.828801369863
29,6,0.0,0.0,486.7493150684934,0.0,0.0,486.7493150684934,0.0,486.7493150684934
29,7,0.0,0.0,347.7283561643836,0.0,0.0,347.7283561643836,0.0,347.7283561643836
29,8,0.0,0.0,21.284726027397255,0.0,0.0,21.284726027397255,0.0,377.5047260273973
29,9,0.0,0.0,465.06106164383544,0.0,0.0,465.06106164383544,0.0,465.06106164383544
29,10,375.69,244.58907534246583,452.51907534246584,375.69,0.0,76.82907534246584,375.69,452.51907534246584
29,11,0.0,0.0,289.2730821917808,0.0,0.0,289.2730821917808,0.0,289.2730821917808
29,12,46.23,0.0,386.6066438356164,46.23,0.0,340.3766438356164,46.23000000000002,386.6066438356164
29,13,0.0,0.0,467.8044863013699,0.0,0.0,467.8044863013699,0.0,467.8044863013699
29,14,0.0,0.0,423.9286301369862,0.0,0.0,423.9286301369862,0.0,423.9286301369862
29,15,0.0,0.0,370.4582191780823,0.0,0.0,370.4582191780823,0.0,370.4582191780823
29,16,0.0,287.89,372.61815068493144,0.0,0.0,372.61815068493144,0.0,372.61815068493144
29,17,0.0,0.0,440.7528424657535,0.0,0.0,440.7528424657535,0.0,440.7528424657535
29,18,369.54,363.7329452054794,363.7329452054794,363.7329452054794,5.8070547945206386,0.0,363.7329452054794,363.7329452054794
29,19,0.0,0.0,339.1046917808219,0.0,0.0,339.1046917808219,0.0,339.1046917808219
29,20,0.0,0.0,382.2246917808219,0.0,0.0,382.2246917808219,0.0,382.2246917808219
29,21,0.0,0.0,217.15965753424652,0.0,0.0,217.15965753424652,0.0,217.15965753424652
29,22,457.92,0.0,0.0,0.0,457.92,0.0,0.0,514.6831506849315
29,23,0.0,0.0,400.63876712328766,0.0,0.0,400.63876712328766,0.0,400.63876712328766
29,24,0.0,0.0,420.8831506849314,0.0,0.0,420.8831506849314,0.0,420.8831506849314
29,25,0.0,0.0,40.7027397260274,0.0,0.0,40.7027397260274,0.0,414.17273972602743
29,26,0.0,0.0,433.2189726027399,0.0,0.0,433.2189726027399,0.0,433.2189726027399
29,27,0.0,0.0,324.58712328767126,0.0,0.0,324.58712328767126,0.0,324.58712328767126
29,28,0.0,0.0,357.3754109589041,0.0,0.0,357.3754109589041,0.0,357.3754109589041
29,29,0.0,0.0,292.1207876712329,0.0,0.0,292.1207876712329,0.0,292.1207876712329
29,30,0.0,0.0,408.68301369863025,0.0,0.0,408.68301369863025,0.0,408.68301369863025
29,31,0.0,0.0,575.8559589041095,0.0,0.0,575.8559589041095,0.0,575.8559589041095
29,32,0.0,0.0,515.9707191780824,0.0,0.0,515.9707191780824,0.0,515.9707191780824
29,33,0.0,0.0,332.5119863013699,0.0,0.0,332.5119863013699,0.0,332.5119863013699
29,34,0.0,0.0,484.3216095890409,0.0,0.0,484.3216095890409,0.0,484.3216095890409
29,35,0.0,0.0,392.25914383561656,0.0,0.0,392.25914383561656,0.0,392.25914383561656
29,36,307.11,0.0,556.6009246575342,307.11,0.0,249.49092465753415,307.11,556.6009246575342
29,37,460.66,0.0,0.0,0.0,460.66,0.0,0.0,367.40099315068494
29,38,0.0,0.0,0.0,0.0,0.0,0.0,0.0,453.86154109589035
29,39,0.0,0.0,333.2752739726027,0.0,0.0,333.2752739726027,0.0,333.2752739726027
29,40,0.0,0.0,363.6351369863013,0.0,0.0,363.6351369863013,0.0,363.6351369863013
29,41,0.0,0.0,119.07434931506853,0.0,0.0,119.07434931506853,0.0,342.41434931506853
29,42,137.9,0.0,271.86130136986304,137.9,0.0,133.96130136986304,137.9,271.86130136986304
29,43,0.0,0.0,480.8273630136987,0.0,0.0,480.8273630136987,0.0,480.8273630136987
29,44,0.0,279.9872945205479,279.9872945205479,0.0,0.0,279.9872945205479,0.0,279.9872945205479
29,45,299.38,206.65999999999997,535.524212328767,299.38,0.0,236.14421232876703,299.38,535.524212328767
29,46,0.0,0.0,84.83404109589043,0.0,0.0,84.83404109589043,0.0,423.32404109589044
29,47,0.0,0.0,388.81476027397264,0.0,0.0,388.81476027397264,0.0,388.81476027397264
29,48,0.0,0.0,208.24623287671227,0.0,0.0,208.24623287671227,0.0,527.1062328767123
29,49,0.0,0.0,0.0,0.0,0.0,0.0,0.0,338.29465753424654
29,50,0.0,0.0,404.66832191780827,0.0,0.0,404.66832191780827,0.0,404.66832191780827
29,51,0.0,0.0,245.63647260273976,0.0,0.0,245.63647260273976,0.0,245.63647260273976
29,52,0.0,0.0,465.3753424657534,0.0,0.0,465.3753424657534,0.0,465.3753424657534
29,53,0.0,0.0,310.62667808219175,0.0,0.0,310.62667808219175,0.0,310.62667808219175
29,54,0.0,0.0,468.955410958904,0.0,0.0,468.955410958904,0.0,468.955410958904
29,55,101.89,206.23,305.61544520547955,101.89,0.0,203.72544520547956,101.88999999999999,305.61544520547955
29,56,0.0,0.0,376.81647260273974,0.0,0.0,376.81647260273974,0.0,376.81647260273974
29,57,0.0,0.0,313.2279452054794,0.0,0.0,313.2279452054794,0.0,313.2279452054794
29,58,479.64,127.42000000000002,497.21479452054797,479.64,0.0,17.574794520547982,479.64,497.21479452054797
29,59,0.0,0.0,482.4107534246574,0.0,0.0,482.4107534246574,0.0,482.4107534246574
29,60,0.0,0.0,430.6970547945208,0.0,0.0,430.6970547945208,0.0,430.6970547945208
29,61,497.06,0.0,297.4455821917809,297.4455821917809,199.61441780821912,0.0,297.4455821917809,297.4455821917809
29,62,0.0,0.0,0.0,0.0,0.0,0.0,0.0,363.9398287671233
29,63,488.79,0.0,454.9069863013698,454.9069863013698,33.883013698630236,0.0,454.9069863013698,454.9069863013698
29,64,0.0,0.0,351.72698630136995,0.0,0.0,351.72698630136995,0.0,351.72698630136995
29,65,0.0,0.0,343.8869863013699,0.0,0.0,343.8869863013699,0.0,343.8869863013699
29,66,529.64,0.0,407.6145547945206,407.6145547945206,122.0254452054794,0.0,407.6145547945206,407.6145547945206
29,67,0.0,305.58,476.1551027397259,0.0,0.0,476.1551027397259,0.0,476.1551027397259
29,68,0.0,0.0,160.96191780821897,0.0,0.0,160.96191780821897,0.0,430.29191780821895
29,69,362.98,0.0,278.01890410958913,278.01890410958913,84.96109589041089,0.0,278.01890410958913,278.01890410958913
29,70,0.0,0.0,532.8097945205478,0.0,0.0,532.8097945205478,0.0,532.8097945205478
29,71,0.0,0.0,206.50311643835613,0.0,0.0,206.50311643835613,0.0,206.50311643835613
29,72,0.0,0.0,470.0392123287671,0.0,0.0,470.0392123287671,0.0,470.0392123287671
29,73,0.0,0.0,393.43020547945207,0.0,0.0,393.43020547945207,0.0,393.43020547945207
29,74,0.0,187.59,427.86421232876705,0.0,0.0,427.86421232876705,0.0,427.86421232876705
29,75,0.0,0.0,419.05044520547926,0.0,0.0,419.05044520547926,0.0,419.05044520547926
29,76,0.0,0.0,300.4021232876712,0.0,0.0,300.4021232876712,0.0,300.4021232876712
29,77,309.16,0.0,389.77486301369856,309.16,0.0,80.61486301369854,309.16,389.77486301369856
29,78,0.0,259.3933904109589,259.3933904109589,0.0,0.0,259.3933904109589,0.0,259.3933904109589
29,79,0.0,0.0,330.1576369863013,0.0,0.0,330.1576369863013,0.0,330.1576369863013
29,80,0.0,0.0,403.9877397260275,0.0,0.0,403.9877397260275,0.0,403.9877397260275
29,81,0.0,0.0,0.0,0.0,0.0,0.0,0.0,432.53695205479454
29,82,0.0,0.0,263.14962328767115,0.0,0.0,263.14962328767115,0.0,390.9296232876712
29,83,0.0,0.0,256.84510273972603,0.0,0.0,256.84510273972603,0.0,256.84510273972603
29,84,0.0,269.57,376.2492808219178,0.0,0.0,376.2492808219178,0.0,376.2492808219178
29,85,0.0,0.0,265.6598287671234,0.0,0.0,265.6598287671234,0.0,265.6598287671234
29,86,0.0,383.19,503.9685958904107,0.0,0.0,503.9685958904107,0.0,503.9685958904107
29,87,0.0,0.0,269.4978424657534,0.0,0.0,269.4978424657534,0.0,269.4978424657534
29,88,0.0,0.0,504.29510273972596,0.0,0.0,504.29510273972596,0.0,504.29510273972596
29,89,0.0,0.0,358.29476027397266,0.0,0.0,358.29476027397266,0.0,358.29476027397266
29,90,0.0,0.0,503.18133561643833,0.0,0.0,503.18133561643833,0.0,503.18133561643833
29,91,0.0,0.0,436.5981506849317,0.0,0.0,436.5981506849317,0.0,436.5981506849317
29,92,0.0,0.0,451.02246575342457,0.0,0.0,451.02246575342457,0.0,451.02246575342457
29,93,591.32,0.0,385.8469520547945,385.8469520547945,205.47304794520556,0.0,385.8469520547945,385.8469520547945
29,94,474.0,0.0,276.4630821917808,276.4630821917808,197.5369178082192,0.0,276.4630821917808,276.4630821917808
29,95,0.0,227.01,271.58202054794526,0.0,0.0,271.58202054794526,0.0,271.58202054794526
30,0,0.0,225.44938356164386,225.44938356164386,0.0,0.0,225.44938356164386,0.0,225.44938356164386
30,1,0.0,0.0,509.6604109589041,0.0,0.0,509.6604109589041,0.0,509.6604109589041
30,2,0.0,0.0,546.2143150684931,0.0,0.0,546.2143150684931,0.0,546.2143150684931
30,3,0.0,0.0,241.21928082191778,0.0,0.0,241.21928082191778,0.0,241.21928082191778
30,4,164.6,0.0,404.44397260273956,164.6,0.0,239.84397260273957,164.60000000000002,524.5339726027396
30,5,0.0,0.0,424.828801369863,0.0,0.0,424.828801369863,0.0,424.828801369863
30,6,0.0,0.0,486.7493150684934,0.0,0.0,486.7493150684934,0.0,486.7493150684934
30,7,0.0,0.0,347.7283561643836,0.0,0.0,347.7283561643836,0.0,347.7283561643836
30,8,0.0,356.22,377.5047260273973,0.0,0.0,377.5047260273973,0.0,377.5047260273973
30,9,394.86,0.0,465.06106164383544,394.86,0.0,70.20106164383543,394.86,465.06106164383544
30,10,0.0,0.0,76.82907534246584,0.0,0.0,76.82907534246584,0.0,452.51907534246584
30,11,0.0,0.0,289.2730821917808,0.0,0.0,289.2730821917808,0.0,289.2730821917808
30,12,0.0,0.0,340.3766438356164,0.0,0.0,340.3766438356164,0.0,386.6066438356164
30,13,584.73,0.0,467.8044863013699,467.8044863013699,116.92551369863014,0.0,467.8044863013699,467.8044863013699
30,14,0.0,0.0,423.9286301369862,0.0,0.0,423.9286301369862,0.0,423.9286301369862
30,15,0.0,0.0,370.4582191780823,0.0,0.0,370.4582191780823,0.0,370.4582191780823
30,16,0.0,0.0,372.61815068493144,0.0,0.0,372.61815068493144,0.0,372.61815068493144
30,17,0.0,0.0,440.7528424657535,0.0,0.0,440.7528424657535,0.0,440.7528424657535
30,18,0.0,0.0,0.0,0.0,0.0,0.0,0.0,363.7329452054794
30,19,0.0,0.0,339.1046917808219,0.0,0.0,339.1046917808219,0.0,339.1046917808219
30,20,0.0,0.0,382.2246917808219,0.0,0.0,382.2246917808219,0.0,382.2246917808219
30,21,0.0,0.0,217.15965753424652,0.0,0.0,217.15965753424652,0.0,217.15965753424652
30,22,571.23,514.6831506849315,514.6831506849315,514.6831506849315,56.54684931506847,0.0,514.6831506849315,514.6831506849315
30,23,0.0,0.0,400.63876712328766,0.0,0.0,400.63876712328766,0.0,400.63876712328766
30,24,593.42,0.0,420.8831506849314,420.8831506849314,172.53684931506854,0.0,420.8831506849314,420.8831506849314
30,25,0.0,373.47,414.17273972602743,0.0,0.0,414.17273972602743,0.0,414.17273972602743
30,26,0.0,0.0,433.2189726027399,0.0,0.0,433.2189726027399,0.0,433.2189726027399
30,27,459.82,0.0,324.58712328767126,324.58712328767126,135.23287671232873,0.0,324.58712328767126,324.58712328767126
30,28,0.0,0.0,357.3754109589041,0.0,0.0,357.3754109589041,0.0,357.3754109589041
30,29,0.0,0.0,292.1207876712329,0.0,0.0,292.1207876712329,0.0,292.1207876712329
30,30,0.0,0.0,408.68301369863025,0.0,0.0,408.68301369863025,0.0,408.68301369863025
30,31,314.57,0.0,575.8559589041095,314.57,0.0,261.28595890410946,314.57,575.8559589041095
30,32,248.55,0.0,515.9707191780824,248.55,0.0,267.4207191780824,248.55,515.9707191780824
30,33,237.24,0.0,332.5119863013699,237.24,0.0,95.2719863013699,237.24,332.5119863013699
30,34,0.0,0.0,484.3216095890409,0.0,0.0,484.3216095890409,0.0,484.3216095890409
30,35,0.0,0.0,392.25914383561656,0.0,0.0,392.25914383561656,0.0,392.25914383561656
30,36,0.0,0.0,249.49092465753415,0.0,0.0,249.49092465753415,0.0,556.6009246575342
30,37,0.0,367.40099315068494,367.40099315068494,0.0,0.0,367.40099315068494,0.0,367.40099315068494
30,38,0.0,453.86154109589035,453.86154109589035,0.0,0.0,453.86154109589035,0.0,453.86154109589035
30,39,0.0,0.0,333.2752739726027,0.0,0.0,333.2752739726027,0.0,333.2752739726027
30,40,0.0,0.0,363.6351369863013,0.0,0.0,363.6351369863013,0.0,363.6351369863013
30,41,0.0,223.34,342.41434931506853,0.0,0.0,342.41434931506853,0.0,342.41434931506853
30,42,234.77,0.0,133.96130136986304,133.96130136986304,100.80869863013697,0.0,133.96130136986304,271.86130136986304
30,43,0.0,0.0,480.8273630136987,0.0,0.0,480.8273630136987,0.0,480.8273630136987
30,44,178.56,0.0,279.9872945205479,178.56,0.0,101.42729452054789,178.56,279.9872945205479
30,45,0.0,0.0,236.14421232876703,0.0,0.0,236.14421232876703,0.0,535.524212328767
30,46,0.0,338.49,423.32404109589044,0.0,0.0,423.32404109589044,0.0,423.32404109589044
30,47,0.0,0.0,388.81476027397264,0.0,0.0,388.81476027397264,0.0,388.81476027397264
30,48,0.0,318.86,527.1062328767123,0.0,0.0,527.1062328767123,0.0,527.1062328767123
30,49,0.0,338.29465753424654,338.29465753424654,0.0,0.0,338.29465753424654,0.0,338.29465753424654
30,50,0.0,0.0,404.66832191780827,0.0,0.0,404.66832191780827,0.0,404.66832191780827
30,51,0.0,0.0,245.63647260273976,0.0,0.0,245.63647260273976,0.0,245.63647260273976
30,52,0.0,0.0,465.3753424657534,0.0,0.0,465.3753424657534,0.0,465.3753424657534
30,53,0.0,0.0,310.62667808219175,0.0,0.0,310.62667808219175,0.0,310.62667808219175
30,54,0.0,0.0,468.955410958904,0.0,0.0,468.955410958904,0.0,468.955410958904
30,55,107.31,0.0,203.72544520547956,107.31,0.0,96.41544520547956,107.31,305.61544520547955
30,56,0.0,0.0,376.81647260273974,0.0,0.0,376.81647260273974,0.0,376.81647260273974
30,57,533.67,0.0,313.2279452054794,313.2279452054794,220.44205479452057,0.0,313.2279452054794,313.2279452054794
30,58,0.0,0.0,17.574794520547982,0.0,0.0,17.574794520547982,0.0,497.21479452054797
30,59,0.0,0.0,482.4107534246574,0.0,0.0,482.4107534246574,0.0,482.4107534246574
30,60,0.0,0.0,430.6970547945208,0.0,0.0,430.6970547945208,0.0,430.6970547945208
30,61,182.5,0.0,0.0,0.0,182.5,0.0,0.0,297.4455821917809
30,62,124.61,363.9398287671233,363.9398287671233,124.61,0.0,239.32982876712327,124.61000000000001,363.9398287671233
30,63,0.0,0.0,0.0,0.0,0.0,0.0,0.0,454.9069863013698
30,64,0.0,0.0,351.72698630136995,0.0,0.0,351.72698630136995,0.0,351.72698630136995
30,65,0.0,0.0,343.8869863013699,0.0,0.0,343.8869863013699,0.0,343.8869863013699
30,66,0.0,0.0,0.0,0.0,0.0,0.0,0.0,407.6145547945206
30,67,0.0,0.0,476.1551027397259,0.0,0.0,476.1551027397259,0.0,476.1551027397259
30,68,0.0,269.33,430.29191780821895,0.0,0.0,430.29191780821895,0.0,430.29191780821895
30,69,0.0,0.0,0.0,0.0,0.0,0.0,0.0,278.01890410958913
30,70,0.0,0.0,532.8097945205478,0.0,0.0,532.8097945205478,0.0,532.8097945205478
30,71,0.0,0.0,206.50311643835613,0.0,0.0,206.50311643835613,0.0,206.50311643835613
30,72,0.0,0.0,470.0392123287671,0.0,0.0,470.0392123287671,0.0,470.0392123287671
30,73,0.0,0.0,393.43020547945207,0.0,0.0,393.43020547945207,0.0,393.43020547945207
30,74,0.0,0.0,427.86421232876705,0.0,0.0,427.86421232876705,0.0,427.86421232876705
30,75,434.3,0.0,419.05044520547926,419.05044520547926,15.249554794520748,0.0,419.05044520547926,419.05044520547926
30,76,0.0,0.0,300.4021232876712,0.0,0.0,300.4021232876712,0.0,300.4021232876712
30,77,0.0,0.0,80.61486301369854,0.0,0.0,80.61486301369854,0.0,389.77486301369856
30,78,0.0,0.0,259.3933904109589,0.0,0.0,259.3933904109589,0.0,259.3933904109589
30,79,0.0,0.0,330.1576369863013,0.0,0.0,330.1576369863013,0.0,330.1576369863013
30,80,0.0,0.0,403.9877397260275,0.0,0.0,403.9877397260275,0.0,403.9877397260275
30,81,0.0,432.53695205479454,432.53695205479454,0.0,0.0,432.53695205479454,0.0,432.53695205479454
30,82,0.0,127.78000000000003,390.9296232876712,0.0,0.0,390.9296232876712,0.0,390.9296232876712
30,83,0.0,0.0,256.84510273972603,0.0,0.0,256.84510273972603,0.0,256.84510273972603
30,84,169.56,0.0,376.2492808219178,169.56,0.0,206.6892808219178,169.56,376.2492808219178
30,85,0.0,0.0,265.6598287671234,0.0,0.0,265.6598287671234,0.0,265.6598287671234
30,86,237.31,0.0,503.9685958904107,237.31,0.0,266.6585958904107,237.31,503.9685958904107
30,87,0.0,0.0,269.4978424657534,0.0,0.0,269.4978424657534,0.0,269.4978424657534
30,88,0.0,0.0,504.29510273972596,0.0,0.0,504.29510273972596,0.0,504.29510273972596
30,89,0.0,0.0,358.29476027397266,0.0,0.0,358.29476027397266,0.0,358.29476027397266
30,90,564.43,0.0,503.18133561643833,503.18133561643833,61.24866438356162,0.0,503.18133561643833,503.18133561643833
30,91,0.0,0.0,436.5981506849317,0.0,0.0,436.5981506849317,0.0,436.5981506849317
30,92,0.0,0.0,451.02246575342457,0.0,0.0,451.02246575342457,0.0,451.02246575342457
30,93,0.0,0.0,0.0,0.0,0.0,0.0,0.0,385.8469520547945
30,94,0.0,0.0,0.0,0.0,0.0,0.0,0.0,276.4630821917808
30,95,481.2,0.0,271.58202054794526,271.58202054794526,209.61797945205473,0.0,271.58202054794526,271.58202054794526
31,0,0.0,0.0,225.44938356164386,0.0,0.0,225.44938356164386,0.0,225.44938356164386
31,1,0.0,0.0,509.6604109589041,0.0,0.0,509.6604109589041,0.0,509.6604109589041
31,2,0.0,0.0,546.2143150684931,0.0,0.0,546.2143150684931,0.0,546.2143150684931
31,3,0.0,0.0,241.21928082191778,0.0,0.0,241.21928082191778,0.0,241.21928082191778
31,4,0.0,120.09000000000003,359.9339726027396,0.0,0.0,359.9339726027396,0.0,524.5339726027396
31,5,0.0,0.0,424.828801369863,0.0,0.0,424.828801369863,0.0,424.828801369863
31,6,0.0,0.0,486.7493150684934,0.0,0.0,486.7493150684934,0.0,486.7493150684934
31,7,0.0,0.0,347.7283561643836,0.0,0.0,347.7283561643836,0.0,347.7283561643836
31,8,0.0,0.0,377.5047260273973,0.0,0.0,377.5047260273973,0.0,377.5047260273973
31,9,0.0,0.0,70.20106164383543,0.0,0.0,70.20106164383543,0.0,465.06106164383544
31,10,0.0,375.69,452.51907534246584,0.0,0.0,452.51907534246584,0.0,452.51907534246584
31,11,0.0,0.0,289.2730821917808,0.0,0.0,289.2730821917808,0.0,289.2730821917808
31,12,0.0,46.23000000000002,386.6066438356164,0.0,0.0,386.6066438356164,0.0,386.6066438356164
31,13,218.43,0.0,0.0,0.0,218.43,0.0,0.0,467.8044863013699
31,14,0.0,0.0,423.9286301369862,0.0,0.0,423.9286301369862,0.0,423.9286301369862
31,15,157.19,0.0,370.4582191780823,157.19,0.0,213.2682191780823,157.19,370.4582191780823
31,16,0.0,0.0,372.61815068493144,0.0,0.0,372.61815068493144,0.0,372.61815068493144
31,17,0.0,0.0,440.7528424657535,0.0,0.0,440.7528424657535,0.0,440.7528424657535
31,18,0.0,363.7329452054794,363.7329452054794,0.0,0.0,363.7329452054794,0.0,363.7329452054794
31,19,0.0,0.0,339.1046917808219,0.0,0.0,339.1046917808219,0.0,339.1046917808219
31,20,0.0,0.0,382.2246917808219,0.0,0.0,382.2246917808219,0.0,382.2246917808219
31,21,0.0,0.0,217.15965753424652,0.0,0.0,217.15965753424652,0.0,217.15965753424652
31,22,382.75,0.0,0.0,0.0,382.75,0.0,0.0,514.6831506849315
31,23,0.0,0.0,400.63876712328766,0.0,0.0,400.63876712328766,0.0,400.63876712328766
31,24,0.0,0.0,0.0,0.0,0.0,0.0,0.0,420.8831506849314
31,25,0.0,0.0,414.17273972602743,0.0,0.0,414.17273972602743,0.0,414.17273972602743
31,26,548.19,0.0,433.2189726027399,433.2189726027399,114.97102739726017,0.0,433.2189726027399,433.2189726027399
31,27,0.0,0.0,0.0,0.0,0.0,0.0,0.0,324.58712328767126
31,28,0.0,0.0,357.3754109589041,0.0,0.0,357.3754109589041,0.0,357.3754109589041
31,29,0.0,0.0,292.1207876712329,0.0,0.0,292.1207876712329,0.0,292.1207876712329
31,30,0.0,0.0,408.68301369863025,0.0,0.0,408.68301369863025,0.0,408.68301369863025
31,31,465.81,0.0,261.28595890410946,261.28595890410946,204.52404109589054,0.0,261.28595890410946,575.8559589041095
31,32,0.0,0.0,267.4207191780824,0.0,0.0,267.4207191780824,0.0,515.9707191780824
31,33,0.0,0.0,95.2719863013699,0.0,0.0,95.2719863013699,0.0,332.5119863013699
31,34,0.0,0.0,484.3216095890409,0.0,0.0,484.3216095890409,0.0,484.3216095890409
31,35,505.05,0.0,392.25914383561656,392.25914383561656,112.79085616438346,0.0,392.25914383561656,392.25914383561656
31,36,0.0,307.11,556.6009246575342,0.0,0.0,556.6009246575342,0.0,556.6009246575342
31,37,0.0,0.0,367.40099315068494,0.0,0.0,367.40099315068494,0.0,367.40099315068494
31,38,103.91,0.0,453.86154109589035,103.91,0.0,349.9515410958903,103.91000000000003,453.86154109589035
31,39,0.0,0.0,333.2752739726027,0.0,0.0,333.2752739726027,0.0,333.2752739726027
31,40,0.0,0.0,363.6351369863013,0.0,0.0,363.6351369863013,0.0,363.6351369863013
31,41,0.0,0.0,342.41434931506853,0.0,0.0,342.41434931506853,0.0,342.41434931506853
31,42,0.0,137.9,137.9,0.0,0.0,137.9,0.0,271.86130136986304
31,43,389.06,0.0,480.8273630136987,389.06,0.0,91.76736301369868,389.06,480.8273630136987
31,44,0.0,0.0,101.42729452054789,0.0,0.0,101.42729452054789,0.0,279.9872945205479
31,45,0.0,299.38,535.524212328767,0.0,0.0,535.524212328767,0.0,535.524212328767
31,46,0.0,0.0,423.32404109589044,0.0,0.0,423.32404109589044,0.0,423.32404109589044
31,47,499.52,0.0,388.81476027397264,388.81476027397264,110.70523972602734,0.0,388.81476027397264,388.81476027397264
31,48,0.0,0.0,527.1062328767123,0.0,0.0,527.1062328767123,0.0,527.1062328767123
31,49,0.0,0.0,338.29465753424654,0.0,0.0,338.29465753424654,0.0,338.29465753424654
31,50,484.12,0.0,404.66832191780827,404.66832191780827,79.45167808219173,0.0,404.66832191780827,404.66832191780827
31,51,0.0,0.0,245.63647260273976,0.0,0.0,245.63647260273976,0.0,245.63647260273976
31,52,0.0,0.0,465.3753424657534,0.0,0.0,465.3753424657534,0.0,465.3753424657534
31,53,0.0,0.0,310.62667808219175,0.0,0.0,310.62667808219175,0.0,310.62667808219175
31,54,0.0,0.0,468.955410958904,0.0,0.0,468.955410958904,0.0,468.955410958904
31,55,0.0,101.88999999999999,198.30544520547954,0.0,0.0,198.30544520547954,0.0,305.61544520547955
31,56,0.0,0.0,376.81647260273974,0.0,0.0,376.81647260273974,0.0,376.81647260273974
31,57,503.17,0.0,0.0,0.0,503.17,0.0,0.0,313.2279452054794
31,58,0.0,479.64,497.21479452054797,0.0,0.0,497.21479452054797,0.0,497.21479452054797
31,59,512.96,0.0,482.4107534246574,482.4107534246574,30.549246575342636,0.0,482.4107534246574,482.4107534246574
31,60,0.0,0.0,430.6970547945208,0.0,0.0,430.6970547945208,0.0,430.6970547945208
31,61,490.52,297.4455821917809,297.4455821917809,297.4455821917809,193.0744178082191,0.0,297.4455821917809,297.4455821917809
31,62,0.0,0.0,239.32982876712327,0.0,0.0,239.32982876712327,0.0,363.9398287671233
31,63,0.0,454.9069863013698,454.9069863013698,0.0,0.0,454.9069863013698,0.0,454.9069863013698
31,64,0.0,0.0,351.72698630136995,0.0,0.0,351.72698630136995,0.0,351.72698630136995
31,65,0.0,0.0,343.8869863013699,0.0,0.0,343.8869863013699,0.0,343.8869863013699
31,66,0.0,407.6145547945206,407.6145547945206,0.0,0.0,407.6145547945206,0.0,407.6145547945206
31,67,0.0,0.0,476.1551027397259,0.0,0.0,476.1551027397259,0.0,476.1551027397259
31,68,0.0,0.0,430.29191780821895,0.0,0.0,430.29191780821895,0.0,430.29191780821895
31,69,0.0,278.01890410958913,278.01890410958913,0.0,0.0,278.01890410958913,0.0,278.01890410958913
31,70,0.0,0.0,532.8097945205478,0.0,0.0,532.8097945205478,0.0,532.8097945205478
31,71,457.3,0.0,206.50311643835613,206.50311643835613,250.79688356164388,0.0,206.50311643835613,206.50311643835613
31,72,0.0,0.0,470.0392123287671,0.0,0.0,470.0392123287671,0.0,470.0392123287671
31,73,0.0,0.0,393.43020547945207,0.0,0.0,393.43020547945207,0.0,393.43020547945207
31,74,181.11,0.0,427.86421232876705,181.11,0.0,246.75421232876704,181.11,427.86421232876705
31,75,0.0,0.0,0.0,0.0,0.0,0.0,0.0,419.05044520547926
31,76,0.0,0.0,300.4021232876712,0.0,0.0,300.4021232876712,0.0,300.4021232876712
31,77,598.15,309.16,389.77486301369856,389.77486301369856,208.3751369863014,0.0,389.77486301369856,389.77486301369856
31,78,0.0,0.0,259.3933904109589,0.0,0.0,259.3933904109589,0.0,259.3933904109589
31,79,0.0,0.0,330.1576369863013,0.0,0.0,330.1576369863013,0.0,330.1576369863013
31,80,0.0,0.0,403.9877397260275,0.0,0.0,403.9877397260275,0.0,403.9877397260275
31,81,0.0,0.0,432.53695205479454,0.0,0.0,432.53695205479454,0.0,432.53695205479454
31,82,0.0,0.0,390.9296232876712,0.0,0.0,390.9296232876712,0.0,390.9296232876712
31,83,396.9,0.0,256.84510273972603,256.84510273972603,140.05489726027395,0.0,256.84510273972603,256.84510273972603
31,84,0.0,0.0,206.6892808219178,0.0,0.0,206.6892808219178,0.0,376.2492808219178
31,85,0.0,0.0,265.6598287671234,0.0,0.0,265.6598287671234,0.0,265.6598287671234
31,86,0.0,0.0,266.6585958904107,0.0,0.0,266.6585958904107,0.0,503.9685958904107
31,87,0.0,0.0,269.4978424657534,0.0,0.0,269.4978424657534,0.0,269.4978424657534
31,88,213.85,0.0,504.29510273972596,213.85,0.0,290.44510273972594,213.85000000000002,504.29510273972596
31,89,0.0,0.0,358.29476027397266,0.0,0.0,358.29476027397266,0.0,358.29476027397266
31,90,0.0,0.0,0.0,0.0,0.0,0.0,0.0,503.18133561643833
31,91,261.37,0.0,436.5981506849317,261.37,0.0,175.22815068493168,261.37,436.5981506849317
31,92,0.0,0.0,451.02246575342457,0.0,0.0,451.02246575342457,0.0,451.02246575342457
31,93,0.0,385.8469520547945,385.8469520547945,0.0,0.0,385.8469520547945,0.0,385.8469520547945
31,94,467.74,276.4630821917808,276.4630821917808,276.4630821917808,191.2769178082192,0.0,276.4630821917808,276.4630821917808
31,95,0.0,0.0,0.0,0.0,0.0,0.0,0.0,271.58202054794526
32,0,0.0,0.0,225.44938356164386,0.0,0.0,225.44938356164386,0.0,225.44938356164386
32,1,0.0,0.0,509.6604109589041,0.0,0.0,509.6604109589041,0.0,509.6604109589041
32,2,384.85,0.0,546.2143150684931,384.85,0.0,161.36431506849306,384.85,546.2143150684931
32,3,0.0,0.0,241.21928082191778,0.0,0.0,241.21928082191778,0.0,241.21928082191778
32,4,219.73,164.60000000000002,524.5339726027396,219.73,0.0,304.8039726027396,219.73000000000002,524.5339726027396
32,5,0.0,0.0,424.828801369863,0.0,0.0,424.828801369863,0.0,424.828801369863
32,6,0.0,0.0,486.7493150684934,0.0,0.0,486.7493150684934,0.0,486.7493150684934
32,7,0.0,0.0,347.7283561643836,0.0,0.0,347.7283561643836,0.0,347.7283561643836
32,8,180.82,0.0,377.5047260273973,180.82,0.0,196.6847260273973,180.82,377.5047260273973
32,9,0.0,394.86,465.06106164383544,0.0,0.0,465.06106164383544,0.0,465.06106164383544
32,10,0.0,0.0,452.51907534246584,0.0,0.0,452.51907534246584,0.0,452.51907534246584
32,11,0.0,0.0,289.2730821917808,0.0,0.0,289.2730821917808,0.0,289.2730821917808
32,12,0.0,0.0,386.6066438356164,0.0,0.0,386.6066438356164,0.0,386.6066438356164
32,13,0.0,467.8044863013699,467.8044863013699,0.0,0.0,467.8044863013699,0.0,467.8044863013699
32,14,0.0,0.0,423.9286301369862,0.0,0.0,423.9286301369862,0.0,423.9286301369862
32,15,0.0,0.0,213.2682191780823,0.0,0.0,213.2682191780823,0.0,370.4582191780823
32,16,103.46,0.0,372.61815068493144,103.46,0.0,269.15815068493146,103.45999999999998,372.61815068493144
32,17,0.0,0.0,440.7528424657535,0.0,0.0,440.7528424657535,0.0,440.7528424657535
32,18,0.0,0.0,363.7329452054794,0.0,0.0,363.7329452054794,0.0,363.7329452054794
32,19,0.0,0.0,339.1046917808219,0.0,0.0,339.1046917808219,0.0,339.1046917808219
32,20,0.0,0.0,382.2246917808219,0.0,0.0,382.2246917808219,0.0,382.2246917808219
32,21,0.0,0.0,217.15965753424652,0.0,0.0,217.15965753424652,0.0,217.15965753424652
32,22,0.0,514.6831506849315,514.6831506849315,0.0,0.0,514.6831506849315,0.0,514.6831506849315
32,23,0.0,0.0,400.63876712328766,0.0,0.0,400.63876712328766,0.0,400.63876712328766
32,24,59.17,420.8831506849314,420.8831506849314,59.17,0.0,361.7131506849314,59.170000000000016,420.8831506849314
32,25,0.0,0.0,414.17273972602743,0.0,0.0,414.17273972602743,0.0,414.17273972602743
32,26,0.0,0.0,0.0,0.0,0.0,0.0,0.0,433.2189726027399
32,27,0.0,324.58712328767126,324.58712328767126,0.0,0.0,324.58712328767126,0.0,324.58712328767126
32,28,0.0,0.0,357.3754109589041,0.0,0.0,357.3754109589041,0.0,357.3754109589041
32,29,0.0,0.0,292.1207876712329,0.0,0.0,292.1207876712329,0.0,292.1207876712329
32,30,0.0,0.0,408.68301369863025,0.0,0.0,408.68301369863025,0.0,408.68301369863025
32,31,0.0,314.57,314.57,0.0,0.0,314.57,0.0,575.8559589041095
32,32,507.61,248.55,515.9707191780824,507.61,0.0,8.360719178082377,507.61,515.9707191780824
32,33,113.39,237.24,332.5119863013699,113.39,0.0,219.12198630136993,113.38999999999999,332.5119863013699
32,34,0.0,0.0,484.3216095890409,0.0,0.0,484.3216095890409,0.0,484.3216095890409
32,35,0.0,0.0,0.0,0.0,0.0,0.0,0.0,392.25914383561656
32,36,0.0,0.0,556.6009246575342,0.0,0.0,556.6009246575342,0.0,556.6009246575342
32,37,0.0,0.0,367.40099315068494,0.0,0.0,367.40099315068494,0.0,367.40099315068494
32,38,0.0,0.0,349.9515410958903,0.0,0.0,349.9515410958903,0.0,453.86154109589035
32,39,0.0,0.0,333.2752739726027,0.0,0.0,333.2752739726027,0.0,333.2752739726027
32,40,0.0,0.0,363.6351369863013,0.0,0.0,363.6351369863013,0.0,363.6351369863013
32,41,0.0,0.0,342.41434931506853,0.0,0.0,342.41434931506853,0.0,342.41434931506853
32,42,0.0,133.96130136986304,271.86130136986304,0.0,0.0,271.86130136986304,0.0,271.86130136986304
32,43,0.0,0.0,91.76736301369868,0.0,0.0,91.76736301369868,0.0,480.8273630136987
32,44,0.0,178.56,279.9872945205479,0.0,0.0,279.9872945205479,0.0,279.9872945205479
32,45,0.0,0.0,535.524212328767,0.0,0.0,535.524212328767,0.0,535.524212328767
32,46,0.0,0.0,423.32404109589044,0.0,0.0,423.32404109589044,0.0,423.32404109589044
32,47,0.0,0.0,0.0,0.0,0.0,0.0,0.0,388.81476027397264
32,48,0.0,0.0,527.1062328767123,0.0,0.0,527.1062328767123,0.0,527.1062328767123
32,49,0.0,0.0,338.29465753424654,0.0,0.0,338.29465753424654,0.0,338.29465753424654
32,50,330.33,0.0,0.0,0.0,330.33,0.0,0.0,404.66832191780827
32,51,0.0,0.0,245.63647260273976,0.0,0.0,245.63647260273976,0.0,245.63647260273976
32,52,0.0,0.0,465.3753424657534,0.0,0.0,465.3753424657534,0.0,465.3753424657534
32,53,0.0,0.0,310.62667808219175,0.0,0.0,310.62667808219175,0.0,310.62667808219175
32,54,0.0,0.0,468.955410958904,0.0,0.0,468.955410958904,0.0,468.955410958904
32,55,462.86,107.31,305.61544520547955,305.61544520547955,157.24455479452047,0.0,305.61544520547955,305.61544520547955
32,56,0.0,0.0,376.81647260273974,0.0,0.0,376.81647260273974,0.0,376.81647260273974
32,57,0.0,313.2279452054794,313.2279452054794,0.0,0.0,313.2279452054794,0.0,313.2279452054794
32,58,0.0,0.0,497.21479452054797,0.0,0.0,497.21479452054797,0.0,497.21479452054797
32,59,0.0,0.0,0.0,0.0,0.0,0.0,0.0,482.4107534246574
32,60,0.0,0.0,430.6970547945208,0.0,0.0,430.6970547945208,0.0,430.6970547945208
32,61,0.0,0.0,0.0,0.0,0.0,0.0,0.0,297.4455821917809
32,62,0.0,124.61000000000001,363.9398287671233,0.0,0.0,363.9398287671233,0.0,363.9398287671233
32,63,0.0,0.0,454.9069863013698,0.0,0.0,454.9069863013698,0.0,454.9069863013698
32,64,0.0,0.0,351.72698630136995,0.0,0.0,351.72698630136995,0.0,351.72698630136995
32,65,0.0,0.0,343.8869863013699,0.0,0.0,343.8869863013699,0.0,343.8869863013699
32,66,0.0,0.0,407.6145547945206,0.0,0.0,407.6145547945206,0.0,407.6145547945206
32,67,0.0,0.0,476.1551027397259,0.0,0.0,476.1551027397259,0.0,476.1551027397259
32,68,0.0,0.0,430.29191780821895,0.0,0.0,430.29191780821895,0.0,430.29191780821895
32,69,0.0,0.0,278.01890410958913,0.0,0.0,278.01890410958913,0.0,278.01890410958913
32,70,0.0,0.0,532.8097945205478,0.0,0.0,532.8097945205478,0.0,532.8097945205478
32,71,0.0,0.0,0.0,0.0,0.0,0.0,0.0,206.50311643835613
32,72,0.0,0.0,470.0392123287671,0.0,0.0,470.0392123287671,0.0,470.0392123287671
32,73,517.45,0.0,393.43020547945207,393.43020547945207,124.01979452054798,0.0,393.43020547945207,393.43020547945207
32,74,0.0,0.0,246.75421232876704,0.0,0.0,246.75421232876704,0.0,427.86421232876705
32,75,116.8,419.05044520547926,419.05044520547926,116.8,0.0,302.25044520547925,116.80000000000001,419.05044520547926
32,76,0.0,0.0,300.4021232876712,0.0,0.0,300.4021232876712,0.0,300.4021232876712
32,77,0.0,0.0,0.0,0.0,0.0,0.0,0.0,389.77486301369856
32,78,0.0,0.0,259.3933904109589,0.0,0.0,259.3933904109589,0.0,259.3933904109589
32,79,0.0,0.0,330.1576369863013,0.0,0.0,330.1576369863013,0.0,330.1576369863013
32,80,0.0,0.0,403.9877397260275,0.0,0.0,403.9877397260275,0.0,403.9877397260275
32,81,0.0,0.0,432.53695205479454,0.0,0.0,432.53695205479454,0.0,432.53695205479454
32,82,442.83,0.0,390.9296232876712,390.9296232876712,51.90037671232881,0.0,390.9296232876712,390.9296232876712
32,83,0.0,0.0,0.0,0.0,0.0,0.0,0.0,256.84510273972603
32,84,0.0,169.56,376.2492808219178,0.0,0.0,376.2492808219178,0.0,376.2492808219178
32,85,0.0,0.0,265.6598287671234,0.0,0.0,265.6598287671234,0.0,265.6598287671234
32,86,0.0,237.31,503.9685958904107,0.0,0.0,503.9685958904107,0.0,503.9685958904107
32,87,0.0,0.0,269.4978424657534,0.0,0.0,269.4978424657534,0.0,269.4978424657534
32,88,465.7,0.0,290.44510273972594,290.44510273972594,175.25489726027405,0.0,290.44510273972594,504.29510273972596
32,89,0.0,0.0,358.29476027397266,0.0,0.0,358.29476027397266,0.0,358.29476027397266
32,90,0.0,503.18133561643833,503.18133561643833,0.0,0.0,503.18133561643833,0.0,503.18133561643833
32,91,0.0,0.0,175.22815068493168,0.0,0.0,175.22815068493168,0.0,436.5981506849317
32,92,0.0,0.0,451.02246575342457,0.0,0.0,451.02246575342457,0.0,451.02246575342457
32,93,0.0,0.0,385.8469520547945,0.0,0.0,385.8469520547945,0.0,385.8469520547945
32,94,0.0,0.0,0.0,0.0,0.0,0.0,0.0,276.4630821917808
32,95,0.0,271.58202054794526,271.58202054794526,0.0,0.0,271.58202054794526,0.0,271.58202054794526
33,0,0.0,0.0,225.44938356164386,0.0,0.0,225.44938356164386,0.0,225.44938356164386
33,1,0.0,0.0,509.6604109589041,0.0,0.0,509.6604109589041,0.0,509.6604109589041
33,2,0.0,0.0,161.36431506849306,0.0,0.0,161.36431506849306,0.0,546.2143150684931
33,3,0.0,0.0,241.21928082191778,0.0,0.0,241.21928082191778,0.0,241.21928082191778
33,4,0.0,0.0,304.8039726027396,0.0,0.0,304.8039726027396,0.0,524.5339726027396
33,5,0.0,0.0,424.828801369863,0.0,0.0,424.828801369863,0.0,424.828801369863
33,6,0.0,0.0,486.7493150684934,0.0,0.0,486.7493150684934,0.0,486.7493150684934
33,7,0.0,0.0,347.7283561643836,0.0,0.0,347.7283561643836,0.0,347.7283561643836
33,8,0.0,0.0,196.6847260273973,0.0,0.0,196.6847260273973,0.0,377.5047260273973
33,9,0.0,0.0,465.06106164383544,0.0,0.0,465.06106164383544,0.0,465.06106164383544
33,10,0.0,0.0,452.51907534246584,0.0,0.0,452.51907534246584,0.0,452.51907534246584
33,11,0.0,0.0,289.2730821917808,0.0,0.0,289.2730821917808,0.0,289.2730821917808
33,12,0.0,0.0,386.6066438356164,0.0,0.0,386.6066438356164,0.0,386.6066438356164
33,13,0.0,0.0,467.8044863013699,0.0,0.0,467.8044863013699,0.0,467.8044863013699
33,14,0.0,0.0,423.9286301369862,0.0,0.0,423.9286301369862,0.0,423.9286301369862
33,15,223.68,157.19,370.4582191780823,223.68,0.0,146.77821917808228,223.68,370.4582191780823
33,16,0.0,0.0,269.15815068493146,0.0,0.0,269.15815068493146,0.0,372.61815068493144
33,17,0.0,0.0,440.7528424657535,0.0,0.0,440.7528424657535,0.0,440.7528424657535
33,18,0.0,0.0,363.7329452054794,0.0,0.0,363.7329452054794,0.0,363.7329452054794
33,19,0.0,0.0,339.1046917808219,0.0,0.0,339.1046917808219,0.0,339.1046917808219
33,20,0.0,0.0,382.2246917808219,0.0,0.0,382.2246917808219,0.0,382.2246917808219
33,21,0.0,0.0,217.15965753424652,0.0,0.0,217.15965753424652,0.0,217.15965753424652
33,22,168.84,0.0,514.6831506849315,168.84,0.0,345.8431506849315,168.84000000000003,514.6831506849315
33,23,307.51,0.0,400.63876712328766,307.51,0.0,93.12876712328767,307.51,400.63876712328766
33,24,0.0,0.0,361.7131506849314,0.0,0.0,361.7131506849314,0.0,420.8831506849314
33,25,585.12,0.0,414.17273972602743,414.17273972602743,170.94726027397257,0.0,414.17273972602743,414.17273972602743
33,26,0.0,433.2189726027399,433.2189726027399,0.0,0.0,433.2189726027399,0.0,433.2189726027399
33,27,0.0,0.0,324.58712328767126,0.0,0.0,324.58712328767126,0.0,324.58712328767126
33,28,0.0,0.0,357.3754109589041,0.0,0.0,357.3754109589041,0.0,357.3754109589041
33,29,0.0,0.0,292.1207876712329,0.0,0.0,292.1207876712329,0.0,292.1207876712329
33,30,0.0,0.0,408.68301369863025,0.0,0.0,408.68301369863025,0.0,408.68301369863025
33,31,0.0,261.28595890410946,575.8559589041095,0.0,0.0,575.8559589041095,0.0,575.8559589041095
33,32,0.0,0.0,8.360719178082377,0.0,0.0,8.360719178082377,0.0,515.9707191780824
33,33,0.0,0.0,219.12198630136993,0.0,0.0,219.12198630136993,0.0,332.5119863013699
33,34,0.0,0.0,484.3216095890409,0.0,0.0,484.3216095890409,0.0,484.3216095890409
33,35,0.0,392.25914383561656,392.25914383561656,0.0,0.0,392.25914383561656,0.0,392.25914383561656
33,36,0.0,0.0,556.6009246575342,0.0,0.0,556.6009246575342,0.0,556.6009246575342
33,37,0.0,0.0,367.40099315068494,0.0,0.0,367.40099315068494,0.0,367.40099315068494
33,38,0.0,103.91000000000003,453.86154109589035,0.0,0.0,453.86154109589035,0.0,453.86154109589035
33,39,0.0,0.0,333.2752739726027,0.0,0.0,333.2752739726027,0.0,333.2752739726027
33,40,0.0,0.0,363.6351369863013,0.0,0.0,363.6351369863013,0.0,363.6351369863013
33,41,378.84,0.0,342.41434931506853,342.41434931506853,36.42565068493144,0.0,342.41434931506853,342.41434931506853
33,42,0.0,0.0,271.86130136986304,0.0,0.0,271.86130136986304,0.0,271.86130136986304
33,43,0.0,389.06,480.8273630136987,0.0,0.0,480.8273630136987,0.0,480.8273630136987
33,44,0.0,0.0,279.9872945205479,0.0,0.0,279.9872945205479,0.0,279.9872945205479
33,45,484.73,0.0,535.524212328767,484.73,0.0,50.794212328767,484.73,535.524212328767
33,46,476.88,0.0,423.32404109589044,423.32404109589044,53.55595890410956,0.0,423.32404109589044,423.32404109589044
33,47,0.0,388.81476027397264,388.81476027397264,0.0,0.0,388.81476027397264,0.0,388.81476027397264
33,48,0.0,0.0,527.1062328767123,0.0,0.0,527.1062328767123,0.0,527.1062328767123
33,49,302.33,0.0,338.29465753424654,302.33,0.0,35.964657534246555,302.33,338.29465753424654
33,50,0.0,404.66832191780827,404.66832191780827,0.0,0.0,404.66832191780827,0.0,404.66832191780827
33,51,0.0,0.0,245.63647260273976,0.0,0.0,245.63647260273976,0.0,245.63647260273976
33,52,0.0,0.0,465.3753424657534,0.0,0.0,465.3753424657534,0.0,465.3753424657534
33,53,0.0,0.0,310.62667808219175,0.0,0.0,310.62667808219175,0.0,310.62667808219175
33,54,352.98,0.0,468.955410958904,352.98,0.0,115.97541095890398,352.98,468.955410958904
33,55,0.0,0.0,0.0,0.0,0.0,0.0,0.0,305.61544520547955
33,56,0.0,0.0,376.81647260273974,0.0,0.0,376.81647260273974,0.0,376.81647260273974
33,57,0.0,0.0,313.2279452054794,0.0,0.0,313.2279452054794,0.0,313.2279452054794
33,58,0.0,0.0,497.21479452054797,0.0,0.0,497.21479452054797,0.0,497.21479452054797
33,59,0.0,482.4107534246574,482.4107534246574,0.0,0.0,482.4107534246574,0.0,482.4107534246574
33,60,0.0,0.0,430.6970547945208,0.0,0.0,430.6970547945208,0.0,430.6970547945208
33,61,0.0,297.4455821917809,297.4455821917809,0.0,0.0,297.4455821917809,0.0,297.4455821917809
33,62,0.0,0.0,363.9398287671233,0.0,0.0,363.9398287671233,0.0,363.9398287671233
33,63,0.0,0.0,454.9069863013698,0.0,0.0,454.9069863013698,0.0,454.9069863013698
33,64,0.0,0.0,351.72698630136995,0.0,0.0,351.72698630136995,0.0,351.72698630136995
33,65,0.0,0.0,343.8869863013699,0.0,0.0,343.8869863013699,0.0,343.8869863013699
33,66,423.94,0.0,407.6145547945206,407.6145547945206,16.32544520547941,0.0,407.6145547945206,407.6145547945206
33,67,107.73,0.0,476.1551027397259,107.73,0.0,368.4251027397259,107.73000000000002,476.1551027397259
33,68,0.0,0.0,430.29191780821895,0.0,0.0,430.29191780821895,0.0,430.29191780821895
33,69,0.0,0.0,278.01890410958913,0.0,0.0,278.01890410958913,0.0,278.01890410958913
33,70,0.0,0.0,532.8097945205478,0.0,0.0,532.8097945205478,0.0,532.8097945205478
33,71,0.0,206.50311643835613,206.50311643835613,0.0,0.0,206.50311643835613,0.0,206.50311643835613
33,72,0.0,0.0,470.0392123287671,0.0,0.0,470.0392123287671,0.0,470.0392123287671
33,73,0.0,0.0,0.0,0.0,0.0,0.0,0.0,393.43020547945207
33,74,0.0,181.11,427.86421232876705,0.0,0.0,427.86421232876705,0.0,427.86421232876705
33,75,0.0,0.0,302.25044520547925,0.0,0.0,302.25044520547925,0.0,419.05044520547926
33,76,0.0,0.0,300.4021232876712,0.0,0.0,300.4021232876712,0.0,300.4021232876712
33,77,587.65,389.77486301369856,389.77486301369856,389.77486301369856,197.8751369863014,0.0,389.77486301369856,389.77486301369856
33,78,0.0,0.0,259.3933904109589,0.0,0.0,259.3933904109589,0.0,259.3933904109589
33,79,0.0,0.0,330.1576369863013,0.0,0.0,330.1576369863013,0.0,330.1576369863013
33,80,0.0,0.0,403.9877397260275,0.0,0.0,403.9877397260275,0.0,403.9877397260275
33,81,131.49,0.0,432.53695205479454,131.49,0.0,301.04695205479453,131.49,432.53695205479454
33,82,0.0,0.0,0.0,0.0,0.0,0.0,0.0,390.9296232876712
33,83,0.0,256.84510273972603,256.84510273972603,0.0,0.0,256.84510273972603,0.0,256.84510273972603
33,84,0.0,0.0,376.2492808219178,0.0,0.0,376.2492808219178,0.0,376.2492808219178
33,85,511.68,0.0,265.6598287671234,265.6598287671234,246.02017123287663,0.0,265.6598287671234,265.6598287671234
33,86,0.0,0.0,503.9685958904107,0.0,0.0,503.9685958904107,0.0,503.9685958904107
33,87,0.0,0.0,269.4978424657534,0.0,0.0,269.4978424657534,0.0,269.4978424657534
33,88,0.0,213.85000000000002,213.85000000000002,0.0,0.0,213.85000000000002,0.0,504.29510273972596
33,89,0.0,0.0,358.29476027397266,0.0,0.0,358.29476027397266,0.0,358.29476027397266
33,90,0.0,0.0,503.18133561643833,0.0,0.0,503.18133561643833,0.0,503.18133561643833
33,91,0.0,261.37,436.5981506849317,0.0,0.0,436.5981506849317,0.0,436.5981506849317
33,92,0.0,0.0,451.02246575342457,0.0,0.0,451.02246575342457,0.0,451.02246575342457
33,93,0.0,0.0,385.8469520547945,0.0,0.0,385.8469520547945,0.0,385.8469520547945
33,94,0.0,276.4630821917808,276.4630821917808,0.0,0.0,276.4630821917808,0.0,276.4630821917808
33,95,360.25,0.0,271.58202054794526,271.58202054794526,88.66797945205474,0.0,271.58202054794526,271.58202054794526
34,0,0.0,0.0,225.44938356164386,0.0,0.0,225.44938356164386,0.0,225.44938356164386
34,1,0.0,0.0,509.6604109589041,0.0,0.0,509.6604109589041,0.0,509.6604109589041
34,2,0.0,384.85,546.2143150684931,0.0,0.0,546.2143150684931,0.0,546.2143150684931
34,3,0.0,0.0,241.21928082191778,0.0,0.0,241.21928082191778,0.0,241.21928082191778
34,4,0.0,219.73000000000002,524.5339726027396,0.0,0.0,524.5339726027396,0.0,524.5339726027396
34,5,0.0,0.0,424.828801369863,0.0,0.0,424.828801369863,0.0,424.828801369863
34,6,0.0,0.0,486.7493150684934,0.0,0.0,486.7493150684934,0.0,486.7493150684934
34,7,0.0,0.0,347.7283561643836,0.0,0.0,347.7283561643836,0.0,347.7283561643836
34,8,0.0,180.82,377.5047260273973,0.0,0.0,377.5047260273973,0.0,377.5047260273973
34,9,0.0,0.0,465.06106164383544,0.0,0.0,465.06106164383544,0.0,465.06106164383544
34,10,0.0,0.0,452.51907534246584,0.0,0.0,452.51907534246584,0.0,452.51907534246584
34,11,0.0,0.0,289.2730821917808,0.0,0.0,289.2730821917808,0.0,289.2730821917808
34,12,0.0,0.0,386.6066438356164,0.0,0.0,386.6066438356164,0.0,386.6066438356164
34,13,0.0,0.0,467.8044863013699,0.0,0.0,467.8044863013699,0.0,467.8044863013699
34,14,0.0,0.0,423.9286301369862,0.0,0.0,423.9286301369862,0.0,423.9286301369862
34,15,0.0,0.0,146.77821917808228,0.0,0.0,146.77821917808228,0.0,370.4582191780823
34,16,0.0,103.45999999999998,372.61815068493144,0.0,0.0,372.61815068493144,0.0,372.61815068493144
34,17,0.0,0.0,440.7528424657535,0.0,0.0,440.7528424657535,0.0,440.7528424657535
34,18,0.0,0.0,363.7329452054794,0.0,0.0,363.7329452054794,0.0,363.7329452054794
34,19,0.0,0.0,339.1046917808219,0.0,0.0,339.1046917808219,0.0,339.1046917808219
34,20,0.0,0.0,382.2246917808219,0.0,0.0,382.2246917808219,0.0,382.2246917808219
34,21,0.0,0.0,217.15965753424652,0.0,0.0,217.15965753424652,0.0,217.15965753424652
34,22,0.0,0.0,345.8431506849315,0.0,0.0,345.8431506849315,0.0,514.6831506849315
34,23,0.0,0.0,93.12876712328767,0.0,0.0,93.12876712328767,0.0,400.63876712328766
34,24,0.0,59.170000000000016,420.8831506849314,0.0,0.0,420.8831506849314,0.0,420.8831506849314
34,25,0.0,0.0,0.0,0.0,0.0,0.0,0.0,414.17273972602743
34,26,0.0,0.0,433.2189726027399,0.0,0.0,433.2189726027399,0.0,433.2189726027399
34,27,0.0,0.0,324.58712328767126,0.0,0.0,324.58712328767126,0.0,324.58712328767126
34,28,0.0,0.0,357.3754109589041,0.0,0.0,357.3754109589041,0.0,357.3754109589041
34,29,0.0,0.0,292.1207876712329,0.0,0.0,292.1207876712329,0.0,292.1207876712329
34,30,0.0,0.0,408.68301369863025,0.0,0.0,408.68301369863025,0.0,408.68301369863025
34,31,0.0,0.0,575.8559589041095,0.0,0.0,575.8559589041095,0.0,575.8559589041095
34,32,0.0,507.61,515.9707191780824,0.0,0.0,515.9707191780824,0.0,515.9707191780824
34,33,0.0,113.38999999999999,332.5119863013699,0.0,0.0,332.5119863013699,0.0,332.5119863013699
34,34,0.0,0.0,484.3216095890409,0.0,0.0,484.3216095890409,0.0,484.3216095890409
34,35,0.0,0.0,392.25914383561656,0.0,0.0,392.25914383561656,0.0,392.25914383561656
34,36,0.0,0.0,556.6009246575342,0.0,0.0,556.6009246575342,0.0,556.6009246575342
34,37,0.0,0.0,367.40099315068494,0.0,0.0,367.40099315068494,0.0,367.40099315068494
34,38,0.0,0.0,453.86154109589035,0.0,0.0,453.86154109589035,0.0,453.86154109589035
34,39,0.0,0.0,333.2752739726027,0.0,0.0,333.2752739726027,0.0,333.2752739726027
34,40,0.0,0.0,363.6351369863013,0.0,0.0,363.6351369863013,0.0,363.6351369863013
34,41,0.0,0.0,0.0,0.0,0.0,0.0,0.0,342.41434931506853
34,42,0.0,0.0,271.86130136986304,0.0,0.0,271.86130136986304,0.0,271.86130136986304
34,43,0.0,0.0,480.8273630136987,0.0,0.0,480.8273630136987,0.0,480.8273630136987
34,44,0.0,0.0,279.9872945205479,0.0,0.0,279.9872945205479,0.0,279.9872945205479
34,45,0.0,0.0,50.794212328767,0.0,0.0,50.794212328767,0.0,535.524212328767
34,46,0.0,0.0,0.0,0.0,0.0,0.0,0.0,423.32404109589044
34,47,0.0,0.0,388.81476027397264,0.0,0.0,388.81476027397264,0.0,388.81476027397264
34,48,0.0,0.0,527.1062328767123,0.0,0.0,527.1062328767123,0.0,527.1062328767123
34,49,0.0,0.0,35.964657534246555,0.0,0.0,35.964657534246555,0.0,338.29465753424654
34,50,0.0,0.0,404.66832191780827,0.0,0.0,404.66832191780827,0.0,404.66832191780827
34,51,0.0,0.0,245.63647260273976,0.0,0.0,245.63647260273976,0.0,245.63647260273976
34,52,0.0,0.0,465.3753424657534,0.0,0.0,465.3753424657534,0.0,465.3753424657534
34,53,0.0,0.0,310.62667808219175,0.0,0.0,310.62667808219175,0.0,310.62667808219175
34,54,0.0,0.0,115.97541095890398,0.0,0.0,115.97541095890398,0.0,468.955410958904
34,55,0.0,305.61544520547955,305.61544520547955,0.0,0.0,305.61544520547955,0.0,305.61544520547955
34,56,0.0,0.0,376.81647260273974,0.0,0.0,376.81647260273974,0.0,376.81647260273974
34,57,0.0,0.0,313.2279452054794,0.0,0.0,313.2279452054794,0.0,313.2279452054794
34,58,0.0,0.0,497.21479452054797,0.0,0.0,497.21479452054797,0.0,497.21479452054797
34,59,0.0,0.0,482.4107534246574,0.0,0.0,482.4107534246574,0.0,482.4107534246574
34,60,0.0,0.0,430.6970547945208,0.0,0.0,430.6970547945208,0.0,430.6970547945208
34,61,0.0,0.0,297.4455821917809,0.0,0.0,297.4455821917809,0.0,297.4455821917809
34,62,0.0,0.0,363.9398287671233,0.0,0.0,363.9398287671233,0.0,363.9398287671233
34,63,0.0,0.0,454.9069863013698,0.0,0.0,454.9069863013698,0.0,454.9069863013698
34,64,0.0,0.0,351.72698630136995,0.0,0.0,351.72698630136995,0.0,351.72698630136995
34,65,0.0,0.0,343.8869863013699,0.0,0.0,343.8869863013699,0.0,343.8869863013699
34,66,0.0,0.0,0.0,0.0,0.0,0.0,0.0,407.6145547945206
34,67,0.0,0.0,368.4251027397259,0.0,0.0,368.4251027397259,0.0,476.1551027397259
34,68,0.0,0.0,430.29191780821895,0.0,0.0,430.29191780821895,0.0,430.29191780821895
34,69,0.0,0.0,278.01890410958913,0.0,0.0,278.01890410958913,0.0,278.01890410958913
34,70,0.0,0.0,532.8097945205478,0.0,0.0,532.8097945205478,0.0,532.8097945205478
34,71,0.0,0.0,206.50311643835613,0.0,0.0,206.50311643835613,0.0,206.50311643835613
34,72,0.0,0.0,470.0392123287671,0.0,0.0,470.0392123287671,0.0,470.0392123287671
34,73,0.0,393.43020547945207,393.43020547945207,0.0,0.0,393.43020547945207,0.0,393.43020547945207
34,74,0.0,0.0,427.86421232876705,0.0,0.0,427.86421232876705,0.0,427.86421232876705
34,75,0.0,116.80000000000001,419.05044520547926,0.0,0.0,419.05044520547926,0.0,419.05044520547926
34,76,0.0,0.0,300.4021232876712,0.0,0.0,300.4021232876712,0.0,300.4021232876712
34,77,0.0,0.0,0.0,0.0,0.0,0.0,0.0,389.77486301369856
34,78,0.0,0.0,259.3933904109589,0.0,0.0,259.3933904109589,0.0,259.3933904109589
34,79,0.0,0.0,330.1576369863013,0.0,0.0,330.1576369863013,0.0,330.1576369863013
34,80,0.0,0.0,403.9877397260275,0.0,0.0,403.9877397260275,0.0,403.9877397260275
34,81,0.0,0.0,301.04695205479453,0.0,0.0,301.04695205479453,0.0,432.53695205479454
34,82,0.0,390.9296232876712,390.9296232876712,0.0,0.0,390.9296232876712,0.0,390.9296232876712
34,83,0.0,0.0,256.84510273972603,0.0,0.0,256.84510273972603,0.0,256.84510273972603
34,84,0.0,0.0,376.2492808219178,0.0,0.0,376.2492808219178,0.0,376.2492808219178
34,85,0.0,0.0,0.0,0.0,0.0,0.0,0.0,265.6598287671234
34,86,0.0,0.0,503.9685958904107,0.0,0.0,503.9685958904107,0.0,503.9685958904107
34,87,0.0,0.0,269.4978424657534,0.0,0.0,269.4978424657534,0.0,269.4978424657534
34,88,0.0,290.44510273972594,504.29510273972596,0.0,0.0,504.29510273972596,0.0,504.29510273972596
34,89,0.0,0.0,358.29476027397266,0.0,0.0,358.29476027397266,0.0,358.29476027397266
34,90,0.0,0.0,503.18133561643833,0.0,0.0,503.18133561643833,0.0,503.18133561643833
34,91,0.0,0.0,436.5981506849317,0.0,0.0,436.5981506849317,0.0,436.5981506849317
34,92,0.0,0.0,451.02246575342457,0.0,0.0,451.02246575342457,0.0,451.02246575342457
34,93,0.0,0.0,385.8469520547945,0.0,0.0,385.8469520547945,0.0,385.8469520547945
34,94,0.0,0.0,276.4630821917808,0.0,0.0,276.4630821917808,0.0,276.4630821917808
34,95,0.0,0.0,0.0,0.0,0.0,0.0,0.0,271.58202054794526
35,0,139.16,0.0,225.44938356164386,139.16,0.0,86.28938356164386,139.16,225.44938356164386
35,1,0.0,0.0,509.6604109589041,0.0,0.0,509.6604109589041,0.0,509.6604109589041
35,2,0.0,0.0,546.2143150684931,0.0,0.0,546.2143150684931,0.0,546.2143150684931
35,3,0.0,0.0,241.21928082191778,0.0,0.0,241.21928082191778,0.0,241.21928082191778
35,4,138.81,0.0,524.5339726027396,138.81,0.0,385.7239726027396,138.81,524.5339726027396
35,5,0.0,0.0,424.828801369863,0.0,0.0,424.828801369863,0.0,424.828801369863
35,6,0.0,0.0,486.7493150684934,0.0,0.0,486.7493150684934,0.0,486.7493150684934
35,7,0.0,0.0,347.7283561643836,0.0,0.0,347.7283561643836,0.0,347.7283561643836
35,8,0.0,0.0,377.5047260273973,0.0,0.0,377.5047260273973,0.0,377.5047260273973
35,9,422.5,0.0,465.06106164383544,422.5,0.0,42.561061643835444,422.5,465.06106164383544
35,10,0.0,0.0,452.51907534246584,0.0,0.0,452.51907534246584,0.0,452.51907534246584
35,11,0.0,0.0,289.2730821917808,0.0,0.0,289.2730821917808,0.0,289.2730821917808
35,12,0.0,0.0,386.6066438356164,0.0,0.0,386.6066438356164,0.0,386.6066438356164
35,13,0.0,0.0,467.8044863013699,0.0,0.0,467.8044863013699,0.0,467.8044863013699
35,14,0.0,0.0,423.9286301369862,0.0,0.0,423.9286301369862,0.0,423.9286301369862
35,15,543.62,223.68,370.4582191780823,370.4582191780823,173.16178082191772,0.0,370.4582191780823,370.4582191780823
35,16,0.0,0.0,372.61815068493144,0.0,0.0,372.61815068493144,0.0,372.61815068493144
35,17,0.0,0.0,440.7528424657535,0.0,0.0,440.7528424657535,0.0,440.7528424657535
35,18,0.0,0.0,363.7329452054794,0.0,0.0,363.7329452054794,0.0,363.7329452054794
35,19,151.29,0.0,339.1046917808219,151.29,0.0,187.8146917808219,151.29,339.1046917808219
35,20,0.0,0.0,382.2246917808219,0.0,0.0,382.2246917808219,0.0,382.2246917808219
35,21,0.0,0.0,217.15965753424652,0.0,0.0,217.15965753424652,0.0,217.15965753424652
35,22,0.0,168.84000000000003,514.6831506849315,0.0,0.0,514.6831506849315,0.0,514.6831506849315
35,23,0.0,307.51,400.63876712328766,0.0,0.0,400.63876712328766,0.0,400.63876712328766
35,24,0.0,0.0,420.8831506849314,0.0,0.0,420.8831506849314,0.0,420.8831506849314
35,25,140.21,414.17273972602743,414.17273972602743,140.21,0.0,273.9627397260274,140.21000000000004,414.17273972602743
35,26,0.0,0.0,433.2189726027399,0.0,0.0,433.2189726027399,0.0,433.2189726027399
35,27,0.0,0.0,324.58712328767126,0.0,0.0,324.58712328767126,0.0,324.58712328767126
35,28,0.0,0.0,357.3754109589041,0.0,0.0,357.3754109589041,0.0,357.3754109589041
35,29,352.84,0.0,292.1207876712329,292.1207876712329,60.71921232876707,0.0,292.1207876712329,292.1207876712329
35,30,0.0,0.0,408.68301369863025,0.0,0.0,408.68301369863025,0.0,408.68301369863025
35,31,0.0,0.0,575.8559589041095,0.0,0.0,575.8559589041095,0.0,575.8559589041095
35,32,0.0,0.0,515.9707191780824,0.0,0.0,515.9707191780824,0.0,515.9707191780824
35,33,0.0,0.0,332.5119863013699,0.0,0.0,332.5119863013699,0.0,332.5119863013699
35,34,0.0,0.0,484.3216095890409,0.0,0.0,484.3216095890409,0.0,484.3216095890409
35,35,0.0,0.0,392.25914383561656,0.0,0.0,392.25914383561656,0.0,392.25914383561656
35,36,0.0,0.0,556.6009246575342,0.0,0.0,556.6009246575342,0.0,556.6009246575342
35,37,0.0,0.0,367.40099315068494,0.0,0.0,367.40099315068494,0.0,367.40099315068494
35,38,0.0,0.0,453.86154109589035,0.0,0.0,453.86154109589035,0.0,453.86154109589035
35,39,0.0,0.0,333.2752739726027,0.0,0.0,333.2752739726027,0.0,333.2752739726027
35,40,0.0,0.0,363.6351369863013,0.0,0.0,363.6351369863013,0.0,363.6351369863013
35,41,0.0,342.41434931506853,342.41434931506853,0.0,0.0,342.41434931506853,0.0,342.41434931506853
35,42,0.0,0.0,271.86130136986304,0.0,0.0,271.86130136986304,0.0,271.86130136986304
35,43,484.24,0.0,480.8273630136987,480.8273630136987,3.4126369863013224,0.0,480.8273630136987,480.8273630136987
35,44,590.85,0.0,279.9872945205479,279.9872945205479,310.86270547945213,0.0,279.9872945205479,279.9872945205479
35,45,451.46,484.73,535.524212328767,451.46,0.0,84.06421232876704,451.46,535.524212328767
35,46,0.0,423.32404109589044,423.32404109589044,0.0,0.0,423.32404109589044,0.0,423.32404109589044
35,47,0.0,0.0,388.81476027397264,0.0,0.0,388.81476027397264,0.0,388.81476027397264
35,48,0.0,0.0,527.1062328767123,0.0,0.0,527.1062328767123,0.0,527.1062328767123
35,49,266.3,302.33,338.29465753424654,266.3,0.0,71.99465753424653,266.3,338.29465753424654
35,50,0.0,0.0,404.66832191780827,0.0,0.0,404.66832191780827,0.0,404.66832191780827
35,51,354.86,0.0,245.63647260273976,245.63647260273976,109.22352739726026,0.0,245.63647260273976,245.63647260273976
35,52,0.0,0.0,465.3753424657534,0.0,0.0,465.3753424657534,0.0,465.3753424657534
35,53,0.0,0.0,310.62667808219175,0.0,0.0,310.62667808219175,0.0,310.62667808219175
35,54,0.0,352.98,468.955410958904,0.0,0.0,468.955410958904,0.0,468.955410958904
35,55,0.0,0.0,305.61544520547955,0.0,0.0,305.61544520547955,0.0,305.61544520547955
35,56,0.0,0.0,376.81647260273974,0.0,0.0,376.81647260273974,0.0,376.81647260273974
35,57,0.0,0.0,313.2279452054794,0.0,0.0,313.2279452054794,0.0,313.2279452054794
35,58,0.0,0.0,497.21479452054797,0.0,0.0,497.21479452054797,0.0,497.21479452054797
35,59,0.0,0.0,482.4107534246574,0.0,0.0,482.4107534246574,0.0,482.4107534246574
35,60,0.0,0.0,430.6970547945208,0.0,0.0,430.6970547945208,0.0,430.6970547945208
35,61,0.0,0.0,297.4455821917809,0.0,0.0,297.4455821917809,0.0,297.4455821917809
35,62,0.0,0.0,363.9398287671233,0.0,0.0,363.9398287671233,0.0,363.9398287671233
35,63,0.0,0.0,454.9069863013698,0.0,0.0,454.9069863013698,0.0,454.9069863013698
35,64,0.0,0.0,351.72698630136995,0.0,0.0,351.72698630136995,0.0,351.72698630136995
35,65,0.0,0.0,343.8869863013699,0.0,0.0,343.8869863013699,0.0,343.8869863013699
35,66,0.0,407.6145547945206,407.6145547945206,0.0,0.0,407.6145547945206,0.0,407.6145547945206
35,67,0.0,107.73000000000002,476.1551027397259,0.0,0.0,476.1551027397259,0.0,476.1551027397259
35,68,0.0,0.0,430.29191780821895,0.0,0.0,430.29191780821895,0.0,430.29191780821895
35,69,150.22,0.0,278.01890410958913,150.22,0.0,127.79890410958913,150.22,278.01890410958913
35,70,0.0,0.0,532.8097945205478,0.0,0.0,532.8097945205478,0.0,532.8097945205478
35,71,0.0,0.0,206.50311643835613,0.0,0.0,206.50311643835613,0.0,206.50311643835613
35,72,0.0,0.0,470.0392123287671,0.0,0.0,470.0392123287671,0.0,470.0392123287671
35,73,0.0,0.0,393.43020547945207,0.0,0.0,393.43020547945207,0.0,393.43020547945207
35,74,0.0,0.0,427.86421232876705,0.0,0.0,427.86421232876705,0.0,427.86421232876705
35,75,0.0,0.0,419.05044520547926,0.0,0.0,419.05044520547926,0.0,419.05044520547926
35,76,0.0,0.0,300.4021232876712,0.0,0.0,300.4021232876712,0.0,300.4021232876712
35,77,0.0,389.77486301369856,389.77486301369856,0.0,0.0,389.77486301369856,0.0,389.77486301369856
35,78,0.0,0.0,259.3933904109589,0.0,0.0,259.3933904109589,0.0,259.3933904109589
35,79,0.0,0.0,330.1576369863013,0.0,0.0,330.1576369863013,0.0,330.1576369863013
35,80,0.0,0.0,403.9877397260275,0.0,0.0,403.9877397260275,0.0,403.9877397260275
35,81,538.15,131.49,432.53695205479454,432.53695205479454,105.61304794520544,0.0,432.53695205479454,432.53695205479454
35,82,151.99,0.0,390.9296232876712,151.99,0.0,238.93962328767117,151.99,390.9296232876712
35,83,0.0,0.0,256.84510273972603,0.0,0.0,256.84510273972603,0.0,256.84510273972603
35,84,0.0,0.0,376.2492808219178,0.0,0.0,376.2492808219178,0.0,376.2492808219178
35,85,0.0,265.6598287671234,265.6598287671234,0.0,0.0,265.6598287671234,0.0,265.6598287671234
35,86,0.0,0.0,503.9685958904107,0.0,0.0,503.9685958904107,0.0,503.9685958904107
35,87,0.0,0.0,269.4978424657534,0.0,0.0,269.4978424657534,0.0,269.4978424657534
35,88,0.0,0.0,504.29510273972596,0.0,0.0,504.29510273972596,0.0,504.29510273972596
35,89,0.0,0.0,358.29476027397266,0.0,0.0,358.29476027397266,0.0,358.29476027397266
35,90,513.11,0.0,503.18133561643833,503.18133561643833,9.928664383561681,0.0,503.18133561643833,503.18133561643833
35,91,0.0,0.0,436.5981506849317,0.0,0.0,436.5981506849317,0.0,436.5981506849317
35,92,226.55,0.0,451.02246575342457,226.55,0.0,224.47246575342456,226.55,451.02246575342457
35,93,0.0,0.0,385.8469520547945,0.0,0.0,385.8469520547945,0.0,385.8469520547945
35,94,0.0,0.0,276.4630821917808,0.0,0.0,276.4630821917808,0.0,276.4630821917808
35,95,0.0,271.58202054794526,271.58202054794526,0.0,0.0,271.58202054794526,0.0,271.58202054794526
36,0,0.0,0.0,86.28938356164386,0.0,0.0,86.28938356164386,0.0,225.44938356164386
36,1,0.0,0.0,509.6604109589041,0.0,0.0,509.6604109589041,0.0,509.6604109589041
36,2,0.0,0.0,546.2143150684931,0.0,0.0,546.2143150684931,0.0,546.2143150684931
36,3,0.0,0.0,241.21928082191778,0.0,0.0,241.21928082191778,0.0,241.21928082191778
36,4,0.0,0.0,385.7239726027396,0.0,0.0,385.7239726027396,0.0,524.5339726027396
36,5,0.0,0.0,424.828801369863,0.0,0.0,424.828801369863,0.0,424.828801369863
36,6,0.0,0.0,486.7493150684934,0.0,0.0,486.7493150684934,0.0,486.7493150684934
36,7,0.0,0.0,347.7283561643836,0.0,0.0,347.7283561643836,0.0,347.7283561643836
36,8,0.0,0.0,377.5047260273973,0.0,0.0,377.5047260273973,0.0,377.5047260273973
36,9,402.12,0.0,42.561061643835444,42.561061643835444,359.55893835616456,0.0,42.561061643835444,465.06106164383544
36,10,0.0,0.0,452.51907534246584,0.0,0.0,452.51907534246584,0.0,452.51907534246584
36,11,0.0,0.0,289.2730821917808,0.0,0.0,289.2730821917808,0.0,289.2730821917808
36,12,0.0,0.0,386.6066438356164,0.0,0.0,386.6066438356164,0.0,386.6066438356164
36,13,516.47,0.0,467.8044863013699,467.8044863013699,48.66551369863015,0.0,467.8044863013699,467.8044863013699
36,14,0.0,0.0,423.9286301369862,0.0,0.0,423.9286301369862,0.0,423.9286301369862
36,15,0.0,0.0,0.0,0.0,0.0,0.0,0.0,370.4582191780823
36,16,0.0,0.0,372.61815068493144,0.0,0.0,372.61815068493144,0.0,372.61815068493144
36,17,0.0,0.0,440.7528424657535,0.0,0.0,440.7528424657535,0.0,440.7528424657535
36,18,0.0,0.0,363.7329452054794,0.0,0.0,363.7329452054794,0.0,363.7329452054794
36,19,135.87,0.0,187.8146917808219,135.87,0.0,51.9446917808219,135.86999999999998,339.1046917808219
36,20,145.58,0.0,382.2246917808219,145.58,0.0,236.6446917808219,145.58,382.2246917808219
36,21,0.0,0.0,217.15965753424652,0.0,0.0,217.15965753424652,0.0,217.15965753424652
36,22,0.0,0.0,514.6831506849315,0.0,0.0,514.6831506849315,0.0,514.6831506849315
36,23,0.0,0.0,400.63876712328766,0.0,0.0,400.63876712328766,0.0,400.63876712328766
36,24,0.0,0.0,420.8831506849314,0.0,0.0,420.8831506849314,0.0,420.8831506849314
36,25,0.0,0.0,273.9627397260274,0.0,0.0,273.9627397260274,0.0,414.17273972602743
36,26,0.0,0.0,433.2189726027399,0.0,0.0,433.2189726027399,0.0,433.2189726027399
36,27,0.0,0.0,324.58712328767126,0.0,0.0,324.58712328767126,0.0,324.58712328767126
36,28,0.0,0.0,357.3754109589041,0.0,0.0,357.3754109589041,0.0,357.3754109589041
36,29,0.0,0.0,0.0,0.0,0.0,0.0,0.0,292.1207876712329
36,30,329.76,0.0,408.68301369863025,329.76,0.0,78.92301369863026,329.76,408.68301369863025
36,31,0.0,0.0,575.8559589041095,0.0,0.0,575.8559589041095,0.0,575.8559589041095
36,32,0.0,0.0,515.9707191780824,0.0,0.0,515.9707191780824,0.0,515.9707191780824
36,33,325.52,0.0,332.5119863013699,325.52,0.0,6.991986301369934,325.52,332.5119863013699
36,34,0.0,0.0,484.3216095890409,0.0,0.0,484.3216095890409,0.0,484.3216095890409
36,35,0.0,0.0,392.25914383561656,0.0,0.0,392.25914383561656,0.0,392.25914383561656
36,36,0.0,0.0,556.6009246575342,0.0,0.0,556.6009246575342,0.0,556.6009246575342
36,37,126.81,0.0,367.40099315068494,126.81,0.0,240.59099315068494,126.81,367.40099315068494
36,38,0.0,0.0,453.86154109589035,0.0,0.0,453.86154109589035,0.0,453.86154109589035
36,39,0.0,0.0,333.2752739726027,0.0,0.0,333.2752739726027,0.0,333.2752739726027
36,40,0.0,0.0,363.6351369863013,0.0,0.0,363.6351369863013,0.0,363.6351369863013
36,41,0.0,0.0,342.41434931506853,0.0,0.0,342.41434931506853,0.0,342.41434931506853
36,42,162.99,0.0,271.86130136986304,162.99,0.0,108.87130136986303,162.99,271.86130136986304
36,43,0.0,0.0,0.0,0.0,0.0,0.0,0.0,480.8273630136987
36,44,0.0,0.0,0.0,0.0,0.0,0.0,0.0,279.9872945205479
36,45,0.0,0.0,84.06421232876704,0.0,0.0,84.06421232876704,0.0,535.524212328767
36,46,0.0,0.0,423.32404109589044,0.0,0.0,423.32404109589044,0.0,423.32404109589044
36,47,0.0,0.0,388.81476027397264,0.0,0.0,388.81476027397264,0.0,388.81476027397264
36,48,0.0,0.0,527.1062328767123,0.0,0.0,527.1062328767123,0.0,527.1062328767123
36,49,0.0,0.0,71.99465753424653,0.0,0.0,71.99465753424653,0.0,338.29465753424654
36,50,0.0,0.0,404.66832191780827,0.0,0.0,404.66832191780827,0.0,404.66832191780827
36,51,0.0,0.0,0.0,0.0,0.0,0.0,0.0,245.63647260273976
36,52,465.37,0.0,465.3753424657534,465.37,0.0,0.0053424657534151265,465.37,465.3753424657534
36,53,0.0,0.0,310.62667808219175,0.0,0.0,310.62667808219175,0.0,310.62667808219175
36,54,0.0,0.0,468.955410958904,0.0,0.0,468.955410958904,0.0,468.955410958904
36,55,0.0,0.0,305.61544520547955,0.0,0.0,305.61544520547955,0.0,305.61544520547955
36,56,0.0,0.0,376.81647260273974,0.0,0.0,376.81647260273974,0.0,376.81647260273974
36,57,0.0,0.0,313.2279452054794,0.0,0.0,313.2279452054794,0.0,313.2279452054794
36,58,0.0,0.0,497.21479452054797,0.0,0.0,497.21479452054797,0.0,497.21479452054797
36,59,0.0,0.0,482.4107534246574,0.0,0.0,482.4107534246574,0.0,482.4107534246574
36,60,0.0,0.0,430.6970547945208,0.0,0.0,430.6970547945208,0.0,430.6970547945208
36,61,0.0,0.0,297.4455821917809,0.0,0.0,297.4455821917809,0.0,297.4455821917809
36,62,156.68,0.0,363.9398287671233,156.68,0.0,207.25982876712328,156.68,363.9398287671233
36,63,0.0,0.0,454.9069863013698,0.0,0.0,454.9069863013698,0.0,454.9069863013698
36,64,0.0,0.0,351.72698630136995,0.0,0.0,351.72698630136995,0.0,351.72698630136995
36,65,0.0,0.0,343.8869863013699,0.0,0.0,343.8869863013699,0.0,343.8869863013699
36,66,0.0,0.0,407.6145547945206,0.0,0.0,407.6145547945206,0.0,407.6145547945206
36,67,0.0,0.0,476.1551027397259,0.0,0.0,476.1551027397259,0.0,476.1551027397259
36,68,0.0,0.0,430.29191780821895,0.0,0.0,430.29191780821895,0.0,430.29191780821895
36,69,0.0,0.0,127.79890410958913,0.0,0.0,127.79890410958913,0.0,278.01890410958913
36,70,240.77,0.0,532.8097945205478,240.77,0.0,292.03979452054784,240.76999999999998,532.8097945205478
36,71,0.0,0.0,206.50311643835613,0.0,0.0,206.50311643835613,0.0,206.50311643835613
36,72,0.0,0.0,470.0392123287671,0.0,0.0,470.0392123287671,0.0,470.0392123287671
36,73,0.0,0.0,393.43020547945207,0.0,0.0,393.43020547945207,0.0,393.43020547945207
36,74,0.0,0.0,427.86421232876705,0.0,0.0,427.86421232876705,0.0,427.86421232876705
36,75,0.0,0.0,419.05044520547926,0.0,0.0,419.05044520547926,0.0,419.05044520547926
36,76,0.0,0.0,300.4021232876712,0.0,0.0,300.4021232876712,0.0,300.4021232876712
36,77,0.0,0.0,389.77486301369856,0.0,0.0,389.77486301369856,0.0,389.77486301369856
36,78,0.0,0.0,259.3933904109589,0.0,0.0,259.3933904109589,0.0,259.3933904109589
36,79,0.0,0.0,330.1576369863013,0.0,0.0,330.1576369863013,0.0,330.1576369863013
36,80,0.0,0.0,403.9877397260275,0.0,0.0,403.9877397260275,0.0,403.9877397260275
36,81,0.0,0.0,0.0,0.0,0.0,0.0,0.0,432.53695205479454
36,82,0.0,0.0,238.93962328767117,0.0,0.0,238.93962328767117,0.0,390.9296232876712
36,83,0.0,0.0,256.84510273972603,0.0,0.0,256.84510273972603,0.0,256.84510273972603
36,84,156.29,0.0,376.2492808219178,156.29,0.0,219.95928082191782,156.29,376.2492808219178
36,85,0.0,0.0,265.6598287671234,0.0,0.0,265.6598287671234,0.0,265.6598287671234
36,86,186.29,0.0,503.9685958904107,186.29,0.0,317.67859589041075,186.28999999999996,503.9685958904107
36,87,0.0,0.0,269.4978424657534,0.0,0.0,269.4978424657534,0.0,269.4978424657534
36,88,0.0,0.0,504.29510273972596,0.0,0.0,504.29510273972596,0.0,504.29510273972596
36,89,0.0,0.0,358.29476027397266,0.0,0.0,358.29476027397266,0.0,358.29476027397266
36,90,0.0,0.0,0.0,0.0,0.0,0.0,0.0,503.18133561643833
36,91,0.0,0.0,436.5981506849317,0.0,0.0,436.5981506849317,0.0,436.5981506849317
36,92,0.0,0.0,224.47246575342456,0.0,0.0,224.47246575342456,0.0,451.02246575342457
36,93,0.0,0.0,385.8469520547945,0.0,0.0,385.8469520547945,0.0,385.8469520547945
36,94,0.0,0.0,276.4630821917808,0.0,0.0,276.4630821917808,0.0,276.4630821917808
36,95,0.0,0.0,271.58202054794526,0.0,0.0,271.58202054794526,0.0,271.58202054794526
37,0,0.0,139.16,225.44938356164386,0.0,0.0,225.44938356164386,0.0,225.44938356164386
37,1,0.0,0.0,509.6604109589041,0.0,0.0,509.6604109589041,0.0,509.6604109589041
37,2,0.0,0.0,546.2143150684931,0.0,0.0,546.2143150684931,0.0,546.2143150684931
37,3,0.0,0.0,241.21928082191778,0.0,0.0,241.21928082191778,0.0,241.21928082191778
37,4,0.0,138.81,524.5339726027396,0.0,0.0,524.5339726027396,0.0,524.5339726027396
37,5,0.0,0.0,424.828801369863,0.0,0.0,424.828801369863,0.0,424.828801369863
37,6,0.0,0.0,486.7493150684934,0.0,0.0,486.7493150684934,0.0,486.7493150684934
37,7,0.0,0.0,347.7283561643836,0.0,0.0,347.7283561643836,0.0,347.7283561643836
37,8,987.04,0.0,377.5047260273973,377.5047260273973,609.5352739726027,0.0,377.5047260273973,377.5047260273973
37,9,0.0,422.5,422.5,0.0,0.0,422.5,0.0,465.06106164383544
37,10,0.0,0.0,452.51907534246584,0.0,0.0,452.51907534246584,0.0,452.51907534246584
37,11,0.0,0.0,289.2730821917808,0.0,0.0,289.2730821917808,0.0,289.2730821917808
37,12,828.93,0.0,386.6066438356164,386.6066438356164,442.32335616438354,0.0,386.6066438356164,386.6066438356164
37,13,0.0,0.0,0.0,0.0,0.0,0.0,0.0,467.8044863013699
37,14,0.0,0.0,423.9286301369862,0.0,0.0,423.9286301369862,0.0,423.9286301369862
37,15,0.0,370.4582191780823,370.4582191780823,0.0,0.0,370.4582191780823,0.0,370.4582191780823
37,16,0.0,0.0,372.61815068493144,0.0,0.0,372.61815068493144,0.0,372.61815068493144
37,17,413.46,0.0,440.7528424657535,413.46,0.0,27.292842465753495,413.46,440.7528424657535
37,18,0.0,0.0,363.7329452054794,0.0,0.0,363.7329452054794,0.0,363.7329452054794
37,19,0.0,151.29,203.2346917808219,0.0,0.0,203.2346917808219,2.842170943040401e-14,339.1046917808219
37,20,0.0,0.0,236.6446917808219,0.0,0.0,236.6446917808219,0.0,382.2246917808219
37,21,0.0,0.0,217.15965753424652,0.0,0.0,217.15965753424652,0.0,217.15965753424652
37,22,0.0,0.0,514.6831506849315,0.0,0.0,514.6831506849315,0.0,514.6831506849315
37,23,341.2,0.0,400.63876712328766,341.2,0.0,59.438767123287676,341.2,400.63876712328766
37,24,0.0,0.0,420.8831506849314,0.0,0.0,420.8831506849314,0.0,420.8831506849314
37,25,0.0,140.21000000000004,414.17273972602743,0.0,0.0,414.17273972602743,0.0,414.17273972602743
37,26,312.54,0.0,433.2189726027399,312.54,0.0,120.67897260273986,312.54,433.2189726027399
37,27,0.0,0.0,324.58712328767126,0.0,0.0,324.58712328767126,0.0,324.58712328767126
37,28,0.0,0.0,357.3754109589041,0.0,0.0,357.3754109589041,0.0,357.3754109589041
37,29,0.0,292.1207876712329,292.1207876712329,0.0,0.0,292.1207876712329,0.0,292.1207876712329
37,30,373.49,0.0,78.92301369863026,78.92301369863026,294.56698630136975,0.0,78.92301369863026,408.68301369863025
37,31,0.0,0.0,575.8559589041095,0.0,0.0,575.8559589041095,0.0,575.8559589041095
37,32,0.0,0.0,515.9707191780824,0.0,0.0,515.9707191780824,0.0,515.9707191780824
37,33,0.0,0.0,6.991986301369934,0.0,0.0,6.991986301369934,0.0,332.5119863013699
37,34,0.0,0.0,484.3216095890409,0.0,0.0,484.3216095890409,0.0,484.3216095890409
37,35,0.0,0.0,392.25914383561656,0.0,0.0,392.25914383561656,0.0,392.25914383561656
37,36,0.0,0.0,556.6009246575342,0.0,0.0,556.6009246575342,0.0,556.6009246575342
37,37,0.0,0.0,240.59099315068494,0.0,0.0,240.59099315068494,0.0,367.40099315068494
37,38,462.31,0.0,453.86154109589035,453.86154109589035,8.448458904109657,0.0,453.86154109589035,453.86154109589035
37,39,0.0,0.0,333.2752739726027,0.0,0.0,333.2752739726027,0.0,333.2752739726027
37,40,0.0,0.0,363.6351369863013,0.0,0.0,363.6351369863013,0.0,363.6351369863013
37,41,0.0,0.0,342.41434931506853,0.0,0.0,342.41434931506853,0.0,342.41434931506853
37,42,531.12,0.0,108.87130136986303,108.87130136986303,422.24869863013697,0.0,108.87130136986303,271.86130136986304
37,43,0.0,480.8273630136987,480.8273630136987,0.0,0.0,480.8273630136987,0.0,480.8273630136987
37,44,374.61,279.9872945205479,279.9872945205479,279.9872945205479,94.62270547945212,0.0,279.9872945205479,279.9872945205479
37,45,0.0,451.46,535.524212328767,0.0,0.0,535.524212328767,0.0,535.524212328767
37,46,486.5,0.0,423.32404109589044,423.32404109589044,63.175958904109564,0.0,423.32404109589044,423.32404109589044
37,47,0.0,0.0,388.81476027397264,0.0,0.0,388.81476027397264,0.0,388.81476027397264
37,48,0.0,0.0,527.1062328767123,0.0,0.0,527.1062328767123,0.0,527.1062328767123
37,49,0.0,266.3,338.29465753424654,0.0,0.0,338.29465753424654,0.0,338.29465753424654
37,50,0.0,0.0,404.66832191780827,0.0,0.0,404.66832191780827,0.0,404.66832191780827
37,51,0.0,245.63647260273976,245.63647260273976,0.0,0.0,245.63647260273976,0.0,245.63647260273976
37,52,198.89,0.0,0.0053424657534151265,0.0053424657534151265,198.88465753424657,0.0,0.0053424657534151265,465.3753424657534
37,53,0.0,0.0,310.62667808219175,0.0,0.0,310.62667808219175,0.0,310.62667808219175
37,54,0.0,0.0,468.955410958904,0.0,0.0,468.955410958904,0.0,468.955410958904
37,55,0.0,0.0,305.61544520547955,0.0,0.0,305.61544520547955,0.0,305.61544520547955
37,56,0.0,0.0,376.81647260273974,0.0,0.0,376.81647260273974,0.0,376.81647260273974
37,57,188.23,0.0,313.2279452054794,188.23,0.0,124.9979452054794,188.23,313.2279452054794
37,58,0.0,0.0,497.21479452054797,0.0,0.0,497.21479452054797,0.0,497.21479452054797
37,59,0.0,0.0,482.4107534246574,0.0,0.0,482.4107534246574,0.0,482.4107534246574
37,60,0.0,0.0,430.6970547945208,0.0,0.0,430.6970547945208,0.0,430.6970547945208
37,61,0.0,0.0,297.4455821917809,0.0,0.0,297.4455821917809,0.0,297.4455821917809
37,62,0.0,0.0,207.25982876712328,0.0,0.0,207.25982876712328,0.0,363.9398287671233
37,63,0.0,0.0,454.9069863013698,0.0,0.0,454.9069863013698,0.0,454.9069863013698
37,64,0.0,0.0,351.72698630136995,0.0,0.0,351.72698630136995,0.0,351.72698630136995
37,65,0.0,0.0,343.8869863013699,0.0,0.0,343.8869863013699,0.0,343.8869863013699
37,66,0.0,0.0,407.6145547945206,0.0,0.0,407.6145547945206,0.0,407.6145547945206
37,67,0.0,0.0,476.1551027397259,0.0,0.0,476.1551027397259,0.0,476.1551027397259
37,68,0.0,0.0,430.29191780821895,0.0,0.0,430.29191780821895,0.0,430.29191780821895
37,69,0.0,150.22,278.01890410958913,0.0,0.0,278.01890410958913,0.0,278.01890410958913
37,70,0.0,0.0,292.03979452054784,0.0,0.0,292.03979452054784,0.0,532.8097945205478
37,71,0.0,0.0,206.50311643835613,0.0,0.0,206.50311643835613,0.0,206.50311643835613
37,72,0.0,0.0,470.0392123287671,0.0,0.0,470.0392123287671,0.0,470.0392123287671
37,73,0.0,0.0,393.43020547945207,0.0,0.0,393.43020547945207,0.0,393.43020547945207
37,74,0.0,0.0,427.86421232876705,0.0,0.0,427.86421232876705,0.0,427.86421232876705
37,75,0.0,0.0,419.05044520547926,0.0,0.0,419.05044520547926,0.0,419.05044520547926
37,76,0.0,0.0,300.4021232876712,0.0,0.0,300.4021232876712,0.0,300.4021232876712
37,77,497.67,0.0,389.77486301369856,389.77486301369856,107.89513698630145,0.0,389.77486301369856,389.77486301369856
37,78,0.0,0.0,259.3933904109589,0.0,0.0,259.3933904109589,0.0,259.3933904109589
37,79,0.0,0.0,330.1576369863013,0.0,0.0,330.1576369863013,0.0,330.1576369863013
37,80,496.83,0.0,403.9877397260275,403.9877397260275,92.8422602739725,0.0,403.9877397260275,403.9877397260275
37,81,0.0,432.53695205479454,432.53695205479454,0.0,0.0,432.53695205479454,0.0,432.53695205479454
37,82,0.0,151.99,390.9296232876712,0.0,0.0,390.9296232876712,0.0,390.9296232876712
37,83,0.0,0.0,256.84510273972603,0.0,0.0,256.84510273972603,0.0,256.84510273972603
37,84,0.0,0.0,219.95928082191782,0.0,0.0,219.95928082191782,0.0,376.2492808219178
37,85,0.0,0.0,265.6598287671234,0.0,0.0,265.6598287671234,0.0,265.6598287671234
37,86,0.0,0.0,317.67859589041075,0.0,0.0,317.67859589041075,0.0,503.9685958904107
37,87,0.0,0.0,269.4978424657534,0.0,0.0,269.4978424657534,0.0,269.4978424657534
37,88,0.0,0.0,504.29510273972596,0.0,0.0,504.29510273972596,0.0,504.29510273972596
37,89,0.0,0.0,358.29476027397266,0.0,0.0,358.29476027397266,0.0,358.29476027397266
37,90,222.72,503.18133561643833,503.18133561643833,222.72,0.0,280.4613356164383,222.72000000000003,503.18133561643833
37,91,109.8,0.0,436.5981506849317,109.8,0.0,326.79815068493167,109.80000000000001,436.5981506849317
37,92,0.0,226.55,451.02246575342457,0.0,0.0,451.02246575342457,0.0,451.02246575342457
37,93,0.0,0.0,385.8469520547945,0.0,0.0,385.8469520547945,0.0,385.8469520547945
37,94,0.0,0.0,276.4630821917808,0.0,0.0,276.4630821917808,0.0,276.4630821917808
37,95,0.0,0.0,271.58202054794526,0.0,0.0,271.58202054794526,0.0,271.58202054794526
38,0,0.0,0.0,225.44938356164386,0.0,0.0,225.44938356164386,0.0,225.44938356164386
38,1,0.0,0.0,509.6604109589041,0.0,0.0,509.6604109589041,0.0,509.6604109589041
38,2,0.0,0.0,546.2143150684931,0.0,0.0,546.2143150684931,0.0,546.2143150684931
38,3,0.0,0.0,241.21928082191778,0.0,0.0,241.21928082191778,0.0,241.21928082191778
38,4,0.0,0.0,524.5339726027396,0.0,0.0,524.5339726027396,0.0,524.5339726027396
38,5,0.0,0.0,424.828801369863,0.0,0.0,424.828801369863,0.0,424.828801369863
38,6,0.0,0.0,486.7493150684934,0.0,0.0,486.7493150684934,0.0,486.7493150684934
38,7,0.0,0.0,347.7283561643836,0.0,0.0,347.7283561643836,0.0,347.7283561643836
38,8,0.0,0.0,0.0,0.0,0.0,0.0,0.0,377.5047260273973
38,9,0.0,42.561061643835444,465.06106164383544,0.0,0.0,465.06106164383544,0.0,465.06106164383544
38,10,0.0,0.0,452.51907534246584,0.0,0.0,452.51907534246584,0.0,452.51907534246584
38,11,0.0,0.0,289.2730821917808,0.0,0.0,289.2730821917808,0.0,289.2730821917808
38,12,0.0,0.0,0.0,0.0,0.0,0.0,0.0,386.6066438356164
38,13,286.26,467.8044863013699,467.8044863013699,286.26,0.0,181.5444863013699,286.26,467.8044863013699
38,14,550.97,0.0,423.9286301369862,423.9286301369862,127.04136986301381,0.0,423.9286301369862,423.9286301369862
38,15,0.0,0.0,370.4582191780823,0.0,0.0,370.4582191780823,0.0,370.4582191780823
38,16,0.0,0.0,372.61815068493144,0.0,0.0,372.61815068493144,0.0,372.61815068493144
38,17,0.0,0.0,27.292842465753495,0.0,0.0,27.292842465753495,0.0,440.7528424657535
38,18,0.0,0.0,363.7329452054794,0.0,0.0,363.7329452054794,0.0,363.7329452054794
38,19,598.89,135.86999999999998,339.1046917808219,339.1046917808219,259.7853082191781,0.0,339.1046917808219,339.1046917808219
38,20,0.0,145.58,382.2246917808219,0.0,0.0,382.2246917808219,0.0,382.2246917808219
38,21,0.0,0.0,217.15965753424652,0.0,0.0,217.15965753424652,0.0,217.15965753424652
38,22,384.05,0.0,514.6831506849315,384.05,0.0,130.63315068493154,384.05,514.6831506849315
38,23,0.0,0.0,59.438767123287676,0.0,0.0,59.438767123287676,0.0,400.63876712328766
38,24,0.0,0.0,420.8831506849314,0.0,0.0,420.8831506849314,0.0,420.8831506849314
38,25,0.0,0.0,414.17273972602743,0.0,0.0,414.17273972602743,0.0,414.17273972602743
38,26,0.0,0.0,120.67897260273986,0.0,0.0,120.67897260273986,0.0,433.2189726027399
38,27,219.72,0.0,324.58712328767126,219.72,0.0,104.86712328767126,219.72,324.58712328767126
38,28,0.0,0.0,357.3754109589041,0.0,0.0,357.3754109589041,0.0,357.3754109589041
38,29,0.0,0.0,292.1207876712329,0.0,0.0,292.1207876712329,0.0,292.1207876712329
38,30,0.0,329.76,329.76,0.0,0.0,329.76,0.0,408.68301369863025
38,31,0.0,0.0,575.8559589041095,0.0,0.0,575.8559589041095,0.0,575.8559589041095
38,32,0.0,0.0,515.9707191780824,0.0,0.0,515.9707191780824,0.0,515.9707191780824
38,33,0.0,325.52,332.5119863013699,0.0,0.0,332.5119863013699,0.0,332.5119863013699
38,34,0.0,0.0,484.3216095890409,0.0,0.0,484.3216095890409,0.0,484.3216095890409
38,35,0.0,0.0,392.25914383561656,0.0,0.0,392.25914383561656,0.0,392.25914383561656
38,36,360.96,0.0,556.6009246575342,360.96,0.0,195.64092465753419,360.96,556.6009246575342
38,37,176.85,126.81,367.40099315068494,176.85,0.0,190.55099315068495,176.85,367.40099315068494
38,38,0.0,0.0,0.0,0.0,0.0,0.0,0.0,453.86154109589035
38,39,0.0,0.0,333.2752739726027,0.0,0.0,333.2752739726027,0.0,333.2752739726027
38,40,0.0,0.0,363.6351369863013,0.0,0.0,363.6351369863013,0.0,363.6351369863013
38,41,0.0,0.0,342.41434931506853,0.0,0.0,342.41434931506853,0.0,342.41434931506853
38,42,0.0,162.99,162.99,0.0,0.0,162.99,0.0,271.86130136986304
38,43,0.0,0.0,480.8273630136987,0.0,0.0,480.8273630136987,0.0,480.8273630136987
38,44,0.0,0.0,0.0,0.0,0.0,0.0,0.0,279.9872945205479
38,45,0.0,0.0,535.524212328767,0.0,0.0,535.524212328767,0.0,535.524212328767
38,46,574.68,0.0,0.0,0.0,574.68,0.0,0.0,423.32404109589044
38,47,0.0,0.0,388.81476027397264,0.0,0.0,388.81476027397264,0.0,388.81476027397264
38,48,0.0,0.0,527.1062328767123,0.0,0.0,527.1062328767123,0.0,527.1062328767123
38,49,0.0,0.0,338.29465753424654,0.0,0.0,338.29465753424654,0.0,338.29465753424654
38,50,0.0,0.0,404.66832191780827,0.0,0.0,404.66832191780827,0.0,404.66832191780827
38,51,188.32,0.0,245.63647260273976,188.32,0.0,57.316472602739765,188.32,245.63647260273976
38,52,0.0,465.37,465.37,0.0,0.0,465.37,0.0,465.3753424657534
38,53,0.0,0.0,310.62667808219175,0.0,0.0,310.62667808219175,0.0,310.62667808219175
38,54,0.0,0.0,468.955410958904,0.0,0.0,468.955410958904,0.0,468.955410958904
38,55,0.0,0.0,305.61544520547955,0.0,0.0,305.61544520547955,0.0,305.61544520547955
38,56,152.75,0.0,376.81647260273974,152.75,0.0,224.06647260273974,152.75,376.81647260273974
38,57,0.0,0.0,124.9979452054794,0.0,0.0,124.9979452054794,0.0,313.2279452054794
38,58,0.0,0.0,497.21479452054797,0.0,0.0,497.21479452054797,0.0,497.21479452054797
38,59,0.0,0.0,482.4107534246574,0.0,0.0,482.4107534246574,0.0,482.4107534246574
38,60,0.0,0.0,430.6970547945208,0.0,0.0,430.6970547945208,0.0,430.6970547945208
38,61,211.98,0.0,297.4455821917809,211.98,0.0,85.4655821917809,211.98,297.4455821917809
38,62,502.32,156.68,363.9398287671233,363.9398287671233,138.3801712328767,0.0,363.9398287671233,363.9398287671233
38,63,0.0,0.0,454.9069863013698,0.0,0.0,454.9069863013698,0.0,454.9069863013698
38,64,550.87,0.0,351.72698630136995,351.72698630136995,199.14301369863006,0.0,351.72698630136995,351.72698630136995
38,65,0.0,0.0,343.8869863013699,0.0,0.0,343.8869863013699,0.0,343.8869863013699
38,66,0.0,0.0,407.6145547945206,0.0,0.0,407.6145547945206,0.0,407.6145547945206
38,67,125.94,0.0,476.1551027397259,125.94,0.0,350.2151027397259,125.94,476.1551027397259
38,68,235.81,0.0,430.29191780821895,235.81,0.0,194.48191780821895,235.81,430.29191780821895
38,69,0.0,0.0,278.01890410958913,0.0,0.0,278.01890410958913,0.0,278.01890410958913
38,70,0.0,240.76999999999998,532.8097945205478,0.0,0.0,532.8097945205478,0.0,532.8097945205478
38,71,0.0,0.0,206.50311643835613,0.0,0.0,206.50311643835613,0.0,206.50311643835613
38,72,0.0,0.0,470.0392123287671,0.0,0.0,470.0392123287671,0.0,470.0392123287671
38,73,0.0,0.0,393.43020547945207,0.0,0.0,393.43020547945207,0.0,393.43020547945207
38,74,0.0,0.0,427.86421232876705,0.0,0.0,427.86421232876705,0.0,427.86421232876705
38,75,0.0,0.0,419.05044520547926,0.0,0.0,419.05044520547926,0.0,419.05044520547926
38,76,0.0,0.0,300.4021232876712,0.0,0.0,300.4021232876712,0.0,300.4021232876712
38,77,0.0,0.0,0.0,0.0,0.0,0.0,0.0,389.77486301369856
38,78,0.0,0.0,259.3933904109589,0.0,0.0,259.3933904109589,0.0,259.3933904109589
38,79,0.0,0.0,330.1576369863013,0.0,0.0,330.1576369863013,0.0,330.1576369863013
38,80,0.0,0.0,0.0,0.0,0.0,0.0,0.0,403.9877397260275
38,81,0.0,0.0,432.53695205479454,0.0,0.0,432.53695205479454,0.0,432.53695205479454
38,82,0.0,0.0,390.9296232876712,0.0,0.0,390.9296232876712,0.0,390.9296232876712
38,83,0.0,0.0,256.84510273972603,0.0,0.0,256.84510273972603,0.0,256.84510273972603
38,84,0.0,156.29,376.2492808219178,0.0,0.0,376.2492808219178,0.0,376.2492808219178
38,85,0.0,0.0,265.6598287671234,0.0,0.0,265.6598287671234,0.0,265.6598287671234
38,86,0.0,186.28999999999996,503.9685958904107,0.0,0.0,503.9685958904107,0.0,503.9685958904107
38,87,0.0,0.0,269.4978424657534,0.0,0.0,269.4978424657534,0.0,269.4978424657534
38,88,0.0,0.0,504.29510273972596,0.0,0.0,504.29510273972596,0.0,504.29510273972596
38,89,0.0,0.0,358.29476027397266,0.0,0.0,358.29476027397266,0.0,358.29476027397266
38,90,0.0,0.0,280.4613356164383,0.0,0.0,280.4613356164383,0.0,503.18133561643833
38,91,514.35,0.0,326.79815068493167,326.79815068493167,187.55184931506835,0.0,326.79815068493167,436.5981506849317
38,92,486.78,0.0,451.02246575342457,451.02246575342457,35.7575342465754,0.0,451.02246575342457,451.02246575342457
38,93,402.43,0.0,385.8469520547945,385.8469520547945,16.58304794520552,0.0,385.8469520547945,385.8469520547945
38,94,0.0,0.0,276.4630821917808,0.0,0.0,276.4630821917808,0.0,276.4630821917808
38,95,0.0,0.0,271.58202054794526,0.0,0.0,271.58202054794526,0.0,271.58202054794526
39,0,0.0,0.0,225.44938356164386,0.0,0.0,225.44938356164386,0.0,225.44938356164386
39,1,0.0,0.0,509.6604109589041,0.0,0.0,509.6604109589041,0.0,509.6604109589041
39,2,0.0,0.0,546.2143150684931,0.0,0.0,546.2143150684931,0.0,546.2143150684931
39,3,0.0,0.0,241.21928082191778,0.0,0.0,241.21928082191778,0.0,241.21928082191778
39,4,0.0,0.0,524.5339726027396,0.0,0.0,524.5339726027396,0.0,524.5339726027396
39,5,0.0,0.0,424.828801369863,0.0,0.0,424.828801369863,0.0,424.828801369863
39,6,0.0,0.0,486.7493150684934,0.0,0.0,486.7493150684934,0.0,486.7493150684934
39,7,0.0,0.0,347.7283561643836,0.0,0.0,347.7283561643836,0.0,347.7283561643836
39,8,134.89,377.5047260273973,377.5047260273973,134.89,0.0,242.6147260273973,134.89,377.5047260273973
39,9,0.0,0.0,465.06106164383544,0.0,0.0,465.06106164383544,0.0,465.06106164383544
39,10,0.0,0.0,452.51907534246584,0.0,0.0,452.51907534246584,0.0,452.51907534246584
39,11,0.0,0.0,289.2730821917808,0.0,0.0,289.2730821917808,0.0,289.2730821917808
39,12,0.0,386.6066438356164,386.6066438356164,0.0,0.0,386.6066438356164,0.0,386.6066438356164
39,13,0.0,0.0,181.5444863013699,0.0,0.0,181.5444863013699,0.0,467.8044863013699
39,14,0.0,0.0,0.0,0.0,0.0,0.0,0.0,423.9286301369862
39,15,399.62,0.0,370.4582191780823,370.4582191780823,29.161780821917716,0.0,370.4582191780823,370.4582191780823
39,16,0.0,0.0,372.61815068493144,0.0,0.0,372.61815068493144,0.0,372.61815068493144
39,17,0.0,413.46,440.7528424657535,0.0,0.0,440.7528424657535,0.0,440.7528424657535
39,18,0.0,0.0,363.7329452054794,0.0,0.0,363.7329452054794,0.0,363.7329452054794
39,19,0.0,2.842170943040401e-14,2.842170943040401e-14,0.0,0.0,2.842170943040401e-14,0.0,339.1046917808219
39,20,133.35,0.0,382.2246917808219,133.35,0.0,248.8746917808219,133.35,382.2246917808219
39,21,0.0,0.0,217.15965753424652,0.0,0.0,217.15965753424652,0.0,217.15965753424652
39,22,0.0,0.0,130.63315068493154,0.0,0.0,130.63315068493154,0.0,514.6831506849315
39,23,0.0,341.2,400.63876712328766,0.0,0.0,400.63876712328766,0.0,400.63876712328766
39,24,0.0,0.0,420.8831506849314,0.0,0.0,420.8831506849314,0.0,420.8831506849314
39,25,0.0,0.0,414.17273972602743,0.0,0.0,414.17273972602743,0.0,414.17273972602743
39,26,0.0,312.54,433.2189726027399,0.0,0.0,433.2189726027399,0.0,433.2189726027399
39,27,0.0,0.0,104.86712328767126,0.0,0.0,104.86712328767126,0.0,324.58712328767126
39,28,0.0,0.0,357.3754109589041,0.0,0.0,357.3754109589041,0.0,357.3754109589041
39,29,0.0,0.0,292.1207876712329,0.0,0.0,292.1207876712329,0.0,292.1207876712329
39,30,0.0,78.92301369863026,408.68301369863025,0.0,0.0,408.68301369863025,0.0,408.68301369863025
39,31,190.48,0.0,575.8559589041095,190.48,0.0,385.37595890410944,190.48000000000002,575.8559589041095
39,32,0.0,0.0,515.9707191780824,0.0,0.0,515.9707191780824,0.0,515.9707191780824
39,33,0.0,0.0,332.5119863013699,0.0,0.0,332.5119863013699,0.0,332.5119863013699
39,34,0.0,0.0,484.3216095890409,0.0,0.0,484.3216095890409,0.0,484.3216095890409
39,35,0.0,0.0,392.25914383561656,0.0,0.0,392.25914383561656,0.0,392.25914383561656
39,36,0.0,0.0,195.64092465753419,0.0,0.0,195.64092465753419,0.0,556.6009246575342
39,37,0.0,0.0,190.55099315068495,0.0,0.0,190.55099315068495,0.0,367.40099315068494
39,38,0.0,453.86154109589035,453.86154109589035,0.0,0.0,453.86154109589035,0.0,453.86154109589035
39,39,0.0,0.0,333.2752739726027,0.0,0.0,333.2752739726027,0.0,333.2752739726027
39,40,0.0,0.0,363.6351369863013,0.0,0.0,363.6351369863013,0.0,363.6351369863013
39,41,0.0,0.0,342.41434931506853,0.0,0.0,342.41434931506853,0.0,342.41434931506853
39,42,0.0,108.87130136986303,271.86130136986304,0.0,0.0,271.86130136986304,0.0,271.86130136986304
39,43,0.0,0.0,480.8273630136987,0.0,0.0,480.8273630136987,0.0,480.8273630136987
39,44,363.94,279.9872945205479,279.9872945205479,279.9872945205479,83.9527054794521,0.0,279.9872945205479,279.9872945205479
39,45,0.0,0.0,535.524212328767,0.0,0.0,535.524212328767,0.0,535.524212328767
39,46,0.0,423.32404109589044,423.32404109589044,0.0,0.0,423.32404109589044,0.0,423.32404109589044
39,47,208.35,0.0,388.81476027397264,208.35,0.0,180.46476027397264,208.35,388.81476027397264
39,48,0.0,0.0,527.1062328767123,0.0,0.0,527.1062328767123,0.0,527.1062328767123
39,49,0.0,0.0,338.29465753424654,0.0,0.0,338.29465753424654,0.0,338.29465753424654
39,50,0.0,0.0,404.66832191780827,0.0,0.0,404.66832191780827,0.0,404.66832191780827
39,51,0.0,0.0,57.316472602739765,0.0,0.0,57.316472602739765,0.0,245.63647260273976
39,52,0.0,0.0053424657534151265,465.3753424657534,0.0,0.0,465.3753424657534,0.0,465.3753424657534
39,53,0.0,0.0,310.62667808219175,0.0,0.0,310.62667808219175,0.0,310.62667808219175
39,54,0.0,0.0,468.955410958904,0.0,0.0,468.955410958904,0.0,468.955410958904
39,55,295.78,0.0,305.61544520547955,295.78,0.0,9.835445205479573,295.78,305.61544520547955
39,56,0.0,0.0,224.06647260273974,0.0,0.0,224.06647260273974,0.0,376.81647260273974
39,57,0.0,188.23,313.2279452054794,0.0,0.0,313.2279452054794,0.0,313.2279452054794
39,58,0.0,0.0,497.21479452054797,0.0,0.0,497.21479452054797,0.0,497.21479452054797
39,59,0.0,0.0,482.4107534246574,0.0,0.0,482.4107534246574,0.0,482.4107534246574
39,60,0.0,0.0,430.6970547945208,0.0,0.0,430.6970547945208,0.0,430.6970547945208
39,61,0.0,0.0,85.4655821917809,0.0,0.0,85.4655821917809,0.0,297.4455821917809
39,62,0.0,0.0,0.0,0.0,0.0,0.0,0.0,363.9398287671233
39,63,195.56,0.0,454.9069863013698,195.56,0.0,259.3469863013698,195.56,454.9069863013698
39,64,0.0,0.0,0.0,0.0,0.0,0.0,0.0,351.72698630136995
39,65,0.0,0.0,343.8869863013699,0.0,0.0,343.8869863013699,0.0,343.8869863013699
39,66,0.0,0.0,407.6145547945206,0.0,0.0,407.6145547945206,0.0,407.6145547945206
39,67,0.0,0.0,350.2151027397259,0.0,0.0,350.2151027397259,0.0,476.1551027397259
39,68,0.0,0.0,194.48191780821895,0.0,0.0,194.48191780821895,0.0,430.29191780821895
39,69,0.0,0.0,278.01890410958913,0.0,0.0,278.01890410958913,0.0,278.01890410958913
39,70,0.0,0.0,532.8097945205478,0.0,0.0,532.8097945205478,0.0,532.8097945205478
39,71,0.0,0.0,206.50311643835613,0.0,0.0,206.50311643835613,0.0,206.50311643835613
39,72,520.51,0.0,470.0392123287671,470.0392123287671,50.47078767123287,0.0,470.0392123287671,470.0392123287671
39,73,0.0,0.0,393.43020547945207,0.0,0.0,393.43020547945207,0.0,393.43020547945207
39,74,0.0,0.0,427.86421232876705,0.0,0.0,427.86421232876705,0.0,427.86421232876705
39,75,216.72,0.0,419.05044520547926,216.72,0.0,202.33044520547926,216.72,419.05044520547926
39,76,0.0,0.0,300.4021232876712,0.0,0.0,300.4021232876712,0.0,300.4021232876712
39,77,0.0,389.77486301369856,389.77486301369856,0.0,0.0,389.77486301369856,0.0,389.77486301369856
39,78,0.0,0.0,259.3933904109589,0.0,0.0,259.3933904109589,0.0,259.3933904109589
39,79,0.0,0.0,330.1576369863013,0.0,0.0,330.1576369863013,0.0,330.1576369863013
39,80,0.0,403.9877397260275,403.9877397260275,0.0,0.0,403.9877397260275,0.0,403.9877397260275
39,81,0.0,0.0,432.53695205479454,0.0,0.0,432.53695205479454,0.0,432.53695205479454
39,82,0.0,0.0,390.9296232876712,0.0,0.0,390.9296232876712,0.0,390.9296232876712
39,83,0.0,0.0,256.84510273972603,0.0,0.0,256.84510273972603,0.0,256.84510273972603
39,84,0.0,0.0,376.2492808219178,0.0,0.0,376.2492808219178,0.0,376.2492808219178
39,85,0.0,0.0,265.6598287671234,0.0,0.0,265.6598287671234,0.0,265.6598287671234
39,86,358.29,0.0,503.9685958904107,358.29,0.0,145.6785958904107,358.29,503.9685958904107
39,87,393.47,0.0,269.4978424657534,269.4978424657534,123.9721575342466,0.0,269.4978424657534,269.4978424657534
39,88,0.0,0.0,504.29510273972596,0.0,0.0,504.29510273972596,0.0,504.29510273972596
39,89,0.0,0.0,358.29476027397266,0.0,0.0,358.29476027397266,0.0,358.29476027397266
39,90,468.55,222.72000000000003,503.18133561643833,468.55,0.0,34.63133561643832,468.55,503.18133561643833
39,91,0.0,109.80000000000001,109.80000000000001,0.0,0.0,109.80000000000001,0.0,436.5981506849317
39,92,0.0,0.0,0.0,0.0,0.0,0.0,0.0,451.02246575342457
39,93,0.0,0.0,0.0,0.0,0.0,0.0,0.0,385.8469520547945
39,94,0.0,0.0,276.4630821917808,0.0,0.0,276.4630821917808,0.0,276.4630821917808
39,95,283.23,0.0,271.58202054794526,271.58202054794526,11.647979452054756,0.0,271.58202054794526,271.58202054794526
40,0,0.0,0.0,225.44938356164386,0.0,0.0,225.44938356164386,0.0,225.44938356164386
40,1,0.0,0.0,509.6604109589041,0.0,0.0,509.6604109589041,0.0,509.6604109589041
40,2,0.0,0.0,546.2143150684931,0.0,0.0,546.2143150684931,0.0,546.2143150684931
40,3,0.0,0.0,241.21928082191778,0.0,0.0,241.21928082191778,0.0,241.21928082191778
40,4,0.0,0.0,524.5339726027396,0.0,0.0,524.5339726027396,0.0,524.5339726027396
40,5,0.0,0.0,424.828801369863,0.0,0.0,424.828801369863,0.0,424.828801369863
40,6,370.98,0.0,486.7493150684934,370.98,0.0,115.76931506849337,370.98,486.7493150684934
40,7,0.0,0.0,347.7283561643836,0.0,0.0,347.7283561643836,0.0,347.7283561643836
40,8,0.0,0.0,242.6147260273973,0.0,0.0,242.6147260273973,0.0,377.5047260273973
40,9,0.0,0.0,465.06106164383544,0.0,0.0,465.06106164383544,0.0,465.06106164383544
40,10,459.61,0.0,452.51907534246584,452.51907534246584,7.090924657534174,0.0,452.51907534246584,452.51907534246584
40,11,0.0,0.0,289.2730821917808,0.0,0.0,289.2730821917808,0.0,289.2730821917808
40,12,0.0,0.0,386.6066438356164,0.0,0.0,386.6066438356164,0.0,386.6066438356164
40,13,0.0,286.26,467.8044863013699,0.0,0.0,467.8044863013699,0.0,467.8044863013699
40,14,0.0,423.9286301369862,423.9286301369862,0.0,0.0,423.9286301369862,0.0,423.9286301369862
40,15,166.85,0.0,0.0,0.0,166.85,0.0,0.0,370.4582191780823
40,16,0.0,0.0,372.61815068493144,0.0,0.0,372.61815068493144,0.0,372.61815068493144
40,17,0.0,0.0,440.7528424657535,0.0,0.0,440.7528424657535,0.0,440.7528424657535
40,18,0.0,0.0,363.7329452054794,0.0,0.0,363.7329452054794,0.0,363.7329452054794
40,19,0.0,339.1046917808219,339.1046917808219,0.0,0.0,339.1046917808219,0.0,339.1046917808219
40,20,0.0,0.0,248.8746917808219,0.0,0.0,248.8746917808219,0.0,382.2246917808219
40,21,0.0,0.0,217.15965753424652,0.0,0.0,217.15965753424652,0.0,217.15965753424652
40,22,493.03,384.05,514.6831506849315,493.03,0.0,21.653150684931575,493.03,514.6831506849315
40,23,0.0,0.0,400.63876712328766,0.0,0.0,400.63876712328766,0.0,400.63876712328766
40,24,0.0,0.0,420.8831506849314,0.0,0.0,420.8831506849314,0.0,420.8831506849314
40,25,0.0,0.0,414.17273972602743,0.0,0.0,414.17273972602743,0.0,414.17273972602743
40,26,0.0,0.0,433.2189726027399,0.0,0.0,433.2189726027399,0.0,433.2189726027399
40,27,112.94,219.72,324.58712328767126,112.94,0.0,211.64712328767126,112.94,324.58712328767126
40,28,232.33,0.0,357.3754109589041,232.33,0.0,125.04541095890411,232.33,357.3754109589041
40,29,0.0,0.0,292.1207876712329,0.0,0.0,292.1207876712329,0.0,292.1207876712329
40,30,0.0,0.0,408.68301369863025,0.0,0.0,408.68301369863025,0.0,408.68301369863025
40,31,434.71,0.0,385.37595890410944,385.37595890410944,49.33404109589054,0.0,385.37595890410944,575.8559589041095
40,32,0.0,0.0,515.9707191780824,0.0,0.0,515.9707191780824,0.0,515.9707191780824
40,33,216.73,0.0,332.5119863013699,216.73,0.0,115.78198630136993,216.73,332.5119863013699
40,34,0.0,0.0,484.3216095890409,0.0,0.0,484.3216095890409,0.0,484.3216095890409
40,35,0.0,0.0,392.25914383561656,0.0,0.0,392.25914383561656,0.0,392.25914383561656
40,36,0.0,360.96,556.6009246575342,0.0,0.0,556.6009246575342,0.0,556.6009246575342
40,37,0.0,176.85,367.40099315068494,0.0,0.0,367.40099315068494,0.0,367.40099315068494
40,38,0.0,0.0,453.86154109589035,0.0,0.0,453.86154109589035,0.0,453.86154109589035
40,39,0.0,0.0,333.2752739726027,0.0,0.0,333.2752739726027,0.0,333.2752739726027
40,40,495.93,0.0,363.6351369863013,363.6351369863013,132.29486301369872,0.0,363.6351369863013,363.6351369863013
40,41,0.0,0.0,342.41434931506853,0.0,0.0,342.41434931506853,0.0,342.41434931506853
40,42,0.0,0.0,271.86130136986304,0.0,0.0,271.86130136986304,0.0,271.86130136986304
40,43,0.0,0.0,480.8273630136987,0.0,0.0,480.8273630136987,0.0,480.8273630136987
40,44,0.0,0.0,0.0,0.0,0.0,0.0,0.0,279.9872945205479
40,45,0.0,0.0,535.524212328767,0.0,0.0,535.524212328767,0.0,535.524212328767
40,46,0.0,0.0,423.32404109589044,0.0,0.0,423.32404109589044,0.0,423.32404109589044
40,47,0.0,0.0,180.46476027397264,0.0,0.0,180.46476027397264,0.0,388.81476027397264
40,48,0.0,0.0,527.1062328767123,0.0,0.0,527.1062328767123,0.0,527.1062328767123
40,49,0.0,0.0,338.29465753424654,0.0,0.0,338.29465753424654,0.0,338.29465753424654
40,50,394.2,0.0,404.66832191780827,394.2,0.0,10.468321917808282,394.2,404.66832191780827
40,51,0.0,188.32,245.63647260273976,0.0,0.0,245.63647260273976,0.0,245.63647260273976
40,52,0.0,0.0,465.3753424657534,0.0,0.0,465.3753424657534,0.0,465.3753424657534
40,53,489.99,0.0,310.62667808219175,310.62667808219175,179.36332191780826,0.0,310.62667808219175,310.62667808219175
40,54,0.0,0.0,468.955410958904,0.0,0.0,468.955410958904,0.0,468.955410958904
40,55,0.0,0.0,9.835445205479573,0.0,0.0,9.835445205479573,0.0,305.61544520547955
40,56,0.0,152.75,376.81647260273974,0.0,0.0,376.81647260273974,0.0,376.81647260273974
40,57,0.0,0.0,313.2279452054794,0.0,0.0,313.2279452054794,0.0,313.2279452054794
40,58,0.0,0.0,497.21479452054797,0.0,0.0,497.21479452054797,0.0,497.21479452054797
40,59,596.46,0.0,482.4107534246574,482.4107534246574,114.04924657534264,0.0,482.4107534246574,482.4107534246574
40,60,0.0,0.0,430.6970547945208,0.0,0.0,430.6970547945208,0.0,430.6970547945208
40,61,0.0,211.98,297.4455821917809,0.0,0.0,297.4455821917809,0.0,297.4455821917809
40,62,0.0,363.9398287671233,363.9398287671233,0.0,0.0,363.9398287671233,0.0,363.9398287671233
40,63,0.0,0.0,259.3469863013698,0.0,0.0,259.3469863013698,0.0,454.9069863013698
40,64,106.32,351.72698630136995,351.72698630136995,106.32,0.0,245.40698630136995,106.32,351.72698630136995
40,65,0.0,0.0,343.8869863013699,0.0,0.0,343.8869863013699,0.0,343.8869863013699
40,66,0.0,0.0,407.6145547945206,0.0,0.0,407.6145547945206,0.0,407.6145547945206
40,67,0.0,125.94,476.1551027397259,0.0,0.0,476.1551027397259,0.0,476.1551027397259
40,68,0.0,235.81,430.29191780821895,0.0,0.0,430.29191780821895,0.0,430.29191780821895
40,69,0.0,0.0,278.01890410958913,0.0,0.0,278.01890410958913,0.0,278.01890410958913
40,70,0.0,0.0,532.8097945205478,0.0,0.0,532.8097945205478,0.0,532.8097945205478
40,71,0.0,0.0,206.50311643835613,0.0,0.0,206.50311643835613,0.0,206.50311643835613
40,72,129.79,0.0,0.0,0.0,129.79,0.0,0.0,470.0392123287671
40,73,0.0,0.0,393.43020547945207,0.0,0.0,393.43020547945207,0.0,393.43020547945207
40,74,0.0,0.0,427.86421232876705,0.0,0.0,427.86421232876705,0.0,427.86421232876705
40,75,0.0,0.0,202.33044520547926,0.0,0.0,202.33044520547926,0.0,419.05044520547926
40,76,0.0,0.0,300.4021232876712,0.0,0.0,300.4021232876712,0.0,300.4021232876712
40,77,0.0,0.0,389.77486301369856,0.0,0.0,389.77486301369856,0.0,389.77486301369856
40,78,0.0,0.0,259.3933904109589,0.0,0.0,259.3933904109589,0.0,259.3933904109589
40,79,549.3,0.0,330.1576369863013,330.1576369863013,219.14236301369863,0.0,330.1576369863013,330.1576369863013
40,80,0.0,0.0,403.9877397260275,0.0,0.0,403.9877397260275,0.0,403.9877397260275
40,81,0.0,0.0,432.53695205479454,0.0,0.0,432.53695205479454,0.0,432.53695205479454
40,82,0.0,0.0,390.9296232876712,0.0,0.0,390.9296232876712,0.0,390.9296232876712
40,83,506.03,0.0,256.84510273972603,256.84510273972603,249.18489726027394,0.0,256.84510273972603,256.84510273972603
40,84,0.0,0.0,376.2492808219178,0.0,0.0,376.2492808219178,0.0,376.2492808219178
40,85,0.0,0.0,265.6598287671234,0.0,0.0,265.6598287671234,0.0,265.6598287671234
40,86,0.0,0.0,145.6785958904107,0.0,0.0,145.6785958904107,0.0,503.9685958904107
40,87,0.0,0.0,0.0,0.0,0.0,0.0,0.0,269.4978424657534
40,88,0.0,0.0,504.29510273972596,0.0,0.0,504.29510273972596,0.0,504.29510273972596
40,89,0.0,0.0,358.29476027397266,0.0,0.0,358.29476027397266,0.0,358.29476027397266
40,90,0.0,0.0,34.63133561643832,0.0,0.0,34.63133561643832,0.0,503.18133561643833
40,91,0.0,326.79815068493167,436.5981506849317,0.0,0.0,436.5981506849317,0.0,436.5981506849317
40,92,0.0,451.02246575342457,451.02246575342457,0.0,0.0,451.02246575342457,0.0,451.02246575342457
40,93,0.0,385.8469520547945,385.8469520547945,0.0,0.0,385.8469520547945,0.0,385.8469520547945
40,94,0.0,0.0,276.4630821917808,0.0,0.0,276.4630821917808,0.0,276.4630821917808
40,95,0.0,0.0,0.0,0.0,0.0,0.0,0.0,271.58202054794526
41,0,0.0,0.0,225.44938356164386,0.0,0.0,225.44938356164386,0.0,225.44938356164386
41,1,447.39,0.0,509.6604109589041,447.39,0.0,62.27041095890411,447.39,509.6604109589041
41,2,250.5,0.0,546.2143150684931,250.5,0.0,295.7143150684931,250.5,546.2143150684931
41,3,0.0,0.0,241.21928082191778,0.0,0.0,241.21928082191778,0.0,241.21928082191778
41,4,0.0,0.0,524.5339726027396,0.0,0.0,524.5339726027396,0.0,524.5339726027396
41,5,0.0,0.0,424.828801369863,0.0,0.0,424.828801369863,0.0,424.828801369863
41,6,0.0,0.0,115.76931506849337,0.0,0.0,115.76931506849337,0.0,486.7493150684934
41,7,0.0,0.0,347.7283561643836,0.0,0.0,347.7283561643836,0.0,347.7283561643836
41,8,0.0,134.89,377.5047260273973,0.0,0.0,377.5047260273973,0.0,377.5047260273973
41,9,0.0,0.0,465.06106164383544,0.0,0.0,465.06106164383544,0.0,465.06106164383544
41,10,0.0,0.0,0.0,0.0,0.0,0.0,0.0,452.51907534246584
41,11,0.0,0.0,289.2730821917808,0.0,0.0,289.2730821917808,0.0,289.2730821917808
41,12,421.43,0.0,386.6066438356164,386.6066438356164,34.8233561643836,0.0,386.6066438356164,386.6066438356164
41,13,451.28,0.0,467.8044863013699,451.28,0.0,16.524486301369905,451.28,467.8044863013699
41,14,0.0,0.0,423.9286301369862,0.0,0.0,423.9286301369862,0.0,423.9286301369862
41,15,0.0,370.4582191780823,370.4582191780823,0.0,0.0,370.4582191780823,0.0,370.4582191780823
41,16,0.0,0.0,372.61815068493144,0.0,0.0,372.61815068493144,0.0,372.61815068493144
41,17,0.0,0.0,440.7528424657535,0.0,0.0,440.7528424657535,0.0,440.7528424657535
41,18,0.0,0.0,363.7329452054794,0.0,0.0,363.7329452054794,0.0,363.7329452054794
41,19,0.0,0.0,339.1046917808219,0.0,0.0,339.1046917808219,0.0,339.1046917808219
41,20,0.0,133.35,382.2246917808219,0.0,0.0,382.2246917808219,0.0,382.2246917808219
41,21,100.27,0.0,217.15965753424652,100.27,0.0,116.88965753424652,100.27,217.15965753424652
41,22,0.0,0.0,21.653150684931575,0.0,0.0,21.653150684931575,0.0,514.6831506849315
41,23,0.0,0.0,400.63876712328766,0.0,0.0,400.63876712328766,0.0,400.63876712328766
41,24,0.0,0.0,420.8831506849314,0.0,0.0,420.8831506849314,0.0,420.8831506849314
41,25,443.99,0.0,414.17273972602743,414.17273972602743,29.81726027397258,0.0,414.17273972602743,414.17273972602743
41,26,0.0,0.0,433.2189726027399,0.0,0.0,433.2189726027399,0.0,433.2189726027399
41,27,0.0,0.0,211.64712328767126,0.0,0.0,211.64712328767126,0.0,324.58712328767126
41,28,0.0,0.0,125.04541095890411,0.0,0.0,125.04541095890411,0.0,357.3754109589041
41,29,114.57,0.0,292.1207876712329,114.57,0.0,177.5507876712329,114.57,292.1207876712329
41,30,0.0,0.0,408.68301369863025,0.0,0.0,408.68301369863025,0.0,408.68301369863025
41,31,0.0,190.48000000000002,190.48000000000002,0.0,0.0,190.48000000000002,0.0,575.8559589041095
41,32,0.0,0.0,515.9707191780824,0.0,0.0,515.9707191780824,0.0,515.9707191780824
41,33,0.0,0.0,115.78198630136993,0.0,0.0,115.78198630136993,0.0,332.5119863013699
41,34,0.0,0.0,484.3216095890409,0.0,0.0,484.3216095890409,0.0,484.3216095890409
41,35,0.0,0.0,392.25914383561656,0.0,0.0,392.25914383561656,0.0,392.25914383561656
41,36,324.05,0.0,556.6009246575342,324.05,0.0,232.55092465753415,324.05,556.6009246575342
41,37,0.0,0.0,367.40099315068494,0.0,0.0,367.40099315068494,0.0,367.40099315068494
41,38,0.0,0.0,453.86154109589035,0.0,0.0,453.86154109589035,0.0,453.86154109589035
41,39,599.08,0.0,333.2752739726027,333.2752739726027,265.80472602739735,0.0,333.2752739726027,333.2752739726027
41,40,0.0,0.0,0.0,0.0,0.0,0.0,0.0,363.6351369863013
41,41,563.25,0.0,342.41434931506853,342.41434931506853,220.83565068493147,0.0,342.41434931506853,342.41434931506853
41,42,0.0,0.0,271.86130136986304,0.0,0.0,271.86130136986304,0.0,271.86130136986304
41,43,0.0,0.0,480.8273630136987,0.0,0.0,480.8273630136987,0.0,480.8273630136987
41,44,0.0,279.9872945205479,279.9872945205479,0.0,0.0,279.9872945205479,0.0,279.9872945205479
41,45,0.0,0.0,535.524212328767,0.0,0.0,535.524212328767,0.0,535.524212328767
41,46,302.94,0.0,423.32404109589044,302.94,0.0,120.38404109589044,302.94,423.32404109589044
41,47,0.0,208.35,388.81476027397264,0.0,0.0,388.81476027397264,0.0,388.81476027397264
41,48,0.0,0.0,527.1062328767123,0.0,0.0,527.1062328767123,0.0,527.1062328767123
41,49,202.39,0.0,338.29465753424654,202.39,0.0,135.90465753424655,202.39,338.29465753424654
41,50,0.0,0.0,10.468321917808282,0.0,0.0,10.468321917808282,0.0,404.66832191780827
41,51,0.0,0.0,245.63647260273976,0.0,0.0,245.63647260273976,0.0,245.63647260273976
41,52,0.0,0.0,465.3753424657534,0.0,0.0,465.3753424657534,0.0,465.3753424657534
41,53,0.0,0.0,0.0,0.0,0.0,0.0,0.0,310.62667808219175
41,54,0.0,0.0,468.955410958904,0.0,0.0,468.955410958904,0.0,468.955410958904
41,55,0.0,295.78,305.61544520547955,0.0,0.0,305.61544520547955,0.0,305.61544520547955
41,56,0.0,0.0,376.81647260273974,0.0,0.0,376.81647260273974,0.0,376.81647260273974
41,57,0.0,0.0,313.2279452054794,0.0,0.0,313.2279452054794,0.0,313.2279452054794
41,58,0.0,0.0,497.21479452054797,0.0,0.0,497.21479452054797,0.0,497.21479452054797
41,59,0.0,0.0,0.0,0.0,0.0,0.0,0.0,482.4107534246574
41,60,0.0,0.0,430.6970547945208,0.0,0.0,430.6970547945208,0.0,430.6970547945208
41,61,0.0,0.0,297.4455821917809,0.0,0.0,297.4455821917809,0.0,297.4455821917809
41,62,0.0,0.0,363.9398287671233,0.0,0.0,363.9398287671233,0.0,363.9398287671233
41,63,514.37,195.56,454.9069863013698,454.9069863013698,59.46301369863022,0.0,454.9069863013698,454.9069863013698
41,64,0.0,0.0,245.40698630136995,0.0,0.0,245.40698630136995,0.0,351.72698630136995
41,65,0.0,0.0,343.8869863013699,0.0,0.0,343.8869863013699,0.0,343.8869863013699
41,66,447.22,0.0,407.6145547945206,407.6145547945206,39.60544520547944,0.0,407.6145547945206,407.6145547945206
41,67,0.0,0.0,476.1551027397259,0.0,0.0,476.1551027397259,0.0,476.1551027397259
41,68,262.16,0.0,430.29191780821895,262.16,0.0,168.13191780821893,262.16,430.29191780821895
41,69,0.0,0.0,278.01890410958913,0.0,0.0,278.01890410958913,0.0,278.01890410958913
41,70,0.0,0.0,532.8097945205478,0.0,0.0,532.8097945205478,0.0,532.8097945205478
41,71,0.0,0.0,206.50311643835613,0.0,0.0,206.50311643835613,0.0,206.50311643835613
41,72,0.0,470.0392123287671,470.0392123287671,0.0,0.0,470.0392123287671,0.0,470.0392123287671
41,73,0.0,0.0,393.43020547945207,0.0,0.0,393.43020547945207,0.0,393.43020547945207
41,74,0.0,0.0,427.86421232876705,0.0,0.0,427.86421232876705,0.0,427.86421232876705
41,75,0.0,216.72,419.05044520547926,0.0,0.0,419.05044520547926,0.0,419.05044520547926
41,76,0.0,0.0,300.4021232876712,0.0,0.0,300.4021232876712,0.0,300.4021232876712
41,77,0.0,0.0,389.77486301369856,0.0,0.0,389.77486301369856,0.0,389.77486301369856
41,78,0.0,0.0,259.3933904109589,0.0,0.0,259.3933904109589,0.0,259.3933904109589
41,79,0.0,0.0,0.0,0.0,0.0,0.0,0.0,330.1576369863013
41,80,0.0,0.0,403.9877397260275,0.0,0.0,403.9877397260275,0.0,403.9877397260275
41,81,375.19,0.0,432.53695205479454,375.19,0.0,57.34695205479454,375.19,432.53695205479454
41,82,483.27,0.0,390.9296232876712,390.9296232876712,92.3403767123288,0.0,390.9296232876712,390.9296232876712
41,83,0.0,0.0,0.0,0.0,0.0,0.0,0.0,256.84510273972603
41,84,0.0,0.0,376.2492808219178,0.0,0.0,376.2492808219178,0.0,376.2492808219178
41,85,0.0,0.0,265.6598287671234,0.0,0.0,265.6598287671234,0.0,265.6598287671234
41,86,0.0,358.29,503.9685958904107,0.0,0.0,503.9685958904107,0.0,503.9685958904107
41,87,0.0,269.4978424657534,269.4978424657534,0.0,0.0,269.4978424657534,0.0,269.4978424657534
41,88,0.0,0.0,504.29510273972596,0.0,0.0,504.29510273972596,0.0,504.29510273972596
41,89,0.0,0.0,358.29476027397266,0.0,0.0,358.29476027397266,0.0,358.29476027397266
41,90,0.0,468.55,503.18133561643833,0.0,0.0,503.18133561643833,0.0,503.18133561643833
41,91,0.0,0.0,436.5981506849317,0.0,0.0,436.5981506849317,0.0,436.5981506849317
41,92,0.0,0.0,451.02246575342457,0.0,0.0,451.02246575342457,0.0,451.02246575342457
41,93,468.1,0.0,385.8469520547945,385.8469520547945,82.25304794520554,0.0,385.8469520547945,385.8469520547945
41,94,0.0,0.0,276.4630821917808,0.0,0.0,276.4630821917808,0.0,276.4630821917808
41,95,0.0,271.58202054794526,271.58202054794526,0.0,0.0,271.58202054794526,0.0,271.58202054794526
42,0,0.0,0.0,225.44938356164386,0.0,0.0,225.44938356164386,0.0,225.44938356164386
42,1,0.0,0.0,62.27041095890411,0.0,0.0,62.27041095890411,0.0,509.6604109589041
42,2,0.0,0.0,295.7143150684931,0.0,0.0,295.7143150684931,0.0,546.2143150684931
42,3,0.0,0.0,241.21928082191778,0.0,0.0,241.21928082191778,0.0,241.21928082191778
42,4,113.21,0.0,524.5339726027396,113.21,0.0,411.3239726027396,113.20999999999998,524.5339726027396
42,5,0.0,0.0,424.828801369863,0.0,0.0,424.828801369863,0.0,424.828801369863
42,6,0.0,370.98,486.7493150684934,0.0,0.0,486.7493150684934,0.0,486.7493150684934
42,7,0.0,0.0,347.7283561643836,0.0,0.0,347.7283561643836,0.0,347.7283561643836
42,8,0.0,0.0,377.5047260273973,0.0,0.0,377.5047260273973,0.0,377.5047260273973
42,9,0.0,0.0,465.06106164383544,0.0,0.0,465.06106164383544,0.0,465.06106164383544
42,10,411.97,452.51907534246584,452.51907534246584,411.97,0.0,40.54907534246581,411.97,452.51907534246584
42,11,0.0,0.0,289.2730821917808,0.0,0.0,289.2730821917808,0.0,289.2730821917808
42,12,0.0,0.0,0.0,0.0,0.0,0.0,0.0,386.6066438356164
42,13,0.0,0.0,16.524486301369905,0.0,0.0,16.524486301369905,0.0,467.8044863013699
42,14,0.0,0.0,423.9286301369862,0.0,0.0,423.9286301369862,0.0,423.9286301369862
42,15,574.61,0.0,370.4582191780823,370.4582191780823,204.15178082191773,0.0,370.4582191780823,370.4582191780823
42,16,0.0,0.0,372.61815068493144,0.0,0.0,372.61815068493144,0.0,372.61815068493144
42,17,0.0,0.0,440.7528424657535,0.0,0.0,440.7528424657535,0.0,440.7528424657535
42,18,0.0,0.0,363.7329452054794,0.0,0.0,363.7329452054794,0.0,363.7329452054794
42,19,544.37,0.0,339.1046917808219,339.1046917808219,205.2653082191781,0.0,339.1046917808219,339.1046917808219
42,20,0.0,0.0,382.2246917808219,0.0,0.0,382.2246917808219,0.0,382.2246917808219
42,21,0.0,0.0,116.88965753424652,0.0,0.0,116.88965753424652,0.0,217.15965753424652
42,22,0.0,493.03,514.6831506849315,0.0,0.0,514.6831506849315,0.0,514.6831506849315
42,23,0.0,0.0,400.63876712328766,0.0,0.0,400.63876712328766,0.0,400.63876712328766
42,24,0.0,0.0,420.8831506849314,0.0,0.0,420.8831506849314,0.0,420.8831506849314
42,25,0.0,0.0,0.0,0.0,0.0,0.0,0.0,414.17273972602743
42,26,0.0,0.0,433.2189726027399,0.0,0.0,433.2189726027399,0.0,433.2189726027399
42,27,0.0,112.94,324.58712328767126,0.0,0.0,324.58712328767126,0.0,324.58712328767126
42,28,0.0,232.33,357.3754109589041,0.0,0.0,357.3754109589041,0.0,357.3754109589041
42,29,0.0,0.0,177.5507876712329,0.0,0.0,177.5507876712329,0.0,292.1207876712329
42,30,179.96,0.0,408.68301369863025,179.96,0.0,228.72301369863024,179.96,408.68301369863025
42,31,0.0,385.37595890410944,575.8559589041095,0.0,0.0,575.8559589041095,0.0,575.8559589041095
42,32,0.0,0.0,515.9707191780824,0.0,0.0,515.9707191780824,0.0,515.9707191780824
42,33,0.0,216.73,332.5119863013699,0.0,0.0,332.5119863013699,0.0,332.5119863013699
42,34,0.0,0.0,484.3216095890409,0.0,0.0,484.3216095890409,0.0,484.3216095890409
42,35,0.0,0.0,392.25914383561656,0.0,0.0,392.25914383561656,0.0,392.25914383561656
42,36,243.56,0.0,232.55092465753415,232.55092465753415,11.009075342465849,0.0,232.55092465753415,556.6009246575342
42,37,0.0,0.0,367.40099315068494,0.0,0.0,367.40099315068494,0.0,367.40099315068494
42,38,0.0,0.0,453.86154109589035,0.0,0.0,453.86154109589035,0.0,453.86154109589035
42,39,0.0,0.0,0.0,0.0,0.0,0.0,0.0,333.2752739726027
42,40,0.0,363.6351369863013,363.6351369863013,0.0,0.0,363.6351369863013,0.0,363.6351369863013
42,41,0.0,0.0,0.0,0.0,0.0,0.0,0.0,342.41434931506853
42,42,0.0,0.0,271.86130136986304,0.0,0.0,271.86130136986304,0.0,271.86130136986304
42,43,0.0,0.0,480.8273630136987,0.0,0.0,480.8273630136987,0.0,480.8273630136987
42,44,0.0,0.0,279.9872945205479,0.0,0.0,279.9872945205479,0.0,279.9872945205479
42,45,0.0,0.0,535.524212328767,0.0,0.0,535.524212328767,0.0,535.524212328767
42,46,0.0,0.0,120.38404109589044,0.0,0.0,120.38404109589044,0.0,423.32404109589044
42,47,413.25,0.0,388.81476027397264,388.81476027397264,24.435239726027362,0.0,388.81476027397264,388.81476027397264
42,48,0.0,0.0,527.1062328767123,0.0,0.0,527.1062328767123,0.0,527.1062328767123
42,49,0.0,0.0,135.90465753424655,0.0,0.0,135.90465753424655,0.0,338.29465753424654
42,50,0.0,394.2,404.66832191780827,0.0,0.0,404.66832191780827,0.0,404.66832191780827
42,51,0.0,0.0,245.63647260273976,0.0,0.0,245.63647260273976,0.0,245.63647260273976
42,52,0.0,0.0,465.3753424657534,0.0,0.0,465.3753424657534,0.0,465.3753424657534
42,53,0.0,310.62667808219175,310.62667808219175,0.0,0.0,310.62667808219175,0.0,310.62667808219175
42,54,0.0,0.0,468.955410958904,0.0,0.0,468.955410958904,0.0,468.955410958904
42,55,0.0,0.0,305.61544520547955,0.0,0.0,305.61544520547955,0.0,305.61544520547955
42,56,0.0,0.0,376.81647260273974,0.0,0.0,376.81647260273974,0.0,376.81647260273974
42,57,0.0,0.0,313.2279452054794,0.0,0.0,313.2279452054794,0.0,313.2279452054794
42,58,0.0,0.0,497.21479452054797,0.0,0.0,497.21479452054797,0.0,497.21479452054797
42,59,0.0,482.4107534246574,482.4107534246574,0.0,0.0,482.4107534246574,0.0,482.4107534246574
42,60,0.0,0.0,430.6970547945208,0.0,0.0,430.6970547945208,0.0,430.6970547945208
42,61,221.37,0.0,297.4455821917809,221.37,0.0,76.07558219178088,221.37,297.4455821917809
42,62,0.0,0.0,363.9398287671233,0.0,0.0,363.9398287671233,0.0,363.9398287671233
42,63,514.34,0.0,0.0,0.0,514.34,0.0,0.0,454.9069863013698
42,64,0.0,106.32,351.72698630136995,0.0,0.0,351.72698630136995,0.0,351.72698630136995
42,65,0.0,0.0,343.8869863013699,0.0,0.0,343.8869863013699,0.0,343.8869863013699
42,66,0.0,0.0,0.0,0.0,0.0,0.0,0.0,407.6145547945206
42,67,0.0,0.0,476.1551027397259,0.0,0.0,476.1551027397259,0.0,476.1551027397259
42,68,194.96,0.0,168.13191780821893,168.13191780821893,26.82808219178108,0.0,168.13191780821893,430.29191780821895
42,69,0.0,0.0,278.01890410958913,0.0,0.0,278.01890410958913,0.0,278.01890410958913
42,70,0.0,0.0,532.8097945205478,0.0,0.0,532.8097945205478,0.0,532.8097945205478
42,71,0.0,0.0,206.50311643835613,0.0,0.0,206.50311643835613,0.0,206.50311643835613
42,72,421.23,0.0,470.0392123287671,421.23,0.0,48.8092123287671,421.23,470.0392123287671
42,73,0.0,0.0,393.43020547945207,0.0,0.0,393.43020547945207,0.0,393.43020547945207
42,74,0.0,0.0,427.86421232876705,0.0,0.0,427.86421232876705,0.0,427.86421232876705
42,75,0.0,0.0,419.05044520547926,0.0,0.0,419.05044520547926,0.0,419.05044520547926
42,76,0.0,0.0,300.4021232876712,0.0,0.0,300.4021232876712,0.0,300.4021232876712
42,77,0.0,0.0,389.77486301369856,0.0,0.0,389.77486301369856,0.0,389.77486301369856
42,78,0.0,0.0,259.3933904109589,0.0,0.0,259.3933904109589,0.0,259.3933904109589
42,79,481.4,330.1576369863013,330.1576369863013,330.1576369863013,151.24236301369865,0.0,330.1576369863013,330.1576369863013
42,80,0.0,0.0,403.9877397260275,0.0,0.0,403.9877397260275,0.0,403.9877397260275
42,81,0.0,0.0,57.34695205479454,0.0,0.0,57.34695205479454,0.0,432.53695205479454
42,82,0.0,0.0,0.0,0.0,0.0,0.0,0.0,390.9296232876712
42,83,0.0,256.84510273972603,256.84510273972603,0.0,0.0,256.84510273972603,0.0,256.84510273972603
42,84,0.0,0.0,376.2492808219178,0.0,0.0,376.2492808219178,0.0,376.2492808219178
42,85,0.0,0.0,265.6598287671234,0.0,0.0,265.6598287671234,0.0,265.6598287671234
42,86,439.55,0.0,503.9685958904107,439.55,0.0,64.4185958904107,439.55,503.9685958904107
42,87,0.0,0.0,269.4978424657534,0.0,0.0,269.4978424657534,0.0,269.4978424657534
42,88,0.0,0.0,504.29510273972596,0.0,0.0,504.29510273972596,0.0,504.29510273972596
42,89,0.0,0.0,358.29476027397266,0.0,0.0,358.29476027397266,0.0,358.29476027397266
42,90,0.0,0.0,503.18133561643833,0.0,0.0,503.18133561643833,0.0,503.18133561643833
42,91,0.0,0.0,436.5981506849317,0.0,0.0,436.5981506849317,0.0,436.5981506849317
42,92,0.0,0.0,451.02246575342457,0.0,0.0,451.02246575342457,0.0,451.02246575342457
42,93,0.0,0.0,0.0,0.0,0.0,0.0,0.0,385.8469520547945
42,94,0.0,0.0,276.4630821917808,0.0,0.0,276.4630821917808,0.0,276.4630821917808
42,95,410.18,0.0,271.58202054794526,271.58202054794526,138.59797945205474,0.0,271.58202054794526,271.58202054794526
43,0,0.0,0.0,225.44938356164386,0.0,0.0,225.44938356164386,0.0,225.44938356164386
43,1,0.0,447.39,509.6604109589041,0.0,0.0,509.6604109589041,0.0,509.6604109589041
43,2,287.17,250.5,546.2143150684931,287.17,0.0,259.04431506849306,287.17,546.2143150684931
43,3,0.0,0.0,241.21928082191778,0.0,0.0,241.21928082191778,0.0,241.21928082191778
43,4,0.0,0.0,411.3239726027396,0.0,0.0,411.3239726027396,0.0,524.5339726027396
43,5,0.0,0.0,424.828801369863,0.0,0.0,424.828801369863,0.0,424.828801369863
43,6,214.98,0.0,486.7493150684934,214.98,0.0,271.76931506849337,214.98000000000002,486.7493150684934
43,7,0.0,0.0,347.7283561643836,0.0,0.0,347.7283561643836,0.0,347.7283561643836
43,8,454.75,0.0,377.5047260273973,377.5047260273973,77.24527397260272,0.0,377.5047260273973,377.5047260273973
43,9,0.0,0.0,465.06106164383544,0.0,0.0,465.06106164383544,0.0,465.06106164383544
43,10,0.0,0.0,40.54907534246581,0.0,0.0,40.54907534246581,0.0,452.51907534246584
43,11,0.0,0.0,289.2730821917808,0.0,0.0,289.2730821917808,0.0,289.2730821917808
43,12,0.0,386.6066438356164,386.6066438356164,0.0,0.0,386.6066438356164,0.0,386.6066438356164
43,13,0.0,451.28,467.8044863013699,0.0,0.0,467.8044863013699,0.0,467.8044863013699
43,14,0.0,0.0,423.9286301369862,0.0,0.0,423.9286301369862,0.0,423.9286301369862
43,15,0.0,0.0,0.0,0.0,0.0,0.0,0.0,370.4582191780823
43,16,0.0,0.0,372.61815068493144,0.0,0.0,372.61815068493144,0.0,372.61815068493144
43,17,0.0,0.0,440.7528424657535,0.0,0.0,440.7528424657535,0.0,440.7528424657535
43,18,0.0,0.0,363.7329452054794,0.0,0.0,363.7329452054794,0.0,363.7329452054794
43,19,0.0,0.0,0.0,0.0,0.0,0.0,0.0,339.1046917808219
43,20,0.0,0.0,382.2246917808219,0.0,0.0,382.2246917808219,0.0,382.2246917808219
43,21,0.0,100.27,217.15965753424652,0.0,0.0,217.15965753424652,0.0,217.15965753424652
43,22,0.0,0.0,514.6831506849315,0.0,0.0,514.6831506849315,0.0,514.6831506849315
43,23,0.0,0.0,400.63876712328766,0.0,0.0,400.63876712328766,0.0,400.63876712328766
43,24,0.0,0.0,420.8831506849314,0.0,0.0,420.8831506849314,0.0,420.8831506849314
43,25,0.0,414.17273972602743,414.17273972602743,0.0,0.0,414.17273972602743,0.0,414.17273972602743
43,26,0.0,0.0,433.2189726027399,0.0,0.0,433.2189726027399,0.0,433.2189726027399
43,27,122.48,0.0,324.58712328767126,122.48,0.0,202.10712328767124,122.48000000000002,324.58712328767126
43,28,146.88,0.0,357.3754109589041,146.88,0.0,210.49541095890413,146.88,357.3754109589041
43,29,422.25,114.57,292.1207876712329,292.1207876712329,130.1292123287671,0.0,292.1207876712329,292.1207876712329
43,30,0.0,0.0,228.72301369863024,0.0,0.0,228.72301369863024,0.0,408.68301369863025
43,31,280.2,0.0,575.8559589041095,280.2,0.0,295.65595890410947,280.2,575.8559589041095
43,32,253.08,0.0,515.9707191780824,253.08,0.0,262.89071917808235,253.08000000000004,515.9707191780824
43,33,0.0,0.0,332.5119863013699,0.0,0.0,332.5119863013699,0.0,332.5119863013699
43,34,0.0,0.0,484.3216095890409,0.0,0.0,484.3216095890409,0.0,484.3216095890409
43,35,0.0,0.0,392.25914383561656,0.0,0.0,392.25914383561656,0.0,392.25914383561656
43,36,0.0,324.05,324.05,0.0,0.0,324.05,0.0,556.6009246575342
43,37,107.4,0.0,367.40099315068494,107.4,0.0,260.00099315068496,107.39999999999998,367.40099315068494
43,38,0.0,0.0,453.86154109589035,0.0,0.0,453.86154109589035,0.0,453.86154109589035
43,39,0.0,333.2752739726027,333.2752739726027,0.0,0.0,333.2752739726027,0.0,333.2752739726027
43,40,0.0,0.0,363.6351369863013,0.0,0.0,363.6351369863013,0.0,363.6351369863013
43,41,0.0,342.41434931506853,342.41434931506853,0.0,0.0,342.41434931506853,0.0,342.41434931506853
43,42,0.0,0.0,271.86130136986304,0.0,0.0,271.86130136986304,0.0,271.86130136986304
43,43,0.0,0.0,480.8273630136987,0.0,0.0,480.8273630136987,0.0,480.8273630136987
43,44,0.0,0.0,279.9872945205479,0.0,0.0,279.9872945205479,0.0,279.9872945205479
43,45,0.0,0.0,535.524212328767,0.0,0.0,535.524212328767,0.0,535.524212328767
43,46,0.0,302.94,423.32404109589044,0.0,0.0,423.32404109589044,0.0,423.32404109589044
43,47,0.0,0.0,0.0,0.0,0.0,0.0,0.0,388.81476027397264
43,48,0.0,0.0,527.1062328767123,0.0,0.0,527.1062328767123,0.0,527.1062328767123
43,49,0.0,202.39,338.29465753424654,0.0,0.0,338.29465753424654,0.0,338.29465753424654
43,50,0.0,0.0,404.66832191780827,0.0,0.0,404.66832191780827,0.0,404.66832191780827
43,51,0.0,0.0,245.63647260273976,0.0,0.0,245.63647260273976,0.0,245.63647260273976
43,52,0.0,0.0,465.3753424657534,0.0,0.0,465.3753424657534,0.0,465.3753424657534
43,53,0.0,0.0,310.62667808219175,0.0,0.0,310.62667808219175,0.0,310.62667808219175
43,54,400.22,0.0,468.955410958904,400.22,0.0,68.73541095890397,400.22,468.955410958904
43,55,0.0,0.0,305.61544520547955,0.0,0.0,305.61544520547955,0.0,305.61544520547955
43,56,189.47,0.0,376.81647260273974,189.47,0.0,187.34647260273974,189.47,376.81647260273974
43,57,0.0,0.0,313.2279452054794,0.0,0.0,313.2279452054794,0.0,313.2279452054794
43,58,0.0,0.0,497.21479452054797,0.0,0.0,497.21479452054797,0.0,497.21479452054797
43,59,0.0,0.0,482.4107534246574,0.0,0.0,482.4107534246574,0.0,482.4107534246574
43,60,0.0,0.0,430.6970547945208,0.0,0.0,430.6970547945208,0.0,430.6970547945208
43,61,0.0,0.0,76.07558219178088,0.0,0.0,76.07558219178088,0.0,297.4455821917809
43,62,185.34,0.0,363.9398287671233,185.34,0.0,178.59982876712328,185.34,363.9398287671233
43,63,0.0,454.9069863013698,454.9069863013698,0.0,0.0,454.9069863013698,0.0,454.9069863013698
43,64,0.0,0.0,351.72698630136995,0.0,0.0,351.72698630136995,0.0,351.72698630136995
43,65,0.0,0.0,343.8869863013699,0.0,0.0,343.8869863013699,0.0,343.8869863013699
43,66,0.0,407.6145547945206,407.6145547945206,0.0,0.0,407.6145547945206,0.0,407.6145547945206
43,67,0.0,0.0,476.1551027397259,0.0,0.0,476.1551027397259,0.0,476.1551027397259
43,68,0.0,262.16,262.16,0.0,0.0,262.16,0.0,430.29191780821895
43,69,0.0,0.0,278.01890410958913,0.0,0.0,278.01890410958913,0.0,278.01890410958913
43,70,0.0,0.0,532.8097945205478,0.0,0.0,532.8097945205478,0.0,532.8097945205478
43,71,567.6,0.0,206.50311643835613,206.50311643835613,361.0968835616439,0.0,206.50311643835613,206.50311643835613
43,72,0.0,0.0,48.8092123287671,0.0,0.0,48.8092123287671,0.0,470.0392123287671
43,73,0.0,0.0,393.43020547945207,0.0,0.0,393.43020547945207,0.0,393.43020547945207
43,74,0.0,0.0,427.86421232876705,0.0,0.0,427.86421232876705,0.0,427.86421232876705
43,75,0.0,0.0,419.05044520547926,0.0,0.0,419.05044520547926,0.0,419.05044520547926
43,76,0.0,0.0,300.4021232876712,0.0,0.0,300.4021232876712,0.0,300.4021232876712
43,77,0.0,0.0,389.77486301369856,0.0,0.0,389.77486301369856,0.0,389.77486301369856
43,78,0.0,0.0,259.3933904109589,0.0,0.0,259.3933904109589,0.0,259.3933904109589
43,79,217.3,0.0,0.0,0.0,217.3,0.0,0.0,330.1576369863013
43,80,0.0,0.0,403.9877397260275,0.0,0.0,403.9877397260275,0.0,403.9877397260275
43,81,0.0,375.19,432.53695205479454,0.0,0.0,432.53695205479454,0.0,432.53695205479454
43,82,0.0,390.9296232876712,390.9296232876712,0.0,0.0,390.9296232876712,0.0,390.9296232876712
43,83,0.0,0.0,256.84510273972603,0.0,0.0,256.84510273972603,0.0,256.84510273972603
43,84,0.0,0.0,376.2492808219178,0.0,0.0,376.2492808219178,0.0,376.2492808219178
43,85,0.0,0.0,265.6598287671234,0.0,0.0,265.6598287671234,0.0,265.6598287671234
43,86,113.86,0.0,64.4185958904107,64.4185958904107,49.4414041095893,0.0,64.4185958904107,503.9685958904107
43,87,0.0,0.0,269.4978424657534,0.0,0.0,269.4978424657534,0.0,269.4978424657534
43,88,0.0,0.0,504.29510273972596,0.0,0.0,504.29510273972596,0.0,504.29510273972596
43,89,0.0,0.0,358.29476027397266,0.0,0.0,358.29476027397266,0.0,358.29476027397266
43,90,0.0,0.0,503.18133561643833,0.0,0.0,503.18133561643833,0.0,503.18133561643833
43,91,0.0,0.0,436.5981506849317,0.0,0.0,436.5981506849317,0.0,436.5981506849317
43,92,0.0,0.0,451.02246575342457,0.0,0.0,451.02246575342457,0.0,451.02246575342457
43,93,0.0,385.8469520547945,385.8469520547945,0.0,0.0,385.8469520547945,0.0,385.8469520547945
43,94,0.0,0.0,276.4630821917808,0.0,0.0,276.4630821917808,0.0,276.4630821917808
43,95,371.03,0.0,0.0,0.0,371.03,0.0,0.0,271.58202054794526
44,0,0.0,0.0,225.44938356164386,0.0,0.0,225.44938356164386,0.0,225.44938356164386
44,1,253.14,0.0,509.6604109589041,253.14,0.0,256.5204109589041,253.14,509.6604109589041
44,2,124.88,0.0,259.04431506849306,124.88,0.0,134.16431506849307,124.88,546.2143150684931
44,3,0.0,0.0,241.21928082191778,0.0,0.0,241.21928082191778,0.0,241.21928082191778
44,4,0.0,113.20999999999998,524.5339726027396,0.0,0.0,524.5339726027396,0.0,524.5339726027396
44,5,0.0,0.0,424.828801369863,0.0,0.0,424.828801369863,0.0,424.828801369863
44,6,0.0,0.0,271.76931506849337,0.0,0.0,271.76931506849337,0.0,486.7493150684934
44,7,0.0,0.0,347.7283561643836,0.0,0.0,347.7283561643836,0.0,347.7283561643836
44,8,0.0,0.0,0.0,0.0,0.0,0.0,0.0,377.5047260273973
44,9,0.0,0.0,465.06106164383544,0.0,0.0,465.06106164383544,0.0,465.06106164383544
44,10,0.0,411.97,452.51907534246584,0.0,0.0,452.51907534246584,0.0,452.51907534246584
44,11,0.0,0.0,289.2730821917808,0.0,0.0,289.2730821917808,0.0,289.2730821917808
44,12,0.0,0.0,386.6066438356164,0.0,0.0,386.6066438356164,0.0,386.6066438356164
44,13,0.0,0.0,467.8044863013699,0.0,0.0,467.8044863013699,0.0,467.8044863013699
44,14,0.0,0.0,423.9286301369862,0.0,0.0,423.9286301369862,0.0,423.9286301369862
44,15,0.0,370.4582191780823,370.4582191780823,0.0,0.0,370.4582191780823,0.0,370.4582191780823
44,16,0.0,0.0,372.61815068493144,0.0,0.0,372.61815068493144,0.0,372.61815068493144
44,17,212.22,0.0,440.7528424657535,212.22,0.0,228.53284246575348,212.22,440.7528424657535
44,18,0.0,0.0,363.7329452054794,0.0,0.0,363.7329452054794,0.0,363.7329452054794
44,19,0.0,339.1046917808219,339.1046917808219,0.0,0.0,339.1046917808219,0.0,339.1046917808219
44,20,0.0,0.0,382.2246917808219,0.0,0.0,382.2246917808219,0.0,382.2246917808219
44,21,0.0,0.0,217.15965753424652,0.0,0.0,217.15965753424652,0.0,217.15965753424652
44,22,0.0,0.0,514.6831506849315,0.0,0.0,514.6831506849315,0.0,514.6831506849315
44,23,0.0,0.0,400.63876712328766,0.0,0.0,400.63876712328766,0.0,400.63876712328766
44,24,0.0,0.0,420.8831506849314,0.0,0.0,420.8831506849314,0.0,420.8831506849314
44,25,0.0,0.0,414.17273972602743,0.0,0.0,414.17273972602743,0.0,414.17273972602743
44,26,0.0,0.0,433.2189726027399,0.0,0.0,433.2189726027399,0.0,433.2189726027399
44,27,0.0,0.0,202.10712328767124,0.0,0.0,202.10712328767124,0.0,324.58712328767126
44,28,74.02,0.0,210.49541095890413,74.02,0.0,136.47541095890415,74.01999999999998,357.3754109589041
44,29,130.34,0.0,0.0,0.0,130.34,0.0,0.0,292.1207876712329
44,30,0.0,179.96,408.68301369863025,0.0,0.0,408.68301369863025,0.0,408.68301369863025
44,31,0.0,0.0,295.65595890410947,0.0,0.0,295.65595890410947,0.0,575.8559589041095
44,32,173.92,0.0,262.89071917808235,173.92,0.0,88.97071917808236,173.91999999999996,515.9707191780824
44,33,0.0,0.0,332.5119863013699,0.0,0.0,332.5119863013699,0.0,332.5119863013699
44,34,0.0,0.0,484.3216095890409,0.0,0.0,484.3216095890409,0.0,484.3216095890409
44,35,0.0,0.0,392.25914383561656,0.0,0.0,392.25914383561656,0.0,392.25914383561656
44,36,389.49,232.55092465753415,556.6009246575342,389.49,0.0,167.11092465753416,389.49,556.6009246575342
44,37,0.0,0.0,260.00099315068496,0.0,0.0,260.00099315068496,0.0,367.40099315068494
44,38,0.0,0.0,453.86154109589035,0.0,0.0,453.86154109589035,0.0,453.86154109589035
44,39,0.0,0.0,333.2752739726027,0.0,0.0,333.2752739726027,0.0,333.2752739726027
44,40,0.0,0.0,363.6351369863013,0.0,0.0,363.6351369863013,0.0,363.6351369863013
44,41,0.0,0.0,342.41434931506853,0.0,0.0,342.41434931506853,0.0,342.41434931506853
44,42,0.0,0.0,271.86130136986304,0.0,0.0,271.86130136986304,0.0,271.86130136986304
44,43,0.0,0.0,480.8273630136987,0.0,0.0,480.8273630136987,0.0,480.8273630136987
44,44,0.0,0.0,279.9872945205479,0.0,0.0,279.9872945205479,0.0,279.9872945205479
44,45,0.0,0.0,535.524212328767,0.0,0.0,535.524212328767,0.0,535.524212328767
44,46,0.0,0.0,423.32404109589044,0.0,0.0,423.32404109589044,0.0,423.32404109589044
44,47,0.0,388.81476027397264,388.81476027397264,0.0,0.0,388.81476027397264,0.0,388.81476027397264
44,48,0.0,0.0,527.1062328767123,0.0,0.0,527.1062328767123,0.0,527.1062328767123
44,49,0.0,0.0,338.29465753424654,0.0,0.0,338.29465753424654,0.0,338.29465753424654
44,50,249.8,0.0,404.66832191780827,249.8,0.0,154.86832191780826,249.8,404.66832191780827
44,51,0.0,0.0,245.63647260273976,0.0,0.0,245.63647260273976,0.0,245.63647260273976
44,52,0.0,0.0,465.3753424657534,0.0,0.0,465.3753424657534,0.0,465.3753424657534
44,53,283.46,0.0,310.62667808219175,283.46,0.0,27.166678082191765,283.46,310.62667808219175
44,54,0.0,0.0,68.73541095890397,0.0,0.0,68.73541095890397,0.0,468.955410958904
44,55,0.0,0.0,305.61544520547955,0.0,0.0,305.61544520547955,0.0,305.61544520547955
44,56,0.0,0.0,187.34647260273974,0.0,0.0,187.34647260273974,0.0,376.81647260273974
44,57,0.0,0.0,313.2279452054794,0.0,0.0,313.2279452054794,0.0,313.2279452054794
44,58,0.0,0.0,497.21479452054797,0.0,0.0,497.21479452054797,0.0,497.21479452054797
44,59,110.11,0.0,482.4107534246574,110.11,0.0,372.3007534246574,110.11000000000001,482.4107534246574
44,60,0.0,0.0,430.6970547945208,0.0,0.0,430.6970547945208,0.0,430.6970547945208
44,61,0.0,221.37,297.4455821917809,0.0,0.0,297.4455821917809,0.0,297.4455821917809
44,62,0.0,0.0,178.59982876712328,0.0,0.0,178.59982876712328,0.0,363.9398287671233
44,63,0.0,0.0,454.9069863013698,0.0,0.0,454.9069863013698,0.0,454.9069863013698
44,64,0.0,0.0,351.72698630136995,0.0,0.0,351.72698630136995,0.0,351.72698630136995
44,65,0.0,0.0,343.8869863013699,0.0,0.0,343.8869863013699,0.0,343.8869863013699
44,66,0.0,0.0,407.6145547945206,0.0,0.0,407.6145547945206,0.0,407.6145547945206
44,67,0.0,0.0,476.1551027397259,0.0,0.0,476.1551027397259,0.0,476.1551027397259
44,68,0.0,168.13191780821893,430.29191780821895,0.0,0.0,430.29191780821895,0.0,430.29191780821895
44,69,0.0,0.0,278.01890410958913,0.0,0.0,278.01890410958913,0.0,278.01890410958913
44,70,0.0,0.0,532.8097945205478,0.0,0.0,532.8097945205478,0.0,532.8097945205478
44,71,0.0,0.0,0.0,0.0,0.0,0.0,0.0,206.50311643835613
44,72,0.0,421.23,470.0392123287671,0.0,0.0,470.0392123287671,0.0,470.0392123287671
44,73,0.0,0.0,393.43020547945207,0.0,0.0,393.43020547945207,0.0,393.43020547945207
44,74,952.32,0.0,427.86421232876705,427.86421232876705,524.455787671233,0.0,427.86421232876705,427.86421232876705
44,75,0.0,0.0,419.05044520547926,0.0,0.0,419.05044520547926,0.0,419.05044520547926
44,76,0.0,0.0,300.4021232876712,0.0,0.0,300.4021232876712,0.0,300.4021232876712
44,77,0.0,0.0,389.77486301369856,0.0,0.0,389.77486301369856,0.0,389.77486301369856
44,78,0.0,0.0,259.3933904109589,0.0,0.0,259.3933904109589,0.0,259.3933904109589
44,79,0.0,330.1576369863013,330.1576369863013,0.0,0.0,330.1576369863013,0.0,330.1576369863013
44,80,0.0,0.0,403.9877397260275,0.0,0.0,403.9877397260275,0.0,403.9877397260275
44,81,0.0,0.0,432.53695205479454,0.0,0.0,432.53695205479454,0.0,432.53695205479454
44,82,0.0,0.0,390.9296232876712,0.0,0.0,390.9296232876712,0.0,390.9296232876712
44,83,0.0,0.0,256.84510273972603,0.0,0.0,256.84510273972603,0.0,256.84510273972603
44,84,0.0,0.0,376.2492808219178,0.0,0.0,376.2492808219178,0.0,376.2492808219178
44,85,0.0,0.0,265.6598287671234,0.0,0.0,265.6598287671234,0.0,265.6598287671234
44,86,557.46,439.55,439.55,439.55,117.91000000000003,0.0,439.55,503.9685958904107
44,87,0.0,0.0,269.4978424657534,0.0,0.0,269.4978424657534,0.0,269.4978424657534
44,88,0.0,0.0,504.29510273972596,0.0,0.0,504.29510273972596,0.0,504.29510273972596
44,89,0.0,0.0,358.29476027397266,0.0,0.0,358.29476027397266,0.0,358.29476027397266
44,90,172.85,0.0,503.18133561643833,172.85,0.0,330.3313356164383,172.85000000000002,503.18133561643833
44,91,0.0,0.0,436.5981506849317,0.0,0.0,436.5981506849317,0.0,436.5981506849317
44,92,0.0,0.0,451.02246575342457,0.0,0.0,451.02246575342457,0.0,451.02246575342457
44,93,0.0,0.0,385.8469520547945,0.0,0.0,385.8469520547945,0.0,385.8469520547945
44,94,314.47,0.0,276.4630821917808,276.4630821917808,38.006917808219214,0.0,276.4630821917808,276.4630821917808
44,95,0.0,271.58202054794526,271.58202054794526,0.0,0.0,271.58202054794526,0.0,271.58202054794526
45,0,0.0,0.0,225.44938356164386,0.0,0.0,225.44938356164386,0.0,225.44938356164386
45,1,0.0,0.0,256.5204109589041,0.0,0.0,256.5204109589041,0.0,509.6604109589041
45,2,0.0,287.17,421.3343150684931,0.0,0.0,421.3343150684931,0.0,546.2143150684931
45,3,0.0,0.0,241.21928082191778,0.0,0.0,241.21928082191778,0.0,241.21928082191778
45,4,0.0,0.0,524.5339726027396,0.0,0.0,524.5339726027396,0.0,524.5339726027396
45,5,0.0,0.0,424.828801369863,0.0,0.0,424.828801369863,0.0,424.828801369863
45,6,137.56,214.98000000000002,486.7493150684934,137.56,0.0,349.1893150684934,137.56,486.7493150684934
45,7,0.0,0.0,347.7283561643836,0.0,0.0,347.7283561643836,0.0,347.7283561643836
45,8,0.0,377.5047260273973,377.5047260273973,0.0,0.0,377.5047260273973,0.0,377.5047260273973
45,9,0.0,0.0,465.06106164383544,0.0,0.0,465.06106164383544,0.0,465.06106164383544
45,10,253.15,0.0,452.51907534246584,253.15,0.0,199.36907534246583,253.15,452.51907534246584
45,11,0.0,0.0,289.2730821917808,0.0,0.0,289.2730821917808,0.0,289.2730821917808
45,12,0.0,0.0,386.6066438356164,0.0,0.0,386.6066438356164,0.0,386.6066438356164
45,13,0.0,0.0,467.8044863013699,0.0,0.0,467.8044863013699,0.0,467.8044863013699
45,14,0.0,0.0,423.9286301369862,0.0,0.0,423.9286301369862,0.0,423.9286301369862
45,15,578.59,0.0,370.4582191780823,370.4582191780823,208.13178082191774,0.0,370.4582191780823,370.4582191780823
45,16,288.35,0.0,372.61815068493144,288.35,0.0,84.26815068493141,288.35,372.61815068493144
45,17,469.01,0.0,228.53284246575348,228.53284246575348,240.47715753424652,0.0,228.53284246575348,440.7528424657535
45,18,0.0,0.0,363.7329452054794,0.0,0.0,363.7329452054794,0.0,363.7329452054794
45,19,0.0,0.0,339.1046917808219,0.0,0.0,339.1046917808219,0.0,339.1046917808219
45,20,0.0,0.0,382.2246917808219,0.0,0.0,382.2246917808219,0.0,382.2246917808219
45,21,0.0,0.0,217.15965753424652,0.0,0.0,217.15965753424652,0.0,217.15965753424652
45,22,0.0,0.0,514.6831506849315,0.0,0.0,514.6831506849315,0.0,514.6831506849315
45,23,0.0,0.0,400.63876712328766,0.0,0.0,400.63876712328766,0.0,400.63876712328766
45,24,0.0,0.0,420.8831506849314,0.0,0.0,420.8831506849314,0.0,420.8831506849314
45,25,0.0,0.0,414.17273972602743,0.0,0.0,414.17273972602743,0.0,414.17273972602743
45,26,0.0,0.0,433.2189726027399,0.0,0.0,433.2189726027399,0.0,433.2189726027399
45,27,0.0,122.48000000000002,324.58712328767126,0.0,0.0,324.58712328767126,0.0,324.58712328767126
45,28,0.0,146.88,283.35541095890414,0.0,0.0,283.35541095890414,0.0,357.3754109589041
45,29,0.0,292.1207876712329,292.1207876712329,0.0,0.0,292.1207876712329,0.0,292.1207876712329
45,30,0.0,0.0,408.68301369863025,0.0,0.0,408.68301369863025,0.0,408.68301369863025
45,31,0.0,280.2,575.8559589041095,0.0,0.0,575.8559589041095,0.0,575.8559589041095
45,32,161.34,253.08000000000004,342.05071917808243,161.34,0.0,180.71071917808243,161.34000000000003,515.9707191780824
45,33,0.0,0.0,332.5119863013699,0.0,0.0,332.5119863013699,0.0,332.5119863013699
45,34,0.0,0.0,484.3216095890409,0.0,0.0,484.3216095890409,0.0,484.3216095890409
45,35,0.0,0.0,392.25914383561656,0.0,0.0,392.25914383561656,0.0,392.25914383561656
45,36,0.0,0.0,167.11092465753416,0.0,0.0,167.11092465753416,0.0,556.6009246575342
45,37,0.0,107.39999999999998,367.40099315068494,0.0,0.0,367.40099315068494,0.0,367.40099315068494
45,38,0.0,0.0,453.86154109589035,0.0,0.0,453.86154109589035,0.0,453.86154109589035
45,39,0.0,0.0,333.2752739726027,0.0,0.0,333.2752739726027,0.0,333.2752739726027
45,40,183.93,0.0,363.6351369863013,183.93,0.0,179.70513698630128,183.93,363.6351369863013
45,41,0.0,0.0,342.41434931506853,0.0,0.0,342.41434931506853,0.0,342.41434931506853
45,42,0.0,0.0,271.86130136986304,0.0,0.0,271.86130136986304,0.0,271.86130136986304
45,43,433.68,0.0,480.8273630136987,433.68,0.0,47.14736301369868,433.68,480.8273630136987
45,44,0.0,0.0,279.9872945205479,0.0,0.0,279.9872945205479,0.0,279.9872945205479
45,45,0.0,0.0,535.524212328767,0.0,0.0,535.524212328767,0.0,535.524212328767
45,46,0.0,0.0,423.32404109589044,0.0,0.0,423.32404109589044,0.0,423.32404109589044
45,47,294.0,0.0,388.81476027397264,294.0,0.0,94.81476027397264,294.0,388.81476027397264
45,48,0.0,0.0,527.1062328767123,0.0,0.0,527.1062328767123,0.0,527.1062328767123
45,49,0.0,0.0,338.29465753424654,0.0,0.0,338.29465753424654,0.0,338.29465753424654
45,50,0.0,0.0,154.86832191780826,0.0,0.0,154.86832191780826,0.0,404.66832191780827
45,51,0.0,0.0,245.63647260273976,0.0,0.0,245.63647260273976,0.0,245.63647260273976
45,52,0.0,0.0,465.3753424657534,0.0,0.0,465.3753424657534,0.0,465.3753424657534
45,53,0.0,0.0,27.166678082191765,0.0,0.0,27.166678082191765,0.0,310.62667808219175
45,54,585.47,400.22,468.955410958904,468.955410958904,116.51458904109603,0.0,468.955410958904,468.955410958904
45,55,0.0,0.0,305.61544520547955,0.0,0.0,305.61544520547955,0.0,305.61544520547955
45,56,460.69,189.47,376.81647260273974,376.81647260273974,83.87352739726026,0.0,376.81647260273974,376.81647260273974
45,57,0.0,0.0,313.2279452054794,0.0,0.0,313.2279452054794,0.0,313.2279452054794
45,58,0.0,0.0,497.21479452054797,0.0,0.0,497.21479452054797,0.0,497.21479452054797
45,59,299.69,0.0,372.3007534246574,299.69,0.0,72.61075342465739,299.69,482.4107534246574
45,60,0.0,0.0,430.6970547945208,0.0,0.0,430.6970547945208,0.0,430.6970547945208
45,61,0.0,0.0,297.4455821917809,0.0,0.0,297.4455821917809,0.0,297.4455821917809
45,62,0.0,185.34,363.9398287671233,0.0,0.0,363.9398287671233,0.0,363.9398287671233
45,63,0.0,0.0,454.9069863013698,0.0,0.0,454.9069863013698,0.0,454.9069863013698
45,64,0.0,0.0,351.72698630136995,0.0,0.0,351.72698630136995,0.0,351.72698630136995
45,65,0.0,0.0,343.8869863013699,0.0,0.0,343.8869863013699,0.0,343.8869863013699
45,66,0.0,0.0,407.6145547945206,0.0,0.0,407.6145547945206,0.0,407.6145547945206
45,67,0.0,0.0,476.1551027397259,0.0,0.0,476.1551027397259,0.0,476.1551027397259
45,68,0.0,0.0,430.29191780821895,0.0,0.0,430.29191780821895,0.0,430.29191780821895
45,69,108.73,0.0,278.01890410958913,108.73,0.0,169.2889041095891,108.73000000000002,278.01890410958913
45,70,0.0,0.0,532.8097945205478,0.0,0.0,532.8097945205478,0.0,532.8097945205478
45,71,0.0,206.50311643835613,206.50311643835613,0.0,0.0,206.50311643835613,0.0,206.50311643835613
45,72,0.0,0.0,470.0392123287671,0.0,0.0,470.0392123287671,0.0,470.0392123287671
45,73,0.0,0.0,393.43020547945207,0.0,0.0,393.43020547945207,0.0,393.43020547945207
45,74,542.69,0.0,0.0,0.0,542.69,0.0,0.0,427.86421232876705
45,75,0.0,0.0,419.05044520547926,0.0,0.0,419.05044520547926,0.0,419.05044520547926
45,76,0.0,0.0,300.4021232876712,0.0,0.0,300.4021232876712,0.0,300.4021232876712
45,77,0.0,0.0,389.77486301369856,0.0,0.0,389.77486301369856,0.0,389.77486301369856
45,78,402.25,0.0,259.3933904109589,259.3933904109589,142.8566095890411,0.0,259.3933904109589,259.3933904109589
45,79,0.0,0.0,330.1576369863013,0.0,0.0,330.1576369863013,0.0,330.1576369863013
45,80,0.0,0.0,403.9877397260275,0.0,0.0,403.9877397260275,0.0,403.9877397260275
45,81,0.0,0.0,432.53695205479454,0.0,0.0,432.53695205479454,0.0,432.53695205479454
45,82,0.0,0.0,390.9296232876712,0.0,0.0,390.9296232876712,0.0,390.9296232876712
45,83,0.0,0.0,256.84510273972603,0.0,0.0,256.84510273972603,0.0,256.84510273972603
45,84,274.57,0.0,376.2492808219178,274.57,0.0,101.67928082191781,274.57,376.2492808219178
45,85,0.0,0.0,265.6598287671234,0.0,0.0,265.6598287671234,0.0,265.6598287671234
45,86,0.0,64.4185958904107,64.4185958904107,0.0,0.0,64.4185958904107,0.0,503.9685958904107
45,87,0.0,0.0,269.4978424657534,0.0,0.0,269.4978424657534,0.0,269.4978424657534
45,88,0.0,0.0,504.29510273972596,0.0,0.0,504.29510273972596,0.0,504.29510273972596
45,89,0.0,0.0,358.29476027397266,0.0,0.0,358.29476027397266,0.0,358.29476027397266
45,90,309.37,0.0,330.3313356164383,309.37,0.0,20.961335616438305,309.37,503.18133561643833
45,91,0.0,0.0,436.5981506849317,0.0,0.0,436.5981506849317,0.0,436.5981506849317
45,92,0.0,0.0,451.02246575342457,0.0,0.0,451.02246575342457,0.0,451.02246575342457
45,93,0.0,0.0,385.8469520547945,0.0,0.0,385.8469520547945,0.0,385.8469520547945
45,94,0.0,0.0,0.0,0.0,0.0,0.0,0.0,276.4630821917808
45,95,0.0,0.0,271.58202054794526,0.0,0.0,271.58202054794526,0.0,271.58202054794526
46,0,0.0,0.0,225.44938356164386,0.0,0.0,225.44938356164386,0.0,225.44938356164386
46,1,0.0,253.14,509.6604109589041,0.0,0.0,509.6604109589041,0.0,509.6604109589041
46,2,0.0,124.88,546.2143150684931,0.0,0.0,546.2143150684931,0.0,546.2143150684931
46,3,0.0,0.0,241.21928082191778,0.0,0.0,241.21928082191778,0.0,241.21928082191778
46,4,0.0,0.0,524.5339726027396,0.0,0.0,524.5339726027396,0.0,524.5339726027396
46,5,461.74,0.0,424.828801369863,424.828801369863,36.911198630136994,0.0,424.828801369863,424.828801369863
46,6,0.0,0.0,349.1893150684934,0.0,0.0,349.1893150684934,0.0,486.7493150684934
46,7,0.0,0.0,347.7283561643836,0.0,0.0,347.7283561643836,0.0,347.7283561643836
46,8,0.0,0.0,377.5047260273973,0.0,0.0,377.5047260273973,0.0,377.5047260273973
46,9,0.0,0.0,465.06106164383544,0.0,0.0,465.06106164383544,0.0,465.06106164383544
46,10,0.0,0.0,199.36907534246583,0.0,0.0,199.36907534246583,0.0,452.51907534246584
46,11,0.0,0.0,289.2730821917808,0.0,0.0,289.2730821917808,0.0,289.2730821917808
46,12,0.0,0.0,386.6066438356164,0.0,0.0,386.6066438356164,0.0,386.6066438356164
46,13,1069.03,0.0,467.8044863013699,467.8044863013699,601.22551369863,0.0,467.8044863013699,467.8044863013699
46,14,0.0,0.0,423.9286301369862,0.0,0.0,423.9286301369862,0.0,423.9286301369862
46,15,0.0,0.0,0.0,0.0,0.0,0.0,0.0,370.4582191780823
46,16,0.0,0.0,84.26815068493141,0.0,0.0,84.26815068493141,0.0,372.61815068493144
46,17,432.06,212.22,212.22,212.22,219.84,0.0,212.22,440.7528424657535
46,18,0.0,0.0,363.7329452054794,0.0,0.0,363.7329452054794,0.0,363.7329452054794
46,19,164.59,0.0,339.1046917808219,164.59,0.0,174.5146917808219,164.59,339.1046917808219
46,20,0.0,0.0,382.2246917808219,0.0,0.0,382.2246917808219,0.0,382.2246917808219
46,21,0.0,0.0,217.15965753424652,0.0,0.0,217.15965753424652,0.0,217.15965753424652
46,22,0.0,0.0,514.6831506849315,0.0,0.0,514.6831506849315,0.0,514.6831506849315
46,23,0.0,0.0,400.63876712328766,0.0,0.0,400.63876712328766,0.0,400.63876712328766
46,24,0.0,0.0,420.8831506849314,0.0,0.0,420.8831506849314,0.0,420.8831506849314
46,25,0.0,0.0,414.17273972602743,0.0,0.0,414.17273972602743,0.0,414.17273972602743
46,26,0.0,0.0,433.2189726027399,0.0,0.0,433.2189726027399,0.0,433.2189726027399
46,27,0.0,0.0,324.58712328767126,0.0,0.0,324.58712328767126,0.0,324.58712328767126
46,28,0.0,74.01999999999998,357.3754109589041,0.0,0.0,357.3754109589041,0.0,357.3754109589041
46,29,0.0,0.0,292.1207876712329,0.0,0.0,292.1207876712329,0.0,292.1207876712329
46,30,0.0,0.0,408.68301369863025,0.0,0.0,408.68301369863025,0.0,408.68301369863025
46,31,312.9,0.0,575.8559589041095,312.9,0.0,262.9559589041095,312.9,575.8559589041095
46,32,0.0,173.91999999999996,354.63071917808236,0.0,0.0,354.63071917808236,0.0,515.9707191780824
46,33,0.0,0.0,332.5119863013699,0.0,0.0,332.5119863013699,0.0,332.5119863013699
46,34,0.0,0.0,484.3216095890409,0.0,0.0,484.3216095890409,0.0,484.3216095890409
46,35,0.0,0.0,392.25914383561656,0.0,0.0,392.25914383561656,0.0,392.25914383561656
46,36,0.0,389.49,556.6009246575342,0.0,0.0,556.6009246575342,0.0,556.6009246575342
46,37,0.0,0.0,367.40099315068494,0.0,0.0,367.40099315068494,0.0,367.40099315068494
46,38,0.0,0.0,453.86154109589035,0.0,0.0,453.86154109589035,0.0,453.86154109589035
46,39,0.0,0.0,333.2752739726027,0.0,0.0,333.2752739726027,0.0,333.2752739726027
46,40,279.2,0.0,179.70513698630128,179.70513698630128,99.4948630136987,0.0,179.70513698630128,363.6351369863013
46,41,0.0,0.0,342.41434931506853,0.0,0.0,342.41434931506853,0.0,342.41434931506853
46,42,0.0,0.0,271.86130136986304,0.0,0.0,271.86130136986304,0.0,271.86130136986304
46,43,0.0,0.0,47.14736301369868,0.0,0.0,47.14736301369868,0.0,480.8273630136987
46,44,367.63,0.0,279.9872945205479,279.9872945205479,87.6427054794521,0.0,279.9872945205479,279.9872945205479
46,45,288.39,0.0,535.524212328767,288.39,0.0,247.13421232876703,288.39,535.524212328767
46,46,0.0,0.0,423.32404109589044,0.0,0.0,423.32404109589044,0.0,423.32404109589044
46,47,108.32,0.0,94.81476027397264,94.81476027397264,13.505239726027355,0.0,94.81476027397264,388.81476027397264
46,48,0.0,0.0,527.1062328767123,0.0,0.0,527.1062328767123,0.0,527.1062328767123
46,49,0.0,0.0,338.29465753424654,0.0,0.0,338.29465753424654,0.0,338.29465753424654
46,50,0.0,249.8,404.66832191780827,0.0,0.0,404.66832191780827,0.0,404.66832191780827
46,51,0.0,0.0,245.63647260273976,0.0,0.0,245.63647260273976,0.0,245.63647260273976
46,52,0.0,0.0,465.3753424657534,0.0,0.0,465.3753424657534,0.0,465.3753424657534
46,53,0.0,283.46,310.62667808219175,0.0,0.0,310.62667808219175,0.0,310.62667808219175
46,54,0.0,0.0,0.0,0.0,0.0,0.0,0.0,468.955410958904
46,55,583.95,0.0,305.61544520547955,305.61544520547955,278.3345547945205,0.0,305.61544520547955,305.61544520547955
46,56,0.0,0.0,0.0,0.0,0.0,0.0,0.0,376.81647260273974
46,57,114.28,0.0,313.2279452054794,114.28,0.0,198.94794520547939,114.28,313.2279452054794
46,58,0.0,0.0,497.21479452054797,0.0,0.0,497.21479452054797,0.0,497.21479452054797
46,59,252.46,110.11000000000001,182.7207534246574,182.7207534246574,69.7392465753426,0.0,182.7207534246574,482.4107534246574
46,60,0.0,0.0,430.6970547945208,0.0,0.0,430.6970547945208,0.0,430.6970547945208
46,61,0.0,0.0,297.4455821917809,0.0,0.0,297.4455821917809,0.0,297.4455821917809
46,62,0.0,0.0,363.9398287671233,0.0,0.0,363.9398287671233,0.0,363.9398287671233
46,63,522.31,0.0,454.9069863013698,454.9069863013698,67.40301369863016,0.0,454.9069863013698,454.9069863013698
46,64,0.0,0.0,351.72698630136995,0.0,0.0,351.72698630136995,0.0,351.72698630136995
46,65,0.0,0.0,343.8869863013699,0.0,0.0,343.8869863013699,0.0,343.8869863013699
46,66,0.0,0.0,407.6145547945206,0.0,0.0,407.6145547945206,0.0,407.6145547945206
46,67,0.0,0.0,476.1551027397259,0.0,0.0,476.1551027397259,0.0,476.1551027397259
46,68,0.0,0.0,430.29191780821895,0.0,0.0,430.29191780821895,0.0,430.29191780821895
46,69,0.0,0.0,169.2889041095891,0.0,0.0,169.2889041095891,0.0,278.01890410958913
46,70,329.64,0.0,532.8097945205478,329.64,0.0,203.16979452054784,329.64,532.8097945205478
46,71,0.0,0.0,206.50311643835613,0.0,0.0,206.50311643835613,0.0,206.50311643835613
46,72,0.0,0.0,470.0392123287671,0.0,0.0,470.0392123287671,0.0,470.0392123287671
46,73,511.41,0.0,393.43020547945207,393.43020547945207,117.97979452054796,0.0,393.43020547945207,393.43020547945207
46,74,0.0,427.86421232876705,427.86421232876705,0.0,0.0,427.86421232876705,0.0,427.86421232876705
46,75,0.0,0.0,419.05044520547926,0.0,0.0,419.05044520547926,0.0,419.05044520547926
46,76,0.0,0.0,300.4021232876712,0.0,0.0,300.4021232876712,0.0,300.4021232876712
46,77,0.0,0.0,389.77486301369856,0.0,0.0,389.77486301369856,0.0,389.77486301369856
46,78,0.0,0.0,0.0,0.0,0.0,0.0,0.0,259.3933904109589
46,79,0.0,0.0,330.1576369863013,0.0,0.0,330.1576369863013,0.0,330.1576369863013
46,80,0.0,0.0,403.9877397260275,0.0,0.0,403.9877397260275,0.0,403.9877397260275
46,81,0.0,0.0,432.53695205479454,0.0,0.0,432.53695205479454,0.0,432.53695205479454
46,82,0.0,0.0,390.9296232876712,0.0,0.0,390.9296232876712,0.0,390.9296232876712
46,83,377.7,0.0,256.84510273972603,256.84510273972603,120.85489726027396,0.0,256.84510273972603,256.84510273972603
46,84,0.0,0.0,101.67928082191781,0.0,0.0,101.67928082191781,0.0,376.2492808219178
46,85,0.0,0.0,265.6598287671234,0.0,0.0,265.6598287671234,0.0,265.6598287671234
46,86,0.0,439.55,503.9685958904107,0.0,0.0,503.9685958904107,0.0,503.9685958904107
46,87,0.0,0.0,269.4978424657534,0.0,0.0,269.4978424657534,0.0,269.4978424657534
46,88,142.66,0.0,504.29510273972596,142.66,0.0,361.635102739726,142.65999999999997,504.29510273972596
46,89,0.0,0.0,358.29476027397266,0.0,0.0,358.29476027397266,0.0,358.29476027397266
46,90,0.0,172.85000000000002,193.81133561643833,0.0,0.0,193.81133561643833,0.0,503.18133561643833
46,91,0.0,0.0,436.5981506849317,0.0,0.0,436.5981506849317,0.0,436.5981506849317
46,92,0.0,0.0,451.02246575342457,0.0,0.0,451.02246575342457,0.0,451.02246575342457
46,93,127.74,0.0,385.8469520547945,127.74,0.0,258.1069520547945,127.74000000000001,385.8469520547945
46,94,0.0,276.4630821917808,276.4630821917808,0.0,0.0,276.4630821917808,0.0,276.4630821917808
46,95,0.0,0.0,271.58202054794526,0.0,0.0,271.58202054794526,0.0,271.58202054794526
47,0,480.21,0.0,225.44938356164386,225.44938356164386,254.76061643835612,0.0,225.44938356164386,225.44938356164386
47,1,0.0,0.0,509.6604109589041,0.0,0.0,509.6604109589041,0.0,509.6604109589041
47,2,0.0,0.0,546.2143150684931,0.0,0.0,546.2143150684931,0.0,546.2143150684931
47,3,0.0,0.0,241.21928082191778,0.0,0.0,241.21928082191778,0.0,241.21928082191778
47,4,0.0,0.0,524.5339726027396,0.0,0.0,524.5339726027396,0.0,524.5339726027396
47,5,0.0,0.0,0.0,0.0,0.0,0.0,0.0,424.828801369863
47,6,0.0,137.56,486.7493150684934,0.0,0.0,486.7493150684934,0.0,486.7493150684934
47,7,0.0,0.0,347.7283561643836,0.0,0.0,347.7283561643836,0.0,347.7283561643836
47,8,0.0,0.0,377.5047260273973,0.0,0.0,377.5047260273973,0.0,377.5047260273973
47,9,0.0,0.0,465.06106164383544,0.0,0.0,465.06106164383544,0.0,465.06106164383544
47,10,0.0,253.15,452.51907534246584,0.0,0.0,452.51907534246584,0.0,452.51907534246584
47,11,0.0,0.0,289.2730821917808,0.0,0.0,289.2730821917808,0.0,289.2730821917808
47,12,0.0,0.0,386.6066438356164,0.0,0.0,386.6066438356164,0.0,386.6066438356164
47,13,0.0,0.0,0.0,0.0,0.0,0.0,0.0,467.8044863013699
47,14,0.0,0.0,423.9286301369862,0.0,0.0,423.9286301369862,0.0,423.9286301369862
47,15,0.0,370.4582191780823,370.4582191780823,0.0,0.0,370.4582191780823,0.0,370.4582191780823
47,16,0.0,288.35,372.61815068493144,0.0,0.0,372.61815068493144,0.0,372.61815068493144
47,17,0.0,228.53284246575348,228.53284246575348,0.0,0.0,228.53284246575348,0.0,440.7528424657535
47,18,0.0,0.0,363.7329452054794,0.0,0.0,363.7329452054794,0.0,363.7329452054794
47,19,0.0,0.0,174.5146917808219,0.0,0.0,174.5146917808219,0.0,339.1046917808219
47,20,271.42,0.0,382.2246917808219,271.42,0.0,110.80469178082188,271.42,382.2246917808219
47,21,0.0,0.0,217.15965753424652,0.0,0.0,217.15965753424652,0.0,217.15965753424652
47,22,0.0,0.0,514.6831506849315,0.0,0.0,514.6831506849315,0.0,514.6831506849315
47,23,0.0,0.0,400.63876712328766,0.0,0.0,400.63876712328766,0.0,400.63876712328766
47,24,0.0,0.0,420.8831506849314,0.0,0.0,420.8831506849314,0.0,420.8831506849314
47,25,226.85,0.0,414.17273972602743,226.85,0.0,187.32273972602744,226.85,414.17273972602743
47,26,0.0,0.0,433.2189726027399,0.0,0.0,433.2189726027399,0.0,433.2189726027399
47,27,0.0,0.0,324.58712328767126,0.0,0.0,324.58712328767126,0.0,324.58712328767126
47,28,0.0,0.0,357.3754109589041,0.0,0.0,357.3754109589041,0.0,357.3754109589041
47,29,0.0,0.0,292.1207876712329,0.0,0.0,292.1207876712329,0.0,292.1207876712329
47,30,0.0,0.0,408.68301369863025,0.0,0.0,408.68301369863025,0.0,408.68301369863025
47,31,0.0,0.0,262.9559589041095,0.0,0.0,262.9559589041095,0.0,575.8559589041095
47,32,0.0,161.34000000000003,515.9707191780824,0.0,0.0,515.9707191780824,0.0,515.9707191780824
47,33,0.0,0.0,332.5119863013699,0.0,0.0,332.5119863013699,0.0,332.5119863013699
47,34,0.0,0.0,484.3216095890409,0.0,0.0,484.3216095890409,0.0,484.3216095890409
47,35,0.0,0.0,392.25914383561656,0.0,0.0,392.25914383561656,0.0,392.25914383561656
47,36,0.0,0.0,556.6009246575342,0.0,0.0,556.6009246575342,0.0,556.6009246575342
47,37,0.0,0.0,367.40099315068494,0.0,0.0,367.40099315068494,0.0,367.40099315068494
47,38,0.0,0.0,453.86154109589035,0.0,0.0,453.86154109589035,0.0,453.86154109589035
47,39,134.35,0.0,333.2752739726027,134.35,0.0,198.9252739726027,134.35,333.2752739726027
47,40,0.0,183.93,183.93,0.0,0.0,183.93,0.0,363.6351369863013
47,41,0.0,0.0,342.41434931506853,0.0,0.0,342.41434931506853,0.0,342.41434931506853
47,42,476.39,0.0,271.86130136986304,271.86130136986304,204.52869863013694,0.0,271.86130136986304,271.86130136986304
47,43,492.64,433.68,480.8273630136987,480.8273630136987,11.8126369863013,0.0,480.8273630136987,480.8273630136987
47,44,0.0,0.0,0.0,0.0,0.0,0.0,0.0,279.9872945205479
47,45,0.0,0.0,247.13421232876703,0.0,0.0,247.13421232876703,0.0,535.524212328767
47,46,0.0,0.0,423.32404109589044,0.0,0.0,423.32404109589044,0.0,423.32404109589044
47,47,0.0,294.0,294.0,0.0,0.0,294.0,0.0,388.81476027397264
47,48,0.0,0.0,527.1062328767123,0.0,0.0,527.1062328767123,0.0,527.1062328767123
47,49,0.0,0.0,338.29465753424654,0.0,0.0,338.29465753424654,0.0,338.29465753424654
47,50,534.38,0.0,404.66832191780827,404.66832191780827,129.71167808219172,0.0,404.66832191780827,404.66832191780827
47,51,442.91,0.0,245.63647260273976,245.63647260273976,197.27352739726027,0.0,245.63647260273976,245.63647260273976
47,52,0.0,0.0,465.3753424657534,0.0,0.0,465.3753424657534,0.0,465.3753424657534
47,53,0.0,0.0,310.62667808219175,0.0,0.0,310.62667808219175,0.0,310.62667808219175
47,54,0.0,468.955410958904,468.955410958904,0.0,0.0,468.955410958904,0.0,468.955410958904
47,55,0.0,0.0,0.0,0.0,0.0,0.0,0.0,305.61544520547955
47,56,0.0,376.81647260273974,376.81647260273974,0.0,0.0,376.81647260273974,0.0,376.81647260273974
47,57,0.0,0.0,198.94794520547939,0.0,0.0,198.94794520547939,0.0,313.2279452054794
47,58,0.0,0.0,497.21479452054797,0.0,0.0,497.21479452054797,0.0,497.21479452054797
47,59,176.67,299.69,299.69,176.67,0.0,123.02000000000001,176.67000000000002,482.4107534246574
47,60,0.0,0.0,430.6970547945208,0.0,0.0,430.6970547945208,0.0,430.6970547945208
47,61,387.82,0.0,297.4455821917809,297.4455821917809,90.3744178082191,0.0,297.4455821917809,297.4455821917809
47,62,0.0,0.0,363.9398287671233,0.0,0.0,363.9398287671233,0.0,363.9398287671233
47,63,0.0,0.0,0.0,0.0,0.0,0.0,0.0,454.9069863013698
47,64,0.0,0.0,351.72698630136995,0.0,0.0,351.72698630136995,0.0,351.72698630136995
47,65,0.0,0.0,343.8869863013699,0.0,0.0,343.8869863013699,0.0,343.8869863013699
47,66,0.0,0.0,407.6145547945206,0.0,0.0,407.6145547945206,0.0,407.6145547945206
47,67,0.0,0.0,476.1551027397259,0.0,0.0,476.1551027397259,0.0,476.1551027397259
47,68,0.0,0.0,430.29191780821895,0.0,0.0,430.29191780821895,0.0,430.29191780821895
47,69,0.0,108.73000000000002,278.01890410958913,0.0,0.0,278.01890410958913,0.0,278.01890410958913
47,70,534.95,0.0,203.16979452054784,203.16979452054784,331.7802054794522,0.0,203.16979452054784,532.8097945205478
47,71,0.0,0.0,206.50311643835613,0.0,0.0,206.50311643835613,0.0,206.50311643835613
47,72,0.0,0.0,470.0392123287671,0.0,0.0,470.0392123287671,0.0,470.0392123287671
47,73,280.36,0.0,0.0,0.0,280.36,0.0,0.0,393.43020547945207
47,74,0.0,0.0,427.86421232876705,0.0,0.0,427.86421232876705,0.0,427.86421232876705
47,75,0.0,0.0,419.05044520547926,0.0,0.0,419.05044520547926,0.0,419.05044520547926
47,76,0.0,0.0,300.4021232876712,0.0,0.0,300.4021232876712,0.0,300.4021232876712
47,77,0.0,0.0,389.77486301369856,0.0,0.0,389.77486301369856,0.0,389.77486301369856
47,78,0.0,259.3933904109589,259.3933904109589,0.0,0.0,259.3933904109589,0.0,259.3933904109589
47,79,0.0,0.0,330.1576369863013,0.0,0.0,330.1576369863013,0.0,330.1576369863013
47,80,354.39,0.0,403.9877397260275,354.39,0.0,49.5977397260275,354.39,403.9877397260275
47,81,0.0,0.0,432.53695205479454,0.0,0.0,432.53695205479454,0.0,432.53695205479454
47,82,370.12,0.0,390.9296232876712,370.12,0.0,20.809623287671172,370.12,390.9296232876712
47,83,428.03,0.0,0.0,0.0,428.03,0.0,0.0,256.84510273972603
47,84,300.55,274.57,376.2492808219178,300.55,0.0,75.6992808219178,300.55,376.2492808219178
47,85,0.0,0.0,265.6598287671234,0.0,0.0,265.6598287671234,0.0,265.6598287671234
47,86,0.0,0.0,503.9685958904107,0.0,0.0,503.9685958904107,0.0,503.9685958904107
47,87,0.0,0.0,269.4978424657534,0.0,0.0,269.4978424657534,0.0,269.4978424657534
47,88,0.0,0.0,361.635102739726,0.0,0.0,361.635102739726,0.0,504.29510273972596
47,89,0.0,0.0,358.29476027397266,0.0,0.0,358.29476027397266,0.0,358.29476027397266
47,90,0.0,309.37,503.18133561643833,0.0,0.0,503.18133561643833,0.0,503.18133561643833
47,91,0.0,0.0,436.5981506849317,0.0,0.0,436.5981506849317,0.0,436.5981506849317
47,92,0.0,0.0,451.02246575342457,0.0,0.0,451.02246575342457,0.0,451.02246575342457
47,93,0.0,0.0,258.1069520547945,0.0,0.0,258.1069520547945,0.0,385.8469520547945
47,94,0.0,0.0,276.4630821917808,0.0,0.0,276.4630821917808,0.0,276.4630821917808
47,95,0.0,0.0,271.58202054794526,0.0,0.0,271.58202054794526,0.0,271.58202054794526
48,0,504.45,0.0,0.0,0.0,504.45,0.0,0.0,225.44938356164386
48,1,385.4,0.0,509.6604109589041,385.4,0.0,124.26041095890412,385.4,509.6604109589041
48,2,0.0,0.0,546.2143150684931,0.0,0.0,546.2143150684931,0.0,546.2143150684931
48,3,0.0,0.0,241.21928082191778,0.0,0.0,241.21928082191778,0.0,241.21928082191778
48,4,0.0,0.0,524.5339726027396,0.0,0.0,524.5339726027396,0.0,524.5339726027396
48,5,0.0,424.828801369863,424.828801369863,0.0,0.0,424.828801369863,0.0,424.828801369863
48,6,0.0,0.0,486.7493150684934,0.0,0.0,486.7493150684934,0.0,486.7493150684934
48,7,0.0,0.0,347.7283561643836,0.0,0.0,347.7283561643836,0.0,347.7283561643836
48,8,213.76,0.0,377.5047260273973,213.76,0.0,163.7447260273973,213.76,377.5047260273973
48,9,0.0,0.0,465.06106164383544,0.0,0.0,465.06106164383544,0.0,465.06106164383544
48,10,0.0,0.0,452.51907534246584,0.0,0.0,452.51907534246584,0.0,452.51907534246584
48,11,0.0,0.0,289.2730821917808,0.0,0.0,289.2730821917808,0.0,289.2730821917808
48,12,0.0,0.0,386.6066438356164,0.0,0.0,386.6066438356164,0.0,386.6066438356164
48,13,0.0,467.8044863013699,467.8044863013699,0.0,0.0,467.8044863013699,0.0,467.8044863013699
48,14,0.0,0.0,423.9286301369862,0.0,0.0,423.9286301369862,0.0,423.9286301369862
48,15,0.0,0.0,370.4582191780823,0.0,0.0,370.4582191780823,0.0,370.4582191780823
48,16,0.0,0.0,372.61815068493144,0.0,0.0,372.61815068493144,0.0,372.61815068493144
48,17,0.0,212.22,440.7528424657535,0.0,0.0,440.7528424657535,0.0,440.7528424657535
48,18,0.0,0.0,363.7329452054794,0.0,0.0,363.7329452054794,0.0,363.7329452054794
48,19,0.0,164.59,339.1046917808219,0.0,0.0,339.1046917808219,0.0,339.1046917808219
48,20,0.0,0.0,110.80469178082188,0.0,0.0,110.80469178082188,0.0,382.2246917808219
48,21,0.0,0.0,217.15965753424652,0.0,0.0,217.15965753424652,0.0,217.15965753424652
48,22,380.23,0.0,514.6831506849315,380.23,0.0,134.45315068493153,380.23,514.6831506849315
48,23,0.0,0.0,400.63876712328766,0.0,0.0,400.63876712328766,0.0,400.63876712328766
48,24,0.0,0.0,420.8831506849314,0.0,0.0,420.8831506849314,0.0,420.8831506849314
48,25,0.0,0.0,187.32273972602744,0.0,0.0,187.32273972602744,0.0,414.17273972602743
48,26,466.06,0.0,433.2189726027399,433.2189726027399,32.84102739726012,0.0,433.2189726027399,433.2189726027399
48,27,0.0,0.0,324.58712328767126,0.0,0.0,324.58712328767126,0.0,324.58712328767126
48,28,0.0,0.0,357.3754109589041,0.0,0.0,357.3754109589041,0.0,357.3754109589041
48,29,0.0,0.0,292.1207876712329,0.0,0.0,292.1207876712329,0.0,292.1207876712329
48,30,0.0,0.0,408.68301369863025,0.0,0.0,408.68301369863025,0.0,408.68301369863025
48,31,0.0,312.9,575.8559589041095,0.0,0.0,575.8559589041095,0.0,575.8559589041095
48,32,0.0,0.0,515.9707191780824,0.0,0.0,515.9707191780824,0.0,515.9707191780824
48,33,0.0,0.0,332.5119863013699,0.0,0.0,332.5119863013699,0.0,332.5119863013699
48,34,0.0,0.0,484.3216095890409,0.0,0.0,484.3216095890409,0.0,484.3216095890409
48,35,0.0,0.0,392.25914383561656,0.0,0.0,392.25914383561656,0.0,392.25914383561656
48,36,0.0,0.0,556.6009246575342,0.0,0.0,556.6009246575342,0.0,556.6009246575342
48,37,0.0,0.0,367.40099315068494,0.0,0.0,367.40099315068494,0.0,367.40099315068494
48,38,0.0,0.0,453.86154109589035,0.0,0.0,453.86154109589035,0.0,453.86154109589035
48,39,0.0,0.0,198.9252739726027,0.0,0.0,198.9252739726027,0.0,333.2752739726027
48,40,0.0,179.70513698630128,363.6351369863013,0.0,0.0,363.6351369863013,0.0,363.6351369863013
48,41,0.0,0.0,342.41434931506853,0.0,0.0,342.41434931506853,0.0,342.41434931506853
48,42,172.85,0.0,0.0,0.0,172.85,0.0,0.0,271.86130136986304
48,43,0.0,0.0,0.0,0.0,0.0,0.0,0.0,480.8273630136987
48,44,0.0,279.9872945205479,279.9872945205479,0.0,0.0,279.9872945205479,0.0,279.9872945205479
48,45,0.0,288.39,535.524212328767,0.0,0.0,535.524212328767,0.0,535.524212328767
48,46,278.89,0.0,423.32404109589044,278.89,0.0,144.43404109589045,278.89,423.32404109589044
48,47,0.0,94.81476027397264,388.81476027397264,0.0,0.0,388.81476027397264,0.0,388.81476027397264
48,48,153.07,0.0,527.1062328767123,153.07,0.0,374.0362328767123,153.07,527.1062328767123
48,49,176.2,0.0,338.29465753424654,176.2,0.0,162.09465753424655,176.2,338.29465753424654
48,50,0.0,0.0,0.0,0.0,0.0,0.0,0.0,404.66832191780827
48,51,0.0,0.0,0.0,0.0,0.0,0.0,0.0,245.63647260273976
48,52,0.0,0.0,465.3753424657534,0.0,0.0,465.3753424657534,0.0,465.3753424657534
48,53,207.4,0.0,310.62667808219175,207.4,0.0,103.22667808219174,207.4,310.62667808219175
48,54,0.0,0.0,468.955410958904,0.0,0.0,468.955410958904,0.0,468.955410958904
48,55,0.0,305.61544520547955,305.61544520547955,0.0,0.0,305.61544520547955,0.0,305.61544520547955
48,56,0.0,0.0,376.81647260273974,0.0,0.0,376.81647260273974,0.0,376.81647260273974
48,57,0.0,114.28,313.2279452054794,0.0,0.0,313.2279452054794,0.0,313.2279452054794
48,58,0.0,0.0,497.21479452054797,0.0,0.0,497.21479452054797,0.0,497.21479452054797
48,59,0.0,182.7207534246574,305.74075342465744,0.0,0.0,305.74075342465744,0.0,482.4107534246574
48,60,0.0,0.0,430.6970547945208,0.0,0.0,430.6970547945208,0.0,430.6970547945208
48,61,0.0,0.0,0.0,0.0,0.0,0.0,0.0,297.4455821917809
48,62,0.0,0.0,363.9398287671233,0.0,0.0,363.9398287671233,0.0,363.9398287671233
48,63,0.0,454.9069863013698,454.9069863013698,0.0,0.0,454.9069863013698,0.0,454.9069863013698
48,64,0.0,0.0,351.72698630136995,0.0,0.0,351.72698630136995,0.0,351.72698630136995
48,65,0.0,0.0,343.8869863013699,0.0,0.0,343.8869863013699,0.0,343.8869863013699
48,66,0.0,0.0,407.6145547945206,0.0,0.0,407.6145547945206,0.0,407.6145547945206
48,67,0.0,0.0,476.1551027397259,0.0,0.0,476.1551027397259,0.0,476.1551027397259
48,68,0.0,0.0,430.29191780821895,0.0,0.0,430.29191780821895,0.0,430.29191780821895
48,69,0.0,0.0,278.01890410958913,0.0,0.0,278.01890410958913,0.0,278.01890410958913
48,70,373.94,329.64,329.64,329.64,44.30000000000001,0.0,329.64,532.8097945205478
48,71,0.0,0.0,206.50311643835613,0.0,0.0,206.50311643835613,0.0,206.50311643835613
48,72,0.0,0.0,470.0392123287671,0.0,0.0,470.0392123287671,0.0,470.0392123287671
48,73,0.0,393.43020547945207,393.43020547945207,0.0,0.0,393.43020547945207,0.0,393.43020547945207
48,74,0.0,0.0,427.86421232876705,0.0,0.0,427.86421232876705,0.0,427.86421232876705
48,75,332.73,0.0,419.05044520547926,332.73,0.0,86.32044520547925,332.73,419.05044520547926
48,76,0.0,0.0,300.4021232876712,0.0,0.0,300.4021232876712,0.0,300.4021232876712
48,77,0.0,0.0,389.77486301369856,0.0,0.0,389.77486301369856,0.0,389.77486301369856
48,78,483.36,0.0,259.3933904109589,259.3933904109589,223.96660958904113,0.0,259.3933904109589,259.3933904109589
48,79,0.0,0.0,330.1576369863013,0.0,0.0,330.1576369863013,0.0,330.1576369863013
48,80,0.0,0.0,49.5977397260275,0.0,0.0,49.5977397260275,0.0,403.9877397260275
48,81,0.0,0.0,432.53695205479454,0.0,0.0,432.53695205479454,0.0,432.53695205479454
48,82,0.0,0.0,20.809623287671172,0.0,0.0,20.809623287671172,0.0,390.9296232876712
48,83,0.0,256.84510273972603,256.84510273972603,0.0,0.0,256.84510273972603,0.0,256.84510273972603
48,84,0.0,0.0,75.6992808219178,0.0,0.0,75.6992808219178,0.0,376.2492808219178
48,85,0.0,0.0,265.6598287671234,0.0,0.0,265.6598287671234,0.0,265.6598287671234
48,86,598.95,0.0,503.9685958904107,503.9685958904107,94.98140410958933,0.0,503.9685958904107,503.9685958904107
48,87,0.0,0.0,269.4978424657534,0.0,0.0,269.4978424657534,0.0,269.4978424657534
48,88,498.85,142.65999999999997,504.29510273972596,498.85,0.0,5.4451027397259395,498.85,504.29510273972596
48,89,0.0,0.0,358.29476027397266,0.0,0.0,358.29476027397266,0.0,358.29476027397266
48,90,0.0,0.0,503.18133561643833,0.0,0.0,503.18133561643833,0.0,503.18133561643833
48,91,0.0,0.0,436.5981506849317,0.0,0.0,436.5981506849317,0.0,436.5981506849317
48,92,0.0,0.0,451.02246575342457,0.0,0.0,451.02246575342457,0.0,451.02246575342457
48,93,0.0,127.74000000000001,385.8469520547945,0.0,0.0,385.8469520547945,0.0,385.8469520547945
48,94,13.73,0.0,276.4630821917808,13.73,0.0,262.7330821917808,13.730000000000018,276.4630821917808
48,95,0.0,0.0,271.58202054794526,0.0,0.0,271.58202054794526,0.0,271.58202054794526
49,0,0.0,225.44938356164386,225.44938356164386,0.0,0.0,225.44938356164386,0.0,225.44938356164386
49,1,0.0,0.0,124.26041095890412,0.0,0.0,124.26041095890412,0.0,509.6604109589041
49,2,0.0,0.0,546.2143150684931,0.0,0.0,546.2143150684931,0.0,546.2143150684931
49,3,0.0,0.0,241.21928082191778,0.0,0.0,241.21928082191778,0.0,241.21928082191778
49,4,0.0,0.0,524.5339726027396,0.0,0.0,524.5339726027396,0.0,524.5339726027396
49,5,0.0,0.0,424.828801369863,0.0,0.0,424.828801369863,0.0,424.828801369863
49,6,0.0,0.0,486.7493150684934,0.0,0.0,486.7493150684934,0.0,486.7493150684934
49,7,126.54,0.0,347.7283561643836,126.54,0.0,221.1883561643836,126.54000000000002,347.7283561643836
49,8,0.0,0.0,163.7447260273973,0.0,0.0,163.7447260273973,0.0,377.5047260273973
49,9,0.0,0.0,465.06106164383544,0.0,0.0,465.06106164383544,0.0,465.06106164383544
49,10,181.11,0.0,452.51907534246584,181.11,0.0,271.4090753424658,181.11,452.51907534246584
49,11,0.0,0.0,289.2730821917808,0.0,0.0,289.2730821917808,0.0,289.2730821917808
49,12,0.0,0.0,386.6066438356164,0.0,0.0,386.6066438356164,0.0,386.6066438356164
49,13,401.37,0.0,467.8044863013699,401.37,0.0,66.43448630136987,401.37,467.8044863013699
49,14,0.0,0.0,423.9286301369862,0.0,0.0,423.9286301369862,0.0,423.9286301369862
49,15,0.0,0.0,370.4582191780823,0.0,0.0,370.4582191780823,0.0,370.4582191780823
49,16,0.0,0.0,372.61815068493144,0.0,0.0,372.61815068493144,0.0,372.61815068493144
49,17,403.75,0.0,440.7528424657535,403.75,0.0,37.002842465753474,403.75,440.7528424657535
49,18,381.27,0.0,363.7329452054794,363.7329452054794,17.5370547945206,0.0,363.7329452054794,363.7329452054794
49,19,0.0,0.0,339.1046917808219,0.0,0.0,339.1046917808219,0.0,339.1046917808219
49,20,0.0,271.42,382.2246917808219,0.0,0.0,382.2246917808219,0.0,382.2246917808219
49,21,0.0,0.0,217.15965753424652,0.0,0.0,217.15965753424652,0.0,217.15965753424652
49,22,0.0,0.0,134.45315068493153,0.0,0.0,134.45315068493153,0.0,514.6831506849315
49,23,0.0,0.0,400.63876712328766,0.0,0.0,400.63876712328766,0.0,400.63876712328766
49,24,0.0,0.0,420.8831506849314,0.0,0.0,420.8831506849314,0.0,420.8831506849314
49,25,0.0,226.85,414.17273972602743,0.0,0.0,414.17273972602743,0.0,414.17273972602743
49,26,0.0,0.0,0.0,0.0,0.0,0.0,0.0,433.2189726027399
49,27,0.0,0.0,324.58712328767126,0.0,0.0,324.58712328767126,0.0,324.58712328767126
49,28,0.0,0.0,357.3754109589041,0.0,0.0,357.3754109589041,0.0,357.3754109589041
49,29,0.0,0.0,292.1207876712329,0.0,0.0,292.1207876712329,0.0,292.1207876712329
49,30,0.0,0.0,408.68301369863025,0.0,0.0,408.68301369863025,0.0,408.68301369863025
49,31,0.0,0.0,575.8559589041095,0.0,0.0,575.8559589041095,0.0,575.8559589041095
49,32,0.0,0.0,515.9707191780824,0.0,0.0,515.9707191780824,0.0,515.9707191780824
49,33,0.0,0.0,332.5119863013699,0.0,0.0,332.5119863013699,0.0,332.5119863013699
49,34,0.0,0.0,484.3216095890409,0.0,0.0,484.3216095890409,0.0,484.3216095890409
49,35,0.0,0.0,392.25914383561656,0.0,0.0,392.25914383561656,0.0,392.25914383561656
49,36,459.02,0.0,556.6009246575342,459.02,0.0,97.58092465753418,459.02,556.6009246575342
49,37,0.0,0.0,367.40099315068494,0.0,0.0,367.40099315068494,0.0,367.40099315068494
49,38,0.0,0.0,453.86154109589035,0.0,0.0,453.86154109589035,0.0,453.86154109589035
49,39,0.0,134.35,333.2752739726027,0.0,0.0,333.2752739726027,0.0,333.2752739726027
49,40,0.0,0.0,363.6351369863013,0.0,0.0,363.6351369863013,0.0,363.6351369863013
49,41,0.0,0.0,342.41434931506853,0.0,0.0,342.41434931506853,0.0,342.41434931506853
49,42,0.0,271.86130136986304,271.86130136986304,0.0,0.0,271.86130136986304,0.0,271.86130136986304
49,43,0.0,480.8273630136987,480.8273630136987,0.0,0.0,480.8273630136987,0.0,480.8273630136987
49,44,0.0,0.0,279.9872945205479,0.0,0.0,279.9872945205479,0.0,279.9872945205479
49,45,355.77,0.0,535.524212328767,355.77,0.0,179.75421232876704,355.77,535.524212328767
49,46,0.0,0.0,144.43404109589045,0.0,0.0,144.43404109589045,0.0,423.32404109589044
49,47,207.15,0.0,388.81476027397264,207.15,0.0,181.66476027397263,207.15,388.81476027397264
49,48,0.0,0.0,374.0362328767123,0.0,0.0,374.0362328767123,0.0,527.1062328767123
49,49,0.0,0.0,162.09465753424655,0.0,0.0,162.09465753424655,0.0,338.29465753424654
49,50,0.0,404.66832191780827,404.66832191780827,0.0,0.0,404.66832191780827,0.0,404.66832191780827
49,51,0.0,245.63647260273976,245.63647260273976,0.0,0.0,245.63647260273976,0.0,245.63647260273976
49,52,0.0,0.0,465.3753424657534,0.0,0.0,465.3753424657534,0.0,465.3753424657534
49,53,0.0,0.0,103.22667808219174,0.0,0.0,103.22667808219174,0.0,310.62667808219175
49,54,526.05,0.0,468.955410958904,468.955410958904,57.09458904109596,0.0,468.955410958904,468.955410958904
49,55,0.0,0.0,305.61544520547955,0.0,0.0,305.61544520547955,0.0,305.61544520547955
49,56,0.0,0.0,376.81647260273974,0.0,0.0,376.81647260273974,0.0,376.81647260273974
49,57,213.17,0.0,313.2279452054794,213.17,0.0,100.0579452054794,213.17,313.2279452054794
49,58,0.0,0.0,497.21479452054797,0.0,0.0,497.21479452054797,0.0,497.21479452054797
49,59,0.0,176.67000000000002,482.41075342465746,0.0,0.0,482.41075342465746,0.0,482.4107534246574
49,60,0.0,0.0,430.6970547945208,0.0,0.0,430.6970547945208,0.0,430.6970547945208
49,61,0.0,297.4455821917809,297.4455821917809,0.0,0.0,297.4455821917809,0.0,297.4455821917809
49,62,0.0,0.0,363.9398287671233,0.0,0.0,363.9398287671233,0.0,363.9398287671233
49,63,0.0,0.0,454.9069863013698,0.0,0.0,454.9069863013698,0.0,454.9069863013698
49,64,0.0,0.0,351.72698630136995,0.0,0.0,351.72698630136995,0.0,351.72698630136995
49,65,0.0,0.0,343.8869863013699,0.0,0.0,343.8869863013699,0.0,343.8869863013699
49,66,249.14,0.0,407.6145547945206,249.14,0.0,158.4745547945206,249.14,407.6145547945206
49,67,0.0,0.0,476.1551027397259,0.0,0.0,476.1551027397259,0.0,476.1551027397259
49,68,0.0,0.0,430.29191780821895,0.0,0.0,430.29191780821895,0.0,430.29191780821895
49,69,0.0,0.0,278.01890410958913,0.0,0.0,278.01890410958913,0.0,278.01890410958913
49,70,0.0,203.16979452054784,203.16979452054784,0.0,0.0,203.16979452054784,0.0,532.8097945205478
49,71,0.0,0.0,206.50311643835613,0.0,0.0,206.50311643835613,0.0,206.50311643835613
49,72,0.0,0.0,470.0392123287671,0.0,0.0,470.0392123287671,0.0,470.0392123287671
49,73,0.0,0.0,393.43020547945207,0.0,0.0,393.43020547945207,0.0,393.43020547945207
49,74,532.39,0.0,427.86421232876705,427.86421232876705,104.52578767123293,0.0,427.86421232876705,427.86421232876705
49,75,0.0,0.0,86.32044520547925,0.0,0.0,86.32044520547925,0.0,419.05044520547926
49,76,0.0,0.0,300.4021232876712,0.0,0.0,300.4021232876712,0.0,300.4021232876712
49,77,0.0,0.0,389.77486301369856,0.0,0.0,389.77486301369856,0.0,389.77486301369856
49,78,0.0,0.0,0.0,0.0,0.0,0.0,0.0,259.3933904109589
49,79,0.0,0.0,330.1576369863013,0.0,0.0,330.1576369863013,0.0,330.1576369863013
49,80,0.0,354.39,403.9877397260275,0.0,0.0,403.9877397260275,0.0,403.9877397260275
49,81,0.0,0.0,432.53695205479454,0.0,0.0,432.53695205479454,0.0,432.53695205479454
49,82,0.0,370.12,390.9296232876712,0.0,0.0,390.9296232876712,0.0,390.9296232876712
49,83,0.0,0.0,256.84510273972603,0.0,0.0,256.84510273972603,0.0,256.84510273972603
49,84,0.0,300.55,376.2492808219178,0.0,0.0,376.2492808219178,0.0,376.2492808219178
49,85,0.0,0.0,265.6598287671234,0.0,0.0,265.6598287671234,0.0,265.6598287671234
49,86,0.0,0.0,0.0,0.0,0.0,0.0,0.0,503.9685958904107
49,87,0.0,0.0,269.4978424657534,0.0,0.0,269.4978424657534,0.0,269.4978424657534
49,88,0.0,0.0,5.4451027397259395,0.0,0.0,5.4451027397259395,0.0,504.29510273972596
49,89,0.0,0.0,358.29476027397266,0.0,0.0,358.29476027397266,0.0,358.29476027397266
49,90,0.0,0.0,503.18133561643833,0.0,0.0,503.18133561643833,0.0,503.18133561643833
49,91,0.0,0.0,436.5981506849317,0.0,0.0,436.5981506849317,0.0,436.5981506849317
49,92,0.0,0.0,451.02246575342457,0.0,0.0,451.02246575342457,0.0,451.02246575342457
49,93,214.11,0.0,385.8469520547945,214.11,0.0,171.73695205479447,214.11,385.8469520547945
49,94,0.0,0.0,262.7330821917808,0.0,0.0,262.7330821917808,0.0,276.4630821917808
49,95,0.0,0.0,271.58202054794526,0.0,0.0,271.58202054794526,0.0,271.58202054794526
50,0,0.0,0.0,225.44938356164386,0.0,0.0,225.44938356164386,0.0,225.44938356164386
50,1,0.0,385.4,509.6604109589041,0.0,0.0,509.6604109589041,0.0,509.6604109589041
50,2,275.74,0.0,546.2143150684931,275.74,0.0,270.47431506849307,275.74,546.2143150684931
50,3,0.0,0.0,241.21928082191778,0.0,0.0,241.21928082191778,0.0,241.21928082191778
50,4,579.33,0.0,524.5339726027396,524.5339726027396,54.796027397260445,0.0,524.5339726027396,524.5339726027396
50,5,0.0,0.0,424.828801369863,0.0,0.0,424.828801369863,0.0,424.828801369863
50,6,0.0,0.0,486.7493150684934,0.0,0.0,486.7493150684934,0.0,486.7493150684934
50,7,420.5,0.0,221.1883561643836,221.1883561643836,199.3116438356164,0.0,221.1883561643836,347.7283561643836
50,8,0.0,213.76,377.5047260273973,0.0,0.0,377.5047260273973,0.0,377.5047260273973
50,9,0.0,0.0,465.06106164383544,0.0,0.0,465.06106164383544,0.0,465.06106164383544
50,10,0.0,0.0,271.4090753424658,0.0,0.0,271.4090753424658,0.0,452.51907534246584
50,11,0.0,0.0,289.2730821917808,0.0,0.0,289.2730821917808,0.0,289.2730821917808
50,12,0.0,0.0,386.6066438356164,0.0,0.0,386.6066438356164,0.0,386.6066438356164
50,13,169.75,0.0,66.43448630136987,66.43448630136987,103.31551369863013,0.0,66.43448630136987,467.8044863013699
50,14,0.0,0.0,423.9286301369862,0.0,0.0,423.9286301369862,0.0,423.9286301369862
50,15,0.0,0.0,370.4582191780823,0.0,0.0,370.4582191780823,0.0,370.4582191780823
50,16,0.0,0.0,372.61815068493144,0.0,0.0,372.61815068493144,0.0,372.61815068493144
50,17,0.0,0.0,37.002842465753474,0.0,0.0,37.002842465753474,0.0,440.7528424657535
50,18,418.8,0.0,0.0,0.0,418.8,0.0,0.0,363.7329452054794
50,19,0.0,0.0,339.1046917808219,0.0,0.0,339.1046917808219,0.0,339.1046917808219
50,20,0.0,0.0,382.2246917808219,0.0,0.0,382.2246917808219,0.0,382.2246917808219
50,21,0.0,0.0,217.15965753424652,0.0,0.0,217.15965753424652,0.0,217.15965753424652
50,22,100.88,380.23,514.6831506849315,100.88,0.0,413.80315068493155,100.88,514.6831506849315
50,23,0.0,0.0,400.63876712328766,0.0,0.0,400.63876712328766,0.0,400.63876712328766
50,24,0.0,0.0,420.8831506849314,0.0,0.0,420.8831506849314,0.0,420.8831506849314
50,25,0.0,0.0,414.17273972602743,0.0,0.0,414.17273972602743,0.0,414.17273972602743
50,26,0.0,433.2189726027399,433.2189726027399,0.0,0.0,433.2189726027399,0.0,433.2189726027399
50,27,0.0,0.0,324.58712328767126,0.0,0.0,324.58712328767126,0.0,324.58712328767126
50,28,0.0,0.0,357.3754109589041,0.0,0.0,357.3754109589041,0.0,357.3754109589041
50,29,0.0,0.0,292.1207876712329,0.0,0.0,292.1207876712329,0.0,292.1207876712329
50,30,0.0,0.0,408.68301369863025,0.0,0.0,408.68301369863025,0.0,408.68301369863025
50,31,0.0,0.0,575.8559589041095,0.0,0.0,575.8559589041095,0.0,575.8559589041095
50,32,0.0,0.0,515.9707191780824,0.0,0.0,515.9707191780824,0.0,515.9707191780824
50,33,0.0,0.0,332.5119863013699,0.0,0.0,332.5119863013699,0.0,332.5119863013699
50,34,0.0,0.0,484.3216095890409,0.0,0.0,484.3216095890409,0.0,484.3216095890409
50,35,0.0,0.0,392.25914383561656,0.0,0.0,392.25914383561656,0.0,392.25914383561656
50,36,427.38,0.0,97.58092465753418,97.58092465753418,329.7990753424658,0.0,97.58092465753418,556.6009246575342
50,37,0.0,0.0,367.40099315068494,0.0,0.0,367.40099315068494,0.0,367.40099315068494
50,38,199.4,0.0,453.86154109589035,199.4,0.0,254.46154109589034,199.4,453.86154109589035
50,39,0.0,0.0,333.2752739726027,0.0,0.0,333.2752739726027,0.0,333.2752739726027
50,40,0.0,0.0,363.6351369863013,0.0,0.0,363.6351369863013,0.0,363.6351369863013
50,41,0.0,0.0,342.41434931506853,0.0,0.0,342.41434931506853,0.0,342.41434931506853
50,42,0.0,0.0,271.86130136986304,0.0,0.0,271.86130136986304,0.0,271.86130136986304
50,43,0.0,0.0,480.8273630136987,0.0,0.0,480.8273630136987,0.0,480.8273630136987
50,44,0.0,0.0,279.9872945205479,0.0,0.0,279.9872945205479,0.0,279.9872945205479
50,45,0.0,0.0,179.75421232876704,0.0,0.0,179.75421232876704,0.0,535.524212328767
50,46,0.0,278.89,423.32404109589044,0.0,0.0,423.32404109589044,0.0,423.32404109589044
50,47,0.0,0.0,181.66476027397263,0.0,0.0,181.66476027397263,0.0,388.81476027397264
50,48,0.0,153.07,527.1062328767123,0.0,0.0,527.1062328767123,0.0,527.1062328767123
50,49,0.0,176.2,338.29465753424654,0.0,0.0,338.29465753424654,0.0,338.29465753424654
50,50,0.0,0.0,404.66832191780827,0.0,0.0,404.66832191780827,0.0,404.66832191780827
50,51,0.0,0.0,245.63647260273976,0.0,0.0,245.63647260273976,0.0,245.63647260273976
50,52,0.0,0.0,465.3753424657534,0.0,0.0,465.3753424657534,0.0,465.3753424657534
50,53,0.0,207.4,310.62667808219175,0.0,0.0,310.62667808219175,0.0,310.62667808219175
50,54,477.61,0.0,0.0,0.0,477.61,0.0,0.0,468.955410958904
50,55,0.0,0.0,305.61544520547955,0.0,0.0,305.61544520547955,0.0,305.61544520547955
50,56,543.65,0.0,376.81647260273974,376.81647260273974,166.83352739726024,0.0,376.81647260273974,376.81647260273974
50,57,0.0,0.0,100.0579452054794,0.0,0.0,100.0579452054794,0.0,313.2279452054794
50,58,0.0,0.0,497.21479452054797,0.0,0.0,497.21479452054797,0.0,497.21479452054797
50,59,0.0,0.0,482.41075342465746,0.0,0.0,482.41075342465746,0.0,482.4107534246574
50,60,0.0,0.0,430.6970547945208,0.0,0.0,430.6970547945208,0.0,430.6970547945208
50,61,0.0,0.0,297.4455821917809,0.0,0.0,297.4455821917809,0.0,297.4455821917809
50,62,0.0,0.0,363.9398287671233,0.0,0.0,363.9398287671233,0.0,363.9398287671233
50,63,0.0,0.0,454.9069863013698,0.0,0.0,454.9069863013698,0.0,454.9069863013698
50,64,0.0,0.0,351.72698630136995,0.0,0.0,351.72698630136995,0.0,351.72698630136995
50,65,0.0,0.0,343.8869863013699,0.0,0.0,343.8869863013699,0.0,343.8869863013699
50,66,372.79,0.0,158.4745547945206,158.4745547945206,214.31544520547942,0.0,158.4745547945206,407.6145547945206
50,67,0.0,0.0,476.1551027397259,0.0,0.0,476.1551027397259,0.0,476.1551027397259
50,68,0.0,0.0,430.29191780821895,0.0,0.0,430.29191780821895,0.0,430.29191780821895
50,69,103.94,0.0,278.01890410958913,103.94,0.0,174.07890410958913,103.94,278.01890410958913
50,70,0.0,329.64,532.8097945205478,0.0,0.0,532.8097945205478,0.0,532.8097945205478
50,71,0.0,0.0,206.50311643835613,0.0,0.0,206.50311643835613,0.0,206.50311643835613
50,72,0.0,0.0,470.0392123287671,0.0,0.0,470.0392123287671,0.0,470.0392123287671
50,73,0.0,0.0,393.43020547945207,0.0,0.0,393.43020547945207,0.0,393.43020547945207
50,74,0.0,0.0,0.0,0.0,0.0,0.0,0.0,427.86421232876705
50,75,163.83,332.73,419.05044520547926,163.83,0.0,255.22044520547925,163.83,419.05044520547926
50,76,0.0,0.0,300.4021232876712,0.0,0.0,300.4021232876712,0.0,300.4021232876712
50,77,376.04,0.0,389.77486301369856,376.04,0.0,13.734863013698543,376.04,389.77486301369856
50,78,0.0,259.3933904109589,259.3933904109589,0.0,0.0,259.3933904109589,0.0,259.3933904109589
50,79,0.0,0.0,330.1576369863013,0.0,0.0,330.1576369863013,0.0,330.1576369863013
50,80,0.0,0.0,403.9877397260275,0.0,0.0,403.9877397260275,0.0,403.9877397260275
50,81,0.0,0.0,432.53695205479454,0.0,0.0,432.53695205479454,0.0,432.53695205479454
50,82,0.0,0.0,390.9296232876712,0.0,0.0,390.9296232876712,0.0,390.9296232876712
50,83,0.0,0.0,256.84510273972603,0.0,0.0,256.84510273972603,0.0,256.84510273972603
50,84,0.0,0.0,376.2492808219178,0.0,0.0,376.2492808219178,0.0,376.2492808219178
50,85,0.0,0.0,265.6598287671234,0.0,0.0,265.6598287671234,0.0,265.6598287671234
50,86,276.47,503.9685958904107,503.9685958904107,276.47,0.0,227.49859589041068,276.47,503.9685958904107
50,87,0.0,0.0,269.4978424657534,0.0,0.0,269.4978424657534,0.0,269.4978424657534
50,88,0.0,498.85,504.29510273972596,0.0,0.0,504.29510273972596,0.0,504.29510273972596
50,89,0.0,0.0,358.29476027397266,0.0,0.0,358.29476027397266,0.0,358.29476027397266
50,90,0.0,0.0,503.18133561643833,0.0,0.0,503.18133561643833,0.0,503.18133561643833
50,91,0.0,0.0,436.5981506849317,0.0,0.0,436.5981506849317,0.0,436.5981506849317
50,92,0.0,0.0,451.02246575342457,0.0,0.0,451.02246575342457,0.0,451.02246575342457
50,93,0.0,0.0,171.73695205479447,0.0,0.0,171.73695205479447,0.0,385.8469520547945
50,94,0.0,13.730000000000018,276.4630821917808,0.0,0.0,276.4630821917808,0.0,276.4630821917808
50,95,528.9,0.0,271.58202054794526,271.58202054794526,257.3179794520547,0.0,271.58202054794526,271.58202054794526
51,0,130.5,0.0,225.44938356164386,130.5,0.0,94.94938356164386,130.5,225.44938356164386
51,1,323.19,0.0,509.6604109589041,323.19,0.0,186.4704109589041,323.19,509.6604109589041
51,2,0.0,0.0,270.47431506849307,0.0,0.0,270.47431506849307,0.0,546.2143150684931
51,3,0.0,0.0,241.21928082191778,0.0,0.0,241.21928082191778,0.0,241.21928082191778
51,4,0.0,0.0,0.0,0.0,0.0,0.0,0.0,524.5339726027396
51,5,0.0,0.0,424.828801369863,0.0,0.0,424.828801369863,0.0,424.828801369863
51,6,0.0,0.0,486.7493150684934,0.0,0.0,486.7493150684934,0.0,486.7493150684934
51,7,0.0,126.54000000000002,126.54000000000002,0.0,0.0,126.54000000000002,0.0,347.7283561643836
51,8,286.67,0.0,377.5047260273973,286.67,0.0,90.83472602739727,286.67,377.5047260273973
51,9,0.0,0.0,465.06106164383544,0.0,0.0,465.06106164383544,0.0,465.06106164383544
51,10,0.0,181.11,452.51907534246584,0.0,0.0,452.51907534246584,0.0,452.51907534246584
51,11,0.0,0.0,289.2730821917808,0.0,0.0,289.2730821917808,0.0,289.2730821917808
51,12,0.0,0.0,386.6066438356164,0.0,0.0,386.6066438356164,0.0,386.6066438356164
51,13,0.0,401.37,401.37,0.0,0.0,401.37,0.0,467.8044863013699
51,14,0.0,0.0,423.9286301369862,0.0,0.0,423.9286301369862,0.0,423.9286301369862
51,15,0.0,0.0,370.4582191780823,0.0,0.0,370.4582191780823,0.0,370.4582191780823
51,16,0.0,0.0,372.61815068493144,0.0,0.0,372.61815068493144,0.0,372.61815068493144
51,17,0.0,403.75,440.7528424657535,0.0,0.0,440.7528424657535,0.0,440.7528424657535
51,18,0.0,363.7329452054794,363.7329452054794,0.0,0.0,363.7329452054794,0.0,363.7329452054794
51,19,0.0,0.0,339.1046917808219,0.0,0.0,339.1046917808219,0.0,339.1046917808219
51,20,0.0,0.0,382.2246917808219,0.0,0.0,382.2246917808219,0.0,382.2246917808219
51,21,0.0,0.0,217.15965753424652,0.0,0.0,217.15965753424652,0.0,217.15965753424652
51,22,0.0,0.0,413.80315068493155,0.0,0.0,413.80315068493155,0.0,514.6831506849315
51,23,0.0,0.0,400.63876712328766,0.0,0.0,400.63876712328766,0.0,400.63876712328766
51,24,0.0,0.0,420.8831506849314,0.0,0.0,420.8831506849314,0.0,420.8831506849314
51,25,0.0,0.0,414.17273972602743,0.0,0.0,414.17273972602743,0.0,414.17273972602743
51,26,0.0,0.0,433.2189726027399,0.0,0.0,433.2189726027399,0.0,433.2189726027399
51,27,308.83,0.0,324.58712328767126,308.83,0.0,15.757123287671277,308.83,324.58712328767126
51,28,0.0,0.0,357.3754109589041,0.0,0.0,357.3754109589041,0.0,357.3754109589041
51,29,0.0,0.0,292.1207876712329,0.0,0.0,292.1207876712329,0.0,292.1207876712329
51,30,0.0,0.0,408.68301369863025,0.0,0.0,408.68301369863025,0.0,408.68301369863025
51,31,0.0,0.0,575.8559589041095,0.0,0.0,575.8559589041095,0.0,575.8559589041095
51,32,137.43,0.0,515.9707191780824,137.43,0.0,378.5407191780824,137.43,515.9707191780824
51,33,502.67,0.0,332.5119863013699,332.5119863013699,170.1580136986301,0.0,332.5119863013699,332.5119863013699
51,34,0.0,0.0,484.3216095890409,0.0,0.0,484.3216095890409,0.0,484.3216095890409
51,35,0.0,0.0,392.25914383561656,0.0,0.0,392.25914383561656,0.0,392.25914383561656
51,36,0.0,459.02,459.02,0.0,0.0,459.02,0.0,556.6009246575342
51,37,0.0,0.0,367.40099315068494,0.0,0.0,367.40099315068494,0.0,367.40099315068494
51,38,0.0,0.0,254.46154109589034,0.0,0.0,254.46154109589034,0.0,453.86154109589035
51,39,0.0,0.0,333.2752739726027,0.0,0.0,333.2752739726027,0.0,333.2752739726027
51,40,0.0,0.0,363.6351369863013,0.0,0.0,363.6351369863013,0.0,363.6351369863013
51,41,0.0,0.0,342.41434931506853,0.0,0.0,342.41434931506853,0.0,342.41434931506853
51,42,0.0,0.0,271.86130136986304,0.0,0.0,271.86130136986304,0.0,271.86130136986304
51,43,0.0,0.0,480.8273630136987,0.0,0.0,480.8273630136987,0.0,480.8273630136987
51,44,0.0,0.0,279.9872945205479,0.0,0.0,279.9872945205479,0.0,279.9872945205479
51,45,0.0,355.77,535.524212328767,0.0,0.0,535.524212328767,0.0,535.524212328767
51,46,0.0,0.0,423.32404109589044,0.0,0.0,423.32404109589044,0.0,423.32404109589044
51,47,0.0,207.15,388.81476027397264,0.0,0.0,388.81476027397264,0.0,388.81476027397264
51,48,147.69,0.0,527.1062328767123,147.69,0.0,379.4162328767123,147.69,527.1062328767123
51,49,0.0,0.0,338.29465753424654,0.0,0.0,338.29465753424654,0.0,338.29465753424654
51,50,0.0,0.0,404.66832191780827,0.0,0.0,404.66832191780827,0.0,404.66832191780827
51,51,0.0,0.0,245.63647260273976,0.0,0.0,245.63647260273976,0.0,245.63647260273976
51,52,0.0,0.0,465.3753424657534,0.0,0.0,465.3753424657534,0.0,465.3753424657534
51,53,0.0,0.0,310.62667808219175,0.0,0.0,310.62667808219175,0.0,310.62667808219175
51,54,0.0,468.955410958904,468.955410958904,0.0,0.0,468.955410958904,0.0,468.955410958904
51,55,0.0,0.0,305.61544520547955,0.0,0.0,305.61544520547955,0.0,305.61544520547955
51,56,0.0,0.0,0.0,0.0,0.0,0.0,0.0,376.81647260273974
51,57,0.0,213.17,313.2279452054794,0.0,0.0,313.2279452054794,0.0,313.2279452054794
51,58,0.0,0.0,497.21479452054797,0.0,0.0,497.21479452054797,0.0,497.21479452054797
51,59,0.0,0.0,482.41075342465746,0.0,0.0,482.41075342465746,0.0,482.4107534246574
51,60,162.28,0.0,430.6970547945208,162.28,0.0,268.4170547945208,162.27999999999997,430.6970547945208
51,61,0.0,0.0,297.4455821917809,0.0,0.0,297.4455821917809,0.0,297.4455821917809
51,62,0.0,0.0,363.9398287671233,0.0,0.0,363.9398287671233,0.0,363.9398287671233
51,63,0.0,0.0,454.9069863013698,0.0,0.0,454.9069863013698,0.0,454.9069863013698
51,64,0.0,0.0,351.72698630136995,0.0,0.0,351.72698630136995,0.0,351.72698630136995
51,65,0.0,0.0,343.8869863013699,0.0,0.0,343.8869863013699,0.0,343.8869863013699
51,66,0.0,249.14,249.14,0.0,0.0,249.14,0.0,407.6145547945206
51,67,0.0,0.0,476.1551027397259,0.0,0.0,476.1551027397259,0.0,476.1551027397259
51,68,0.0,0.0,430.29191780821895,0.0,0.0,430.29191780821895,0.0,430.29191780821895
51,69,178.0,0.0,174.07890410958913,174.07890410958913,3.921095890410868,0.0,174.07890410958913,278.01890410958913
51,70,0.0,0.0,532.8097945205478,0.0,0.0,532.8097945205478,0.0,532.8097945205478
51,71,0.0,0.0,206.50311643835613,0.0,0.0,206.50311643835613,0.0,206.50311643835613
51,72,414.88,0.0,470.0392123287671,414.88,0.0,55.159212328767126,414.88,470.0392123287671
51,73,0.0,0.0,393.43020547945207,0.0,0.0,393.43020547945207,0.0,393.43020547945207
51,74,0.0,427.86421232876705,427.86421232876705,0.0,0.0,427.86421232876705,0.0,427.86421232876705
51,75,0.0,0.0,255.22044520547925,0.0,0.0,255.22044520547925,0.0,419.05044520547926
51,76,0.0,0.0,300.4021232876712,0.0,0.0,300.4021232876712,0.0,300.4021232876712
51,77,555.8,0.0,13.734863013698543,13.734863013698543,542.0651369863015,0.0,13.734863013698543,389.77486301369856
51,78,186.02,0.0,259.3933904109589,186.02,0.0,73.37339041095888,186.02,259.3933904109589
51,79,0.0,0.0,330.1576369863013,0.0,0.0,330.1576369863013,0.0,330.1576369863013
51,80,473.61,0.0,403.9877397260275,403.9877397260275,69.62226027397253,0.0,403.9877397260275,403.9877397260275
51,81,563.21,0.0,432.53695205479454,432.53695205479454,130.6730479452055,0.0,432.53695205479454,432.53695205479454
51,82,0.0,0.0,390.9296232876712,0.0,0.0,390.9296232876712,0.0,390.9296232876712
51,83,0.0,0.0,256.84510273972603,0.0,0.0,256.84510273972603,0.0,256.84510273972603
51,84,0.0,0.0,376.2492808219178,0.0,0.0,376.2492808219178,0.0,376.2492808219178
51,85,0.0,0.0,265.6598287671234,0.0,0.0,265.6598287671234,0.0,265.6598287671234
51,86,0.0,0.0,227.49859589041068,0.0,0.0,227.49859589041068,0.0,503.9685958904107
51,87,0.0,0.0,269.4978424657534,0.0,0.0,269.4978424657534,0.0,269.4978424657534
51,88,0.0,0.0,504.29510273972596,0.0,0.0,504.29510273972596,0.0,504.29510273972596
51,89,0.0,0.0,358.29476027397266,0.0,0.0,358.29476027397266,0.0,358.29476027397266
51,90,154.29,0.0,503.18133561643833,154.29,0.0,348.89133561643837,154.28999999999996,503.18133561643833
51,91,0.0,0.0,436.5981506849317,0.0,0.0,436.5981506849317,0.0,436.5981506849317
51,92,0.0,0.0,451.02246575342457,0.0,0.0,451.02246575342457,0.0,451.02246575342457
51,93,0.0,214.11,385.8469520547945,0.0,0.0,385.8469520547945,0.0,385.8469520547945
51,94,0.0,0.0,276.4630821917808,0.0,0.0,276.4630821917808,0.0,276.4630821917808
51,95,0.0,0.0,0.0,0.0,0.0,0.0,0.0,271.58202054794526
52,0,0.0,0.0,94.94938356164386,0.0,0.0,94.94938356164386,0.0,225.44938356164386
52,1,0.0,0.0,186.4704109589041,0.0,0.0,186.4704109589041,0.0,509.6604109589041
52,2,0.0,275.74,546.2143150684931,0.0,0.0,546.2143150684931,0.0,546.2143150684931
52,3,0.0,0.0,241.21928082191778,0.0,0.0,241.21928082191778,0.0,241.21928082191778
52,4,245.76,524.5339726027396,524.5339726027396,245.76,0.0,278.7739726027396,245.76,524.5339726027396
52,5,0.0,0.0,424.828801369863,0.0,0.0,424.828801369863,0.0,424.828801369863
52,6,0.0,0.0,486.7493150684934,0.0,0.0,486.7493150684934,0.0,486.7493150684934
52,7,0.0,221.1883561643836,347.7283561643836,0.0,0.0,347.7283561643836,0.0,347.7283561643836
52,8,0.0,0.0,90.83472602739727,0.0,0.0,90.83472602739727,0.0,377.5047260273973
52,9,228.2,0.0,465.06106164383544,228.2,0.0,236.86106164383546,228.2,465.06106164383544
52,10,0.0,0.0,452.51907534246584,0.0,0.0,452.51907534246584,0.0,452.51907534246584
52,11,0.0,0.0,289.2730821917808,0.0,0.0,289.2730821917808,0.0,289.2730821917808
52,12,389.43,0.0,386.6066438356164,386.6066438356164,2.823356164383597,0.0,386.6066438356164,386.6066438356164
52,13,0.0,66.43448630136987,467.8044863013699,0.0,0.0,467.8044863013699,0.0,467.8044863013699
52,14,0.0,0.0,423.9286301369862,0.0,0.0,423.9286301369862,0.0,423.9286301369862
52,15,269.96,0.0,370.4582191780823,269.96,0.0,100.49821917808231,269.96,370.4582191780823
52,16,0.0,0.0,372.61815068493144,0.0,0.0,372.61815068493144,0.0,372.61815068493144
52,17,0.0,0.0,440.7528424657535,0.0,0.0,440.7528424657535,0.0,440.7528424657535
52,18,0.0,0.0,363.7329452054794,0.0,0.0,363.7329452054794,0.0,363.7329452054794
52,19,0.0,0.0,339.1046917808219,0.0,0.0,339.1046917808219,0.0,339.1046917808219
52,20,228.66,0.0,382.2246917808219,228.66,0.0,153.5646917808219,228.66,382.2246917808219
52,21,0.0,0.0,217.15965753424652,0.0,0.0,217.15965753424652,0.0,217.15965753424652
52,22,0.0,100.88,514.6831506849315,0.0,0.0,514.6831506849315,0.0,514.6831506849315
52,23,0.0,0.0,400.63876712328766,0.0,0.0,400.63876712328766,0.0,400.63876712328766
52,24,0.0,0.0,420.8831506849314,0.0,0.0,420.8831506849314,0.0,420.8831506849314
52,25,0.0,0.0,414.17273972602743,0.0,0.0,414.17273972602743,0.0,414.17273972602743
52,26,0.0,0.0,433.2189726027399,0.0,0.0,433.2189726027399,0.0,433.2189726027399
52,27,0.0,0.0,15.757123287671277,0.0,0.0,15.757123287671277,0.0,324.58712328767126
52,28,136.03,0.0,357.3754109589041,136.03,0.0,221.34541095890413,136.03,357.3754109589041
52,29,331.4,0.0,292.1207876712329,292.1207876712329,39.27921232876707,0.0,292.1207876712329,292.1207876712329
52,30,0.0,0.0,408.68301369863025,0.0,0.0,408.68301369863025,0.0,408.68301369863025
52,31,0.0,0.0,575.8559589041095,0.0,0.0,575.8559589041095,0.0,575.8559589041095
52,32,340.37,0.0,378.5407191780824,340.37,0.0,38.17071917808238,340.37,515.9707191780824
52,33,116.9,0.0,0.0,0.0,116.9,0.0,0.0,332.5119863013699
52,34,0.0,0.0,484.3216095890409,0.0,0.0,484.3216095890409,0.0,484.3216095890409
52,35,0.0,0.0,392.25914383561656,0.0,0.0,392.25914383561656,0.0,392.25914383561656
52,36,0.0,97.58092465753418,556.6009246575342,0.0,0.0,556.6009246575342,0.0,556.6009246575342
52,37,0.0,0.0,367.40099315068494,0.0,0.0,367.40099315068494,0.0,367.40099315068494
52,38,0.0,199.4,453.86154109589035,0.0,0.0,453.86154109589035,0.0,453.86154109589035
52,39,0.0,0.0,333.2752739726027,0.0,0.0,333.2752739726027,0.0,333.2752739726027
52,40,0.0,0.0,363.6351369863013,0.0,0.0,363.6351369863013,0.0,363.6351369863013
52,41,0.0,0.0,342.41434931506853,0.0,0.0,342.41434931506853,0.0,342.41434931506853
52,42,368.47,0.0,271.86130136986304,271.86130136986304,96.60869863013698,0.0,271.86130136986304,271.86130136986304
52,43,0.0,0.0,480.8273630136987,0.0,0.0,480.8273630136987,0.0,480.8273630136987
52,44,519.95,0.0,279.9872945205479,279.9872945205479,239.96270547945215,0.0,279.9872945205479,279.9872945205479
52,45,0.0,0.0,535.524212328767,0.0,0.0,535.524212328767,0.0,535.524212328767
52,46,0.0,0.0,423.32404109589044,0.0,0.0,423.32404109589044,0.0,423.32404109589044
52,47,0.0,0.0,388.81476027397264,0.0,0.0,388.81476027397264,0.0,388.81476027397264
52,48,0.0,0.0,379.4162328767123,0.0,0.0,379.4162328767123,0.0,527.1062328767123
52,49,0.0,0.0,338.29465753424654,0.0,0.0,338.29465753424654,0.0,338.29465753424654
52,50,0.0,0.0,404.66832191780827,0.0,0.0,404.66832191780827,0.0,404.66832191780827
52,51,0.0,0.0,245.63647260273976,0.0,0.0,245.63647260273976,0.0,245.63647260273976
52,52,186.65,0.0,465.3753424657534,186.65,0.0,278.72534246575344,186.64999999999998,465.3753424657534
52,53,0.0,0.0,310.62667808219175,0.0,0.0,310.62667808219175,0.0,310.62667808219175
52,54,0.0,0.0,468.955410958904,0.0,0.0,468.955410958904,0.0,468.955410958904
52,55,0.0,0.0,305.61544520547955,0.0,0.0,305.61544520547955,0.0,305.61544520547955
52,56,0.0,376.81647260273974,376.81647260273974,0.0,0.0,376.81647260273974,0.0,376.81647260273974
52,57,0.0,0.0,313.2279452054794,0.0,0.0,313.2279452054794,0.0,313.2279452054794
52,58,426.82,0.0,497.21479452054797,426.82,0.0,70.39479452054798,426.82,497.21479452054797
52,59,0.0,0.0,482.41075342465746,0.0,0.0,482.41075342465746,0.0,482.4107534246574
52,60,0.0,0.0,268.4170547945208,0.0,0.0,268.4170547945208,0.0,430.6970547945208
52,61,0.0,0.0,297.4455821917809,0.0,0.0,297.4455821917809,0.0,297.4455821917809
52,62,0.0,0.0,363.9398287671233,0.0,0.0,363.9398287671233,0.0,363.9398287671233
52,63,0.0,0.0,454.9069863013698,0.0,0.0,454.9069863013698,0.0,454.9069863013698
52,64,0.0,0.0,351.72698630136995,0.0,0.0,351.72698630136995,0.0,351.72698630136995
52,65,599.77,0.0,343.8869863013699,343.8869863013699,255.88301369863007,0.0,343.8869863013699,343.8869863013699
52,66,0.0,158.4745547945206,407.6145547945206,0.0,0.0,407.6145547945206,0.0,407.6145547945206
52,67,0.0,0.0,476.1551027397259,0.0,0.0,476.1551027397259,0.0,476.1551027397259
52,68,0.0,0.0,430.29191780821895,0.0,0.0,430.29191780821895,0.0,430.29191780821895
52,69,0.0,103.94,103.94,0.0,0.0,103.94,0.0,278.01890410958913
52,70,0.0,0.0,532.8097945205478,0.0,0.0,532.8097945205478,0.0,532.8097945205478
52,71,0.0,0.0,206.50311643835613,0.0,0.0,206.50311643835613,0.0,206.50311643835613
52,72,0.0,0.0,55.159212328767126,0.0,0.0,55.159212328767126,0.0,470.0392123287671
52,73,0.0,0.0,393.43020547945207,0.0,0.0,393.43020547945207,0.0,393.43020547945207
52,74,0.0,0.0,427.86421232876705,0.0,0.0,427.86421232876705,0.0,427.86421232876705
52,75,0.0,163.83,419.05044520547926,0.0,0.0,419.05044520547926,0.0,419.05044520547926
52,76,0.0,0.0,300.4021232876712,0.0,0.0,300.4021232876712,0.0,300.4021232876712
52,77,0.0,376.04,376.04,0.0,0.0,376.04,0.0,389.77486301369856
52,78,0.0,0.0,73.37339041095888,0.0,0.0,73.37339041095888,0.0,259.3933904109589
52,79,366.65,0.0,330.1576369863013,330.1576369863013,36.49236301369865,0.0,330.1576369863013,330.1576369863013
52,80,0.0,0.0,0.0,0.0,0.0,0.0,0.0,403.9877397260275
52,81,0.0,0.0,0.0,0.0,0.0,0.0,0.0,432.53695205479454
52,82,0.0,0.0,390.9296232876712,0.0,0.0,390.9296232876712,0.0,390.9296232876712
52,83,0.0,0.0,256.84510273972603,0.0,0.0,256.84510273972603,0.0,256.84510273972603
52,84,590.28,0.0,376.2492808219178,376.2492808219178,214.03071917808217,0.0,376.2492808219178,376.2492808219178
52,85,0.0,0.0,265.6598287671234,0.0,0.0,265.6598287671234,0.0,265.6598287671234
52,86,0.0,276.47,503.9685958904107,0.0,0.0,503.9685958904107,0.0,503.9685958904107
52,87,0.0,0.0,269.4978424657534,0.0,0.0,269.4978424657534,0.0,269.4978424657534
52,88,0.0,0.0,504.29510273972596,0.0,0.0,504.29510273972596,0.0,504.29510273972596
52,89,0.0,0.0,358.29476027397266,0.0,0.0,358.29476027397266,0.0,358.29476027397266
52,90,0.0,0.0,348.89133561643837,0.0,0.0,348.89133561643837,0.0,503.18133561643833
52,91,0.0,0.0,436.5981506849317,0.0,0.0,436.5981506849317,0.0,436.5981506849317
52,92,596.0,0.0,451.02246575342457,451.02246575342457,144.97753424657543,0.0,451.02246575342457,451.02246575342457
52,93,0.0,0.0,385.8469520547945,0.0,0.0,385.8469520547945,0.0,385.8469520547945
52,94,0.0,0.0,276.4630821917808,0.0,0.0,276.4630821917808,0.0,276.4630821917808
52,95,0.0,271.58202054794526,271.58202054794526,0.0,0.0,271.58202054794526,0.0,271.58202054794526
53,0,0.0,130.5,225.44938356164386,0.0,0.0,225.44938356164386,0.0,225.44938356164386
53,1,0.0,323.19,509.6604109589041,0.0,0.0,509.6604109589041,0.0,509.6604109589041
53,2,513.52,0.0,546.2143150684931,513.52,0.0,32.6943150684931,513.52,546.2143150684931
53,3,0.0,0.0,241.21928082191778,0.0,0.0,241.21928082191778,0.0,241.21928082191778
53,4,0.0,0.0,278.7739726027396,0.0,0.0,278.7739726027396,0.0,524.5339726027396
53,5,0.0,0.0,424.828801369863,0.0,0.0,424.828801369863,0.0,424.828801369863
53,6,0.0,0.0,486.7493150684934,0.0,0.0,486.7493150684934,0.0,486.7493150684934
53,7,0.0,0.0,347.7283561643836,0.0,0.0,347.7283561643836,0.0,347.7283561643836
53,8,0.0,286.67,377.5047260273973,0.0,0.0,377.5047260273973,0.0,377.5047260273973
53,9,0.0,0.0,236.86106164383546,0.0,0.0,236.86106164383546,0.0,465.06106164383544
53,10,0.0,0.0,452.51907534246584,0.0,0.0,452.51907534246584,0.0,452.51907534246584
53,11,0.0,0.0,289.2730821917808,0.0,0.0,289.2730821917808,0.0,289.2730821917808
53,12,0.0,0.0,0.0,0.0,0.0,0.0,0.0,386.6066438356164
53,13,0.0,0.0,467.8044863013699,0.0,0.0,467.8044863013699,0.0,467.8044863013699
53,14,0.0,0.0,423.9286301369862,0.0,0.0,423.9286301369862,0.0,423.9286301369862
53,15,0.0,0.0,100.49821917808231,0.0,0.0,100.49821917808231,0.0,370.4582191780823
53,16,0.0,0.0,372.61815068493144,0.0,0.0,372.61815068493144,0.0,372.61815068493144
53,17,0.0,0.0,440.7528424657535,0.0,0.0,440.7528424657535,0.0,440.7528424657535
53,18,0.0,0.0,363.7329452054794,0.0,0.0,363.7329452054794,0.0,363.7329452054794
53,19,0.0,0.0,339.1046917808219,0.0,0.0,339.1046917808219,0.0,339.1046917808219
53,20,316.13,0.0,153.5646917808219,153.5646917808219,162.5653082191781,0.0,153.5646917808219,382.2246917808219
53,21,0.0,0.0,217.15965753424652,0.0,0.0,217.15965753424652,0.0,217.15965753424652
53,22,537.56,0.0,514.6831506849315,514.6831506849315,22.876849315068398,0.0,514.6831506849315,514.6831506849315
53,23,0.0,0.0,400.63876712328766,0.0,0.0,400.63876712328766,0.0,400.63876712328766
53,24,0.0,0.0,420.8831506849314,0.0,0.0,420.8831506849314,0.0,420.8831506849314
53,25,428.02,0.0,414.17273972602743,414.17273972602743,13.847260273972552,0.0,414.17273972602743,414.17273972602743
53,26,0.0,0.0,433.2189726027399,0.0,0.0,433.2189726027399,0.0,433.2189726027399
53,27,0.0,308.83,324.58712328767126,0.0,0.0,324.58712328767126,0.0,324.58712328767126
53,28,0.0,0.0,221.34541095890413,0.0,0.0,221.34541095890413,0.0,357.3754109589041
53,29,0.0,0.0,0.0,0.0,0.0,0.0,0.0,292.1207876712329
53,30,0.0,0.0,408.68301369863025,0.0,0.0,408.68301369863025,0.0,408.68301369863025
53,31,422.21,0.0,575.8559589041095,422.21,0.0,153.64595890410948,422.21,575.8559589041095
53,32,0.0,137.43,175.6007191780824,0.0,0.0,175.6007191780824,0.0,515.9707191780824
53,33,0.0,332.5119863013699,332.5119863013699,0.0,0.0,332.5119863013699,0.0,332.5119863013699
53,34,0.0,0.0,484.3216095890409,0.0,0.0,484.3216095890409,0.0,484.3216095890409
53,35,0.0,0.0,392.25914383561656,0.0,0.0,392.25914383561656,0.0,392.25914383561656
53,36,0.0,0.0,556.6009246575342,0.0,0.0,556.6009246575342,0.0,556.6009246575342
53,37,413.06,0.0,367.40099315068494,367.40099315068494,45.65900684931506,0.0,367.40099315068494,367.40099315068494
53,38,0.0,0.0,453.86154109589035,0.0,0.0,453.86154109589035,0.0,453.86154109589035
53,39,0.0,0.0,333.2752739726027,0.0,0.0,333.2752739726027,0.0,333.2752739726027
53,40,0.0,0.0,363.6351369863013,0.0,0.0,363.6351369863013,0.0,363.6351369863013
53,41,0.0,0.0,342.41434931506853,0.0,0.0,342.41434931506853,0.0,342.41434931506853
53,42,0.0,0.0,0.0,0.0,0.0,0.0,0.0,271.86130136986304
53,43,0.0,0.0,480.8273630136987,0.0,0.0,480.8273630136987,0.0,480.8273630136987
53,44,0.0,0.0,0.0,0.0,0.0,0.0,0.0,279.9872945205479
53,45,0.0,0.0,535.524212328767,0.0,0.0,535.524212328767,0.0,535.524212328767
53,46,0.0,0.0,423.32404109589044,0.0,0.0,423.32404109589044,0.0,423.32404109589044
53,47,554.41,0.0,388.81476027397264,388.81476027397264,165.59523972602733,0.0,388.81476027397264,388.81476027397264
53,48,0.0,147.69,527.1062328767123,0.0,0.0,527.1062328767123,0.0,527.1062328767123
53,49,0.0,0.0,338.29465753424654,0.0,0.0,338.29465753424654,0.0,338.29465753424654
53,50,0.0,0.0,404.66832191780827,0.0,0.0,404.66832191780827,0.0,404.66832191780827
53,51,0.0,0.0,245.63647260273976,0.0,0.0,245.63647260273976,0.0,245.63647260273976
53,52,0.0,0.0,278.72534246575344,0.0,0.0,278.72534246575344,0.0,465.3753424657534
53,53,0.0,0.0,310.62667808219175,0.0,0.0,310.62667808219175,0.0,310.62667808219175
53,54,158.77,0.0,468.955410958904,158.77,0.0,310.18541095890396,158.77000000000004,468.955410958904
53,55,0.0,0.0,305.61544520547955,0.0,0.0,305.61544520547955,0.0,305.61544520547955
53,56,0.0,0.0,376.81647260273974,0.0,0.0,376.81647260273974,0.0,376.81647260273974
53,57,595.63,0.0,313.2279452054794,313.2279452054794,282.4020547945206,0.0,313.2279452054794,313.2279452054794
53,58,0.0,0.0,70.39479452054798,0.0,0.0,70.39479452054798,0.0,497.21479452054797
53,59,0.0,0.0,482.41075342465746,0.0,0.0,482.41075342465746,0.0,482.4107534246574
53,60,196.23,162.27999999999997,430.6970547945208,196.23,0.0,234.4670547945208,196.23,430.6970547945208
53,61,0.0,0.0,297.4455821917809,0.0,0.0,297.4455821917809,0.0,297.4455821917809
53,62,117.73,0.0,363.9398287671233,117.73,0.0,246.20982876712327,117.73000000000002,363.9398287671233
53,63,0.0,0.0,454.9069863013698,0.0,0.0,454.9069863013698,0.0,454.9069863013698
53,64,0.0,0.0,351.72698630136995,0.0,0.0,351.72698630136995,0.0,351.72698630136995
53,65,571.46,0.0,0.0,0.0,571.46,0.0,0.0,343.8869863013699
53,66,100.05,0.0,407.6145547945206,100.05,0.0,307.5645547945206,100.05000000000001,407.6145547945206
53,67,0.0,0.0,476.1551027397259,0.0,0.0,476.1551027397259,0.0,476.1551027397259
53,68,0.0,0.0,430.29191780821895,0.0,0.0,430.29191780821895,0.0,430.29191780821895
53,69,0.0,174.07890410958913,278.01890410958913,0.0,0.0,278.01890410958913,0.0,278.01890410958913
53,70,369.64,0.0,532.8097945205478,369.64,0.0,163.16979452054784,369.64,532.8097945205478
53,71,0.0,0.0,206.50311643835613,0.0,0.0,206.50311643835613,0.0,206.50311643835613
53,72,0.0,414.88,470.0392123287671,0.0,0.0,470.0392123287671,0.0,470.0392123287671
53,73,0.0,0.0,393.43020547945207,0.0,0.0,393.43020547945207,0.0,393.43020547945207
53,74,341.12,0.0,427.86421232876705,341.12,0.0,86.74421232876705,341.12,427.86421232876705
53,75,0.0,0.0,419.05044520547926,0.0,0.0,419.05044520547926,0.0,419.05044520547926
53,76,0.0,0.0,300.4021232876712,0.0,0.0,300.4021232876712,0.0,300.4021232876712
53,77,0.0,13.734863013698543,389.77486301369856,0.0,0.0,389.77486301369856,0.0,389.77486301369856
53,78,0.0,186.02,259.3933904109589,0.0,0.0,259.3933904109589,0.0,259.3933904109589
53,79,0.0,0.0,0.0,0.0,0.0,0.0,0.0,330.1576369863013
53,80,0.0,403.9877397260275,403.9877397260275,0.0,0.0,403.9877397260275,0.0,403.9877397260275
53,81,0.0,432.53695205479454,432.53695205479454,0.0,0.0,432.53695205479454,0.0,432.53695205479454
53,82,255.23,0.0,390.9296232876712,255.23,0.0,135.6996232876712,255.23,390.9296232876712
53,83,144.48,0.0,256.84510273972603,144.48,0.0,112.36510273972604,144.48,256.84510273972603
53,84,0.0,0.0,0.0,0.0,0.0,0.0,0.0,376.2492808219178
53,85,0.0,0.0,265.6598287671234,0.0,0.0,265.6598287671234,0.0,265.6598287671234
53,86,0.0,0.0,503.9685958904107,0.0,0.0,503.9685958904107,0.0,503.9685958904107
53,87,0.0,0.0,269.4978424657534,0.0,0.0,269.4978424657534,0.0,269.4978424657534
53,88,564.5,0.0,504.29510273972596,504.29510273972596,60.20489726027404,0.0,504.29510273972596,504.29510273972596
53,89,0.0,0.0,358.29476027397266,0.0,0.0,358.29476027397266,0.0,358.29476027397266
53,90,0.0,154.28999999999996,503.18133561643833,0.0,0.0,503.18133561643833,0.0,503.18133561643833
53,91,0.0,0.0,436.5981506849317,0.0,0.0,436.5981506849317,0.0,436.5981506849317
53,92,0.0,0.0,0.0,0.0,0.0,0.0,0.0,451.02246575342457
53,93,0.0,0.0,385.8469520547945,0.0,0.0,385.8469520547945,0.0,385.8469520547945
53,94,0.0,0.0,276.4630821917808,0.0,0.0,276.4630821917808,0.0,276.4630821917808
53,95,0.0,0.0,271.58202054794526,0.0,0.0,271.58202054794526,0.0,271.58202054794526
54,0,0.0,0.0,225.44938356164386,0.0,0.0,225.44938356164386,0.0,225.44938356164386
54,1,0.0,0.0,509.6604109589041,0.0,0.0,509.6604109589041,0.0,509.6604109589041
54,2,0.0,0.0,32.6943150684931,0.0,0.0,32.6943150684931,0.0,546.2143150684931
54,3,0.0,0.0,241.21928082191778,0.0,0.0,241.21928082191778,0.0,241.21928082191778
54,4,246.17,245.76,524.5339726027396,246.17,0.0,278.36397260273964,246.16999999999996,524.5339726027396
54,5,0.0,0.0,424.828801369863,0.0,0.0,424.828801369863,0.0,424.828801369863
54,6,0.0,0.0,486.7493150684934,0.0,0.0,486.7493150684934,0.0,486.7493150684934
54,7,380.92,0.0,347.7283561643836,347.7283561643836,33.19164383561639,0.0,347.7283561643836,347.7283561643836
54,8,0.0,0.0,377.5047260273973,0.0,0.0,377.5047260273973,0.0,377.5047260273973
54,9,0.0,228.2,465.06106164383544,0.0,0.0,465.06106164383544,0.0,465.06106164383544
54,10,526.95,0.0,452.51907534246584,452.51907534246584,74.4309246575342,0.0,452.51907534246584,452.51907534246584
54,11,0.0,0.0,289.2730821917808,0.0,0.0,289.2730821917808,0.0,289.2730821917808
54,12,0.0,386.6066438356164,386.6066438356164,0.0,0.0,386.6066438356164,0.0,386.6066438356164
54,13,0.0,0.0,467.8044863013699,0.0,0.0,467.8044863013699,0.0,467.8044863013699
54,14,0.0,0.0,423.9286301369862,0.0,0.0,423.9286301369862,0.0,423.9286301369862
54,15,0.0,269.96,370.4582191780823,0.0,0.0,370.4582191780823,0.0,370.4582191780823
54,16,0.0,0.0,372.61815068493144,0.0,0.0,372.61815068493144,0.0,372.61815068493144
54,17,0.0,0.0,440.7528424657535,0.0,0.0,440.7528424657535,0.0,440.7528424657535
54,18,0.0,0.0,363.7329452054794,0.0,0.0,363.7329452054794,0.0,363.7329452054794
54,19,0.0,0.0,339.1046917808219,0.0,0.0,339.1046917808219,0.0,339.1046917808219
54,20,0.0,228.66,228.66,0.0,0.0,228.66,0.0,382.2246917808219
54,21,0.0,0.0,217.15965753424652,0.0,0.0,217.15965753424652,0.0,217.15965753424652
54,22,0.0,0.0,0.0,0.0,0.0,0.0,0.0,514.6831506849315
54,23,511.13,0.0,400.63876712328766,400.63876712328766,110.49123287671233,0.0,400.63876712328766,400.63876712328766
54,24,0.0,0.0,420.8831506849314,0.0,0.0,420.8831506849314,0.0,420.8831506849314
54,25,462.8,0.0,0.0,0.0,462.8,0.0,0.0,414.17273972602743
54,26,0.0,0.0,433.2189726027399,0.0,0.0,433.2189726027399,0.0,433.2189726027399
54,27,740.96,0.0,324.58712328767126,324.58712328767126,416.3728767123288,0.0,324.58712328767126,324.58712328767126
54,28,0.0,136.03,357.3754109589041,0.0,0.0,357.3754109589041,0.0,357.3754109589041
54,29,0.0,292.1207876712329,292.1207876712329,0.0,0.0,292.1207876712329,0.0,292.1207876712329
54,30,0.0,0.0,408.68301369863025,0.0,0.0,408.68301369863025,0.0,408.68301369863025
54,31,1118.28,0.0,153.64595890410948,153.64595890410948,964.6340410958906,0.0,153.64595890410948,575.8559589041095
54,32,0.0,340.37,515.9707191780824,0.0,0.0,515.9707191780824,0.0,515.9707191780824
54,33,0.0,0.0,332.5119863013699,0.0,0.0,332.5119863013699,0.0,332.5119863013699
54,34,0.0,0.0,484.3216095890409,0.0,0.0,484.3216095890409,0.0,484.3216095890409
54,35,0.0,0.0,392.25914383561656,0.0,0.0,392.25914383561656,0.0,392.25914383561656
54,36,0.0,0.0,556.6009246575342,0.0,0.0,556.6009246575342,0.0,556.6009246575342
54,37,0.0,0.0,0.0,0.0,0.0,0.0,0.0,367.40099315068494
54,38,0.0,0.0,453.86154109589035,0.0,0.0,453.86154109589035,0.0,453.86154109589035
54,39,0.0,0.0,333.2752739726027,0.0,0.0,333.2752739726027,0.0,333.2752739726027
54,40,0.0,0.0,363.6351369863013,0.0,0.0,363.6351369863013,0.0,363.6351369863013
54,41,0.0,0.0,342.41434931506853,0.0,0.0,342.41434931506853,0.0,342.41434931506853
54,42,0.0,271.86130136986304,271.86130136986304,0.0,0.0,271.86130136986304,0.0,271.86130136986304
54,43,0.0,0.0,480.8273630136987,0.0,0.0,480.8273630136987,0.0,480.8273630136987
54,44,52.81,279.9872945205479,279.9872945205479,52.81,0.0,227.1772945205479,52.81,279.9872945205479
54,45,0.0,0.0,535.524212328767,0.0,0.0,535.524212328767,0.0,535.524212328767
54,46,468.15,0.0,423.32404109589044,423.32404109589044,44.82595890410954,0.0,423.32404109589044,423.32404109589044
54,47,0.0,0.0,0.0,0.0,0.0,0.0,0.0,388.81476027397264
54,48,0.0,0.0,527.1062328767123,0.0,0.0,527.1062328767123,0.0,527.1062328767123
54,49,340.5,0.0,338.29465753424654,338.29465753424654,2.2053424657534606,0.0,338.29465753424654,338.29465753424654
54,50,0.0,0.0,404.66832191780827,0.0,0.0,404.66832191780827,0.0,404.66832191780827
54,51,0.0,0.0,245.63647260273976,0.0,0.0,245.63647260273976,0.0,245.63647260273976
54,52,0.0,186.64999999999998,465.3753424657534,0.0,0.0,465.3753424657534,0.0,465.3753424657534
54,53,0.0,0.0,310.62667808219175,0.0,0.0,310.62667808219175,0.0,310.62667808219175
54,54,167.54,0.0,310.18541095890396,167.54,0.0,142.64541095890397,167.54000000000002,468.955410958904
54,55,0.0,0.0,305.61544520547955,0.0,0.0,305.61544520547955,0.0,305.61544520547955
54,56,0.0,0.0,376.81647260273974,0.0,0.0,376.81647260273974,0.0,376.81647260273974
54,57,0.0,0.0,0.0,0.0,0.0,0.0,0.0,313.2279452054794
54,58,0.0,426.82,497.21479452054797,0.0,0.0,497.21479452054797,0.0,497.21479452054797
54,59,0.0,0.0,482.41075342465746,0.0,0.0,482.41075342465746,0.0,482.4107534246574
54,60,585.25,0.0,234.4670547945208,234.4670547945208,350.7829452054792,0.0,234.4670547945208,430.6970547945208
54,61,0.0,0.0,297.4455821917809,0.0,0.0,297.4455821917809,0.0,297.4455821917809
54,62,0.0,0.0,246.20982876712327,0.0,0.0,246.20982876712327,0.0,363.9398287671233
54,63,328.95,0.0,454.9069863013698,328.95,0.0,125.9569863013698,328.95,454.9069863013698
54,64,0.0,0.0,351.72698630136995,0.0,0.0,351.72698630136995,0.0,351.72698630136995
54,65,0.0,343.8869863013699,343.8869863013699,0.0,0.0,343.8869863013699,0.0,343.8869863013699
54,66,0.0,0.0,307.5645547945206,0.0,0.0,307.5645547945206,0.0,407.6145547945206
54,67,580.68,0.0,476.1551027397259,476.1551027397259,104.52489726027403,0.0,476.1551027397259,476.1551027397259
54,68,0.0,0.0,430.29191780821895,0.0,0.0,430.29191780821895,0.0,430.29191780821895
54,69,0.0,0.0,278.01890410958913,0.0,0.0,278.01890410958913,0.0,278.01890410958913
54,70,0.0,0.0,163.16979452054784,0.0,0.0,163.16979452054784,0.0,532.8097945205478
54,71,0.0,0.0,206.50311643835613,0.0,0.0,206.50311643835613,0.0,206.50311643835613
54,72,0.0,0.0,470.0392123287671,0.0,0.0,470.0392123287671,0.0,470.0392123287671
54,73,0.0,0.0,393.43020547945207,0.0,0.0,393.43020547945207,0.0,393.43020547945207
54,74,522.56,0.0,86.74421232876705,86.74421232876705,435.8157876712329,0.0,86.74421232876705,427.86421232876705
54,75,517.48,0.0,419.05044520547926,419.05044520547926,98.42955479452075,0.0,419.05044520547926,419.05044520547926
54,76,0.0,0.0,300.4021232876712,0.0,0.0,300.4021232876712,0.0,300.4021232876712
54,77,214.02,0.0,389.77486301369856,214.02,0.0,175.75486301369855,214.02,389.77486301369856
54,78,0.0,0.0,259.3933904109589,0.0,0.0,259.3933904109589,0.0,259.3933904109589
54,79,0.0,330.1576369863013,330.1576369863013,0.0,0.0,330.1576369863013,0.0,330.1576369863013
54,80,0.0,0.0,403.9877397260275,0.0,0.0,403.9877397260275,0.0,403.9877397260275
54,81,0.0,0.0,432.53695205479454,0.0,0.0,432.53695205479454,0.0,432.53695205479454
54,82,0.0,0.0,135.6996232876712,0.0,0.0,135.6996232876712,0.0,390.9296232876712
54,83,215.83,0.0,112.36510273972604,112.36510273972604,103.46489726027397,0.0,112.36510273972604,256.84510273972603
54,84,536.8,376.2492808219178,376.2492808219178,376.2492808219178,160.55071917808215,0.0,376.2492808219178,376.2492808219178
54,85,0.0,0.0,265.6598287671234,0.0,0.0,265.6598287671234,0.0,265.6598287671234
54,86,0.0,0.0,503.9685958904107,0.0,0.0,503.9685958904107,0.0,503.9685958904107
54,87,0.0,0.0,269.4978424657534,0.0,0.0,269.4978424657534,0.0,269.4978424657534
54,88,0.0,0.0,0.0,0.0,0.0,0.0,0.0,504.29510273972596
54,89,0.0,0.0,358.29476027397266,0.0,0.0,358.29476027397266,0.0,358.29476027397266
54,90,0.0,0.0,503.18133561643833,0.0,0.0,503.18133561643833,0.0,503.18133561643833
54,91,0.0,0.0,436.5981506849317,0.0,0.0,436.5981506849317,0.0,436.5981506849317
54,92,0.0,451.02246575342457,451.02246575342457,0.0,0.0,451.02246575342457,0.0,451.02246575342457
54,93,596.89,0.0,385.8469520547945,385.8469520547945,211.0430479452055,0.0,385.8469520547945,385.8469520547945
54,94,0.0,0.0,276.4630821917808,0.0,0.0,276.4630821917808,0.0,276.4630821917808
54,95,314.52,0.0,271.58202054794526,271.58202054794526,42.93797945205472,0.0,271.58202054794526,271.58202054794526
55,0,0.0,0.0,225.44938356164386,0.0,0.0,225.44938356164386,0.0,225.44938356164386
55,1,0.0,0.0,509.6604109589041,0.0,0.0,509.6604109589041,0.0,509.6604109589041
55,2,0.0,513.52,546.2143150684931,0.0,0.0,546.2143150684931,0.0,546.2143150684931
55,3,0.0,0.0,241.21928082191778,0.0,0.0,241.21928082191778,0.0,241.21928082191778
55,4,0.0,0.0,278.36397260273964,0.0,0.0,278.36397260273964,0.0,524.5339726027396
55,5,431.99,0.0,424.828801369863,424.828801369863,7.161198630136994,0.0,424.828801369863,424.828801369863
55,6,0.0,0.0,486.7493150684934,0.0,0.0,486.7493150684934,0.0,486.7493150684934
55,7,0.0,0.0,0.0,0.0,0.0,0.0,0.0,347.7283561643836
55,8,0.0,0.0,377.5047260273973,0.0,0.0,377.5047260273973,0.0,377.5047260273973
55,9,102.39,0.0,465.06106164383544,102.39,0.0,362.67106164383546,102.38999999999999,465.06106164383544
55,10,0.0,0.0,0.0,0.0,0.0,0.0,0.0,452.51907534246584
55,11,0.0,0.0,289.2730821917808,0.0,0.0,289.2730821917808,0.0,289.2730821917808
55,12,0.0,0.0,386.6066438356164,0.0,0.0,386.6066438356164,0.0,386.6066438356164
55,13,0.0,0.0,467.8044863013699,0.0,0.0,467.8044863013699,0.0,467.8044863013699
55,14,0.0,0.0,423.9286301369862,0.0,0.0,423.9286301369862,0.0,423.9286301369862
55,15,182.91,0.0,370.4582191780823,182.91,0.0,187.5482191780823,182.91,370.4582191780823
55,16,0.0,0.0,372.61815068493144,0.0,0.0,372.61815068493144,0.0,372.61815068493144
55,17,0.0,0.0,440.7528424657535,0.0,0.0,440.7528424657535,0.0,440.7528424657535
55,18,0.0,0.0,363.7329452054794,0.0,0.0,363.7329452054794,0.0,363.7329452054794
55,19,0.0,0.0,339.1046917808219,0.0,0.0,339.1046917808219,0.0,339.1046917808219
55,20,0.0,153.5646917808219,382.2246917808219,0.0,0.0,382.2246917808219,0.0,382.2246917808219
55,21,0.0,0.0,217.15965753424652,0.0,0.0,217.15965753424652,0.0,217.15965753424652
55,22,0.0,514.6831506849315,514.6831506849315,0.0,0.0,514.6831506849315,0.0,514.6831506849315
55,23,0.0,0.0,0.0,0.0,0.0,0.0,0.0,400.63876712328766
55,24,0.0,0.0,420.8831506849314,0.0,0.0,420.8831506849314,0.0,420.8831506849314
55,25,0.0,414.17273972602743,414.17273972602743,0.0,0.0,414.17273972602743,0.0,414.17273972602743
55,26,0.0,0.0,433.2189726027399,0.0,0.0,433.2189726027399,0.0,433.2189726027399
55,27,273.1,0.0,0.0,0.0,273.1,0.0,0.0,324.58712328767126
55,28,0.0,0.0,357.3754109589041,0.0,0.0,357.3754109589041,0.0,357.3754109589041
55,29,167.81,0.0,292.1207876712329,167.81,0.0,124.3107876712329,167.81,292.1207876712329
55,30,0.0,0.0,408.68301369863025,0.0,0.0,408.68301369863025,0.0,408.68301369863025
55,31,269.05,422.21,422.21,269.05,0.0,153.15999999999997,269.05,575.8559589041095
55,32,0.0,0.0,515.9707191780824,0.0,0.0,515.9707191780824,0.0,515.9707191780824
55,33,0.0,0.0,332.5119863013699,0.0,0.0,332.5119863013699,0.0,332.5119863013699
55,34,0.0,0.0,484.3216095890409,0.0,0.0,484.3216095890409,0.0,484.3216095890409
55,35,0.0,0.0,392.25914383561656,0.0,0.0,392.25914383561656,0.0,392.25914383561656
55,36,0.0,0.0,556.6009246575342,0.0,0.0,556.6009246575342,0.0,556.6009246575342
55,37,532.62,367.40099315068494,367.40099315068494,367.40099315068494,165.21900684931506,0.0,367.40099315068494,367.40099315068494
55,38,554.74,0.0,453.86154109589035,453.86154109589035,100.87845890410966,0.0,453.86154109589035,453.86154109589035
55,39,0.0,0.0,333.2752739726027,0.0,0.0,333.2752739726027,0.0,333.2752739726027
55,40,0.0,0.0,363.6351369863013,0.0,0.0,363.6351369863013,0.0,363.6351369863013
55,41,126.67,0.0,342.41434931506853,126.67,0.0,215.74434931506852,126.67000000000002,342.41434931506853
55,42,0.0,0.0,271.86130136986304,0.0,0.0,271.86130136986304,0.0,271.86130136986304
55,43,530.8,0.0,480.8273630136987,480.8273630136987,49.97263698630127,0.0,480.8273630136987,480.8273630136987
55,44,0.0,0.0,227.1772945205479,0.0,0.0,227.1772945205479,0.0,279.9872945205479
55,45,0.0,0.0,535.524212328767,0.0,0.0,535.524212328767,0.0,535.524212328767
55,46,0.0,0.0,0.0,0.0,0.0,0.0,0.0,423.32404109589044
55,47,0.0,388.81476027397264,388.81476027397264,0.0,0.0,388.81476027397264,0.0,388.81476027397264
55,48,0.0,0.0,527.1062328767123,0.0,0.0,527.1062328767123,0.0,527.1062328767123
55,49,0.0,0.0,0.0,0.0,0.0,0.0,0.0,338.29465753424654
55,50,0.0,0.0,404.66832191780827,0.0,0.0,404.66832191780827,0.0,404.66832191780827
55,51,0.0,0.0,245.63647260273976,0.0,0.0,245.63647260273976,0.0,245.63647260273976
55,52,0.0,0.0,465.3753424657534,0.0,0.0,465.3753424657534,0.0,465.3753424657534
55,53,0.0,0.0,310.62667808219175,0.0,0.0,310.62667808219175,0.0,310.62667808219175
55,54,0.0,158.77000000000004,301.415410958904,0.0,0.0,301.415410958904,0.0,468.955410958904
55,55,567.17,0.0,305.61544520547955,305.61544520547955,261.5545547945204,0.0,305.61544520547955,305.61544520547955
55,56,0.0,0.0,376.81647260273974,0.0,0.0,376.81647260273974,0.0,376.81647260273974
55,57,162.5,313.2279452054794,313.2279452054794,162.5,0.0,150.7279452054794,162.5,313.2279452054794
55,58,0.0,0.0,497.21479452054797,0.0,0.0,497.21479452054797,0.0,497.21479452054797
55,59,0.0,0.0,482.41075342465746,0.0,0.0,482.41075342465746,0.0,482.4107534246574
55,60,0.0,196.23,196.23,0.0,0.0,196.23,0.0,430.6970547945208
55,61,342.12,0.0,297.4455821917809,297.4455821917809,44.67441780821912,0.0,297.4455821917809,297.4455821917809
55,62,427.24,117.73000000000002,363.9398287671233,363.9398287671233,63.30017123287672,0.0,363.9398287671233,363.9398287671233
55,63,0.0,0.0,125.9569863013698,0.0,0.0,125.9569863013698,0.0,454.9069863013698
55,64,0.0,0.0,351.72698630136995,0.0,0.0,351.72698630136995,0.0,351.72698630136995
55,65,0.0,0.0,343.8869863013699,0.0,0.0,343.8869863013699,0.0,343.8869863013699
55,66,129.34,100.05000000000001,407.6145547945206,129.34,0.0,278.27455479452055,129.34000000000003,407.6145547945206
55,67,0.0,0.0,0.0,0.0,0.0,0.0,0.0,476.1551027397259
55,68,0.0,0.0,430.29191780821895,0.0,0.0,430.29191780821895,0.0,430.29191780821895
55,69,128.38,0.0,278.01890410958913,128.38,0.0,149.63890410958913,128.38,278.01890410958913
55,70,155.99,369.64,532.8097945205478,155.99,0.0,376.8197945205478,155.99,532.8097945205478
55,71,0.0,0.0,206.50311643835613,0.0,0.0,206.50311643835613,0.0,206.50311643835613
55,72,0.0,0.0,470.0392123287671,0.0,0.0,470.0392123287671,0.0,470.0392123287671
55,73,535.0,0.0,393.43020547945207,393.43020547945207,141.56979452054793,0.0,393.43020547945207,393.43020547945207
55,74,0.0,341.12,341.12,0.0,0.0,341.12,0.0,427.86421232876705
55,75,0.0,0.0,0.0,0.0,0.0,0.0,0.0,419.05044520547926
55,76,0.0,0.0,300.4021232876712,0.0,0.0,300.4021232876712,0.0,300.4021232876712
55,77,0.0,0.0,175.75486301369855,0.0,0.0,175.75486301369855,0.0,389.77486301369856
55,78,0.0,0.0,259.3933904109589,0.0,0.0,259.3933904109589,0.0,259.3933904109589
55,79,0.0,0.0,330.1576369863013,0.0,0.0,330.1576369863013,0.0,330.1576369863013
55,80,0.0,0.0,403.9877397260275,0.0,0.0,403.9877397260275,0.0,403.9877397260275
55,81,0.0,0.0,432.53695205479454,0.0,0.0,432.53695205479454,0.0,432.53695205479454
55,82,0.0,255.23,390.9296232876712,0.0,0.0,390.9296232876712,0.0,390.9296232876712
55,83,262.68,144.48,144.48,144.48,118.20000000000002,0.0,144.48,256.84510273972603
55,84,0.0,0.0,0.0,0.0,0.0,0.0,0.0,376.2492808219178
55,85,0.0,0.0,265.6598287671234,0.0,0.0,265.6598287671234,0.0,265.6598287671234
55,86,0.0,0.0,503.9685958904107,0.0,0.0,503.9685958904107,0.0,503.9685958904107
55,87,0.0,0.0,269.4978424657534,0.0,0.0,269.4978424657534,0.0,269.4978424657534
55,88,0.0,504.29510273972596,504.29510273972596,0.0,0.0,504.29510273972596,0.0,504.29510273972596
55,89,0.0,0.0,358.29476027397266,0.0,0.0,358.29476027397266,0.0,358.29476027397266
55,90,0.0,0.0,503.18133561643833,0.0,0.0,503.18133561643833,0.0,503.18133561643833
55,91,0.0,0.0,436.5981506849317,0.0,0.0,436.5981506849317,0.0,436.5981506849317
55,92,0.0,0.0,451.02246575342457,0.0,0.0,451.02246575342457,0.0,451.02246575342457
55,93,0.0,0.0,0.0,0.0,0.0,0.0,0.0,385.8469520547945
55,94,0.0,0.0,276.4630821917808,0.0,0.0,276.4630821917808,0.0,276.4630821917808
55,95,191.99,0.0,0.0,0.0,191.99,0.0,0.0,271.58202054794526
56,0,0.0,0.0,225.44938356164386,0.0,0.0,225.44938356164386,0.0,225.44938356164386
56,1,0.0,0.0,509.6604109589041,0.0,0.0,509.6604109589041,0.0,509.6604109589041
56,2,0.0,0.0,546.2143150684931,0.0,0.0,546.2143150684931,0.0,546.2143150684931
56,3,0.0,0.0,241.21928082191778,0.0,0.0,241.21928082191778,0.0,241.21928082191778
56,4,256.96,246.16999999999996,524.5339726027396,256.96,0.0,267.5739726027396,256.96,524.5339726027396
56,5,0.0,0.0,0.0,0.0,0.0,0.0,0.0,424.828801369863
56,6,0.0,0.0,486.7493150684934,0.0,0.0,486.7493150684934,0.0,486.7493150684934
56,7,0.0,347.7283561643836,347.7283561643836,0.0,0.0,347.7283561643836,0.0,347.7283561643836
56,8,296.29,0.0,377.5047260273973,296.29,0.0,81.21472602739726,296.29,377.5047260273973
56,9,0.0,0.0,362.67106164383546,0.0,0.0,362.67106164383546,0.0,465.06106164383544
56,10,0.0,452.51907534246584,452.51907534246584,0.0,0.0,452.51907534246584,0.0,452.51907534246584
56,11,0.0,0.0,289.2730821917808,0.0,0.0,289.2730821917808,0.0,289.2730821917808
56,12,0.0,0.0,386.6066438356164,0.0,0.0,386.6066438356164,0.0,386.6066438356164
56,13,0.0,0.0,467.8044863013699,0.0,0.0,467.8044863013699,0.0,467.8044863013699
56,14,0.0,0.0,423.9286301369862,0.0,0.0,423.9286301369862,0.0,423.9286301369862
56,15,172.99,0.0,187.5482191780823,172.99,0.0,14.558219178082282,172.98999999999998,370.4582191780823
56,16,215.73,0.0,372.61815068493144,215.73,0.0,156.88815068493145,215.73,372.61815068493144
56,17,239.36,0.0,440.7528424657535,239.36,0.0,201.39284246575346,239.36,440.7528424657535
56,18,0.0,0.0,363.7329452054794,0.0,0.0,363.7329452054794,0.0,363.7329452054794
56,19,0.0,0.0,339.1046917808219,0.0,0.0,339.1046917808219,0.0,339.1046917808219
56,20,0.0,0.0,382.2246917808219,0.0,0.0,382.2246917808219,0.0,382.2246917808219
56,21,0.0,0.0,217.15965753424652,0.0,0.0,217.15965753424652,0.0,217.15965753424652
56,22,0.0,0.0,514.6831506849315,0.0,0.0,514.6831506849315,0.0,514.6831506849315
56,23,0.0,400.63876712328766,400.63876712328766,0.0,0.0,400.63876712328766,0.0,400.63876712328766
56,24,0.0,0.0,420.8831506849314,0.0,0.0,420.8831506849314,0.0,420.8831506849314
56,25,0.0,0.0,414.17273972602743,0.0,0.0,414.17273972602743,0.0,414.17273972602743
56,26,0.0,0.0,433.2189726027399,0.0,0.0,433.2189726027399,0.0,433.2189726027399
56,27,0.0,324.58712328767126,324.58712328767126,0.0,0.0,324.58712328767126,0.0,324.58712328767126
56,28,0.0,0.0,357.3754109589041,0.0,0.0,357.3754109589041,0.0,357.3754109589041
56,29,0.0,0.0,124.3107876712329,0.0,0.0,124.3107876712329,0.0,292.1207876712329
56,30,128.53,0.0,408.68301369863025,128.53,0.0,280.1530136986303,128.52999999999997,408.68301369863025
56,31,0.0,153.64595890410948,306.80595890410945,0.0,0.0,306.80595890410945,0.0,575.8559589041095
56,32,556.53,0.0,515.9707191780824,515.9707191780824,40.55928082191758,0.0,515.9707191780824,515.9707191780824
56,33,0.0,0.0,332.5119863013699,0.0,0.0,332.5119863013699,0.0,332.5119863013699
56,34,0.0,0.0,484.3216095890409,0.0,0.0,484.3216095890409,0.0,484.3216095890409
56,35,0.0,0.0,392.25914383561656,0.0,0.0,392.25914383561656,0.0,392.25914383561656
56,36,0.0,0.0,556.6009246575342,0.0,0.0,556.6009246575342,0.0,556.6009246575342
56,37,0.0,0.0,0.0,0.0,0.0,0.0,0.0,367.40099315068494
56,38,0.0,0.0,0.0,0.0,0.0,0.0,0.0,453.86154109589035
56,39,173.61,0.0,333.2752739726027,173.61,0.0,159.66527397260268,173.61,333.2752739726027
56,40,0.0,0.0,363.6351369863013,0.0,0.0,363.6351369863013,0.0,363.6351369863013
56,41,0.0,0.0,215.74434931506852,0.0,0.0,215.74434931506852,0.0,342.41434931506853
56,42,0.0,0.0,271.86130136986304,0.0,0.0,271.86130136986304,0.0,271.86130136986304
56,43,0.0,0.0,0.0,0.0,0.0,0.0,0.0,480.8273630136987
56,44,0.0,52.81,279.9872945205479,0.0,0.0,279.9872945205479,0.0,279.9872945205479
56,45,0.0,0.0,535.524212328767,0.0,0.0,535.524212328767,0.0,535.524212328767
56,46,122.37,423.32404109589044,423.32404109589044,122.37,0.0,300.95404109589043,122.37,423.32404109589044
56,47,0.0,0.0,388.81476027397264,0.0,0.0,388.81476027397264,0.0,388.81476027397264
56,48,0.0,0.0,527.1062328767123,0.0,0.0,527.1062328767123,0.0,527.1062328767123
56,49,0.0,338.29465753424654,338.29465753424654,0.0,0.0,338.29465753424654,0.0,338.29465753424654
56,50,0.0,0.0,404.66832191780827,0.0,0.0,404.66832191780827,0.0,404.66832191780827
56,51,0.0,0.0,245.63647260273976,0.0,0.0,245.63647260273976,0.0,245.63647260273976
56,52,0.0,0.0,465.3753424657534,0.0,0.0,465.3753424657534,0.0,465.3753424657534
56,53,0.0,0.0,310.62667808219175,0.0,0.0,310.62667808219175,0.0,310.62667808219175
56,54,416.3,167.54000000000002,468.955410958904,416.3,0.0,52.655410958903985,416.3,468.955410958904
56,55,502.13,0.0,0.0,0.0,502.13,0.0,0.0,305.61544520547955
56,56,0.0,0.0,376.81647260273974,0.0,0.0,376.81647260273974,0.0,376.81647260273974
56,57,494.94,0.0,150.7279452054794,150.7279452054794,344.2120547945206,0.0,150.7279452054794,313.2279452054794
56,58,0.0,0.0,497.21479452054797,0.0,0.0,497.21479452054797,0.0,497.21479452054797
56,59,0.0,0.0,482.41075342465746,0.0,0.0,482.41075342465746,0.0,482.4107534246574
56,60,0.0,234.4670547945208,430.6970547945208,0.0,0.0,430.6970547945208,0.0,430.6970547945208
56,61,0.0,0.0,0.0,0.0,0.0,0.0,0.0,297.4455821917809
56,62,0.0,0.0,0.0,0.0,0.0,0.0,0.0,363.9398287671233
56,63,0.0,328.95,454.9069863013698,0.0,0.0,454.9069863013698,0.0,454.9069863013698
56,64,700.57,0.0,351.72698630136995,351.72698630136995,348.8430136986301,0.0,351.72698630136995,351.72698630136995
56,65,0.0,0.0,343.8869863013699,0.0,0.0,343.8869863013699,0.0,343.8869863013699
56,66,0.0,0.0,278.27455479452055,0.0,0.0,278.27455479452055,0.0,407.6145547945206
56,67,0.0,476.1551027397259,476.1551027397259,0.0,0.0,476.1551027397259,0.0,476.1551027397259
56,68,853.21,0.0,430.29191780821895,430.29191780821895,422.9180821917811,0.0,430.29191780821895,430.29191780821895
56,69,0.0,0.0,149.63890410958913,0.0,0.0,149.63890410958913,0.0,278.01890410958913
56,70,0.0,0.0,376.8197945205478,0.0,0.0,376.8197945205478,0.0,532.8097945205478
56,71,0.0,0.0,206.50311643835613,0.0,0.0,206.50311643835613,0.0,206.50311643835613
56,72,0.0,0.0,470.0392123287671,0.0,0.0,470.0392123287671,0.0,470.0392123287671
56,73,360.6,0.0,0.0,0.0,360.6,0.0,0.0,393.43020547945207
56,74,0.0,86.74421232876705,427.86421232876705,0.0,0.0,427.86421232876705,0.0,427.86421232876705
56,75,0.0,419.05044520547926,419.05044520547926,0.0,0.0,419.05044520547926,0.0,419.05044520547926
56,76,0.0,0.0,300.4021232876712,0.0,0.0,300.4021232876712,0.0,300.4021232876712
56,77,0.0,214.02,389.77486301369856,0.0,0.0,389.77486301369856,0.0,389.77486301369856
56,78,1126.0,0.0,259.3933904109589,259.3933904109589,866.6066095890411,0.0,259.3933904109589,259.3933904109589
56,79,0.0,0.0,330.1576369863013,0.0,0.0,330.1576369863013,0.0,330.1576369863013
56,80,0.0,0.0,403.9877397260275,0.0,0.0,403.9877397260275,0.0,403.9877397260275
56,81,0.0,0.0,432.53695205479454,0.0,0.0,432.53695205479454,0.0,432.53695205479454
56,82,499.21,0.0,390.9296232876712,390.9296232876712,108.2803767123288,0.0,390.9296232876712,390.9296232876712
56,83,0.0,112.36510273972604,112.36510273972604,0.0,0.0,112.36510273972604,0.0,256.84510273972603
56,84,237.35,376.2492808219178,376.2492808219178,237.35,0.0,138.8992808219178,237.35,376.2492808219178
56,85,0.0,0.0,265.6598287671234,0.0,0.0,265.6598287671234,0.0,265.6598287671234
56,86,211.27,0.0,503.9685958904107,211.27,0.0,292.69859589041073,211.26999999999998,503.9685958904107
56,87,0.0,0.0,269.4978424657534,0.0,0.0,269.4978424657534,0.0,269.4978424657534
56,88,0.0,0.0,504.29510273972596,0.0,0.0,504.29510273972596,0.0,504.29510273972596
56,89,0.0,0.0,358.29476027397266,0.0,0.0,358.29476027397266,0.0,358.29476027397266
56,90,0.0,0.0,503.18133561643833,0.0,0.0,503.18133561643833,0.0,503.18133561643833
56,91,0.0,0.0,436.5981506849317,0.0,0.0,436.5981506849317,0.0,436.5981506849317
56,92,0.0,0.0,451.02246575342457,0.0,0.0,451.02246575342457,0.0,451.02246575342457
56,93,0.0,385.8469520547945,385.8469520547945,0.0,0.0,385.8469520547945,0.0,385.8469520547945
56,94,0.0,0.0,276.4630821917808,0.0,0.0,276.4630821917808,0.0,276.4630821917808
56,95,0.0,271.58202054794526,271.58202054794526,0.0,0.0,271.58202054794526,0.0,271.58202054794526
57,0,160.78,0.0,225.44938356164386,160.78,0.0,64.66938356164385,160.78,225.44938356164386
57,1,0.0,0.0,509.6604109589041,0.0,0.0,509.6604109589041,0.0,509.6604109589041
57,2,0.0,0.0,546.2143150684931,0.0,0.0,546.2143150684931,0.0,546.2143150684931
57,3,0.0,0.0,241.21928082191778,0.0,0.0,241.21928082191778,0.0,241.21928082191778
57,4,0.0,0.0,267.5739726027396,0.0,0.0,267.5739726027396,0.0,524.5339726027396
57,5,553.66,424.828801369863,424.828801369863,424.828801369863,128.83119863013695,0.0,424.828801369863,424.828801369863
57,6,0.0,0.0,486.7493150684934,0.0,0.0,486.7493150684934,0.0,486.7493150684934
57,7,0.0,0.0,347.7283561643836,0.0,0.0,347.7283561643836,0.0,347.7283561643836
57,8,0.0,0.0,81.21472602739726,0.0,0.0,81.21472602739726,0.0,377.5047260273973
57,9,0.0,102.38999999999999,465.06106164383544,0.0,0.0,465.06106164383544,0.0,465.06106164383544
57,10,0.0,0.0,452.51907534246584,0.0,0.0,452.51907534246584,0.0,452.51907534246584
57,11,0.0,0.0,289.2730821917808,0.0,0.0,289.2730821917808,0.0,289.2730821917808
57,12,0.0,0.0,386.6066438356164,0.0,0.0,386.6066438356164,0.0,386.6066438356164
57,13,0.0,0.0,467.8044863013699,0.0,0.0,467.8044863013699,0.0,467.8044863013699
57,14,468.75,0.0,423.9286301369862,423.9286301369862,44.821369863013786,0.0,423.9286301369862,423.9286301369862
57,15,0.0,182.91,197.46821917808228,0.0,0.0,197.46821917808228,2.842170943040401e-14,370.4582191780823
57,16,0.0,0.0,156.88815068493145,0.0,0.0,156.88815068493145,0.0,372.61815068493144
57,17,0.0,0.0,201.39284246575346,0.0,0.0,201.39284246575346,0.0,440.7528424657535
57,18,705.05,0.0,363.7329452054794,363.7329452054794,341.3170547945206,0.0,363.7329452054794,363.7329452054794
57,19,0.0,0.0,339.1046917808219,0.0,0.0,339.1046917808219,0.0,339.1046917808219
57,20,0.0,0.0,382.2246917808219,0.0,0.0,382.2246917808219,0.0,382.2246917808219
57,21,0.0,0.0,217.15965753424652,0.0,0.0,217.15965753424652,0.0,217.15965753424652
57,22,0.0,0.0,514.6831506849315,0.0,0.0,514.6831506849315,0.0,514.6831506849315
57,23,0.0,0.0,400.63876712328766,0.0,0.0,400.63876712328766,0.0,400.63876712328766
57,24,0.0,0.0,420.8831506849314,0.0,0.0,420.8831506849314,0.0,420.8831506849314
57,25,0.0,0.0,414.17273972602743,0.0,0.0,414.17273972602743,0.0,414.17273972602743
57,26,0.0,0.0,433.2189726027399,0.0,0.0,433.2189726027399,0.0,433.2189726027399
57,27,0.0,0.0,324.58712328767126,0.0,0.0,324.58712328767126,0.0,324.58712328767126
57,28,0.0,0.0,357.3754109589041,0.0,0.0,357.3754109589041,0.0,357.3754109589041
57,29,0.0,167.81,292.1207876712329,0.0,0.0,292.1207876712329,0.0,292.1207876712329
57,30,0.0,0.0,280.1530136986303,0.0,0.0,280.1530136986303,0.0,408.68301369863025
57,31,0.0,269.05,575.8559589041095,0.0,0.0,575.8559589041095,0.0,575.8559589041095
57,32,0.0,0.0,0.0,0.0,0.0,0.0,0.0,515.9707191780824
57,33,193.93,0.0,332.5119863013699,193.93,0.0,138.5819863013699,193.93,332.5119863013699
57,34,237.71,0.0,484.3216095890409,237.71,0.0,246.6116095890409,237.71,484.3216095890409
57,35,0.0,0.0,392.25914383561656,0.0,0.0,392.25914383561656,0.0,392.25914383561656
57,36,0.0,0.0,556.6009246575342,0.0,0.0,556.6009246575342,0.0,556.6009246575342
57,37,0.0,367.40099315068494,367.40099315068494,0.0,0.0,367.40099315068494,0.0,367.40099315068494
57,38,0.0,453.86154109589035,453.86154109589035,0.0,0.0,453.86154109589035,0.0,453.86154109589035
57,39,0.0,0.0,159.66527397260268,0.0,0.0,159.66527397260268,0.0,333.2752739726027
57,40,0.0,0.0,363.6351369863013,0.0,0.0,363.6351369863013,0.0,363.6351369863013
57,41,0.0,126.67000000000002,342.41434931506853,0.0,0.0,342.41434931506853,0.0,342.41434931506853
57,42,0.0,0.0,271.86130136986304,0.0,0.0,271.86130136986304,0.0,271.86130136986304
57,43,0.0,480.8273630136987,480.8273630136987,0.0,0.0,480.8273630136987,0.0,480.8273630136987
57,44,0.0,0.0,279.9872945205479,0.0,0.0,279.9872945205479,0.0,279.9872945205479
57,45,0.0,0.0,535.524212328767,0.0,0.0,535.524212328767,0.0,535.524212328767
57,46,0.0,0.0,300.95404109589043,0.0,0.0,300.95404109589043,0.0,423.32404109589044
57,47,0.0,0.0,388.81476027397264,0.0,0.0,388.81476027397264,0.0,388.81476027397264
57,48,100.93,0.0,527.1062328767123,100.93,0.0,426.1762328767123,100.93,527.1062328767123
57,49,537.36,0.0,338.29465753424654,338.29465753424654,199.06534246575347,0.0,338.29465753424654,338.29465753424654
57,50,0.0,0.0,404.66832191780827,0.0,0.0,404.66832191780827,0.0,404.66832191780827
57,51,0.0,0.0,245.63647260273976,0.0,0.0,245.63647260273976,0.0,245.63647260273976
57,52,0.0,0.0,465.3753424657534,0.0,0.0,465.3753424657534,0.0,465.3753424657534
57,53,0.0,0.0,310.62667808219175,0.0,0.0,310.62667808219175,0.0,310.62667808219175
57,54,0.0,0.0,52.655410958903985,0.0,0.0,52.655410958903985,0.0,468.955410958904
57,55,0.0,305.61544520547955,305.61544520547955,0.0,0.0,305.61544520547955,0.0,305.61544520547955
57,56,0.0,0.0,376.81647260273974,0.0,0.0,376.81647260273974,0.0,376.81647260273974
57,57,0.0,162.5,162.5,0.0,0.0,162.5,0.0,313.2279452054794
57,58,0.0,0.0,497.21479452054797,0.0,0.0,497.21479452054797,0.0,497.21479452054797
57,59,0.0,0.0,482.41075342465746,0.0,0.0,482.41075342465746,0.0,482.4107534246574
57,60,165.16,0.0,430.6970547945208,165.16,0.0,265.5370547945208,165.15999999999997,430.6970547945208
57,61,0.0,297.4455821917809,297.4455821917809,0.0,0.0,297.4455821917809,0.0,297.4455821917809
57,62,0.0,363.9398287671233,363.9398287671233,0.0,0.0,363.9398287671233,0.0,363.9398287671233
57,63,0.0,0.0,454.9069863013698,0.0,0.0,454.9069863013698,0.0,454.9069863013698
57,64,0.0,0.0,0.0,0.0,0.0,0.0,0.0,351.72698630136995
57,65,0.0,0.0,343.8869863013699,0.0,0.0,343.8869863013699,0.0,343.8869863013699
57,66,0.0,129.34000000000003,407.6145547945206,0.0,0.0,407.6145547945206,0.0,407.6145547945206
57,67,0.0,0.0,476.1551027397259,0.0,0.0,476.1551027397259,0.0,476.1551027397259
57,68,0.0,0.0,0.0,0.0,0.0,0.0,0.0,430.29191780821895
57,69,0.0,128.38,278.01890410958913,0.0,0.0,278.01890410958913,0.0,278.01890410958913
57,70,0.0,155.99,532.8097945205478,0.0,0.0,532.8097945205478,0.0,532.8097945205478
57,71,0.0,0.0,206.50311643835613,0.0,0.0,206.50311643835613,0.0,206.50311643835613
57,72,0.0,0.0,470.0392123287671,0.0,0.0,470.0392123287671,0.0,470.0392123287671
57,73,261.47,393.43020547945207,393.43020547945207,261.47,0.0,131.96020547945204,261.47,393.43020547945207
57,74,0.0,0.0,427.86421232876705,0.0,0.0,427.86421232876705,0.0,427.86421232876705
57,75,0.0,0.0,419.05044520547926,0.0,0.0,419.05044520547926,0.0,419.05044520547926
57,76,0.0,0.0,300.4021232876712,0.0,0.0,300.4021232876712,0.0,300.4021232876712
57,77,324.01,0.0,389.77486301369856,324.01,0.0,65.76486301369857,324.01,389.77486301369856
57,78,98.72,0.0,0.0,0.0,98.72,0.0,0.0,259.3933904109589
57,79,0.0,0.0,330.1576369863013,0.0,0.0,330.1576369863013,0.0,330.1576369863013
57,80,0.0,0.0,403.9877397260275,0.0,0.0,403.9877397260275,0.0,403.9877397260275
57,81,0.0,0.0,432.53695205479454,0.0,0.0,432.53695205479454,0.0,432.53695205479454
57,82,0.0,0.0,0.0,0.0,0.0,0.0,0.0,390.9296232876712
57,83,416.43,144.48,256.84510273972603,256.84510273972603,159.58489726027398,0.0,256.84510273972603,256.84510273972603
57,84,0.0,0.0,138.8992808219178,0.0,0.0,138.8992808219178,0.0,376.2492808219178
57,85,0.0,0.0,265.6598287671234,0.0,0.0,265.6598287671234,0.0,265.6598287671234
57,86,0.0,0.0,292.69859589041073,0.0,0.0,292.69859589041073,0.0,503.9685958904107
57,87,0.0,0.0,269.4978424657534,0.0,0.0,269.4978424657534,0.0,269.4978424657534
57,88,0.0,0.0,504.29510273972596,0.0,0.0,504.29510273972596,0.0,504.29510273972596
57,89,0.0,0.0,358.29476027397266,0.0,0.0,358.29476027397266,0.0,358.29476027397266
57,90,121.82,0.0,503.18133561643833,121.82,0.0,381.36133561643834,121.82,503.18133561643833
57,91,0.0,0.0,436.5981506849317,0.0,0.0,436.5981506849317,0.0,436.5981506849317
57,92,0.0,0.0,451.02246575342457,0.0,0.0,451.02246575342457,0.0,451.02246575342457
57,93,487.82,0.0,385.8469520547945,385.8469520547945,101.97304794520551,0.0,385.8469520547945,385.8469520547945
57,94,0.0,0.0,276.4630821917808,0.0,0.0,276.4630821917808,0.0,276.4630821917808
57,95,0.0,0.0,271.58202054794526,0.0,0.0,271.58202054794526,0.0,271.58202054794526
58,0,0.0,0.0,64.66938356164385,0.0,0.0,64.66938356164385,0.0,225.44938356164386
58,1,0.0,0.0,509.6604109589041,0.0,0.0,509.6604109589041,0.0,509.6604109589041
58,2,0.0,0.0,546.2143150684931,0.0,0.0,546.2143150684931,0.0,546.2143150684931
58,3,0.0,0.0,241.21928082191778,0.0,0.0,241.21928082191778,0.0,241.21928082191778
58,4,0.0,256.96,524.5339726027396,0.0,0.0,524.5339726027396,0.0,524.5339726027396
58,5,518.9,0.0,0.0,0.0,518.9,0.0,0.0,424.828801369863
58,6,314.19,0.0,486.7493150684934,314.19,0.0,172.5593150684934,314.19,486.7493150684934
58,7,0.0,0.0,347.7283561643836,0.0,0.0,347.7283561643836,0.0,347.7283561643836
58,8,0.0,296.29,377.5047260273973,0.0,0.0,377.5047260273973,0.0,377.5047260273973
58,9,416.72,0.0,465.06106164383544,416.72,0.0,48.34106164383542,416.72,465.06106164383544
58,10,0.0,0.0,452.51907534246584,0.0,0.0,452.51907534246584,0.0,452.51907534246584
58,11,0.0,0.0,289.2730821917808,0.0,0.0,289.2730821917808,0.0,289.2730821917808
58,12,0.0,0.0,386.6066438356164,0.0,0.0,386.6066438356164,0.0,386.6066438356164
58,13,0.0,0.0,467.8044863013699,0.0,0.0,467.8044863013699,0.0,467.8044863013699
58,14,0.0,0.0,0.0,0.0,0.0,0.0,0.0,423.9286301369862
58,15,451.66,172.98999999999998,370.45821917808223,370.45821917808223,81.2017808219178,0.0,370.45821917808223,370.4582191780823
58,16,0.0,215.73,372.61815068493144,0.0,0.0,372.61815068493144,0.0,372.61815068493144
58,17,0.0,239.36,440.7528424657535,0.0,0.0,440.7528424657535,0.0,440.7528424657535
58,18,0.0,0.0,0.0,0.0,0.0,0.0,0.0,363.7329452054794
58,19,0.0,0.0,339.1046917808219,0.0,0.0,339.1046917808219,0.0,339.1046917808219
58,20,0.0,0.0,382.2246917808219,0.0,0.0,382.2246917808219,0.0,382.2246917808219
58,21,0.0,0.0,217.15965753424652,0.0,0.0,217.15965753424652,0.0,217.15965753424652
58,22,0.0,0.0,514.6831506849315,0.0,0.0,514.6831506849315,0.0,514.6831506849315
58,23,575.55,0.0,400.63876712328766,400.63876712328766,174.9112328767123,0.0,400.63876712328766,400.63876712328766
58,24,0.0,0.0,420.8831506849314,0.0,0.0,420.8831506849314,0.0,420.8831506849314
58,25,0.0,0.0,414.17273972602743,0.0,0.0,414.17273972602743,0.0,414.17273972602743
58,26,203.45,0.0,433.2189726027399,203.45,0.0,229.7689726027399,203.45,433.2189726027399
58,27,0.0,0.0,324.58712328767126,0.0,0.0,324.58712328767126,0.0,324.58712328767126
58,28,0.0,0.0,357.3754109589041,0.0,0.0,357.3754109589041,0.0,357.3754109589041
58,29,0.0,0.0,292.1207876712329,0.0,0.0,292.1207876712329,0.0,292.1207876712329
58,30,0.0,128.52999999999997,408.68301369863025,0.0,0.0,408.68301369863025,0.0,408.68301369863025
58,31,0.0,0.0,575.8559589041095,0.0,0.0,575.8559589041095,0.0,575.8559589041095
58,32,0.0,515.9707191780824,515.9707191780824,0.0,0.0,515.9707191780824,0.0,515.9707191780824
58,33,0.0,0.0,138.5819863013699,0.0,0.0,138.5819863013699,0.0,332.5119863013699
58,34,0.0,0.0,246.6116095890409,0.0,0.0,246.6116095890409,0.0,484.3216095890409
58,35,0.0,0.0,392.25914383561656,0.0,0.0,392.25914383561656,0.0,392.25914383561656
58,36,0.0,0.0,556.6009246575342,0.0,0.0,556.6009246575342,0.0,556.6009246575342
58,37,0.0,0.0,367.40099315068494,0.0,0.0,367.40099315068494,0.0,367.40099315068494
58,38,350.14,0.0,453.86154109589035,350.14,0.0,103.72154109589036,350.14,453.86154109589035
58,39,227.7,173.61,333.2752739726027,227.7,0.0,105.5752739726027,227.7,333.2752739726027
58,40,0.0,0.0,363.6351369863013,0.0,0.0,363.6351369863013,0.0,363.6351369863013
58,41,0.0,0.0,342.41434931506853,0.0,0.0,342.41434931506853,0.0,342.41434931506853
58,42,0.0,0.0,271.86130136986304,0.0,0.0,271.86130136986304,0.0,271.86130136986304
58,43,204.13,0.0,480.8273630136987,204.13,0.0,276.6973630136987,204.13,480.8273630136987
58,44,0.0,0.0,279.9872945205479,0.0,0.0,279.9872945205479,0.0,279.9872945205479
58,45,0.0,0.0,535.524212328767,0.0,0.0,535.524212328767,0.0,535.524212328767
58,46,538.09,122.37,423.32404109589044,423.32404109589044,114.7659589041096,0.0,423.32404109589044,423.32404109589044
58,47,0.0,0.0,388.81476027397264,0.0,0.0,388.81476027397264,0.0,388.81476027397264
58,48,0.0,0.0,426.1762328767123,0.0,0.0,426.1762328767123,0.0,527.1062328767123
58,49,591.95,0.0,0.0,0.0,591.95,0.0,0.0,338.29465753424654
58,50,0.0,0.0,404.66832191780827,0.0,0.0,404.66832191780827,0.0,404.66832191780827
58,51,0.0,0.0,245.63647260273976,0.0,0.0,245.63647260273976,0.0,245.63647260273976
58,52,0.0,0.0,465.3753424657534,0.0,0.0,465.3753424657534,0.0,465.3753424657534
58,53,0.0,0.0,310.62667808219175,0.0,0.0,310.62667808219175,0.0,310.62667808219175
58,54,0.0,416.3,468.955410958904,0.0,0.0,468.955410958904,0.0,468.955410958904
58,55,0.0,0.0,305.61544520547955,0.0,0.0,305.61544520547955,0.0,305.61544520547955
58,56,0.0,0.0,376.81647260273974,0.0,0.0,376.81647260273974,0.0,376.81647260273974
58,57,0.0,150.7279452054794,313.2279452054794,0.0,0.0,313.2279452054794,0.0,313.2279452054794
58,58,0.0,0.0,497.21479452054797,0.0,0.0,497.21479452054797,0.0,497.21479452054797
58,59,0.0,0.0,482.41075342465746,0.0,0.0,482.41075342465746,0.0,482.4107534246574
58,60,0.0,0.0,265.5370547945208,0.0,0.0,265.5370547945208,0.0,430.6970547945208
58,61,567.63,0.0,297.4455821917809,297.4455821917809,270.1844178082191,0.0,297.4455821917809,297.4455821917809
58,62,0.0,0.0,363.9398287671233,0.0,0.0,363.9398287671233,0.0,363.9398287671233
58,63,272.53,0.0,454.9069863013698,272.53,0.0,182.3769863013698,272.53,454.9069863013698
58,64,0.0,351.72698630136995,351.72698630136995,0.0,0.0,351.72698630136995,0.0,351.72698630136995
58,65,0.0,0.0,343.8869863013699,0.0,0.0,343.8869863013699,0.0,343.8869863013699
58,66,0.0,0.0,407.6145547945206,0.0,0.0,407.6145547945206,0.0,407.6145547945206
58,67,0.0,0.0,476.1551027397259,0.0,0.0,476.1551027397259,0.0,476.1551027397259
58,68,245.92,430.29191780821895,430.29191780821895,245.92,0.0,184.37191780821897,245.92,430.29191780821895
58,69,0.0,0.0,278.01890410958913,0.0,0.0,278.01890410958913,0.0,278.01890410958913
58,70,0.0,0.0,532.8097945205478,0.0,0.0,532.8097945205478,0.0,532.8097945205478
58,71,0.0,0.0,206.50311643835613,0.0,0.0,206.50311643835613,0.0,206.50311643835613
58,72,420.44,0.0,470.0392123287671,420.44,0.0,49.59921232876712,420.44,470.0392123287671
58,73,0.0,0.0,131.96020547945204,0.0,0.0,131.96020547945204,0.0,393.43020547945207
58,74,0.0,0.0,427.86421232876705,0.0,0.0,427.86421232876705,0.0,427.86421232876705
58,75,0.0,0.0,419.05044520547926,0.0,0.0,419.05044520547926,0.0,419.05044520547926
58,76,0.0,0.0,300.4021232876712,0.0,0.0,300.4021232876712,0.0,300.4021232876712
58,77,0.0,0.0,65.76486301369857,0.0,0.0,65.76486301369857,0.0,389.77486301369856
58,78,0.0,259.3933904109589,259.3933904109589,0.0,0.0,259.3933904109589,0.0,259.3933904109589
58,79,522.01,0.0,330.1576369863013,330.1576369863013,191.85236301369866,0.0,330.1576369863013,330.1576369863013
58,80,0.0,0.0,403.9877397260275,0.0,0.0,403.9877397260275,0.0,403.9877397260275
58,81,119.71,0.0,432.53695205479454,119.71,0.0,312.82695205479456,119.70999999999998,432.53695205479454
58,82,0.0,390.9296232876712,390.9296232876712,0.0,0.0,390.9296232876712,0.0,390.9296232876712
58,83,0.0,0.0,0.0,0.0,0.0,0.0,0.0,256.84510273972603
58,84,0.0,237.35,376.2492808219178,0.0,0.0,376.2492808219178,0.0,376.2492808219178
58,85,0.0,0.0,265.6598287671234,0.0,0.0,265.6598287671234,0.0,265.6598287671234
58,86,0.0,211.26999999999998,503.9685958904107,0.0,0.0,503.9685958904107,0.0,503.9685958904107
58,87,0.0,0.0,269.4978424657534,0.0,0.0,269.4978424657534,0.0,269.4978424657534
58,88,0.0,0.0,504.29510273972596,0.0,0.0,504.29510273972596,0.0,504.29510273972596
58,89,0.0,0.0,358.29476027397266,0.0,0.0,358.29476027397266,0.0,358.29476027397266
58,90,172.52,0.0,381.36133561643834,172.52,0.0,208.84133561643833,172.52000000000004,503.18133561643833
58,91,0.0,0.0,436.5981506849317,0.0,0.0,436.5981506849317,0.0,436.5981506849317
58,92,0.0,0.0,451.02246575342457,0.0,0.0,451.02246575342457,0.0,451.02246575342457
58,93,0.0,0.0,0.0,0.0,0.0,0.0,0.0,385.8469520547945
58,94,0.0,0.0,276.4630821917808,0.0,0.0,276.4630821917808,0.0,276.4630821917808
58,95,0.0,0.0,271.58202054794526,0.0,0.0,271.58202054794526,0.0,271.58202054794526
59,0,186.47,160.78,225.44938356164386,186.47,0.0,38.97938356164386,186.47,225.44938356164386
59,1,0.0,0.0,509.6604109589041,0.0,0.0,509.6604109589041,0.0,509.6604109589041
59,2,0.0,0.0,546.2143150684931,0.0,0.0,546.2143150684931,0.0,546.2143150684931
59,3,0.0,0.0,241.21928082191778,0.0,0.0,241.21928082191778,0.0,241.21928082191778
59,4,291.35,0.0,524.5339726027396,291.35,0.0,233.18397260273957,291.35,524.5339726027396
59,5,0.0,424.828801369863,424.828801369863,0.0,0.0,424.828801369863,0.0,424.828801369863
59,6,0.0,0.0,172.5593150684934,0.0,0.0,172.5593150684934,0.0,486.7493150684934
59,7,0.0,0.0,347.7283561643836,0.0,0.0,347.7283561643836,0.0,347.7283561643836
59,8,0.0,0.0,377.5047260273973,0.0,0.0,377.5047260273973,0.0,377.5047260273973
59,9,0.0,0.0,48.34106164383542,0.0,0.0,48.34106164383542,0.0,465.06106164383544
59,10,0.0,0.0,452.51907534246584,0.0,0.0,452.51907534246584,0.0,452.51907534246584
59,11,0.0,0.0,289.2730821917808,0.0,0.0,289.2730821917808,0.0,289.2730821917808
59,12,0.0,0.0,386.6066438356164,0.0,0.0,386.6066438356164,0.0,386.6066438356164
59,13,0.0,0.0,467.8044863013699,0.0,0.0,467.8044863013699,0.0,467.8044863013699
59,14,0.0,423.9286301369862,423.9286301369862,0.0,0.0,423.9286301369862,0.0,423.9286301369862
59,15,0.0,2.842170943040401e-14,2.842170943040401e-14,0.0,0.0,2.842170943040401e-14,0.0,370.4582191780823
59,16,0.0,0.0,372.61815068493144,0.0,0.0,372.61815068493144,0.0,372.61815068493144
59,17,0.0,0.0,440.7528424657535,0.0,0.0,440.7528424657535,0.0,440.7528424657535
59,18,0.0,363.7329452054794,363.7329452054794,0.0,0.0,363.7329452054794,0.0,363.7329452054794
59,19,0.0,0.0,339.1046917808219,0.0,0.0,339.1046917808219,0.0,339.1046917808219
59,20,523.79,0.0,382.2246917808219,382.2246917808219,141.56530821917806,0.0,382.2246917808219,382.2246917808219
59,21,0.0,0.0,217.15965753424652,0.0,0.0,217.15965753424652,0.0,217.15965753424652
59,22,0.0,0.0,514.6831506849315,0.0,0.0,514.6831506849315,0.0,514.6831506849315
59,23,0.0,0.0,0.0,0.0,0.0,0.0,0.0,400.63876712328766
59,24,0.0,0.0,420.8831506849314,0.0,0.0,420.8831506849314,0.0,420.8831506849314
59,25,295.9,0.0,414.17273972602743,295.9,0.0,118.27273972602745,295.9,414.17273972602743
59,26,0.0,0.0,229.7689726027399,0.0,0.0,229.7689726027399,0.0,433.2189726027399
59,27,0.0,0.0,324.58712328767126,0.0,0.0,324.58712328767126,0.0,324.58712328767126
59,28,0.0,0.0,357.3754109589041,0.0,0.0,357.3754109589041,0.0,357.3754109589041
59,29,0.0,0.0,292.1207876712329,0.0,0.0,292.1207876712329,0.0,292.1207876712329
59,30,0.0,0.0,408.68301369863025,0.0,0.0,408.68301369863025,0.0,408.68301369863025
59,31,0.0,0.0,575.8559589041095,0.0,0.0,575.8559589041095,0.0,575.8559589041095
59,32,0.0,0.0,515.9707191780824,0.0,0.0,515.9707191780824,0.0,515.9707191780824
59,33,0.0,193.93,332.5119863013699,0.0,0.0,332.5119863013699,0.0,332.5119863013699
59,34,0.0,237.71,484.3216095890409,0.0,0.0,484.3216095890409,0.0,484.3216095890409
59,35,0.0,0.0,392.25914383561656,0.0,0.0,392.25914383561656,0.0,392.25914383561656
59,36,223.65,0.0,556.6009246575342,223.65,0.0,332.9509246575342,223.64999999999998,556.6009246575342
59,37,0.0,0.0,367.40099315068494,0.0,0.0,367.40099315068494,0.0,367.40099315068494
59,38,0.0,0.0,103.72154109589036,0.0,0.0,103.72154109589036,0.0,453.86154109589035
59,39,0.0,0.0,105.5752739726027,0.0,0.0,105.5752739726027,0.0,333.2752739726027
59,40,594.99,0.0,363.6351369863013,363.6351369863013,231.35486301369872,0.0,363.6351369863013,363.6351369863013
59,41,0.0,0.0,342.41434931506853,0.0,0.0,342.41434931506853,0.0,342.41434931506853
59,42,0.0,0.0,271.86130136986304,0.0,0.0,271.86130136986304,0.0,271.86130136986304
59,43,0.0,0.0,276.6973630136987,0.0,0.0,276.6973630136987,0.0,480.8273630136987
59,44,0.0,0.0,279.9872945205479,0.0,0.0,279.9872945205479,0.0,279.9872945205479
59,45,0.0,0.0,535.524212328767,0.0,0.0,535.524212328767,0.0,535.524212328767
59,46,0.0,0.0,0.0,0.0,0.0,0.0,0.0,423.32404109589044
59,47,0.0,0.0,388.81476027397264,0.0,0.0,388.81476027397264,0.0,388.81476027397264
59,48,0.0,100.93,527.1062328767123,0.0,0.0,527.1062328767123,0.0,527.1062328767123
59,49,0.0,338.29465753424654,338.29465753424654,0.0,0.0,338.29465753424654,0.0,338.29465753424654
59,50,0.0,0.0,404.66832191780827,0.0,0.0,404.66832191780827,0.0,404.66832191780827
59,51,220.23,0.0,245.63647260273976,220.23,0.0,25.40647260273977,220.23,245.63647260273976
59,52,0.0,0.0,465.3753424657534,0.0,0.0,465.3753424657534,0.0,465.3753424657534
59,53,0.0,0.0,310.62667808219175,0.0,0.0,310.62667808219175,0.0,310.62667808219175
59,54,0.0,0.0,468.955410958904,0.0,0.0,468.955410958904,0.0,468.955410958904
59,55,0.0,0.0,305.61544520547955,0.0,0.0,305.61544520547955,0.0,305.61544520547955
59,56,0.0,0.0,376.81647260273974,0.0,0.0,376.81647260273974,0.0,376.81647260273974
59,57,0.0,0.0,313.2279452054794,0.0,0.0,313.2279452054794,0.0,313.2279452054794
59,58,0.0,0.0,497.21479452054797,0.0,0.0,497.21479452054797,0.0,497.21479452054797
59,59,0.0,0.0,482.41075342465746,0.0,0.0,482.41075342465746,0.0,482.4107534246574
59,60,0.0,165.15999999999997,430.6970547945208,0.0,0.0,430.6970547945208,0.0,430.6970547945208
59,61,237.68,0.0,0.0,0.0,237.68,0.0,0.0,297.4455821917809
59,62,258.03,0.0,363.9398287671233,258.03,0.0,105.90982876712332,258.03,363.9398287671233
59,63,0.0,0.0,182.3769863013698,0.0,0.0,182.3769863013698,0.0,454.9069863013698
59,64,0.0,0.0,351.72698630136995,0.0,0.0,351.72698630136995,0.0,351.72698630136995
59,65,0.0,0.0,343.8869863013699,0.0,0.0,343.8869863013699,0.0,343.8869863013699
59,66,0.0,0.0,407.6145547945206,0.0,0.0,407.6145547945206,0.0,407.6145547945206
59,67,0.0,0.0,476.1551027397259,0.0,0.0,476.1551027397259,0.0,476.1551027397259
59,68,0.0,0.0,184.37191780821897,0.0,0.0,184.37191780821897,0.0,430.29191780821895
59,69,0.0,0.0,278.01890410958913,0.0,0.0,278.01890410958913,0.0,278.01890410958913
59,70,0.0,0.0,532.8097945205478,0.0,0.0,532.8097945205478,0.0,532.8097945205478
59,71,0.0,0.0,206.50311643835613,0.0,0.0,206.50311643835613,0.0,206.50311643835613
59,72,0.0,0.0,49.59921232876712,0.0,0.0,49.59921232876712,0.0,470.0392123287671
59,73,158.19,261.47,393.43020547945207,158.19,0.0,235.24020547945207,158.19,393.43020547945207
59,74,0.0,0.0,427.86421232876705,0.0,0.0,427.86421232876705,0.0,427.86421232876705
59,75,0.0,0.0,419.05044520547926,0.0,0.0,419.05044520547926,0.0,419.05044520547926
59,76,0.0,0.0,300.4021232876712,0.0,0.0,300.4021232876712,0.0,300.4021232876712
59,77,223.77,324.01,389.77486301369856,223.77,0.0,166.00486301369855,223.77,389.77486301369856
59,78,0.0,0.0,259.3933904109589,0.0,0.0,259.3933904109589,0.0,259.3933904109589
59,79,0.0,0.0,0.0,0.0,0.0,0.0,0.0,330.1576369863013
59,80,0.0,0.0,403.9877397260275,0.0,0.0,403.9877397260275,0.0,403.9877397260275
59,81,0.0,0.0,312.82695205479456,0.0,0.0,312.82695205479456,0.0,432.53695205479454
59,82,405.34,0.0,390.9296232876712,390.9296232876712,14.410376712328798,0.0,390.9296232876712,390.9296232876712
59,83,0.0,256.84510273972603,256.84510273972603,0.0,0.0,256.84510273972603,0.0,256.84510273972603
59,84,0.0,0.0,376.2492808219178,0.0,0.0,376.2492808219178,0.0,376.2492808219178
59,85,0.0,0.0,265.6598287671234,0.0,0.0,265.6598287671234,0.0,265.6598287671234
59,86,391.2,0.0,503.9685958904107,391.2,0.0,112.76859589041072,391.2,503.9685958904107
59,87,0.0,0.0,269.4978424657534,0.0,0.0,269.4978424657534,0.0,269.4978424657534
59,88,0.0,0.0,504.29510273972596,0.0,0.0,504.29510273972596,0.0,504.29510273972596
59,89,0.0,0.0,358.29476027397266,0.0,0.0,358.29476027397266,0.0,358.29476027397266
59,90,0.0,121.82,330.66133561643835,0.0,0.0,330.66133561643835,0.0,503.18133561643833
59,91,0.0,0.0,436.5981506849317,0.0,0.0,436.5981506849317,0.0,436.5981506849317
59,92,0.0,0.0,451.02246575342457,0.0,0.0,451.02246575342457,0.0,451.02246575342457
59,93,0.0,385.8469520547945,385.8469520547945,0.0,0.0,385.8469520547945,0.0,385.8469520547945
59,94,0.0,0.0,276.4630821917808,0.0,0.0,276.4630821917808,0.0,276.4630821917808
59,95,0.0,0.0,271.58202054794526,0.0,0.0,271.58202054794526,0.0,271.58202054794526
60,0,0.0,0.0,38.97938356164386,0.0,0.0,38.97938356164386,0.0,225.44938356164386
60,1,0.0,0.0,509.6604109589041,0.0,0.0,509.6604109589041,0.0,509.6604109589041
60,2,287.38,0.0,546.2143150684931,287.38,0.0,258.8343150684931,287.38,546.2143150684931
60,3,0.0,0.0,241.21928082191778,0.0,0.0,241.21928082191778,0.0,241.21928082191778
60,4,278.88,0.0,233.18397260273957,233.18397260273957,45.69602739726042,0.0,233.18397260273957,524.5339726027396
60,5,0.0,0.0,424.828801369863,0.0,0.0,424.828801369863,0.0,424.828801369863
60,6,0.0,314.19,486.7493150684934,0.0,0.0,486.7493150684934,0.0,486.7493150684934
60,7,0.0,0.0,347.7283561643836,0.0,0.0,347.7283561643836,0.0,347.7283561643836
60,8,0.0,0.0,377.5047260273973,0.0,0.0,377.5047260273973,0.0,377.5047260273973
60,9,0.0,416.72,465.06106164383544,0.0,0.0,465.06106164383544,0.0,465.06106164383544
60,10,582.53,0.0,452.51907534246584,452.51907534246584,130.01092465753413,0.0,452.51907534246584,452.51907534246584
60,11,0.0,0.0,289.2730821917808,0.0,0.0,289.2730821917808,0.0,289.2730821917808
60,12,0.0,0.0,386.6066438356164,0.0,0.0,386.6066438356164,0.0,386.6066438356164
60,13,0.0,0.0,467.8044863013699,0.0,0.0,467.8044863013699,0.0,467.8044863013699
60,14,0.0,0.0,423.9286301369862,0.0,0.0,423.9286301369862,0.0,423.9286301369862
60,15,0.0,370.45821917808223,370.45821917808223,0.0,0.0,370.45821917808223,5.684341886080802e-14,370.4582191780823
60,16,245.02,0.0,372.61815068493144,245.02,0.0,127.59815068493143,245.02,372.61815068493144
60,17,357.54,0.0,440.7528424657535,357.54,0.0,83.21284246575345,357.54,440.7528424657535
60,18,100.74,0.0,363.7329452054794,100.74,0.0,262.9929452054794,100.74000000000001,363.7329452054794
60,19,461.78,0.0,339.1046917808219,339.1046917808219,122.67530821917808,0.0,339.1046917808219,339.1046917808219
60,20,0.0,0.0,0.0,0.0,0.0,0.0,0.0,382.2246917808219
60,21,0.0,0.0,217.15965753424652,0.0,0.0,217.15965753424652,0.0,217.15965753424652
60,22,0.0,0.0,514.6831506849315,0.0,0.0,514.6831506849315,0.0,514.6831506849315
60,23,0.0,400.63876712328766,400.63876712328766,0.0,0.0,400.63876712328766,0.0,400.63876712328766
60,24,0.0,0.0,420.8831506849314,0.0,0.0,420.8831506849314,0.0,420.8831506849314
60,25,0.0,0.0,118.27273972602745,0.0,0.0,118.27273972602745,0.0,414.17273972602743
60,26,0.0,203.45,433.2189726027399,0.0,0.0,433.2189726027399,0.0,433.2189726027399
60,27,0.0,0.0,324.58712328767126,0.0,0.0,324.58712328767126,0.0,324.58712328767126
60,28,0.0,0.0,357.3754109589041,0.0,0.0,357.3754109589041,0.0,357.3754109589041
60,29,0.0,0.0,292.1207876712329,0.0,0.0,292.1207876712329,0.0,292.1207876712329
60,30,0.0,0.0,408.68301369863025,0.0,0.0,408.68301369863025,0.0,408.68301369863025
60,31,0.0,0.0,575.8559589041095,0.0,0.0,575.8559589041095,0.0,575.8559589041095
60,32,0.0,0.0,515.9707191780824,0.0,0.0,515.9707191780824,0.0,515.9707191780824
60,33,503.76,0.0,332.5119863013699,332.5119863013699,171.24801369863007,0.0,332.5119863013699,332.5119863013699
60,34,0.0,0.0,484.3216095890409,0.0,0.0,484.3216095890409,0.0,484.3216095890409
60,35,0.0,0.0,392.25914383561656,0.0,0.0,392.25914383561656,0.0,392.25914383561656
60,36,0.0,0.0,332.9509246575342,0.0,0.0,332.9509246575342,0.0,556.6009246575342
60,37,352.42,0.0,367.40099315068494,352.42,0.0,14.980993150684924,352.42,367.40099315068494
60,38,0.0,350.14,453.86154109589035,0.0,0.0,453.86154109589035,0.0,453.86154109589035
60,39,0.0,227.7,333.2752739726027,0.0,0.0,333.2752739726027,0.0,333.2752739726027
60,40,0.0,0.0,0.0,0.0,0.0,0.0,0.0,363.6351369863013
60,41,130.75,0.0,342.41434931506853,130.75,0.0,211.66434931506853,130.75,342.41434931506853
60,42,0.0,0.0,271.86130136986304,0.0,0.0,271.86130136986304,0.0,271.86130136986304
60,43,0.0,204.13,480.8273630136987,0.0,0.0,480.8273630136987,0.0,480.8273630136987
60,44,0.0,0.0,279.9872945205479,0.0,0.0,279.9872945205479,0.0,279.9872945205479
60,45,0.0,0.0,535.524212328767,0.0,0.0,535.524212328767,0.0,535.524212328767
60,46,0.0,423.32404109589044,423.32404109589044,0.0,0.0,423.32404109589044,0.0,423.32404109589044
60,47,0.0,0.0,388.81476027397264,0.0,0.0,388.81476027397264,0.0,388.81476027397264
60,48,353.81,0.0,527.1062328767123,353.81,0.0,173.29623287671228,353.81,527.1062328767123
60,49,0.0,0.0,338.29465753424654,0.0,0.0,338.29465753424654,0.0,338.29465753424654
60,50,0.0,0.0,404.66832191780827,0.0,0.0,404.66832191780827,0.0,404.66832191780827
60,51,0.0,0.0,25.40647260273977,0.0,0.0,25.40647260273977,0.0,245.63647260273976
60,52,0.0,0.0,465.3753424657534,0.0,0.0,465.3753424657534,0.0,465.3753424657534
60,53,446.28,0.0,310.62667808219175,310.62667808219175,135.65332191780823,0.0,310.62667808219175,310.62667808219175
60,54,0.0,0.0,468.955410958904,0.0,0.0,468.955410958904,0.0,468.955410958904
60,55,0.0,0.0,305.61544520547955,0.0,0.0,305.61544520547955,0.0,305.61544520547955
60,56,208.42,0.0,376.81647260273974,208.42,0.0,168.39647260273975,208.42,376.81647260273974
60,57,0.0,0.0,313.2279452054794,0.0,0.0,313.2279452054794,0.0,313.2279452054794
60,58,0.0,0.0,497.21479452054797,0.0,0.0,497.21479452054797,0.0,497.21479452054797
60,59,0.0,0.0,482.41075342465746,0.0,0.0,482.41075342465746,0.0,482.4107534246574
60,60,0.0,0.0,430.6970547945208,0.0,0.0,430.6970547945208,0.0,430.6970547945208
60,61,0.0,297.4455821917809,297.4455821917809,0.0,0.0,297.4455821917809,0.0,297.4455821917809
60,62,0.0,0.0,105.90982876712332,0.0,0.0,105.90982876712332,0.0,363.9398287671233
60,63,0.0,272.53,454.9069863013698,0.0,0.0,454.9069863013698,0.0,454.9069863013698
60,64,0.0,0.0,351.72698630136995,0.0,0.0,351.72698630136995,0.0,351.72698630136995
60,65,0.0,0.0,343.8869863013699,0.0,0.0,343.8869863013699,0.0,343.8869863013699
60,66,0.0,0.0,407.6145547945206,0.0,0.0,407.6145547945206,0.0,407.6145547945206
60,67,0.0,0.0,476.1551027397259,0.0,0.0,476.1551027397259,0.0,476.1551027397259
60,68,0.0,245.92,430.29191780821895,0.0,0.0,430.29191780821895,0.0,430.29191780821895
60,69,0.0,0.0,278.01890410958913,0.0,0.0,278.01890410958913,0.0,278.01890410958913
60,70,0.0,0.0,532.8097945205478,0.0,0.0,532.8097945205478,0.0,532.8097945205478
60,71,0.0,0.0,206.50311643835613,0.0,0.0,206.50311643835613,0.0,206.50311643835613
60,72,0.0,420.44,470.0392123287671,0.0,0.0,470.0392123287671,0.0,470.0392123287671
60,73,0.0,0.0,235.24020547945207,0.0,0.0,235.24020547945207,0.0,393.43020547945207
60,74,0.0,0.0,427.86421232876705,0.0,0.0,427.86421232876705,0.0,427.86421232876705
60,75,247.42,0.0,419.05044520547926,247.42,0.0,171.63044520547928,247.42,419.05044520547926
60,76,0.0,0.0,300.4021232876712,0.0,0.0,300.4021232876712,0.0,300.4021232876712
60,77,230.83,0.0,166.00486301369855,166.00486301369855,64.82513698630146,0.0,166.00486301369855,389.77486301369856
60,78,0.0,0.0,259.3933904109589,0.0,0.0,259.3933904109589,0.0,259.3933904109589
60,79,0.0,330.1576369863013,330.1576369863013,0.0,0.0,330.1576369863013,0.0,330.1576369863013
60,80,0.0,0.0,403.9877397260275,0.0,0.0,403.9877397260275,0.0,403.9877397260275
60,81,0.0,119.70999999999998,432.53695205479454,0.0,0.0,432.53695205479454,0.0,432.53695205479454
60,82,0.0,0.0,0.0,0.0,0.0,0.0,0.0,390.9296232876712
60,83,0.0,0.0,256.84510273972603,0.0,0.0,256.84510273972603,0.0,256.84510273972603
60,84,123.94,0.0,376.2492808219178,123.94,0.0,252.3092808219178,123.94,376.2492808219178
60,85,0.0,0.0,265.6598287671234,0.0,0.0,265.6598287671234,0.0,265.6598287671234
60,86,0.0,0.0,112.76859589041072,0.0,0.0,112.76859589041072,0.0,503.9685958904107
60,87,0.0,0.0,269.4978424657534,0.0,0.0,269.4978424657534,0.0,269.4978424657534
60,88,0.0,0.0,504.29510273972596,0.0,0.0,504.29510273972596,0.0,504.29510273972596
60,89,0.0,0.0,358.29476027397266,0.0,0.0,358.29476027397266,0.0,358.29476027397266
60,90,0.0,172.52000000000004,503.1813356164384,0.0,0.0,503.1813356164384,0.0,503.18133561643833
60,91,0.0,0.0,436.5981506849317,0.0,0.0,436.5981506849317,0.0,436.5981506849317
60,92,0.0,0.0,451.02246575342457,0.0,0.0,451.02246575342457,0.0,451.02246575342457
60,93,281.1,0.0,385.8469520547945,281.1,0.0,104.74695205479446,281.1,385.8469520547945
60,94,0.0,0.0,276.4630821917808,0.0,0.0,276.4630821917808,0.0,276.4630821917808
60,95,0.0,0.0,271.58202054794526,0.0,0.0,271.58202054794526,0.0,271.58202054794526
61,0,0.0,186.47,225.44938356164386,0.0,0.0,225.44938356164386,0.0,225.44938356164386
61,1,0.0,0.0,509.6604109589041,0.0,0.0,509.6604109589041,0.0,509.6604109589041
61,2,0.0,0.0,258.8343150684931,0.0,0.0,258.8343150684931,0.0,546.2143150684931
61,3,0.0,0.0,241.21928082191778,0.0,0.0,241.21928082191778,0.0,241.21928082191778
61,4,0.0,291.35,291.35,0.0,0.0,291.35,0.0,524.5339726027396
61,5,335.57,0.0,424.828801369863,335.57,0.0,89.25880136986302,335.57,424.828801369863
61,6,0.0,0.0,486.7493150684934,0.0,0.0,486.7493150684934,0.0,486.7493150684934
61,7,0.0,0.0,347.7283561643836,0.0,0.0,347.7283561643836,0.0,347.7283561643836
61,8,409.74,0.0,377.5047260273973,377.5047260273973,32.23527397260273,0.0,377.5047260273973,377.5047260273973
61,9,0.0,0.0,465.06106164383544,0.0,0.0,465.06106164383544,0.0,465.06106164383544
61,10,0.0,0.0,0.0,0.0,0.0,0.0,0.0,452.51907534246584
61,11,0.0,0.0,289.2730821917808,0.0,0.0,289.2730821917808,0.0,289.2730821917808
61,12,0.0,0.0,386.6066438356164,0.0,0.0,386.6066438356164,0.0,386.6066438356164
61,13,0.0,0.0,467.8044863013699,0.0,0.0,467.8044863013699,0.0,467.8044863013699
61,14,0.0,0.0,423.9286301369862,0.0,0.0,423.9286301369862,0.0,423.9286301369862
61,15,0.0,0.0,370.45821917808223,0.0,0.0,370.45821917808223,0.0,370.4582191780823
61,16,0.0,0.0,127.59815068493143,0.0,0.0,127.59815068493143,0.0,372.61815068493144
61,17,0.0,0.0,83.21284246575345,0.0,0.0,83.21284246575345,0.0,440.7528424657535
61,18,0.0,0.0,262.9929452054794,0.0,0.0,262.9929452054794,0.0,363.7329452054794
61,19,0.0,0.0,0.0,0.0,0.0,0.0,0.0,339.1046917808219
61,20,0.0,382.2246917808219,382.2246917808219,0.0,0.0,382.2246917808219,0.0,382.2246917808219
61,21,0.0,0.0,217.15965753424652,0.0,0.0,217.15965753424652,0.0,217.15965753424652
61,22,80.59,0.0,514.6831506849315,80.59,0.0,434.0931506849315,80.59000000000003,514.6831506849315
61,23,0.0,0.0,400.63876712328766,0.0,0.0,400.63876712328766,0.0,400.63876712328766
61,24,159.04,0.0,420.8831506849314,159.04,0.0,261.8431506849314,159.04000000000002,420.8831506849314
61,25,0.0,295.9,414.17273972602743,0.0,0.0,414.17273972602743,0.0,414.17273972602743
61,26,0.0,0.0,433.2189726027399,0.0,0.0,433.2189726027399,0.0,433.2189726027399
61,27,324.93,0.0,324.58712328767126,324.58712328767126,0.3428767123287457,0.0,324.58712328767126,324.58712328767126
61,28,0.0,0.0,357.3754109589041,0.0,0.0,357.3754109589041,0.0,357.3754109589041
61,29,0.0,0.0,292.1207876712329,0.0,0.0,292.1207876712329,0.0,292.1207876712329
61,30,0.0,0.0,408.68301369863025,0.0,0.0,408.68301369863025,0.0,408.68301369863025
61,31,0.0,0.0,575.8559589041095,0.0,0.0,575.8559589041095,0.0,575.8559589041095
61,32,0.0,0.0,515.9707191780824,0.0,0.0,515.9707191780824,0.0,515.9707191780824
61,33,0.0,0.0,0.0,0.0,0.0,0.0,0.0,332.5119863013699
61,34,0.0,0.0,484.3216095890409,0.0,0.0,484.3216095890409,0.0,484.3216095890409
61,35,0.0,0.0,392.25914383561656,0.0,0.0,392.25914383561656,0.0,392.25914383561656
61,36,0.0,223.64999999999998,556.6009246575342,0.0,0.0,556.6009246575342,0.0,556.6009246575342
61,37,0.0,0.0,14.980993150684924,0.0,0.0,14.980993150684924,0.0,367.40099315068494
61,38,0.0,0.0,453.86154109589035,0.0,0.0,453.86154109589035,0.0,453.86154109589035
61,39,510.43,0.0,333.2752739726027,333.2752739726027,177.15472602739732,0.0,333.2752739726027,333.2752739726027
61,40,0.0,363.6351369863013,363.6351369863013,0.0,0.0,363.6351369863013,0.0,363.6351369863013
61,41,0.0,0.0,211.66434931506853,0.0,0.0,211.66434931506853,0.0,342.41434931506853
61,42,0.0,0.0,271.86130136986304,0.0,0.0,271.86130136986304,0.0,271.86130136986304
61,43,174.28,0.0,480.8273630136987,174.28,0.0,306.5473630136987,174.27999999999997,480.8273630136987
61,44,0.0,0.0,279.9872945205479,0.0,0.0,279.9872945205479,0.0,279.9872945205479
61,45,0.0,0.0,535.524212328767,0.0,0.0,535.524212328767,0.0,535.524212328767
61,46,0.0,0.0,423.32404109589044,0.0,0.0,423.32404109589044,0.0,423.32404109589044
61,47,0.0,0.0,388.81476027397264,0.0,0.0,388.81476027397264,0.0,388.81476027397264
61,48,0.0,0.0,173.29623287671228,0.0,0.0,173.29623287671228,0.0,527.1062328767123
61,49,0.0,0.0,338.29465753424654,0.0,0.0,338.29465753424654,0.0,338.29465753424654
61,50,0.0,0.0,404.66832191780827,0.0,0.0,404.66832191780827,0.0,404.66832191780827
61,51,0.0,220.23,245.63647260273976,0.0,0.0,245.63647260273976,0.0,245.63647260273976
61,52,102.6,0.0,465.3753424657534,102.6,0.0,362.7753424657534,102.60000000000002,465.3753424657534
61,53,0.0,0.0,0.0,0.0,0.0,0.0,0.0,310.62667808219175
61,54,0.0,0.0,468.955410958904,0.0,0.0,468.955410958904,0.0,468.955410958904
61,55,0.0,0.0,305.61544520547955,0.0,0.0,305.61544520547955,0.0,305.61544520547955
61,56,0.0,0.0,168.39647260273975,0.0,0.0,168.39647260273975,0.0,376.81647260273974
61,57,0.0,0.0,313.2279452054794,0.0,0.0,313.2279452054794,0.0,313.2279452054794
61,58,0.0,0.0,497.21479452054797,0.0,0.0,497.21479452054797,0.0,497.21479452054797
61,59,0.0,0.0,482.41075342465746,0.0,0.0,482.41075342465746,0.0,482.4107534246574
61,60,437.32,0.0,430.6970547945208,430.6970547945208,6.622945205479198,0.0,430.6970547945208,430.6970547945208
61,61,0.0,0.0,297.4455821917809,0.0,0.0,297.4455821917809,0.0,297.4455821917809
61,62,393.74,258.03,363.9398287671233,363.9398287671233,29.80017123287672,0.0,363.9398287671233,363.9398287671233
61,63,0.0,0.0,454.9069863013698,0.0,0.0,454.9069863013698,0.0,454.9069863013698
61,64,0.0,0.0,351.72698630136995,0.0,0.0,351.72698630136995,0.0,351.72698630136995
61,65,0.0,0.0,343.8869863013699,0.0,0.0,343.8869863013699,0.0,343.8869863013699
61,66,0.0,0.0,407.6145547945206,0.0,0.0,407.6145547945206,0.0,407.6145547945206
61,67,0.0,0.0,476.1551027397259,0.0,0.0,476.1551027397259,0.0,476.1551027397259
61,68,0.0,0.0,430.29191780821895,0.0,0.0,430.29191780821895,0.0,430.29191780821895
61,69,508.66,0.0,278.01890410958913,278.01890410958913,230.6410958904109,0.0,278.01890410958913,278.01890410958913
61,70,0.0,0.0,532.8097945205478,0.0,0.0,532.8097945205478,0.0,532.8097945205478
61,71,0.0,0.0,206.50311643835613,0.0,0.0,206.50311643835613,0.0,206.50311643835613
61,72,0.0,0.0,470.0392123287671,0.0,0.0,470.0392123287671,0.0,470.0392123287671
61,73,0.0,158.19,393.43020547945207,0.0,0.0,393.43020547945207,0.0,393.43020547945207
61,74,107.29,0.0,427.86421232876705,107.29,0.0,320.57421232876703,107.29000000000002,427.86421232876705
61,75,0.0,0.0,171.63044520547928,0.0,0.0,171.63044520547928,0.0,419.05044520547926
61,76,0.0,0.0,300.4021232876712,0.0,0.0,300.4021232876712,0.0,300.4021232876712
61,77,251.51,223.77,223.77,223.77,27.73999999999998,0.0,223.77,389.77486301369856
61,78,0.0,0.0,259.3933904109589,0.0,0.0,259.3933904109589,0.0,259.3933904109589
61,79,0.0,0.0,330.1576369863013,0.0,0.0,330.1576369863013,0.0,330.1576369863013
61,80,0.0,0.0,403.9877397260275,0.0,0.0,403.9877397260275,0.0,403.9877397260275
61,81,0.0,0.0,432.53695205479454,0.0,0.0,432.53695205479454,0.0,432.53695205479454
61,82,0.0,390.9296232876712,390.9296232876712,0.0,0.0,390.9296232876712,0.0,390.9296232876712
61,83,0.0,0.0,256.84510273972603,0.0,0.0,256.84510273972603,0.0,256.84510273972603
61,84,0.0,0.0,252.3092808219178,0.0,0.0,252.3092808219178,0.0,376.2492808219178
61,85,0.0,0.0,265.6598287671234,0.0,0.0,265.6598287671234,0.0,265.6598287671234
61,86,366.02,391.2,503.9685958904107,366.02,0.0,137.94859589041073,366.02,503.9685958904107
61,87,0.0,0.0,269.4978424657534,0.0,0.0,269.4978424657534,0.0,269.4978424657534
61,88,0.0,0.0,504.29510273972596,0.0,0.0,504.29510273972596,0.0,504.29510273972596
61,89,0.0,0.0,358.29476027397266,0.0,0.0,358.29476027397266,0.0,358.29476027397266
61,90,229.8,0.0,503.1813356164384,229.8,0.0,273.3813356164384,229.79999999999995,503.18133561643833
61,91,0.0,0.0,436.5981506849317,0.0,0.0,436.5981506849317,0.0,436.5981506849317
61,92,0.0,0.0,451.02246575342457,0.0,0.0,451.02246575342457,0.0,451.02246575342457
61,93,0.0,0.0,104.74695205479446,0.0,0.0,104.74695205479446,0.0,385.8469520547945
61,94,0.0,0.0,276.4630821917808,0.0,0.0,276.4630821917808,0.0,276.4630821917808
61,95,0.0,0.0,271.58202054794526,0.0,0.0,271.58202054794526,0.0,271.58202054794526
62,0,0.0,0.0,225.44938356164386,0.0,0.0,225.44938356164386,0.0,225.44938356164386
62,1,0.0,0.0,509.6604109589041,0.0,0.0,509.6604109589041,0.0,509.6604109589041
62,2,0.0,287.38,546.2143150684931,0.0,0.0,546.2143150684931,0.0,546.2143150684931
62,3,0.0,0.0,241.21928082191778,0.0,0.0,241.21928082191778,0.0,241.21928082191778
62,4,0.0,233.18397260273957,524.5339726027396,0.0,0.0,524.5339726027396,0.0,524.5339726027396
62,5,399.73,0.0,89.25880136986302,89.25880136986302,310.471198630137,0.0,89.25880136986302,424.828801369863
62,6,386.2,0.0,486.7493150684934,386.2,0.0,100.5493150684934,386.2,486.7493150684934
62,7,0.0,0.0,347.7283561643836,0.0,0.0,347.7283561643836,0.0,347.7283561643836
62,8,0.0,0.0,0.0,0.0,0.0,0.0,0.0,377.5047260273973
62,9,0.0,0.0,465.06106164383544,0.0,0.0,465.06106164383544,0.0,465.06106164383544
62,10,0.0,452.51907534246584,452.51907534246584,0.0,0.0,452.51907534246584,0.0,452.51907534246584
62,11,0.0,0.0,289.2730821917808,0.0,0.0,289.2730821917808,0.0,289.2730821917808
62,12,0.0,0.0,386.6066438356164,0.0,0.0,386.6066438356164,0.0,386.6066438356164
62,13,0.0,0.0,467.8044863013699,0.0,0.0,467.8044863013699,0.0,467.8044863013699
62,14,0.0,0.0,423.9286301369862,0.0,0.0,423.9286301369862,0.0,423.9286301369862
62,15,243.14,5.684341886080802e-14,370.4582191780823,243.14,0.0,127.3182191780823,243.14,370.4582191780823
62,16,0.0,245.02,372.61815068493144,0.0,0.0,372.61815068493144,0.0,372.61815068493144
62,17,0.0,357.54,440.7528424657535,0.0,0.0,440.7528424657535,0.0,440.7528424657535
62,18,0.0,100.74000000000001,363.7329452054794,0.0,0.0,363.7329452054794,0.0,363.7329452054794
62,19,0.0,339.1046917808219,339.1046917808219,0.0,0.0,339.1046917808219,0.0,339.1046917808219
62,20,0.0,0.0,382.2246917808219,0.0,0.0,382.2246917808219,0.0,382.2246917808219
62,21,280.73,0.0,217.15965753424652,217.15965753424652,63.5703424657535,0.0,217.15965753424652,217.15965753424652
62,22,0.0,0.0,434.0931506849315,0.0,0.0,434.0931506849315,0.0,514.6831506849315
62,23,0.0,0.0,400.63876712328766,0.0,0.0,400.63876712328766,0.0,400.63876712328766
62,24,0.0,0.0,261.8431506849314,0.0,0.0,261.8431506849314,0.0,420.8831506849314
62,25,0.0,0.0,414.17273972602743,0.0,0.0,414.17273972602743,0.0,414.17273972602743
62,26,0.0,0.0,433.2189726027399,0.0,0.0,433.2189726027399,0.0,433.2189726027399
62,27,441.95,0.0,0.0,0.0,441.95,0.0,0.0,324.58712328767126
62,28,0.0,0.0,357.3754109589041,0.0,0.0,357.3754109589041,0.0,357.3754109589041
62,29,0.0,0.0,292.1207876712329,0.0,0.0,292.1207876712329,0.0,292.1207876712329
62,30,0.0,0.0,408.68301369863025,0.0,0.0,408.68301369863025,0.0,408.68301369863025
62,31,0.0,0.0,575.8559589041095,0.0,0.0,575.8559589041095,0.0,575.8559589041095
62,32,0.0,0.0,515.9707191780824,0.0,0.0,515.9707191780824,0.0,515.9707191780824
62,33,0.0,332.5119863013699,332.5119863013699,0.0,0.0,332.5119863013699,0.0,332.5119863013699
62,34,348.76,0.0,484.3216095890409,348.76,0.0,135.56160958904093,348.76,484.3216095890409
62,35,561.06,0.0,392.25914383561656,392.25914383561656,168.8008561643834,0.0,392.25914383561656,392.25914383561656
62,36,0.0,0.0,556.6009246575342,0.0,0.0,556.6009246575342,0.0,556.6009246575342
62,37,0.0,352.42,367.40099315068494,0.0,0.0,367.40099315068494,0.0,367.40099315068494
62,38,0.0,0.0,453.86154109589035,0.0,0.0,453.86154109589035,0.0,453.86154109589035
62,39,0.0,0.0,0.0,0.0,0.0,0.0,0.0,333.2752739726027
62,40,0.0,0.0,363.6351369863013,0.0,0.0,363.6351369863013,0.0,363.6351369863013
62,41,0.0,130.75,342.41434931506853,0.0,0.0,342.41434931506853,0.0,342.41434931506853
62,42,0.0,0.0,271.86130136986304,0.0,0.0,271.86130136986304,0.0,271.86130136986304
62,43,0.0,0.0,306.5473630136987,0.0,0.0,306.5473630136987,0.0,480.8273630136987
62,44,0.0,0.0,279.9872945205479,0.0,0.0,279.9872945205479,0.0,279.9872945205479
62,45,0.0,0.0,535.524212328767,0.0,0.0,535.524212328767,0.0,535.524212328767
62,46,0.0,0.0,423.32404109589044,0.0,0.0,423.32404109589044,0.0,423.32404109589044
62,47,0.0,0.0,388.81476027397264,0.0,0.0,388.81476027397264,0.0,388.81476027397264
62,48,0.0,353.81,527.1062328767123,0.0,0.0,527.1062328767123,0.0,527.1062328767123
62,49,186.2,0.0,338.29465753424654,186.2,0.0,152.09465753424655,186.2,338.29465753424654
62,50,0.0,0.0,404.66832191780827,0.0,0.0,404.66832191780827,0.0,404.66832191780827
62,51,159.03,0.0,245.63647260273976,159.03,0.0,86.60647260273976,159.03,245.63647260273976
62,52,0.0,0.0,362.7753424657534,0.0,0.0,362.7753424657534,0.0,465.3753424657534
62,53,0.0,310.62667808219175,310.62667808219175,0.0,0.0,310.62667808219175,0.0,310.62667808219175
62,54,0.0,0.0,468.955410958904,0.0,0.0,468.955410958904,0.0,468.955410958904
62,55,0.0,0.0,305.61544520547955,0.0,0.0,305.61544520547955,0.0,305.61544520547955
62,56,0.0,208.42,376.81647260273974,0.0,0.0,376.81647260273974,0.0,376.81647260273974
62,57,0.0,0.0,313.2279452054794,0.0,0.0,313.2279452054794,0.0,313.2279452054794
62,58,0.0,0.0,497.21479452054797,0.0,0.0,497.21479452054797,0.0,497.21479452054797
62,59,0.0,0.0,482.41075342465746,0.0,0.0,482.41075342465746,0.0,482.4107534246574
62,60,0.0,0.0,0.0,0.0,0.0,0.0,0.0,430.6970547945208
62,61,186.98,0.0,297.4455821917809,186.98,0.0,110.4655821917809,186.98,297.4455821917809
62,62,0.0,0.0,0.0,0.0,0.0,0.0,0.0,363.9398287671233
62,63,0.0,0.0,454.9069863013698,0.0,0.0,454.9069863013698,0.0,454.9069863013698
62,64,0.0,0.0,351.72698630136995,0.0,0.0,351.72698630136995,0.0,351.72698630136995
62,65,0.0,0.0,343.8869863013699,0.0,0.0,343.8869863013699,0.0,343.8869863013699
62,66,0.0,0.0,407.6145547945206,0.0,0.0,407.6145547945206,0.0,407.6145547945206
62,67,0.0,0.0,476.1551027397259,0.0,0.0,476.1551027397259,0.0,476.1551027397259
62,68,0.0,0.0,430.29191780821895,0.0,0.0,430.29191780821895,0.0,430.29191780821895
62,69,0.0,0.0,0.0,0.0,0.0,0.0,0.0,278.01890410958913
62,70,0.0,0.0,532.8097945205478,0.0,0.0,532.8097945205478,0.0,532.8097945205478
62,71,0.0,0.0,206.50311643835613,0.0,0.0,206.50311643835613,0.0,206.50311643835613
62,72,418.63,0.0,470.0392123287671,418.63,0.0,51.409212328767126,418.63,470.0392123287671
62,73,0.0,0.0,393.43020547945207,0.0,0.0,393.43020547945207,0.0,393.43020547945207
62,74,0.0,0.0,320.57421232876703,0.0,0.0,320.57421232876703,0.0,427.86421232876705
62,75,301.01,247.42,419.05044520547926,301.01,0.0,118.04044520547927,301.01,419.05044520547926
62,76,0.0,0.0,300.4021232876712,0.0,0.0,300.4021232876712,0.0,300.4021232876712
62,77,0.0,166.00486301369855,166.00486301369855,0.0,0.0,166.00486301369855,0.0,389.77486301369856
62,78,0.0,0.0,259.3933904109589,0.0,0.0,259.3933904109589,0.0,259.3933904109589
62,79,0.0,0.0,330.1576369863013,0.0,0.0,330.1576369863013,0.0,330.1576369863013
62,80,0.0,0.0,403.9877397260275,0.0,0.0,403.9877397260275,0.0,403.9877397260275
62,81,0.0,0.0,432.53695205479454,0.0,0.0,432.53695205479454,0.0,432.53695205479454
62,82,0.0,0.0,390.9296232876712,0.0,0.0,390.9296232876712,0.0,390.9296232876712
62,83,0.0,0.0,256.84510273972603,0.0,0.0,256.84510273972603,0.0,256.84510273972603
62,84,0.0,123.94,376.2492808219178,0.0,0.0,376.2492808219178,0.0,376.2492808219178
62,85,0.0,0.0,265.6598287671234,0.0,0.0,265.6598287671234,0.0,265.6598287671234
62,86,0.0,0.0,137.94859589041073,0.0,0.0,137.94859589041073,0.0,503.9685958904107
62,87,0.0,0.0,269.4978424657534,0.0,0.0,269.4978424657534,0.0,269.4978424657534
62,88,179.69,0.0,504.29510273972596,179.69,0.0,324.60510273972596,179.69,504.29510273972596
62,89,0.0,0.0,358.29476027397266,0.0,0.0,358.29476027397266,0.0,358.29476027397266
62,90,0.0,0.0,273.3813356164384,0.0,0.0,273.3813356164384,0.0,503.18133561643833
62,91,362.14,0.0,436.5981506849317,362.14,0.0,74.4581506849317,362.14,436.5981506849317
62,92,549.24,0.0,451.02246575342457,451.02246575342457,98.21753424657544,0.0,451.02246575342457,451.02246575342457
62,93,0.0,281.1,385.8469520547945,0.0,0.0,385.8469520547945,0.0,385.8469520547945
62,94,0.0,0.0,276.4630821917808,0.0,0.0,276.4630821917808,0.0,276.4630821917808
62,95,0.0,0.0,271.58202054794526,0.0,0.0,271.58202054794526,0.0,271.58202054794526
63,0,0.0,0.0,225.44938356164386,0.0,0.0,225.44938356164386,0.0,225.44938356164386
63,1,0.0,0.0,509.6604109589041,0.0,0.0,509.6604109589041,0.0,509.6604109589041
63,2,0.0,0.0,546.2143150684931,0.0,0.0,546.2143150684931,0.0,546.2143150684931
63,3,0.0,0.0,241.21928082191778,0.0,0.0,241.21928082191778,0.0,241.21928082191778
63,4,0.0,0.0,524.5339726027396,0.0,0.0,524.5339726027396,0.0,524.5339726027396
63,5,0.0,335.57,335.57,0.0,0.0,335.57,0.0,424.828801369863
63,6,0.0,0.0,100.5493150684934,0.0,0.0,100.5493150684934,0.0,486.7493150684934
63,7,0.0,0.0,347.7283561643836,0.0,0.0,347.7283561643836,0.0,347.7283561643836
63,8,210.97,377.5047260273973,377.5047260273973,210.97,0.0,166.53472602739728,210.97,377.5047260273973
63,9,0.0,0.0,465.06106164383544,0.0,0.0,465.06106164383544,0.0,465.06106164383544
63,10,0.0,0.0,452.51907534246584,0.0,0.0,452.51907534246584,0.0,452.51907534246584
63,11,0.0,0.0,289.2730821917808,0.0,0.0,289.2730821917808,0.0,289.2730821917808
63,12,28.72,0.0,386.6066438356164,28.72,0.0,357.8866438356164,28.720000000000027,386.6066438356164
63,13,0.0,0.0,467.8044863013699,0.0,0.0,467.8044863013699,0.0,467.8044863013699
63,14,0.0,0.0,423.9286301369862,0.0,0.0,423.9286301369862,0.0,423.9286301369862
63,15,0.0,0.0,127.3182191780823,0.0,0.0,127.3182191780823,0.0,370.4582191780823
63,16,321.33,0.0,372.61815068493144,321.33,0.0,51.28815068493145,321.33,372.61815068493144
63,17,0.0,0.0,440.7528424657535,0.0,0.0,440.7528424657535,0.0,440.7528424657535
63,18,109.2,0.0,363.7329452054794,109.2,0.0,254.5329452054794,109.19999999999999,363.7329452054794
63,19,0.0,0.0,339.1046917808219,0.0,0.0,339.1046917808219,0.0,339.1046917808219
63,20,0.0,0.0,382.2246917808219,0.0,0.0,382.2246917808219,0.0,382.2246917808219
63,21,0.0,0.0,0.0,0.0,0.0,0.0,0.0,217.15965753424652
63,22,0.0,80.59000000000003,514.6831506849315,0.0,0.0,514.6831506849315,0.0,514.6831506849315
63,23,0.0,0.0,400.63876712328766,0.0,0.0,400.63876712328766,0.0,400.63876712328766
63,24,499.89,159.04000000000002,420.8831506849314,420.8831506849314,79.00684931506856,0.0,420.8831506849314,420.8831506849314
63,25,0.0,0.0,414.17273972602743,0.0,0.0,414.17273972602743,0.0,414.17273972602743
63,26,0.0,0.0,433.2189726027399,0.0,0.0,433.2189726027399,0.0,433.2189726027399
63,27,0.0,324.58712328767126,324.58712328767126,0.0,0.0,324.58712328767126,0.0,324.58712328767126
63,28,0.0,0.0,357.3754109589041,0.0,0.0,357.3754109589041,0.0,357.3754109589041
63,29,0.0,0.0,292.1207876712329,0.0,0.0,292.1207876712329,0.0,292.1207876712329
63,30,0.0,0.0,408.68301369863025,0.0,0.0,408.68301369863025,0.0,408.68301369863025
63,31,0.0,0.0,575.8559589041095,0.0,0.0,575.8559589041095,0.0,575.8559589041095
63,32,0.0,0.0,515.9707191780824,0.0,0.0,515.9707191780824,0.0,515.9707191780824
63,33,0.0,0.0,332.5119863013699,0.0,0.0,332.5119863013699,0.0,332.5119863013699
63,34,0.0,0.0,135.56160958904093,0.0,0.0,135.56160958904093,0.0,484.3216095890409
63,35,0.0,0.0,0.0,0.0,0.0,0.0,0.0,392.25914383561656
63,36,0.0,0.0,556.6009246575342,0.0,0.0,556.6009246575342,0.0,556.6009246575342
63,37,0.0,0.0,367.40099315068494,0.0,0.0,367.40099315068494,0.0,367.40099315068494
63,38,0.0,0.0,453.86154109589035,0.0,0.0,453.86154109589035,0.0,453.86154109589035
63,39,0.0,333.2752739726027,333.2752739726027,0.0,0.0,333.2752739726027,0.0,333.2752739726027
63,40,151.35,0.0,363.6351369863013,151.35,0.0,212.2851369863013,151.35,363.6351369863013
63,41,0.0,0.0,342.41434931506853,0.0,0.0,342.41434931506853,0.0,342.41434931506853
63,42,0.0,0.0,271.86130136986304,0.0,0.0,271.86130136986304,0.0,271.86130136986304
63,43,395.06,174.27999999999997,480.8273630136987,395.06,0.0,85.76736301369868,395.06,480.8273630136987
63,44,0.0,0.0,279.9872945205479,0.0,0.0,279.9872945205479,0.0,279.9872945205479
63,45,0.0,0.0,535.524212328767,0.0,0.0,535.524212328767,0.0,535.524212328767
63,46,0.0,0.0,423.32404109589044,0.0,0.0,423.32404109589044,0.0,423.32404109589044
63,47,344.68,0.0,388.81476027397264,344.68,0.0,44.13476027397263,344.68,388.81476027397264
63,48,0.0,0.0,527.1062328767123,0.0,0.0,527.1062328767123,0.0,527.1062328767123
63,49,304.1,0.0,152.09465753424655,152.09465753424655,152.00534246575347,0.0,152.09465753424655,338.29465753424654
63,50,0.0,0.0,404.66832191780827,0.0,0.0,404.66832191780827,0.0,404.66832191780827
63,51,548.57,0.0,86.60647260273976,86.60647260273976,461.9635273972603,0.0,86.60647260273976,245.63647260273976
63,52,0.0,102.60000000000002,465.3753424657534,0.0,0.0,465.3753424657534,0.0,465.3753424657534
63,53,0.0,0.0,310.62667808219175,0.0,0.0,310.62667808219175,0.0,310.62667808219175
63,54,0.0,0.0,468.955410958904,0.0,0.0,468.955410958904,0.0,468.955410958904
63,55,0.0,0.0,305.61544520547955,0.0,0.0,305.61544520547955,0.0,305.61544520547955
63,56,0.0,0.0,376.81647260273974,0.0,0.0,376.81647260273974,0.0,376.81647260273974
63,57,0.0,0.0,313.2279452054794,0.0,0.0,313.2279452054794,0.0,313.2279452054794
63,58,0.0,0.0,497.21479452054797,0.0,0.0,497.21479452054797,0.0,497.21479452054797
63,59,0.0,0.0,482.41075342465746,0.0,0.0,482.41075342465746,0.0,482.4107534246574
63,60,0.0,430.6970547945208,430.6970547945208,0.0,0.0,430.6970547945208,0.0,430.6970547945208
63,61,0.0,0.0,110.4655821917809,0.0,0.0,110.4655821917809,0.0,297.4455821917809
63,62,0.0,363.9398287671233,363.9398287671233,0.0,0.0,363.9398287671233,0.0,363.9398287671233
63,63,0.0,0.0,454.9069863013698,0.0,0.0,454.9069863013698,0.0,454.9069863013698
63,64,258.11,0.0,351.72698630136995,258.11,0.0,93.61698630136993,258.11,351.72698630136995
63,65,0.0,0.0,343.8869863013699,0.0,0.0,343.8869863013699,0.0,343.8869863013699
63,66,0.0,0.0,407.6145547945206,0.0,0.0,407.6145547945206,0.0,407.6145547945206
63,67,0.0,0.0,476.1551027397259,0.0,0.0,476.1551027397259,0.0,476.1551027397259
63,68,0.0,0.0,430.29191780821895,0.0,0.0,430.29191780821895,0.0,430.29191780821895
63,69,0.0,278.01890410958913,278.01890410958913,0.0,0.0,278.01890410958913,0.0,278.01890410958913
63,70,0.0,0.0,532.8097945205478,0.0,0.0,532.8097945205478,0.0,532.8097945205478
63,71,0.0,0.0,206.50311643835613,0.0,0.0,206.50311643835613,0.0,206.50311643835613
63,72,0.0,0.0,51.409212328767126,0.0,0.0,51.409212328767126,0.0,470.0392123287671
63,73,0.0,0.0,393.43020547945207,0.0,0.0,393.43020547945207,0.0,393.43020547945207
63,74,337.62,107.29000000000002,427.86421232876705,337.62,0.0,90.24421232876705,337.62,427.86421232876705
63,75,0.0,0.0,118.04044520547927,0.0,0.0,118.04044520547927,0.0,419.05044520547926
63,76,0.0,0.0,300.4021232876712,0.0,0.0,300.4021232876712,0.0,300.4021232876712
63,77,0.0,223.77,389.77486301369856,0.0,0.0,389.77486301369856,0.0,389.77486301369856
63,78,0.0,0.0,259.3933904109589,0.0,0.0,259.3933904109589,0.0,259.3933904109589
63,79,221.79,0.0,330.1576369863013,221.79,0.0,108.36763698630133,221.79,330.1576369863013
63,80,0.0,0.0,403.9877397260275,0.0,0.0,403.9877397260275,0.0,403.9877397260275
63,81,298.07,0.0,432.53695205479454,298.07,0.0,134.46695205479455,298.07,432.53695205479454
63,82,0.0,0.0,390.9296232876712,0.0,0.0,390.9296232876712,0.0,390.9296232876712
63,83,351.11,0.0,256.84510273972603,256.84510273972603,94.26489726027398,0.0,256.84510273972603,256.84510273972603
63,84,0.0,0.0,376.2492808219178,0.0,0.0,376.2492808219178,0.0,376.2492808219178
63,85,0.0,0.0,265.6598287671234,0.0,0.0,265.6598287671234,0.0,265.6598287671234
63,86,0.0,366.02,503.9685958904107,0.0,0.0,503.9685958904107,0.0,503.9685958904107
63,87,0.0,0.0,269.4978424657534,0.0,0.0,269.4978424657534,0.0,269.4978424657534
63,88,0.0,0.0,324.60510273972596,0.0,0.0,324.60510273972596,0.0,504.29510273972596
63,89,0.0,0.0,358.29476027397266,0.0,0.0,358.29476027397266,0.0,358.29476027397266
63,90,0.0,229.79999999999995,503.18133561643833,0.0,0.0,503.18133561643833,0.0,503.18133561643833
63,91,0.0,0.0,74.4581506849317,0.0,0.0,74.4581506849317,0.0,436.5981506849317
63,92,0.0,0.0,0.0,0.0,0.0,0.0,0.0,451.02246575342457
63,93,0.0,0.0,385.8469520547945,0.0,0.0,385.8469520547945,0.0,385.8469520547945
63,94,0.0,0.0,276.4630821917808,0.0,0.0,276.4630821917808,0.0,276.4630821917808
63,95,0.0,0.0,271.58202054794526,0.0,0.0,271.58202054794526,0.0,271.58202054794526
64,0,0.0,0.0,225.44938356164386,0.0,0.0,225.44938356164386,0.0,225.44938356164386
64,1,517.0,0.0,509.6604109589041,509.6604109589041,7.3395890410959055,0.0,509.6604109589041,509.6604109589041
64,2,0.0,0.0,546.2143150684931,0.0,0.0,546.2143150684931,0.0,546.2143150684931
64,3,0.0,0.0,241.21928082191778,0.0,0.0,241.21928082191778,0.0,241.21928082191778
64,4,0.0,0.0,524.5339726027396,0.0,0.0,524.5339726027396,0.0,524.5339726027396
64,5,0.0,89.25880136986302,424.828801369863,0.0,0.0,424.828801369863,0.0,424.828801369863
64,6,0.0,386.2,486.7493150684934,0.0,0.0,486.7493150684934,0.0,486.7493150684934
64,7,581.16,0.0,347.7283561643836,347.7283561643836,233.43164383561634,0.0,347.7283561643836,347.7283561643836
64,8,0.0,0.0,166.53472602739728,0.0,0.0,166.53472602739728,0.0,377.5047260273973
64,9,0.0,0.0,465.06106164383544,0.0,0.0,465.06106164383544,0.0,465.06106164383544
64,10,500.0,0.0,452.51907534246584,452.51907534246584,47.48092465753416,0.0,452.51907534246584,452.51907534246584
64,11,0.0,0.0,289.2730821917808,0.0,0.0,289.2730821917808,0.0,289.2730821917808
64,12,0.0,0.0,357.8866438356164,0.0,0.0,357.8866438356164,0.0,386.6066438356164
64,13,266.69,0.0,467.8044863013699,266.69,0.0,201.11448630136988,266.69,467.8044863013699
64,14,0.0,0.0,423.9286301369862,0.0,0.0,423.9286301369862,0.0,423.9286301369862
64,15,0.0,243.14,370.4582191780823,0.0,0.0,370.4582191780823,0.0,370.4582191780823
64,16,0.0,0.0,51.28815068493145,0.0,0.0,51.28815068493145,0.0,372.61815068493144
64,17,166.88,0.0,440.7528424657535,166.88,0.0,273.8728424657535,166.88,440.7528424657535
64,18,0.0,0.0,254.5329452054794,0.0,0.0,254.5329452054794,0.0,363.7329452054794
64,19,0.0,0.0,339.1046917808219,0.0,0.0,339.1046917808219,0.0,339.1046917808219
64,20,0.0,0.0,382.2246917808219,0.0,0.0,382.2246917808219,0.0,382.2246917808219
64,21,938.99,217.15965753424652,217.15965753424652,217.15965753424652,721.8303424657535,0.0,217.15965753424652,217.15965753424652
64,22,0.0,0.0,514.6831506849315,0.0,0.0,514.6831506849315,0.0,514.6831506849315
64,23,0.0,0.0,400.63876712328766,0.0,0.0,400.63876712328766,0.0,400.63876712328766
64,24,0.0,0.0,0.0,0.0,0.0,0.0,0.0,420.8831506849314
64,25,934.85,0.0,414.17273972602743,414.17273972602743,520.6772602739726,0.0,414.17273972602743,414.17273972602743
64,26,0.0,0.0,433.2189726027399,0.0,0.0,433.2189726027399,0.0,433.2189726027399
64,27,0.0,0.0,324.58712328767126,0.0,0.0,324.58712328767126,0.0,324.58712328767126
64,28,0.0,0.0,357.3754109589041,0.0,0.0,357.3754109589041,0.0,357.3754109589041
64,29,0.0,0.0,292.1207876712329,0.0,0.0,292.1207876712329,0.0,292.1207876712329
64,30,0.0,0.0,408.68301369863025,0.0,0.0,408.68301369863025,0.0,408.68301369863025
64,31,0.0,0.0,575.8559589041095,0.0,0.0,575.8559589041095,0.0,575.8559589041095
64,32,0.0,0.0,515.9707191780824,0.0,0.0,515.9707191780824,0.0,515.9707191780824
64,33,0.0,0.0,332.5119863013699,0.0,0.0,332.5119863013699,0.0,332.5119863013699
64,34,327.64,348.76,484.3216095890409,327.64,0.0,156.68160958904093,327.64,484.3216095890409
64,35,0.0,392.25914383561656,392.25914383561656,0.0,0.0,392.25914383561656,0.0,392.25914383561656
64,36,0.0,0.0,556.6009246575342,0.0,0.0,556.6009246575342,0.0,556.6009246575342
64,37,0.0,0.0,367.40099315068494,0.0,0.0,367.40099315068494,0.0,367.40099315068494
64,38,0.0,0.0,453.86154109589035,0.0,0.0,453.86154109589035,0.0,453.86154109589035
64,39,0.0,0.0,333.2752739726027,0.0,0.0,333.2752739726027,0.0,333.2752739726027
64,40,0.0,0.0,212.2851369863013,0.0,0.0,212.2851369863013,0.0,363.6351369863013
64,41,0.0,0.0,342.41434931506853,0.0,0.0,342.41434931506853,0.0,342.41434931506853
64,42,0.0,0.0,271.86130136986304,0.0,0.0,271.86130136986304,0.0,271.86130136986304
64,43,236.15,0.0,85.76736301369868,85.76736301369868,150.38263698630132,0.0,85.76736301369868,480.8273630136987
64,44,0.0,0.0,279.9872945205479,0.0,0.0,279.9872945205479,0.0,279.9872945205479
64,45,325.25,0.0,535.524212328767,325.25,0.0,210.27421232876702,325.25,535.524212328767
64,46,0.0,0.0,423.32404109589044,0.0,0.0,423.32404109589044,0.0,423.32404109589044
64,47,0.0,0.0,44.13476027397263,0.0,0.0,44.13476027397263,0.0,388.81476027397264
64,48,0.0,0.0,527.1062328767123,0.0,0.0,527.1062328767123,0.0,527.1062328767123
64,49,0.0,186.2,186.2,0.0,0.0,186.2,0.0,338.29465753424654
64,50,0.0,0.0,404.66832191780827,0.0,0.0,404.66832191780827,0.0,404.66832191780827
64,51,0.0,159.03,159.03,0.0,0.0,159.03,0.0,245.63647260273976
64,52,0.0,0.0,465.3753424657534,0.0,0.0,465.3753424657534,0.0,465.3753424657534
64,53,0.0,0.0,310.62667808219175,0.0,0.0,310.62667808219175,0.0,310.62667808219175
64,54,269.17,0.0,468.955410958904,269.17,0.0,199.78541095890398,269.17,468.955410958904
64,55,0.0,0.0,305.61544520547955,0.0,0.0,305.61544520547955,0.0,305.61544520547955
64,56,0.0,0.0,376.81647260273974,0.0,0.0,376.81647260273974,0.0,376.81647260273974
64,57,0.0,0.0,313.2279452054794,0.0,0.0,313.2279452054794,0.0,313.2279452054794
64,58,130.11,0.0,497.21479452054797,130.11,0.0,367.10479452054796,130.11,497.21479452054797
64,59,0.0,0.0,482.41075342465746,0.0,0.0,482.41075342465746,0.0,482.4107534246574
64,60,0.0,0.0,430.6970547945208,0.0,0.0,430.6970547945208,0.0,430.6970547945208
64,61,0.0,186.98,297.4455821917809,0.0,0.0,297.4455821917809,0.0,297.4455821917809
64,62,0.0,0.0,363.9398287671233,0.0,0.0,363.9398287671233,0.0,363.9398287671233
64,63,0.0,0.0,454.9069863013698,0.0,0.0,454.9069863013698,0.0,454.9069863013698
64,64,0.0,0.0,93.61698630136993,0.0,0.0,93.61698630136993,0.0,351.72698630136995
64,65,0.0,0.0,343.8869863013699,0.0,0.0,343.8869863013699,0.0,343.8869863013699
64,66,0.0,0.0,407.6145547945206,0.0,0.0,407.6145547945206,0.0,407.6145547945206
64,67,0.0,0.0,476.1551027397259,0.0,0.0,476.1551027397259,0.0,476.1551027397259
64,68,0.0,0.0,430.29191780821895,0.0,0.0,430.29191780821895,0.0,430.29191780821895
64,69,0.0,0.0,278.01890410958913,0.0,0.0,278.01890410958913,0.0,278.01890410958913
64,70,0.0,0.0,532.8097945205478,0.0,0.0,532.8097945205478,0.0,532.8097945205478
64,71,0.0,0.0,206.50311643835613,0.0,0.0,206.50311643835613,0.0,206.50311643835613
64,72,200.43,418.63,470.0392123287671,200.43,0.0,269.6092123287671,200.43,470.0392123287671
64,73,0.0,0.0,393.43020547945207,0.0,0.0,393.43020547945207,0.0,393.43020547945207
64,74,0.0,0.0,90.24421232876705,0.0,0.0,90.24421232876705,0.0,427.86421232876705
64,75,0.0,301.01,419.05044520547926,0.0,0.0,419.05044520547926,0.0,419.05044520547926
64,76,0.0,0.0,300.4021232876712,0.0,0.0,300.4021232876712,0.0,300.4021232876712
64,77,0.0,0.0,389.77486301369856,0.0,0.0,389.77486301369856,0.0,389.77486301369856
64,78,0.0,0.0,259.3933904109589,0.0,0.0,259.3933904109589,0.0,259.3933904109589
64,79,284.44,0.0,108.36763698630133,108.36763698630133,176.07236301369866,0.0,108.36763698630133,330.1576369863013
64,80,0.0,0.0,403.9877397260275,0.0,0.0,403.9877397260275,0.0,403.9877397260275
64,81,0.0,0.0,134.46695205479455,0.0,0.0,134.46695205479455,0.0,432.53695205479454
64,82,0.0,0.0,390.9296232876712,0.0,0.0,390.9296232876712,0.0,390.9296232876712
64,83,0.0,0.0,0.0,0.0,0.0,0.0,0.0,256.84510273972603
64,84,0.0,0.0,376.2492808219178,0.0,0.0,376.2492808219178,0.0,376.2492808219178
64,85,0.0,0.0,265.6598287671234,0.0,0.0,265.6598287671234,0.0,265.6598287671234
64,86,395.97,0.0,503.9685958904107,395.97,0.0,107.99859589041068,395.97,503.9685958904107
64,87,0.0,0.0,269.4978424657534,0.0,0.0,269.4978424657534,0.0,269.4978424657534
64,88,0.0,179.69,504.29510273972596,0.0,0.0,504.29510273972596,0.0,504.29510273972596
64,89,0.0,0.0,358.29476027397266,0.0,0.0,358.29476027397266,0.0,358.29476027397266
64,90,0.0,0.0,503.18133561643833,0.0,0.0,503.18133561643833,0.0,503.18133561643833
64,91,0.0,362.14,436.5981506849317,0.0,0.0,436.5981506849317,0.0,436.5981506849317
64,92,0.0,451.02246575342457,451.02246575342457,0.0,0.0,451.02246575342457,0.0,451.02246575342457
64,93,0.0,0.0,385.8469520547945,0.0,0.0,385.8469520547945,0.0,385.8469520547945
64,94,0.0,0.0,276.4630821917808,0.0,0.0,276.4630821917808,0.0,276.4630821917808
64,95,365.93,0.0,271.58202054794526,271.58202054794526,94.34797945205474,0.0,271.58202054794526,271.58202054794526
65,0,0.0,0.0,225.44938356164386,0.0,0.0,225.44938356164386,0.0,225.44938356164386
65,1,0.0,0.0,0.0,0.0,0.0,0.0,0.0,509.6604109589041
65,2,0.0,0.0,546.2143150684931,0.0,0.0,546.2143150684931,0.0,546.2143150684931
65,3,0.0,0.0,241.21928082191778,0.0,0.0,241.21928082191778,0.0,241.21928082191778
65,4,0.0,0.0,524.5339726027396,0.0,0.0,524.5339726027396,0.0,524.5339726027396
65,5,0.0,0.0,424.828801369863,0.0,0.0,424.828801369863,0.0,424.828801369863
65,6,0.0,0.0,486.7493150684934,0.0,0.0,486.7493150684934,0.0,486.7493150684934
65,7,0.0,0.0,0.0,0.0,0.0,0.0,0.0,347.7283561643836
65,8,0.0,210.97,377.5047260273973,0.0,0.0,377.5047260273973,0.0,377.5047260273973
65,9,0.0,0.0,465.06106164383544,0.0,0.0,465.06106164383544,0.0,465.06106164383544
65,10,255.12,0.0,0.0,0.0,255.12,0.0,0.0,452.51907534246584
65,11,0.0,0.0,289.2730821917808,0.0,0.0,289.2730821917808,0.0,289.2730821917808
65,12,0.0,28.720000000000027,386.6066438356164,0.0,0.0,386.6066438356164,0.0,386.6066438356164
65,13,0.0,0.0,201.11448630136988,0.0,0.0,201.11448630136988,0.0,467.8044863013699
65,14,0.0,0.0,423.9286301369862,0.0,0.0,423.9286301369862,0.0,423.9286301369862
65,15,0.0,0.0,370.4582191780823,0.0,0.0,370.4582191780823,0.0,370.4582191780823
65,16,0.0,321.33,372.61815068493144,0.0,0.0,372.61815068493144,0.0,372.61815068493144
65,17,0.0,0.0,273.8728424657535,0.0,0.0,273.8728424657535,0.0,440.7528424657535
65,18,323.05,109.19999999999999,363.7329452054794,323.05,0.0,40.68294520547937,323.05,363.7329452054794
65,19,0.0,0.0,339.1046917808219,0.0,0.0,339.1046917808219,0.0,339.1046917808219
65,20,0.0,0.0,382.2246917808219,0.0,0.0,382.2246917808219,0.0,382.2246917808219
65,21,480.28,0.0,0.0,0.0,480.28,0.0,0.0,217.15965753424652
65,22,0.0,0.0,514.6831506849315,0.0,0.0,514.6831506849315,0.0,514.6831506849315
65,23,0.0,0.0,400.63876712328766,0.0,0.0,400.63876712328766,0.0,400.63876712328766
65,24,0.0,420.8831506849314,420.8831506849314,0.0,0.0,420.8831506849314,0.0,420.8831506849314
65,25,0.0,0.0,0.0,0.0,0.0,0.0,0.0,414.17273972602743
65,26,0.0,0.0,433.2189726027399,0.0,0.0,433.2189726027399,0.0,433.2189726027399
65,27,120.81,0.0,324.58712328767126,120.81,0.0,203.77712328767126,120.81,324.58712328767126
65,28,0.0,0.0,357.3754109589041,0.0,0.0,357.3754109589041,0.0,357.3754109589041
65,29,0.0,0.0,292.1207876712329,0.0,0.0,292.1207876712329,0.0,292.1207876712329
65,30,0.0,0.0,408.68301369863025,0.0,0.0,408.68301369863025,0.0,408.68301369863025
65,31,0.0,0.0,575.8559589041095,0.0,0.0,575.8559589041095,0.0,575.8559589041095
65,32,0.0,0.0,515.9707191780824,0.0,0.0,515.9707191780824,0.0,515.9707191780824
65,33,0.0,0.0,332.5119863013699,0.0,0.0,332.5119863013699,0.0,332.5119863013699
65,34,0.0,0.0,156.68160958904093,0.0,0.0,156.68160958904093,0.0,484.3216095890409
65,35,0.0,0.0,392.25914383561656,0.0,0.0,392.25914383561656,0.0,392.25914383561656
65,36,0.0,0.0,556.6009246575342,0.0,0.0,556.6009246575342,0.0,556.6009246575342
65,37,0.0,0.0,367.40099315068494,0.0,0.0,367.40099315068494,0.0,367.40099315068494
65,38,0.0,0.0,453.86154109589035,0.0,0.0,453.86154109589035,0.0,453.86154109589035
65,39,497.3,0.0,333.2752739726027,333.2752739726027,164.02472602739732,0.0,333.2752739726027,333.2752739726027
65,40,0.0,151.35,363.6351369863013,0.0,0.0,363.6351369863013,0.0,363.6351369863013
65,41,506.03,0.0,342.41434931506853,342.41434931506853,163.61565068493144,0.0,342.41434931506853,342.41434931506853
65,42,0.0,0.0,271.86130136986304,0.0,0.0,271.86130136986304,0.0,271.86130136986304
65,43,0.0,395.06,395.06,0.0,0.0,395.06,0.0,480.8273630136987
65,44,0.0,0.0,279.9872945205479,0.0,0.0,279.9872945205479,0.0,279.9872945205479
65,45,0.0,0.0,210.27421232876702,0.0,0.0,210.27421232876702,0.0,535.524212328767
65,46,0.0,0.0,423.32404109589044,0.0,0.0,423.32404109589044,0.0,423.32404109589044
65,47,228.74,344.68,388.81476027397264,228.74,0.0,160.07476027397263,228.74,388.81476027397264
65,48,0.0,0.0,527.1062328767123,0.0,0.0,527.1062328767123,0.0,527.1062328767123
65,49,0.0,152.09465753424655,338.29465753424654,0.0,0.0,338.29465753424654,0.0,338.29465753424654
65,50,0.0,0.0,404.66832191780827,0.0,0.0,404.66832191780827,0.0,404.66832191780827
65,51,0.0,86.60647260273976,245.63647260273976,0.0,0.0,245.63647260273976,0.0,245.63647260273976
65,52,0.0,0.0,465.3753424657534,0.0,0.0,465.3753424657534,0.0,465.3753424657534
65,53,0.0,0.0,310.62667808219175,0.0,0.0,310.62667808219175,0.0,310.62667808219175
65,54,0.0,0.0,199.78541095890398,0.0,0.0,199.78541095890398,0.0,468.955410958904
65,55,0.0,0.0,305.61544520547955,0.0,0.0,305.61544520547955,0.0,305.61544520547955
65,56,0.0,0.0,376.81647260273974,0.0,0.0,376.81647260273974,0.0,376.81647260273974
65,57,477.52,0.0,313.2279452054794,313.2279452054794,164.2920547945206,0.0,313.2279452054794,313.2279452054794
65,58,0.0,0.0,367.10479452054796,0.0,0.0,367.10479452054796,0.0,497.21479452054797
65,59,0.0,0.0,482.41075342465746,0.0,0.0,482.41075342465746,0.0,482.4107534246574
65,60,0.0,0.0,430.6970547945208,0.0,0.0,430.6970547945208,0.0,430.6970547945208
65,61,515.51,0.0,297.4455821917809,297.4455821917809,218.0644178082191,0.0,297.4455821917809,297.4455821917809
65,62,264.54,0.0,363.9398287671233,264.54,0.0,99.39982876712327,264.54,363.9398287671233
65,63,0.0,0.0,454.9069863013698,0.0,0.0,454.9069863013698,0.0,454.9069863013698
65,64,0.0,258.11,351.72698630136995,0.0,0.0,351.72698630136995,0.0,351.72698630136995
65,65,0.0,0.0,343.8869863013699,0.0,0.0,343.8869863013699,0.0,343.8869863013699
65,66,165.18,0.0,407.6145547945206,165.18,0.0,242.43455479452058,165.18,407.6145547945206
65,67,335.22,0.0,476.1551027397259,335.22,0.0,140.9351027397259,335.22,476.1551027397259
65,68,0.0,0.0,430.29191780821895,0.0,0.0,430.29191780821895,0.0,430.29191780821895
65,69,0.0,0.0,278.01890410958913,0.0,0.0,278.01890410958913,0.0,278.01890410958913
65,70,0.0,0.0,532.8097945205478,0.0,0.0,532.8097945205478,0.0,532.8097945205478
65,71,0.0,0.0,206.50311643835613,0.0,0.0,206.50311643835613,0.0,206.50311643835613
65,72,0.0,0.0,269.6092123287671,0.0,0.0,269.6092123287671,0.0,470.0392123287671
65,73,0.0,0.0,393.43020547945207,0.0,0.0,393.43020547945207,0.0,393.43020547945207
65,74,0.0,337.62,427.86421232876705,0.0,0.0,427.86421232876705,0.0,427.86421232876705
65,75,0.0,0.0,419.05044520547926,0.0,0.0,419.05044520547926,0.0,419.05044520547926
65,76,0.0,0.0,300.4021232876712,0.0,0.0,300.4021232876712,0.0,300.4021232876712
65,77,0.0,0.0,389.77486301369856,0.0,0.0,389.77486301369856,0.0,389.77486301369856
65,78,0.0,0.0,259.3933904109589,0.0,0.0,259.3933904109589,0.0,259.3933904109589
65,79,0.0,221.79,221.79,0.0,0.0,221.79,0.0,330.1576369863013
65,80,119.85,0.0,403.9877397260275,119.85,0.0,284.13773972602746,119.85000000000002,403.9877397260275
65,81,0.0,298.07,432.53695205479454,0.0,0.0,432.53695205479454,0.0,432.53695205479454
65,82,360.34,0.0,390.9296232876712,360.34,0.0,30.589623287671202,360.34,390.9296232876712
65,83,0.0,256.84510273972603,256.84510273972603,0.0,0.0,256.84510273972603,0.0,256.84510273972603
65,84,0.0,0.0,376.2492808219178,0.0,0.0,376.2492808219178,0.0,376.2492808219178
65,85,0.0,0.0,265.6598287671234,0.0,0.0,265.6598287671234,0.0,265.6598287671234
65,86,0.0,0.0,107.99859589041068,0.0,0.0,107.99859589041068,0.0,503.9685958904107
65,87,0.0,0.0,269.4978424657534,0.0,0.0,269.4978424657534,0.0,269.4978424657534
65,88,0.0,0.0,504.29510273972596,0.0,0.0,504.29510273972596,0.0,504.29510273972596
65,89,0.0,0.0,358.29476027397266,0.0,0.0,358.29476027397266,0.0,358.29476027397266
65,90,0.0,0.0,503.18133561643833,0.0,0.0,503.18133561643833,0.0,503.18133561643833
65,91,0.0,0.0,436.5981506849317,0.0,0.0,436.5981506849317,0.0,436.5981506849317
65,92,0.0,0.0,451.02246575342457,0.0,0.0,451.02246575342457,0.0,451.02246575342457
65,93,0.0,0.0,385.8469520547945,0.0,0.0,385.8469520547945,0.0,385.8469520547945
65,94,0.0,0.0,276.4630821917808,0.0,0.0,276.4630821917808,0.0,276.4630821917808
65,95,0.0,0.0,0.0,0.0,0.0,0.0,0.0,271.58202054794526
66,0,0.0,0.0,225.44938356164386,0.0,0.0,225.44938356164386,0.0,225.44938356164386
66,1,0.0,509.6604109589041,509.6604109589041,0.0,0.0,509.6604109589041,0.0,509.6604109589041
66,2,0.0,0.0,546.2143150684931,0.0,0.0,546.2143150684931,0.0,546.2143150684931
66,3,0.0,0.0,241.21928082191778,0.0,0.0,241.21928082191778,0.0,241.21928082191778
66,4,0.0,0.0,524.5339726027396,0.0,0.0,524.5339726027396,0.0,524.5339726027396
66,5,0.0,0.0,424.828801369863,0.0,0.0,424.828801369863,0.0,424.828801369863
66,6,0.0,0.0,486.7493150684934,0.0,0.0,486.7493150684934,0.0,486.7493150684934
66,7,0.0,347.7283561643836,347.7283561643836,0.0,0.0,347.7283561643836,0.0,347.7283561643836
66,8,0.0,0.0,377.5047260273973,0.0,0.0,377.5047260273973,0.0,377.5047260273973
66,9,0.0,0.0,465.06106164383544,0.0,0.0,465.06106164383544,0.0,465.06106164383544
66,10,0.0,452.51907534246584,452.51907534246584,0.0,0.0,452.51907534246584,0.0,452.51907534246584
66,11,0.0,0.0,289.2730821917808,0.0,0.0,289.2730821917808,0.0,289.2730821917808
66,12,0.0,0.0,386.6066438356164,0.0,0.0,386.6066438356164,0.0,386.6066438356164
66,13,0.0,266.69,467.8044863013699,0.0,0.0,467.8044863013699,0.0,467.8044863013699
66,14,0.0,0.0,423.9286301369862,0.0,0.0,423.9286301369862,0.0,423.9286301369862
66,15,0.0,0.0,370.4582191780823,0.0,0.0,370.4582191780823,0.0,370.4582191780823
66,16,0.0,0.0,372.61815068493144,0.0,0.0,372.61815068493144,0.0,372.61815068493144
66,17,0.0,166.88,440.7528424657535,0.0,0.0,440.7528424657535,0.0,440.7528424657535
66,18,0.0,0.0,40.68294520547937,0.0,0.0,40.68294520547937,0.0,363.7329452054794
66,19,0.0,0.0,339.1046917808219,0.0,0.0,339.1046917808219,0.0,339.1046917808219
66,20,0.0,0.0,382.2246917808219,0.0,0.0,382.2246917808219,0.0,382.2246917808219
66,21,0.0,217.15965753424652,217.15965753424652,0.0,0.0,217.15965753424652,0.0,217.15965753424652
66,22,0.0,0.0,514.6831506849315,0.0,0.0,514.6831506849315,0.0,514.6831506849315
66,23,0.0,0.0,400.63876712328766,0.0,0.0,400.63876712328766,0.0,400.63876712328766
66,24,0.0,0.0,420.8831506849314,0.0,0.0,420.8831506849314,0.0,420.8831506849314
66,25,0.0,414.17273972602743,414.17273972602743,0.0,0.0,414.17273972602743,0.0,414.17273972602743
66,26,0.0,0.0,433.2189726027399,0.0,0.0,433.2189726027399,0.0,433.2189726027399
66,27,0.0,0.0,203.77712328767126,0.0,0.0,203.77712328767126,0.0,324.58712328767126
66,28,0.0,0.0,357.3754109589041,0.0,0.0,357.3754109589041,0.0,357.3754109589041
66,29,0.0,0.0,292.1207876712329,0.0,0.0,292.1207876712329,0.0,292.1207876712329
66,30,0.0,0.0,408.68301369863025,0.0,0.0,408.68301369863025,0.0,408.68301369863025
66,31,0.0,0.0,575.8559589041095,0.0,0.0,575.8559589041095,0.0,575.8559589041095
66,32,0.0,0.0,515.9707191780824,0.0,0.0,515.9707191780824,0.0,515.9707191780824
66,33,0.0,0.0,332.5119863013699,0.0,0.0,332.5119863013699,0.0,332.5119863013699
66,34,0.0,327.64,484.3216095890409,0.0,0.0,484.3216095890409,0.0,484.3216095890409
66,35,0.0,0.0,392.25914383561656,0.0,0.0,392.25914383561656,0.0,392.25914383561656
66,36,0.0,0.0,556.6009246575342,0.0,0.0,556.6009246575342,0.0,556.6009246575342
66,37,0.0,0.0,367.40099315068494,0.0,0.0,367.40099315068494,0.0,367.40099315068494
66,38,0.0,0.0,453.86154109589035,0.0,0.0,453.86154109589035,0.0,453.86154109589035
66,39,0.0,0.0,0.0,0.0,0.0,0.0,0.0,333.2752739726027
66,40,0.0,0.0,363.6351369863013,0.0,0.0,363.6351369863013,0.0,363.6351369863013
66,41,0.0,0.0,0.0,0.0,0.0,0.0,0.0,342.41434931506853
66,42,0.0,0.0,271.86130136986304,0.0,0.0,271.86130136986304,0.0,271.86130136986304
66,43,0.0,85.76736301369868,480.8273630136987,0.0,0.0,480.8273630136987,0.0,480.8273630136987
66,44,0.0,0.0,279.9872945205479,0.0,0.0,279.9872945205479,0.0,279.9872945205479
66,45,0.0,325.25,535.524212328767,0.0,0.0,535.524212328767,0.0,535.524212328767
66,46,0.0,0.0,423.32404109589044,0.0,0.0,423.32404109589044,0.0,423.32404109589044
66,47,0.0,0.0,160.07476027397263,0.0,0.0,160.07476027397263,0.0,388.81476027397264
66,48,0.0,0.0,527.1062328767123,0.0,0.0,527.1062328767123,0.0,527.1062328767123
66,49,0.0,0.0,338.29465753424654,0.0,0.0,338.29465753424654,0.0,338.29465753424654
66,50,0.0,0.0,404.66832191780827,0.0,0.0,404.66832191780827,0.0,404.66832191780827
66,51,0.0,0.0,245.63647260273976,0.0,0.0,245.63647260273976,0.0,245.63647260273976
66,52,0.0,0.0,465.3753424657534,0.0,0.0,465.3753424657534,0.0,465.3753424657534
66,53,0.0,0.0,310.62667808219175,0.0,0.0,310.62667808219175,0.0,310.62667808219175
66,54,0.0,269.17,468.955410958904,0.0,0.0,468.955410958904,0.0,468.955410958904
66,55,0.0,0.0,305.61544520547955,0.0,0.0,305.61544520547955,0.0,305.61544520547955
66,56,0.0,0.0,376.81647260273974,0.0,0.0,376.81647260273974,0.0,376.81647260273974
66,57,0.0,0.0,0.0,0.0,0.0,0.0,0.0,313.2279452054794
66,58,0.0,130.11,497.21479452054797,0.0,0.0,497.21479452054797,0.0,497.21479452054797
66,59,0.0,0.0,482.41075342465746,0.0,0.0,482.41075342465746,0.0,482.4107534246574
66,60,0.0,0.0,430.6970547945208,0.0,0.0,430.6970547945208,0.0,430.6970547945208
66,61,0.0,0.0,0.0,0.0,0.0,0.0,0.0,297.4455821917809
66,62,0.0,0.0,99.39982876712327,0.0,0.0,99.39982876712327,0.0,363.9398287671233
66,63,0.0,0.0,454.9069863013698,0.0,0.0,454.9069863013698,0.0,454.9069863013698
66,64,0.0,0.0,351.72698630136995,0.0,0.0,351.72698630136995,0.0,351.72698630136995
66,65,0.0,0.0,343.8869863013699,0.0,0.0,343.8869863013699,0.0,343.8869863013699
66,66,0.0,0.0,242.43455479452058,0.0,0.0,242.43455479452058,0.0,407.6145547945206
66,67,0.0,0.0,140.9351027397259,0.0,0.0,140.9351027397259,0.0,476.1551027397259
66,68,0.0,0.0,430.29191780821895,0.0,0.0,430.29191780821895,0.0,430.29191780821895
66,69,0.0,0.0,278.01890410958913,0.0,0.0,278.01890410958913,0.0,278.01890410958913
66,70,0.0,0.0,532.8097945205478,0.0,0.0,532.8097945205478,0.0,532.8097945205478
66,71,0.0,0.0,206.50311643835613,0.0,0.0,206.50311643835613,0.0,206.50311643835613
66,72,0.0,200.43,470.0392123287671,0.0,0.0,470.0392123287671,0.0,470.0392123287671
66,73,0.0,0.0,393.43020547945207,0.0,0.0,393.43020547945207,0.0,393.43020547945207
66,74,0.0,0.0,427.86421232876705,0.0,0.0,427.86421232876705,0.0,427.86421232876705
66,75,0.0,0.0,419.05044520547926,0.0,0.0,419.05044520547926,0.0,419.05044520547926
66,76,0.0,0.0,300.4021232876712,0.0,0.0,300.4021232876712,0.0,300.4021232876712
66,77,0.0,0.0,389.77486301369856,0.0,0.0,389.77486301369856,0.0,389.77486301369856
66,78,0.0,0.0,259.3933904109589,0.0,0.0,259.3933904109589,0.0,259.3933904109589
66,79,0.0,108.36763698630133,330.1576369863013,0.0,0.0,330.1576369863013,0.0,330.1576369863013
66,80,0.0,0.0,284.13773972602746,0.0,0.0,284.13773972602746,0.0,403.9877397260275
66,81,0.0,0.0,432.53695205479454,0.0,0.0,432.53695205479454,0.0,432.53695205479454
66,82,0.0,0.0,30.589623287671202,0.0,0.0,30.589623287671202,0.0,390.9296232876712
66,83,0.0,0.0,256.84510273972603,0.0,0.0,256.84510273972603,0.0,256.84510273972603
66,84,0.0,0.0,376.2492808219178,0.0,0.0,376.2492808219178,0.0,376.2492808219178
66,85,0.0,0.0,265.6598287671234,0.0,0.0,265.6598287671234,0.0,265.6598287671234
66,86,0.0,395.97,503.9685958904107,0.0,0.0,503.9685958904107,0.0,503.9685958904107
66,87,0.0,0.0,269.4978424657534,0.0,0.0,269.4978424657534,0.0,269.4978424657534
66,88,0.0,0.0,504.29510273972596,0.0,0.0,504.29510273972596,0.0,504.29510273972596
66,89,0.0,0.0,358.29476027397266,0.0,0.0,358.29476027397266,0.0,358.29476027397266
66,90,0.0,0.0,503.18133561643833,0.0,0.0,503.18133561643833,0.0,503.18133561643833
66,91,0.0,0.0,436.5981506849317,0.0,0.0,436.5981506849317,0.0,436.5981506849317
66,92,0.0,0.0,451.02246575342457,0.0,0.0,451.02246575342457,0.0,451.02246575342457
66,93,0.0,0.0,385.8469520547945,0.0,0.0,385.8469520547945,0.0,385.8469520547945
66,94,0.0,0.0,276.4630821917808,0.0,0.0,276.4630821917808,0.0,276.4630821917808
66,95,0.0,271.58202054794526,271.58202054794526,0.0,0.0,271.58202054794526,0.0,271.58202054794526
67,0,0.0,0.0,225.44938356164386,0.0,0.0,225.44938356164386,0.0,225.44938356164386
67,1,0.0,0.0,509.6604109589041,0.0,0.0,509.6604109589041,0.0,509.6604109589041
67,2,0.0,0.0,546.2143150684931,0.0,0.0,546.2143150684931,0.0,546.2143150684931
67,3,0.0,0.0,241.21928082191778,0.0,0.0,241.21928082191778,0.0,241.21928082191778
67,4,0.0,0.0,524.5339726027396,0.0,0.0,524.5339726027396,0.0,524.5339726027396
67,5,0.0,0.0,424.828801369863,0.0,0.0,424.828801369863,0.0,424.828801369863
67,6,0.0,0.0,486.7493150684934,0.0,0.0,486.7493150684934,0.0,486.7493150684934
67,7,0.0,0.0,347.7283561643836,0.0,0.0,347.7283561643836,0.0,347.7283561643836
67,8,0.0,0.0,377.5047260273973,0.0,0.0,377.5047260273973,0.0,377.5047260273973
67,9,0.0,0.0,465.06106164383544,0.0,0.0,465.06106164383544,0.0,465.06106164383544
67,10,425.97,0.0,452.51907534246584,425.97,0.0,26.549075342465812,425.97,452.51907534246584
67,11,0.0,0.0,289.2730821917808,0.0,0.0,289.2730821917808,0.0,289.2730821917808
67,12,0.0,0.0,386.6066438356164,0.0,0.0,386.6066438356164,0.0,386.6066438356164
67,13,326.93,0.0,467.8044863013699,326.93,0.0,140.87448630136987,326.93,467.8044863013699
67,14,551.09,0.0,423.9286301369862,423.9286301369862,127.16136986301382,0.0,423.9286301369862,423.9286301369862
67,15,0.0,0.0,370.4582191780823,0.0,0.0,370.4582191780823,0.0,370.4582191780823
67,16,0.0,0.0,372.61815068493144,0.0,0.0,372.61815068493144,0.0,372.61815068493144
67,17,0.0,0.0,440.7528424657535,0.0,0.0,440.7528424657535,0.0,440.7528424657535
67,18,0.0,323.05,363.7329452054794,0.0,0.0,363.7329452054794,0.0,363.7329452054794
67,19,0.0,0.0,339.1046917808219,0.0,0.0,339.1046917808219,0.0,339.1046917808219
67,20,0.0,0.0,382.2246917808219,0.0,0.0,382.2246917808219,0.0,382.2246917808219
67,21,0.0,0.0,217.15965753424652,0.0,0.0,217.15965753424652,0.0,217.15965753424652
67,22,0.0,0.0,514.6831506849315,0.0,0.0,514.6831506849315,0.0,514.6831506849315
67,23,0.0,0.0,400.63876712328766,0.0,0.0,400.63876712328766,0.0,400.63876712328766
67,24,0.0,0.0,420.8831506849314,0.0,0.0,420.8831506849314,0.0,420.8831506849314
67,25,0.0,0.0,414.17273972602743,0.0,0.0,414.17273972602743,0.0,414.17273972602743
67,26,0.0,0.0,433.2189726027399,0.0,0.0,433.2189726027399,0.0,433.2189726027399
67,27,401.13,120.81,324.58712328767126,324.58712328767126,76.54287671232873,0.0,324.58712328767126,324.58712328767126
67,28,0.0,0.0,357.3754109589041,0.0,0.0,357.3754109589041,0.0,357.3754109589041
67,29,550.74,0.0,292.1207876712329,292.1207876712329,258.6192123287671,0.0,292.1207876712329,292.1207876712329
67,30,0.0,0.0,408.68301369863025,0.0,0.0,408.68301369863025,0.0,408.68301369863025
67,31,0.0,0.0,575.8559589041095,0.0,0.0,575.8559589041095,0.0,575.8559589041095
67,32,0.0,0.0,515.9707191780824,0.0,0.0,515.9707191780824,0.0,515.9707191780824
67,33,0.0,0.0,332.5119863013699,0.0,0.0,332.5119863013699,0.0,332.5119863013699
67,34,0.0,0.0,484.3216095890409,0.0,0.0,484.3216095890409,0.0,484.3216095890409
67,35,0.0,0.0,392.25914383561656,0.0,0.0,392.25914383561656,0.0,392.25914383561656
67,36,220.68,0.0,556.6009246575342,220.68,0.0,335.92092465753416,220.68,556.6009246575342
67,37,506.72,0.0,367.40099315068494,367.40099315068494,139.3190068493151,0.0,367.40099315068494,367.40099315068494
67,38,0.0,0.0,453.86154109589035,0.0,0.0,453.86154109589035,0.0,453.86154109589035
67,39,0.0,333.2752739726027,333.2752739726027,0.0,0.0,333.2752739726027,0.0,333.2752739726027
67,40,551.68,0.0,363.6351369863013,363.6351369863013,188.04486301369866,0.0,363.6351369863013,363.6351369863013
67,41,0.0,342.41434931506853,342.41434931506853,0.0,0.0,342.41434931506853,0.0,342.41434931506853
67,42,0.0,0.0,271.86130136986304,0.0,0.0,271.86130136986304,0.0,271.86130136986304
67,43,0.0,0.0,480.8273630136987,0.0,0.0,480.8273630136987,0.0,480.8273630136987
67,44,0.0,0.0,279.9872945205479,0.0,0.0,279.9872945205479,0.0,279.9872945205479
67,45,0.0,0.0,535.524212328767,0.0,0.0,535.524212328767,0.0,535.524212328767
67,46,0.0,0.0,423.32404109589044,0.0,0.0,423.32404109589044,0.0,423.32404109589044
67,47,0.0,228.74,388.81476027397264,0.0,0.0,388.81476027397264,0.0,388.81476027397264
67,48,0.0,0.0,527.1062328767123,0.0,0.0,527.1062328767123,0.0,527.1062328767123
67,49,216.66,0.0,338.29465753424654,216.66,0.0,121.63465753424654,216.66,338.29465753424654
67,50,0.0,0.0,404.66832191780827,0.0,0.0,404.66832191780827,0.0,404.66832191780827
67,51,0.0,0.0,245.63647260273976,0.0,0.0,245.63647260273976,0.0,245.63647260273976
67,52,0.0,0.0,465.3753424657534,0.0,0.0,465.3753424657534,0.0,465.3753424657534
67,53,0.0,0.0,310.62667808219175,0.0,0.0,310.62667808219175,0.0,310.62667808219175
67,54,403.11,0.0,468.955410958904,403.11,0.0,65.84541095890398,403.11,468.955410958904
67,55,0.0,0.0,305.61544520547955,0.0,0.0,305.61544520547955,0.0,305.61544520547955
67,56,0.0,0.0,376.81647260273974,0.0,0.0,376.81647260273974,0.0,376.81647260273974
67,57,0.0,313.2279452054794,313.2279452054794,0.0,0.0,313.2279452054794,0.0,313.2279452054794
67,58,0.0,0.0,497.21479452054797,0.0,0.0,497.21479452054797,0.0,497.21479452054797
67,59,0.0,0.0,482.41075342465746,0.0,0.0,482.41075342465746,0.0,482.4107534246574
67,60,0.0,0.0,430.6970547945208,0.0,0.0,430.6970547945208,0.0,430.6970547945208
67,61,0.0,297.4455821917809,297.4455821917809,0.0,0.0,297.4455821917809,0.0,297.4455821917809
67,62,0.0,264.54,363.9398287671233,0.0,0.0,363.9398287671233,0.0,363.9398287671233
67,63,0.0,0.0,454.9069863013698,0.0,0.0,454.9069863013698,0.0,454.9069863013698
67,64,0.0,0.0,351.72698630136995,0.0,0.0,351.72698630136995,0.0,351.72698630136995
67,65,0.0,0.0,343.8869863013699,0.0,0.0,343.8869863013699,0.0,343.8869863013699
67,66,0.0,165.18,407.6145547945206,0.0,0.0,407.6145547945206,0.0,407.6145547945206
67,67,0.0,335.22,476.1551027397259,0.0,0.0,476.1551027397259,0.0,476.1551027397259
67,68,304.23,0.0,430.29191780821895,304.23,0.0,126.06191780821894,304.23,430.29191780821895
67,69,0.0,0.0,278.01890410958913,0.0,0.0,278.01890410958913,0.0,278.01890410958913
67,70,0.0,0.0,532.8097945205478,0.0,0.0,532.8097945205478,0.0,532.8097945205478
67,71,0.0,0.0,206.50311643835613,0.0,0.0,206.50311643835613,0.0,206.50311643835613
67,72,439.35,0.0,470.0392123287671,439.35,0.0,30.6892123287671,439.35,470.0392123287671
67,73,0.0,0.0,393.43020547945207,0.0,0.0,393.43020547945207,0.0,393.43020547945207
67,74,0.0,0.0,427.86421232876705,0.0,0.0,427.86421232876705,0.0,427.86421232876705
67,75,0.0,0.0,419.05044520547926,0.0,0.0,419.05044520547926,0.0,419.05044520547926
67,76,0.0,0.0,300.4021232876712,0.0,0.0,300.4021232876712,0.0,300.4021232876712
67,77,251.18,0.0,389.77486301369856,251.18,0.0,138.59486301369856,251.18,389.77486301369856
67,78,0.0,0.0,259.3933904109589,0.0,0.0,259.3933904109589,0.0,259.3933904109589
67,79,0.0,0.0,330.1576369863013,0.0,0.0,330.1576369863013,0.0,330.1576369863013
67,80,0.0,119.85000000000002,403.9877397260275,0.0,0.0,403.9877397260275,0.0,403.9877397260275
67,81,0.0,0.0,432.53695205479454,0.0,0.0,432.53695205479454,0.0,432.53695205479454
67,82,0.0,360.34,390.9296232876712,0.0,0.0,390.9296232876712,0.0,390.9296232876712
67,83,0.0,0.0,256.84510273972603,0.0,0.0,256.84510273972603,0.0,256.84510273972603
67,84,0.0,0.0,376.2492808219178,0.0,0.0,376.2492808219178,0.0,376.2492808219178
67,85,0.0,0.0,265.6598287671234,0.0,0.0,265.6598287671234,0.0,265.6598287671234
67,86,573.73,0.0,503.9685958904107,503.9685958904107,69.76140410958931,0.0,503.9685958904107,503.9685958904107
67,87,574.57,0.0,269.4978424657534,269.4978424657534,305.0721575342466,0.0,269.4978424657534,269.4978424657534
67,88,359.85,0.0,504.29510273972596,359.85,0.0,144.44510273972594,359.85,504.29510273972596
67,89,0.0,0.0,358.29476027397266,0.0,0.0,358.29476027397266,0.0,358.29476027397266
67,90,0.0,0.0,503.18133561643833,0.0,0.0,503.18133561643833,0.0,503.18133561643833
67,91,0.0,0.0,436.5981506849317,0.0,0.0,436.5981506849317,0.0,436.5981506849317
67,92,0.0,0.0,451.02246575342457,0.0,0.0,451.02246575342457,0.0,451.02246575342457
67,93,0.0,0.0,385.8469520547945,0.0,0.0,385.8469520547945,0.0,385.8469520547945
67,94,0.0,0.0,276.4630821917808,0.0,0.0,276.4630821917808,0.0,276.4630821917808
67,95,599.06,0.0,271.58202054794526,271.58202054794526,327.4779794520547,0.0,271.58202054794526,271.58202054794526
68,0,0.0,0.0,225.44938356164386,0.0,0.0,225.44938356164386,0.0,225.44938356164386
68,1,319.29,0.0,509.6604109589041,319.29,0.0,190.37041095890407,319.29,509.6604109589041
68,2,194.55,0.0,546.2143150684931,194.55,0.0,351.66431506849307,194.55,546.2143150684931
68,3,0.0,0.0,241.21928082191778,0.0,0.0,241.21928082191778,0.0,241.21928082191778
68,4,0.0,0.0,524.5339726027396,0.0,0.0,524.5339726027396,0.0,524.5339726027396
68,5,0.0,0.0,424.828801369863,0.0,0.0,424.828801369863,0.0,424.828801369863
68,6,154.7,0.0,486.7493150684934,154.7,0.0,332.0493150684934,154.7,486.7493150684934
68,7,0.0,0.0,347.7283561643836,0.0,0.0,347.7283561643836,0.0,347.7283561643836
68,8,0.0,0.0,377.5047260273973,0.0,0.0,377.5047260273973,0.0,377.5047260273973
68,9,248.19,0.0,465.06106164383544,248.19,0.0,216.87106164383545,248.19,465.06106164383544
68,10,0.0,0.0,26.549075342465812,0.0,0.0,26.549075342465812,0.0,452.51907534246584
68,11,0.0,0.0,289.2730821917808,0.0,0.0,289.2730821917808,0.0,289.2730821917808
68,12,0.0,0.0,386.6066438356164,0.0,0.0,386.6066438356164,0.0,386.6066438356164
68,13,0.0,0.0,140.87448630136987,0.0,0.0,140.87448630136987,0.0,467.8044863013699
68,14,0.0,0.0,0.0,0.0,0.0,0.0,0.0,423.9286301369862
68,15,0.0,0.0,370.4582191780823,0.0,0.0,370.4582191780823,0.0,370.4582191780823
68,16,160.21,0.0,372.61815068493144,160.21,0.0,212.40815068493143,160.21,372.61815068493144
68,17,353.96,0.0,440.7528424657535,353.96,0.0,86.7928424657535,353.96,440.7528424657535
68,18,0.0,0.0,363.7329452054794,0.0,0.0,363.7329452054794,0.0,363.7329452054794
68,19,0.0,0.0,339.1046917808219,0.0,0.0,339.1046917808219,0.0,339.1046917808219
68,20,0.0,0.0,382.2246917808219,0.0,0.0,382.2246917808219,0.0,382.2246917808219
68,21,0.0,0.0,217.15965753424652,0.0,0.0,217.15965753424652,0.0,217.15965753424652
68,22,0.0,0.0,514.6831506849315,0.0,0.0,514.6831506849315,0.0,514.6831506849315
68,23,0.0,0.0,400.63876712328766,0.0,0.0,400.63876712328766,0.0,400.63876712328766
68,24,0.0,0.0,420.8831506849314,0.0,0.0,420.8831506849314,0.0,420.8831506849314
68,25,0.0,0.0,414.17273972602743,0.0,0.0,414.17273972602743,0.0,414.17273972602743
68,26,0.0,0.0,433.2189726027399,0.0,0.0,433.2189726027399,0.0,433.2189726027399
68,27,0.0,0.0,0.0,0.0,0.0,0.0,0.0,324.58712328767126
68,28,0.0,0.0,357.3754109589041,0.0,0.0,357.3754109589041,0.0,357.3754109589041
68,29,0.0,0.0,0.0,0.0,0.0,0.0,0.0,292.1207876712329
68,30,0.0,0.0,408.68301369863025,0.0,0.0,408.68301369863025,0.0,408.68301369863025
68,31,0.0,0.0,575.8559589041095,0.0,0.0,575.8559589041095,0.0,575.8559589041095
68,32,0.0,0.0,515.9707191780824,0.0,0.0,515.9707191780824,0.0,515.9707191780824
68,33,355.66,0.0,332.5119863013699,332.5119863013699,23.14801369863011,0.0,332.5119863013699,332.5119863013699
68,34,0.0,0.0,484.3216095890409,0.0,0.0,484.3216095890409,0.0,484.3216095890409
68,35,0.0,0.0,392.25914383561656,0.0,0.0,392.25914383561656,0.0,392.25914383561656
68,36,0.0,0.0,335.92092465753416,0.0,0.0,335.92092465753416,0.0,556.6009246575342
68,37,0.0,0.0,0.0,0.0,0.0,0.0,0.0,367.40099315068494
68,38,0.0,0.0,453.86154109589035,0.0,0.0,453.86154109589035,0.0,453.86154109589035
68,39,0.0,0.0,333.2752739726027,0.0,0.0,333.2752739726027,0.0,333.2752739726027
68,40,0.0,0.0,0.0,0.0,0.0,0.0,0.0,363.6351369863013
68,41,121.89,0.0,342.41434931506853,121.89,0.0,220.52434931506855,121.88999999999999,342.41434931506853
68,42,0.0,0.0,271.86130136986304,0.0,0.0,271.86130136986304,0.0,271.86130136986304
68,43,0.0,0.0,480.8273630136987,0.0,0.0,480.8273630136987,0.0,480.8273630136987
68,44,0.0,0.0,279.9872945205479,0.0,0.0,279.9872945205479,0.0,279.9872945205479
68,45,0.0,0.0,535.524212328767,0.0,0.0,535.524212328767,0.0,535.524212328767
68,46,0.0,0.0,423.32404109589044,0.0,0.0,423.32404109589044,0.0,423.32404109589044
68,47,0.0,0.0,388.81476027397264,0.0,0.0,388.81476027397264,0.0,388.81476027397264
68,48,0.0,0.0,527.1062328767123,0.0,0.0,527.1062328767123,0.0,527.1062328767123
68,49,0.0,0.0,121.63465753424654,0.0,0.0,121.63465753424654,0.0,338.29465753424654
68,50,0.0,0.0,404.66832191780827,0.0,0.0,404.66832191780827,0.0,404.66832191780827
68,51,0.0,0.0,245.63647260273976,0.0,0.0,245.63647260273976,0.0,245.63647260273976
68,52,0.0,0.0,465.3753424657534,0.0,0.0,465.3753424657534,0.0,465.3753424657534
68,53,0.0,0.0,310.62667808219175,0.0,0.0,310.62667808219175,0.0,310.62667808219175
68,54,0.0,0.0,65.84541095890398,0.0,0.0,65.84541095890398,0.0,468.955410958904
68,55,0.0,0.0,305.61544520547955,0.0,0.0,305.61544520547955,0.0,305.61544520547955
68,56,0.0,0.0,376.81647260273974,0.0,0.0,376.81647260273974,0.0,376.81647260273974
68,57,0.0,0.0,313.2279452054794,0.0,0.0,313.2279452054794,0.0,313.2279452054794
68,58,0.0,0.0,497.21479452054797,0.0,0.0,497.21479452054797,0.0,497.21479452054797
68,59,356.07,0.0,482.41075342465746,356.07,0.0,126.34075342465746,356.06999999999994,482.4107534246574
68,60,0.0,0.0,430.6970547945208,0.0,0.0,430.6970547945208,0.0,430.6970547945208
68,61,0.0,0.0,297.4455821917809,0.0,0.0,297.4455821917809,0.0,297.4455821917809
68,62,270.09,0.0,363.9398287671233,270.09,0.0,93.84982876712331,270.09,363.9398287671233
68,63,0.0,0.0,454.9069863013698,0.0,0.0,454.9069863013698,0.0,454.9069863013698
68,64,361.78,0.0,351.72698630136995,351.72698630136995,10.053013698630025,0.0,351.72698630136995,351.72698630136995
68,65,0.0,0.0,343.8869863013699,0.0,0.0,343.8869863013699,0.0,343.8869863013699
68,66,0.0,0.0,407.6145547945206,0.0,0.0,407.6145547945206,0.0,407.6145547945206
68,67,0.0,0.0,476.1551027397259,0.0,0.0,476.1551027397259,0.0,476.1551027397259
68,68,0.0,0.0,126.06191780821894,0.0,0.0,126.06191780821894,0.0,430.29191780821895
68,69,0.0,0.0,278.01890410958913,0.0,0.0,278.01890410958913,0.0,278.01890410958913
68,70,0.0,0.0,532.8097945205478,0.0,0.0,532.8097945205478,0.0,532.8097945205478
68,71,0.0,0.0,206.50311643835613,0.0,0.0,206.50311643835613,0.0,206.50311643835613
68,72,0.0,0.0,30.6892123287671,0.0,0.0,30.6892123287671,0.0,470.0392123287671
68,73,0.0,0.0,393.43020547945207,0.0,0.0,393.43020547945207,0.0,393.43020547945207
68,74,0.0,0.0,427.86421232876705,0.0,0.0,427.86421232876705,0.0,427.86421232876705
68,75,383.17,0.0,419.05044520547926,383.17,0.0,35.88044520547925,383.17,419.05044520547926
68,76,0.0,0.0,300.4021232876712,0.0,0.0,300.4021232876712,0.0,300.4021232876712
68,77,0.0,0.0,138.59486301369856,0.0,0.0,138.59486301369856,0.0,389.77486301369856
68,78,0.0,0.0,259.3933904109589,0.0,0.0,259.3933904109589,0.0,259.3933904109589
68,79,0.0,0.0,330.1576369863013,0.0,0.0,330.1576369863013,0.0,330.1576369863013
68,80,0.0,0.0,403.9877397260275,0.0,0.0,403.9877397260275,0.0,403.9877397260275
68,81,0.0,0.0,432.53695205479454,0.0,0.0,432.53695205479454,0.0,432.53695205479454
68,82,0.0,0.0,390.9296232876712,0.0,0.0,390.9296232876712,0.0,390.9296232876712
68,83,0.0,0.0,256.84510273972603,0.0,0.0,256.84510273972603,0.0,256.84510273972603
68,84,0.0,0.0,376.2492808219178,0.0,0.0,376.2492808219178,0.0,376.2492808219178
68,85,0.0,0.0,265.6598287671234,0.0,0.0,265.6598287671234,0.0,265.6598287671234
68,86,529.16,0.0,0.0,0.0,529.16,0.0,0.0,503.9685958904107
68,87,0.0,0.0,0.0,0.0,0.0,0.0,0.0,269.4978424657534
68,88,0.0,0.0,144.44510273972594,0.0,0.0,144.44510273972594,0.0,504.29510273972596
68,89,0.0,0.0,358.29476027397266,0.0,0.0,358.29476027397266,0.0,358.29476027397266
68,90,0.0,0.0,503.18133561643833,0.0,0.0,503.18133561643833,0.0,503.18133561643833
68,91,0.0,0.0,436.5981506849317,0.0,0.0,436.5981506849317,0.0,436.5981506849317
68,92,0.0,0.0,451.02246575342457,0.0,0.0,451.02246575342457,0.0,451.02246575342457
68,93,0.0,0.0,385.8469520547945,0.0,0.0,385.8469520547945,0.0,385.8469520547945
68,94,0.0,0.0,276.4630821917808,0.0,0.0,276.4630821917808,0.0,276.4630821917808
68,95,0.0,0.0,0.0,0.0,0.0,0.0,0.0,271.58202054794526
69,0,0.0,0.0,225.44938356164386,0.0,0.0,225.44938356164386,0.0,225.44938356164386
69,1,475.96,0.0,190.37041095890407,190.37041095890407,285.5895890410959,0.0,190.37041095890407,509.6604109589041
69,2,0.0,0.0,351.66431506849307,0.0,0.0,351.66431506849307,0.0,546.2143150684931
69,3,0.0,0.0,241.21928082191778,0.0,0.0,241.21928082191778,0.0,241.21928082191778
69,4,0.0,0.0,524.5339726027396,0.0,0.0,524.5339726027396,0.0,524.5339726027396
69,5,0.0,0.0,424.828801369863,0.0,0.0,424.828801369863,0.0,424.828801369863
69,6,0.0,0.0,332.0493150684934,0.0,0.0,332.0493150684934,0.0,486.7493150684934
69,7,0.0,0.0,347.7283561643836,0.0,0.0,347.7283561643836,0.0,347.7283561643836
69,8,0.0,0.0,377.5047260273973,0.0,0.0,377.5047260273973,0.0,377.5047260273973
69,9,0.0,0.0,216.87106164383545,0.0,0.0,216.87106164383545,0.0,465.06106164383544
69,10,582.97,425.97,452.51907534246584,452.51907534246584,130.4509246575342,0.0,452.51907534246584,452.51907534246584
69,11,0.0,0.0,289.2730821917808,0.0,0.0,289.2730821917808,0.0,289.2730821917808
69,12,0.0,0.0,386.6066438356164,0.0,0.0,386.6066438356164,0.0,386.6066438356164
69,13,0.0,326.93,467.8044863013699,0.0,0.0,467.8044863013699,0.0,467.8044863013699
69,14,0.0,423.9286301369862,423.9286301369862,0.0,0.0,423.9286301369862,0.0,423.9286301369862
69,15,0.0,0.0,370.4582191780823,0.0,0.0,370.4582191780823,0.0,370.4582191780823
69,16,0.0,0.0,212.40815068493143,0.0,0.0,212.40815068493143,0.0,372.61815068493144
69,17,266.72,0.0,86.7928424657535,86.7928424657535,179.92715753424653,0.0,86.7928424657535,440.7528424657535
69,18,0.0,0.0,363.7329452054794,0.0,0.0,363.7329452054794,0.0,363.7329452054794
69,19,0.0,0.0,339.1046917808219,0.0,0.0,339.1046917808219,0.0,339.1046917808219
69,20,0.0,0.0,382.2246917808219,0.0,0.0,382.2246917808219,0.0,382.2246917808219
69,21,0.0,0.0,217.15965753424652,0.0,0.0,217.15965753424652,0.0,217.15965753424652
69,22,0.0,0.0,514.6831506849315,0.0,0.0,514.6831506849315,0.0,514.6831506849315
69,23,0.0,0.0,400.63876712328766,0.0,0.0,400.63876712328766,0.0,400.63876712328766
69,24,0.0,0.0,420.8831506849314,0.0,0.0,420.8831506849314,0.0,420.8831506849314
69,25,0.0,0.0,414.17273972602743,0.0,0.0,414.17273972602743,0.0,414.17273972602743
69,26,352.59,0.0,433.2189726027399,352.59,0.0,80.6289726027399,352.59,433.2189726027399
69,27,0.0,324.58712328767126,324.58712328767126,0.0,0.0,324.58712328767126,0.0,324.58712328767126
69,28,0.0,0.0,357.3754109589041,0.0,0.0,357.3754109589041,0.0,357.3754109589041
69,29,0.0,292.1207876712329,292.1207876712329,0.0,0.0,292.1207876712329,0.0,292.1207876712329
69,30,0.0,0.0,408.68301369863025,0.0,0.0,408.68301369863025,0.0,408.68301369863025
69,31,0.0,0.0,575.8559589041095,0.0,0.0,575.8559589041095,0.0,575.8559589041095
69,32,0.0,0.0,515.9707191780824,0.0,0.0,515.9707191780824,0.0,515.9707191780824
69,33,0.0,0.0,0.0,0.0,0.0,0.0,0.0,332.5119863013699
69,34,0.0,0.0,484.3216095890409,0.0,0.0,484.3216095890409,0.0,484.3216095890409
69,35,463.88,0.0,392.25914383561656,392.25914383561656,71.62085616438344,0.0,392.25914383561656,392.25914383561656
69,36,227.77,220.68,556.6009246575342,227.77,0.0,328.8309246575342,227.76999999999998,556.6009246575342
69,37,0.0,367.40099315068494,367.40099315068494,0.0,0.0,367.40099315068494,0.0,367.40099315068494
69,38,161.73,0.0,453.86154109589035,161.73,0.0,292.1315410958904,161.72999999999996,453.86154109589035
69,39,0.0,0.0,333.2752739726027,0.0,0.0,333.2752739726027,0.0,333.2752739726027
69,40,0.0,363.6351369863013,363.6351369863013,0.0,0.0,363.6351369863013,0.0,363.6351369863013
69,41,0.0,0.0,220.52434931506855,0.0,0.0,220.52434931506855,0.0,342.41434931506853
69,42,309.62,0.0,271.86130136986304,271.86130136986304,37.75869863013696,0.0,271.86130136986304,271.86130136986304
69,43,0.0,0.0,480.8273630136987,0.0,0.0,480.8273630136987,0.0,480.8273630136987
69,44,0.0,0.0,279.9872945205479,0.0,0.0,279.9872945205479,0.0,279.9872945205479
69,45,0.0,0.0,535.524212328767,0.0,0.0,535.524212328767,0.0,535.524212328767
69,46,0.0,0.0,423.32404109589044,0.0,0.0,423.32404109589044,0.0,423.32404109589044
69,47,0.0,0.0,388.81476027397264,0.0,0.0,388.81476027397264,0.0,388.81476027397264
69,48,0.0,0.0,527.1062328767123,0.0,0.0,527.1062328767123,0.0,527.1062328767123
69,49,0.0,216.66,338.29465753424654,0.0,0.0,338.29465753424654,0.0,338.29465753424654
69,50,0.0,0.0,404.66832191780827,0.0,0.0,404.66832191780827,0.0,404.66832191780827
69,51,0.0,0.0,245.63647260273976,0.0,0.0,245.63647260273976,0.0,245.63647260273976
69,52,0.0,0.0,465.3753424657534,0.0,0.0,465.3753424657534,0.0,465.3753424657534
69,53,368.61,0.0,310.62667808219175,310.62667808219175,57.98332191780827,0.0,310.62667808219175,310.62667808219175
69,54,0.0,403.11,468.955410958904,0.0,0.0,468.955410958904,0.0,468.955410958904
69,55,0.0,0.0,305.61544520547955,0.0,0.0,305.61544520547955,0.0,305.61544520547955
69,56,0.0,0.0,376.81647260273974,0.0,0.0,376.81647260273974,0.0,376.81647260273974
69,57,0.0,0.0,313.2279452054794,0.0,0.0,313.2279452054794,0.0,313.2279452054794
69,58,0.0,0.0,497.21479452054797,0.0,0.0,497.21479452054797,0.0,497.21479452054797
69,59,523.89,0.0,126.34075342465746,126.34075342465746,397.5492465753425,0.0,126.34075342465746,482.4107534246574
69,60,0.0,0.0,430.6970547945208,0.0,0.0,430.6970547945208,0.0,430.6970547945208
69,61,0.0,0.0,297.4455821917809,0.0,0.0,297.4455821917809,0.0,297.4455821917809
69,62,0.0,0.0,93.84982876712331,0.0,0.0,93.84982876712331,0.0,363.9398287671233
69,63,0.0,0.0,454.9069863013698,0.0,0.0,454.9069863013698,0.0,454.9069863013698
69,64,0.0,0.0,0.0,0.0,0.0,0.0,0.0,351.72698630136995
69,65,0.0,0.0,343.8869863013699,0.0,0.0,343.8869863013699,0.0,343.8869863013699
69,66,0.0,0.0,407.6145547945206,0.0,0.0,407.6145547945206,0.0,407.6145547945206
69,67,0.0,0.0,476.1551027397259,0.0,0.0,476.1551027397259,0.0,476.1551027397259
69,68,0.0,304.23,430.29191780821895,0.0,0.0,430.29191780821895,0.0,430.29191780821895
69,69,0.0,0.0,278.01890410958913,0.0,0.0,278.01890410958913,0.0,278.01890410958913
69,70,0.0,0.0,532.8097945205478,0.0,0.0,532.8097945205478,0.0,532.8097945205478
69,71,0.0,0.0,206.50311643835613,0.0,0.0,206.50311643835613,0.0,206.50311643835613
69,72,0.0,439.35,470.0392123287671,0.0,0.0,470.0392123287671,0.0,470.0392123287671
69,73,0.0,0.0,393.43020547945207,0.0,0.0,393.43020547945207,0.0,393.43020547945207
69,74,0.0,0.0,427.86421232876705,0.0,0.0,427.86421232876705,0.0,427.86421232876705
69,75,0.0,0.0,35.88044520547925,0.0,0.0,35.88044520547925,0.0,419.05044520547926
69,76,0.0,0.0,300.4021232876712,0.0,0.0,300.4021232876712,0.0,300.4021232876712
69,77,537.42,251.18,389.77486301369856,389.77486301369856,147.6451369863014,0.0,389.77486301369856,389.77486301369856
69,78,0.0,0.0,259.3933904109589,0.0,0.0,259.3933904109589,0.0,259.3933904109589
69,79,0.0,0.0,330.1576369863013,0.0,0.0,330.1576369863013,0.0,330.1576369863013
69,80,0.0,0.0,403.9877397260275,0.0,0.0,403.9877397260275,0.0,403.9877397260275
69,81,0.0,0.0,432.53695205479454,0.0,0.0,432.53695205479454,0.0,432.53695205479454
69,82,0.0,0.0,390.9296232876712,0.0,0.0,390.9296232876712,0.0,390.9296232876712
69,83,0.0,0.0,256.84510273972603,0.0,0.0,256.84510273972603,0.0,256.84510273972603
69,84,0.0,0.0,376.2492808219178,0.0,0.0,376.2492808219178,0.0,376.2492808219178
69,85,533.72,0.0,265.6598287671234,265.6598287671234,268.06017123287666,0.0,265.6598287671234,265.6598287671234
69,86,0.0,503.9685958904107,503.9685958904107,0.0,0.0,503.9685958904107,0.0,503.9685958904107
69,87,0.0,269.4978424657534,269.4978424657534,0.0,0.0,269.4978424657534,0.0,269.4978424657534
69,88,0.0,359.85,504.29510273972596,0.0,0.0,504.29510273972596,0.0,504.29510273972596
69,89,0.0,0.0,358.29476027397266,0.0,0.0,358.29476027397266,0.0,358.29476027397266
69,90,225.64,0.0,503.18133561643833,225.64,0.0,277.54133561643835,225.64,503.18133561643833
69,91,236.94,0.0,436.5981506849317,236.94,0.0,199.65815068493168,236.94,436.5981506849317
69,92,0.0,0.0,451.02246575342457,0.0,0.0,451.02246575342457,0.0,451.02246575342457
69,93,0.0,0.0,385.8469520547945,0.0,0.0,385.8469520547945,0.0,385.8469520547945
69,94,0.0,0.0,276.4630821917808,0.0,0.0,276.4630821917808,0.0,276.4630821917808
69,95,0.0,271.58202054794526,271.58202054794526,0.0,0.0,271.58202054794526,0.0,271.58202054794526
70,0,0.0,0.0,225.44938356164386,0.0,0.0,225.44938356164386,0.0,225.44938356164386
70,1,502.15,319.29,319.29,319.29,182.85999999999996,0.0,319.29,509.6604109589041
70,2,0.0,194.55,546.2143150684931,0.0,0.0,546.2143150684931,0.0,546.2143150684931
70,3,0.0,0.0,241.21928082191778,0.0,0.0,241.21928082191778,0.0,241.21928082191778
70,4,0.0,0.0,524.5339726027396,0.0,0.0,524.5339726027396,0.0,524.5339726027396
70,5,0.0,0.0,424.828801369863,0.0,0.0,424.828801369863,0.0,424.828801369863
70,6,0.0,154.7,486.7493150684934,0.0,0.0,486.7493150684934,0.0,486.7493150684934
70,7,0.0,0.0,347.7283561643836,0.0,0.0,347.7283561643836,0.0,347.7283561643836
70,8,0.0,0.0,377.5047260273973,0.0,0.0,377.5047260273973,0.0,377.5047260273973
70,9,0.0,248.19,465.06106164383544,0.0,0.0,465.06106164383544,0.0,465.06106164383544
70,10,0.0,0.0,0.0,0.0,0.0,0.0,0.0,452.51907534246584
70,11,0.0,0.0,289.2730821917808,0.0,0.0,289.2730821917808,0.0,289.2730821917808
70,12,0.0,0.0,386.6066438356164,0.0,0.0,386.6066438356164,0.0,386.6066438356164
70,13,0.0,0.0,467.8044863013699,0.0,0.0,467.8044863013699,0.0,467.8044863013699
70,14,0.0,0.0,423.9286301369862,0.0,0.0,423.9286301369862,0.0,423.9286301369862
70,15,0.0,0.0,370.4582191780823,0.0,0.0,370.4582191780823,0.0,370.4582191780823
70,16,0.0,160.21,372.61815068493144,0.0,0.0,372.61815068493144,0.0,372.61815068493144
70,17,0.0,353.96,353.96,0.0,0.0,353.96,0.0,440.7528424657535
70,18,0.0,0.0,363.7329452054794,0.0,0.0,363.7329452054794,0.0,363.7329452054794
70,19,0.0,0.0,339.1046917808219,0.0,0.0,339.1046917808219,0.0,339.1046917808219
70,20,0.0,0.0,382.2246917808219,0.0,0.0,382.2246917808219,0.0,382.2246917808219
70,21,0.0,0.0,217.15965753424652,0.0,0.0,217.15965753424652,0.0,217.15965753424652
70,22,0.0,0.0,514.6831506849315,0.0,0.0,514.6831506849315,0.0,514.6831506849315
70,23,0.0,0.0,400.63876712328766,0.0,0.0,400.63876712328766,0.0,400.63876712328766
70,24,0.0,0.0,420.8831506849314,0.0,0.0,420.8831506849314,0.0,420.8831506849314
70,25,0.0,0.0,414.17273972602743,0.0,0.0,414.17273972602743,0.0,414.17273972602743
70,26,174.65,0.0,80.6289726027399,80.6289726027399,94.0210273972601,0.0,80.6289726027399,433.2189726027399
70,27,424.45,0.0,324.58712328767126,324.58712328767126,99.86287671232873,0.0,324.58712328767126,324.58712328767126
70,28,0.0,0.0,357.3754109589041,0.0,0.0,357.3754109589041,0.0,357.3754109589041
70,29,0.0,0.0,292.1207876712329,0.0,0.0,292.1207876712329,0.0,292.1207876712329
70,30,0.0,0.0,408.68301369863025,0.0,0.0,408.68301369863025,0.0,408.68301369863025
70,31,441.83,0.0,575.8559589041095,441.83,0.0,134.02595890410947,441.83,575.8559589041095
70,32,0.0,0.0,515.9707191780824,0.0,0.0,515.9707191780824,0.0,515.9707191780824
70,33,0.0,332.5119863013699,332.5119863013699,0.0,0.0,332.5119863013699,0.0,332.5119863013699
70,34,0.0,0.0,484.3216095890409,0.0,0.0,484.3216095890409,0.0,484.3216095890409
70,35,0.0,0.0,0.0,0.0,0.0,0.0,0.0,392.25914383561656
70,36,0.0,0.0,328.8309246575342,0.0,0.0,328.8309246575342,0.0,556.6009246575342
70,37,0.0,0.0,367.40099315068494,0.0,0.0,367.40099315068494,0.0,367.40099315068494
70,38,584.81,0.0,292.1315410958904,292.1315410958904,292.67845890410956,0.0,292.1315410958904,453.86154109589035
70,39,522.49,0.0,333.2752739726027,333.2752739726027,189.21472602739732,0.0,333.2752739726027,333.2752739726027
70,40,338.71,0.0,363.6351369863013,338.71,0.0,24.92513698630131,338.71,363.6351369863013
70,41,0.0,121.88999999999999,342.41434931506853,0.0,0.0,342.41434931506853,0.0,342.41434931506853
70,42,0.0,0.0,0.0,0.0,0.0,0.0,0.0,271.86130136986304
70,43,0.0,0.0,480.8273630136987,0.0,0.0,480.8273630136987,0.0,480.8273630136987
70,44,0.0,0.0,279.9872945205479,0.0,0.0,279.9872945205479,0.0,279.9872945205479
70,45,0.0,0.0,535.524212328767,0.0,0.0,535.524212328767,0.0,535.524212328767
70,46,105.88,0.0,423.32404109589044,105.88,0.0,317.44404109589044,105.88,423.32404109589044
70,47,0.0,0.0,388.81476027397264,0.0,0.0,388.81476027397264,0.0,388.81476027397264
70,48,0.0,0.0,527.1062328767123,0.0,0.0,527.1062328767123,0.0,527.1062328767123
70,49,0.0,0.0,338.29465753424654,0.0,0.0,338.29465753424654,0.0,338.29465753424654
70,50,215.72,0.0,404.66832191780827,215.72,0.0,188.94832191780827,215.72,404.66832191780827
70,51,0.0,0.0,245.63647260273976,0.0,0.0,245.63647260273976,0.0,245.63647260273976
70,52,0.0,0.0,465.3753424657534,0.0,0.0,465.3753424657534,0.0,465.3753424657534
70,53,0.0,0.0,0.0,0.0,0.0,0.0,0.0,310.62667808219175
70,54,0.0,0.0,468.955410958904,0.0,0.0,468.955410958904,0.0,468.955410958904
70,55,322.8,0.0,305.61544520547955,305.61544520547955,17.184554794520466,0.0,305.61544520547955,305.61544520547955
70,56,0.0,0.0,376.81647260273974,0.0,0.0,376.81647260273974,0.0,376.81647260273974
70,57,0.0,0.0,313.2279452054794,0.0,0.0,313.2279452054794,0.0,313.2279452054794
70,58,0.0,0.0,497.21479452054797,0.0,0.0,497.21479452054797,0.0,497.21479452054797
70,59,576.4,356.06999999999994,356.06999999999994,356.06999999999994,220.33000000000004,0.0,356.06999999999994,482.4107534246574
70,60,0.0,0.0,430.6970547945208,0.0,0.0,430.6970547945208,0.0,430.6970547945208
70,61,0.0,0.0,297.4455821917809,0.0,0.0,297.4455821917809,0.0,297.4455821917809
70,62,0.0,270.09,363.9398287671233,0.0,0.0,363.9398287671233,0.0,363.9398287671233
70,63,0.0,0.0,454.9069863013698,0.0,0.0,454.9069863013698,0.0,454.9069863013698
70,64,0.0,351.72698630136995,351.72698630136995,0.0,0.0,351.72698630136995,0.0,351.72698630136995
70,65,0.0,0.0,343.8869863013699,0.0,0.0,343.8869863013699,0.0,343.8869863013699
70,66,0.0,0.0,407.6145547945206,0.0,0.0,407.6145547945206,0.0,407.6145547945206
70,67,0.0,0.0,476.1551027397259,0.0,0.0,476.1551027397259,0.0,476.1551027397259
70,68,0.0,0.0,430.29191780821895,0.0,0.0,430.29191780821895,0.0,430.29191780821895
70,69,0.0,0.0,278.01890410958913,0.0,0.0,278.01890410958913,0.0,278.01890410958913
70,70,0.0,0.0,532.8097945205478,0.0,0.0,532.8097945205478,0.0,532.8097945205478
70,71,0.0,0.0,206.50311643835613,0.0,0.0,206.50311643835613,0.0,206.50311643835613
70,72,0.0,0.0,470.0392123287671,0.0,0.0,470.0392123287671,0.0,470.0392123287671
70,73,0.0,0.0,393.43020547945207,0.0,0.0,393.43020547945207,0.0,393.43020547945207
70,74,358.99,0.0,427.86421232876705,358.99,0.0,68.87421232876704,358.99,427.86421232876705
70,75,575.17,383.17,419.05044520547926,419.05044520547926,156.1195547945207,0.0,419.05044520547926,419.05044520547926
70,76,0.0,0.0,300.4021232876712,0.0,0.0,300.4021232876712,0.0,300.4021232876712
70,77,0.0,0.0,0.0,0.0,0.0,0.0,0.0,389.77486301369856
70,78,0.0,0.0,259.3933904109589,0.0,0.0,259.3933904109589,0.0,259.3933904109589
70,79,0.0,0.0,330.1576369863013,0.0,0.0,330.1576369863013,0.0,330.1576369863013
70,80,0.0,0.0,403.9877397260275,0.0,0.0,403.9877397260275,0.0,403.9877397260275
70,81,0.0,0.0,432.53695205479454,0.0,0.0,432.53695205479454,0.0,432.53695205479454
70,82,387.91,0.0,390.9296232876712,387.91,0.0,3.019623287671152,387.91,390.9296232876712
70,83,0.0,0.0,256.84510273972603,0.0,0.0,256.84510273972603,0.0,256.84510273972603
70,84,0.0,0.0,376.2492808219178,0.0,0.0,376.2492808219178,0.0,376.2492808219178
70,85,0.0,0.0,0.0,0.0,0.0,0.0,0.0,265.6598287671234
70,86,0.0,0.0,503.9685958904107,0.0,0.0,503.9685958904107,0.0,503.9685958904107
70,87,0.0,0.0,269.4978424657534,0.0,0.0,269.4978424657534,0.0,269.4978424657534
70,88,0.0,0.0,504.29510273972596,0.0,0.0,504.29510273972596,0.0,504.29510273972596
70,89,532.17,0.0,358.29476027397266,358.29476027397266,173.8752397260273,0.0,358.29476027397266,358.29476027397266
70,90,0.0,0.0,277.54133561643835,0.0,0.0,277.54133561643835,0.0,503.18133561643833
70,91,0.0,0.0,199.65815068493168,0.0,0.0,199.65815068493168,0.0,436.5981506849317
70,92,0.0,0.0,451.02246575342457,0.0,0.0,451.02246575342457,0.0,451.02246575342457
70,93,0.0,0.0,385.8469520547945,0.0,0.0,385.8469520547945,0.0,385.8469520547945
70,94,0.0,0.0,276.4630821917808,0.0,0.0,276.4630821917808,0.0,276.4630821917808
70,95,0.0,0.0,271.58202054794526,0.0,0.0,271.58202054794526,0.0,271.58202054794526
71,0,0.0,0.0,225.44938356164386,0.0,0.0,225.44938356164386,0.0,225.44938356164386
71,1,0.0,190.37041095890407,190.37041095890407,0.0,0.0,190.37041095890407,0.0,509.6604109589041
71,2,142.77,0.0,546.2143150684931,142.77,0.0,403.4443150684931,142.76999999999998,546.2143150684931
71,3,0.0,0.0,241.21928082191778,0.0,0.0,241.21928082191778,0.0,241.21928082191778
71,4,0.0,0.0,524.5339726027396,0.0,0.0,524.5339726027396,0.0,524.5339726027396
71,5,0.0,0.0,424.828801369863,0.0,0.0,424.828801369863,0.0,424.828801369863
71,6,0.0,0.0,486.7493150684934,0.0,0.0,486.7493150684934,0.0,486.7493150684934
71,7,0.0,0.0,347.7283561643836,0.0,0.0,347.7283561643836,0.0,347.7283561643836
71,8,0.0,0.0,377.5047260273973,0.0,0.0,377.5047260273973,0.0,377.5047260273973
71,9,474.96,0.0,465.06106164383544,465.06106164383544,9.898938356164535,0.0,465.06106164383544,465.06106164383544
71,10,0.0,452.51907534246584,452.51907534246584,0.0,0.0,452.51907534246584,0.0,452.51907534246584
71,11,0.0,0.0,289.2730821917808,0.0,0.0,289.2730821917808,0.0,289.2730821917808
71,12,0.0,0.0,386.6066438356164,0.0,0.0,386.6066438356164,0.0,386.6066438356164
71,13,0.0,0.0,467.8044863013699,0.0,0.0,467.8044863013699,0.0,467.8044863013699
71,14,0.0,0.0,423.9286301369862,0.0,0.0,423.9286301369862,0.0,423.9286301369862
71,15,0.0,0.0,370.4582191780823,0.0,0.0,370.4582191780823,0.0,370.4582191780823
71,16,0.0,0.0,372.61815068493144,0.0,0.0,372.61815068493144,0.0,372.61815068493144
71,17,0.0,86.7928424657535,440.7528424657535,0.0,0.0,440.7528424657535,0.0,440.7528424657535
71,18,0.0,0.0,363.7329452054794,0.0,0.0,363.7329452054794,0.0,363.7329452054794
71,19,0.0,0.0,339.1046917808219,0.0,0.0,339.1046917808219,0.0,339.1046917808219
71,20,0.0,0.0,382.2246917808219,0.0,0.0,382.2246917808219,0.0,382.2246917808219
71,21,0.0,0.0,217.15965753424652,0.0,0.0,217.15965753424652,0.0,217.15965753424652
71,22,0.0,0.0,514.6831506849315,0.0,0.0,514.6831506849315,0.0,514.6831506849315
71,23,0.0,0.0,400.63876712328766,0.0,0.0,400.63876712328766,0.0,400.63876712328766
71,24,0.0,0.0,420.8831506849314,0.0,0.0,420.8831506849314,0.0,420.8831506849314
71,25,0.0,0.0,414.17273972602743,0.0,0.0,414.17273972602743,0.0,414.17273972602743
71,26,165.09,352.59,352.59,165.09,0.0,187.49999999999997,165.09,433.2189726027399
71,27,0.0,0.0,0.0,0.0,0.0,0.0,0.0,324.58712328767126
71,28,0.0,0.0,357.3754109589041,0.0,0.0,357.3754109589041,0.0,357.3754109589041
71,29,0.0,0.0,292.1207876712329,0.0,0.0,292.1207876712329,0.0,292.1207876712329
71,30,0.0,0.0,408.68301369863025,0.0,0.0,408.68301369863025,0.0,408.68301369863025
71,31,0.0,0.0,134.02595890410947,0.0,0.0,134.02595890410947,0.0,575.8559589041095
71,32,0.0,0.0,515.9707191780824,0.0,0.0,515.9707191780824,0.0,515.9707191780824
71,33,0.0,0.0,332.5119863013699,0.0,0.0,332.5119863013699,0.0,332.5119863013699
71,34,0.0,0.0,484.3216095890409,0.0,0.0,484.3216095890409,0.0,484.3216095890409
71,35,228.55,392.25914383561656,392.25914383561656,228.55,0.0,163.70914383561654,228.55,392.25914383561656
71,36,0.0,227.76999999999998,556.6009246575342,0.0,0.0,556.6009246575342,0.0,556.6009246575342
71,37,0.0,0.0,367.40099315068494,0.0,0.0,367.40099315068494,0.0,367.40099315068494
71,38,439.48,161.72999999999996,161.72999999999996,161.72999999999996,277.75000000000006,0.0,161.72999999999996,453.86154109589035
71,39,0.0,0.0,0.0,0.0,0.0,0.0,0.0,333.2752739726027
71,40,0.0,0.0,24.92513698630131,0.0,0.0,24.92513698630131,0.0,363.6351369863013
71,41,0.0,0.0,342.41434931506853,0.0,0.0,342.41434931506853,0.0,342.41434931506853
71,42,0.0,271.86130136986304,271.86130136986304,0.0,0.0,271.86130136986304,0.0,271.86130136986304
71,43,0.0,0.0,480.8273630136987,0.0,0.0,480.8273630136987,0.0,480.8273630136987
71,44,0.0,0.0,279.9872945205479,0.0,0.0,279.9872945205479,0.0,279.9872945205479
71,45,0.0,0.0,535.524212328767,0.0,0.0,535.524212328767,0.0,535.524212328767
71,46,0.0,0.0,317.44404109589044,0.0,0.0,317.44404109589044,0.0,423.32404109589044
71,47,0.0,0.0,388.81476027397264,0.0,0.0,388.81476027397264,0.0,388.81476027397264
71,48,0.0,0.0,527.1062328767123,0.0,0.0,527.1062328767123,0.0,527.1062328767123
71,49,0.0,0.0,338.29465753424654,0.0,0.0,338.29465753424654,0.0,338.29465753424654
71,50,503.75,0.0,188.94832191780827,188.94832191780827,314.80167808219176,0.0,188.94832191780827,404.66832191780827
71,51,0.0,0.0,245.63647260273976,0.0,0.0,245.63647260273976,0.0,245.63647260273976
71,52,0.0,0.0,465.3753424657534,0.0,0.0,465.3753424657534,0.0,465.3753424657534
71,53,0.0,310.62667808219175,310.62667808219175,0.0,0.0,310.62667808219175,0.0,310.62667808219175
71,54,539.86,0.0,468.955410958904,468.955410958904,70.90458904109602,0.0,468.955410958904,468.955410958904
71,55,0.0,0.0,0.0,0.0,0.0,0.0,0.0,305.61544520547955
71,56,0.0,0.0,376.81647260273974,0.0,0.0,376.81647260273974,0.0,376.81647260273974
71,57,0.0,0.0,313.2279452054794,0.0,0.0,313.2279452054794,0.0,313.2279452054794
71,58,0.0,0.0,497.21479452054797,0.0,0.0,497.21479452054797,0.0,497.21479452054797
71,59,0.0,126.34075342465746,126.34075342465746,0.0,0.0,126.34075342465746,0.0,482.4107534246574
71,60,0.0,0.0,430.6970547945208,0.0,0.0,430.6970547945208,0.0,430.6970547945208
71,61,0.0,0.0,297.4455821917809,0.0,0.0,297.4455821917809,0.0,297.4455821917809
71,62,0.0,0.0,363.9398287671233,0.0,0.0,363.9398287671233,0.0,363.9398287671233
71,63,0.0,0.0,454.9069863013698,0.0,0.0,454.9069863013698,0.0,454.9069863013698
71,64,0.0,0.0,351.72698630136995,0.0,0.0,351.72698630136995,0.0,351.72698630136995
71,65,0.0,0.0,343.8869863013699,0.0,0.0,343.8869863013699,0.0,343.8869863013699
71,66,0.0,0.0,407.6145547945206,0.0,0.0,407.6145547945206,0.0,407.6145547945206
71,67,0.0,0.0,476.1551027397259,0.0,0.0,476.1551027397259,0.0,476.1551027397259
71,68,0.0,0.0,430.29191780821895,0.0,0.0,430.29191780821895,0.0,430.29191780821895
71,69,472.18,0.0,278.01890410958913,278.01890410958913,194.16109589041088,0.0,278.01890410958913,278.01890410958913
71,70,0.0,0.0,532.8097945205478,0.0,0.0,532.8097945205478,0.0,532.8097945205478
71,71,0.0,0.0,206.50311643835613,0.0,0.0,206.50311643835613,0.0,206.50311643835613
71,72,0.0,0.0,470.0392123287671,0.0,0.0,470.0392123287671,0.0,470.0392123287671
71,73,0.0,0.0,393.43020547945207,0.0,0.0,393.43020547945207,0.0,393.43020547945207
71,74,0.0,0.0,68.87421232876704,0.0,0.0,68.87421232876704,0.0,427.86421232876705
71,75,0.0,0.0,0.0,0.0,0.0,0.0,0.0,419.05044520547926
71,76,0.0,0.0,300.4021232876712,0.0,0.0,300.4021232876712,0.0,300.4021232876712
71,77,421.74,389.77486301369856,389.77486301369856,389.77486301369856,31.965136986301445,0.0,389.77486301369856,389.77486301369856
71,78,0.0,0.0,259.3933904109589,0.0,0.0,259.3933904109589,0.0,259.3933904109589
71,79,0.0,0.0,330.1576369863013,0.0,0.0,330.1576369863013,0.0,330.1576369863013
71,80,0.0,0.0,403.9877397260275,0.0,0.0,403.9877397260275,0.0,403.9877397260275
71,81,0.0,0.0,432.53695205479454,0.0,0.0,432.53695205479454,0.0,432.53695205479454
71,82,0.0,0.0,3.019623287671152,0.0,0.0,3.019623287671152,0.0,390.9296232876712
71,83,0.0,0.0,256.84510273972603,0.0,0.0,256.84510273972603,0.0,256.84510273972603
71,84,0.0,0.0,376.2492808219178,0.0,0.0,376.2492808219178,0.0,376.2492808219178
71,85,0.0,265.6598287671234,265.6598287671234,0.0,0.0,265.6598287671234,0.0,265.6598287671234
71,86,0.0,0.0,503.9685958904107,0.0,0.0,503.9685958904107,0.0,503.9685958904107
71,87,364.12,0.0,269.4978424657534,269.4978424657534,94.62215753424658,0.0,269.4978424657534,269.4978424657534
71,88,276.22,0.0,504.29510273972596,276.22,0.0,228.07510273972593,276.22,504.29510273972596
71,89,0.0,0.0,0.0,0.0,0.0,0.0,0.0,358.29476027397266
71,90,0.0,225.64,503.18133561643833,0.0,0.0,503.18133561643833,0.0,503.18133561643833
71,91,429.13,236.94,436.5981506849317,429.13,0.0,7.468150684931686,429.13,436.5981506849317
71,92,0.0,0.0,451.02246575342457,0.0,0.0,451.02246575342457,0.0,451.02246575342457
71,93,0.0,0.0,385.8469520547945,0.0,0.0,385.8469520547945,0.0,385.8469520547945
71,94,110.36,0.0,276.4630821917808,110.36,0.0,166.1030821917808,110.36000000000001,276.4630821917808
71,95,0.0,0.0,271.58202054794526,0.0,0.0,271.58202054794526,0.0,271.58202054794526
72,0,0.0,0.0,225.44938356164386,0.0,0.0,225.44938356164386,0.0,225.44938356164386
72,1,498.25,319.29,509.6604109589041,498.25,0.0,11.410410958904095,498.25,509.6604109589041
72,2,0.0,0.0,403.4443150684931,0.0,0.0,403.4443150684931,0.0,546.2143150684931
72,3,0.0,0.0,241.21928082191778,0.0,0.0,241.21928082191778,0.0,241.21928082191778
72,4,0.0,0.0,524.5339726027396,0.0,0.0,524.5339726027396,0.0,524.5339726027396
72,5,0.0,0.0,424.828801369863,0.0,0.0,424.828801369863,0.0,424.828801369863
72,6,0.0,0.0,486.7493150684934,0.0,0.0,486.7493150684934,0.0,486.7493150684934
72,7,385.5,0.0,347.7283561643836,347.7283561643836,37.77164383561637,0.0,347.7283561643836,347.7283561643836
72,8,0.0,0.0,377.5047260273973,0.0,0.0,377.5047260273973,0.0,377.5047260273973
72,9,0.0,0.0,0.0,0.0,0.0,0.0,0.0,465.06106164383544
72,10,100.44,0.0,452.51907534246584,100.44,0.0,352.07907534246584,100.44,452.51907534246584
72,11,0.0,0.0,289.2730821917808,0.0,0.0,289.2730821917808,0.0,289.2730821917808
72,12,0.0,0.0,386.6066438356164,0.0,0.0,386.6066438356164,0.0,386.6066438356164
72,13,0.0,0.0,467.8044863013699,0.0,0.0,467.8044863013699,0.0,467.8044863013699
72,14,0.0,0.0,423.9286301369862,0.0,0.0,423.9286301369862,0.0,423.9286301369862
72,15,129.41,0.0,370.4582191780823,129.41,0.0,241.0482191780823,129.41,370.4582191780823
72,16,0.0,0.0,372.61815068493144,0.0,0.0,372.61815068493144,0.0,372.61815068493144
72,17,0.0,0.0,440.7528424657535,0.0,0.0,440.7528424657535,0.0,440.7528424657535
72,18,287.53,0.0,363.7329452054794,287.53,0.0,76.20294520547941,287.53,363.7329452054794
72,19,0.0,0.0,339.1046917808219,0.0,0.0,339.1046917808219,0.0,339.1046917808219
72,20,0.0,0.0,382.2246917808219,0.0,0.0,382.2246917808219,0.0,382.2246917808219
72,21,0.0,0.0,217.15965753424652,0.0,0.0,217.15965753424652,0.0,217.15965753424652
72,22,0.0,0.0,514.6831506849315,0.0,0.0,514.6831506849315,0.0,514.6831506849315
72,23,0.0,0.0,400.63876712328766,0.0,0.0,400.63876712328766,0.0,400.63876712328766
72,24,0.0,0.0,420.8831506849314,0.0,0.0,420.8831506849314,0.0,420.8831506849314
72,25,0.0,0.0,414.17273972602743,0.0,0.0,414.17273972602743,0.0,414.17273972602743
72,26,0.0,80.6289726027399,268.12897260273985,0.0,0.0,268.12897260273985,2.842170943040401e-14,433.2189726027399
72,27,341.87,324.58712328767126,324.58712328767126,324.58712328767126,17.282876712328743,0.0,324.58712328767126,324.58712328767126
72,28,0.0,0.0,357.3754109589041,0.0,0.0,357.3754109589041,0.0,357.3754109589041
72,29,0.0,0.0,292.1207876712329,0.0,0.0,292.1207876712329,0.0,292.1207876712329
72,30,0.0,0.0,408.68301369863025,0.0,0.0,408.68301369863025,0.0,408.68301369863025
72,31,0.0,441.83,575.8559589041095,0.0,0.0,575.8559589041095,0.0,575.8559589041095
72,32,0.0,0.0,515.9707191780824,0.0,0.0,515.9707191780824,0.0,515.9707191780824
72,33,0.0,0.0,332.5119863013699,0.0,0.0,332.5119863013699,0.0,332.5119863013699
72,34,0.0,0.0,484.3216095890409,0.0,0.0,484.3216095890409,0.0,484.3216095890409
72,35,0.0,0.0,163.70914383561654,0.0,0.0,163.70914383561654,0.0,392.25914383561656
72,36,138.5,0.0,556.6009246575342,138.5,0.0,418.10092465753416,138.5,556.6009246575342
72,37,0.0,0.0,367.40099315068494,0.0,0.0,367.40099315068494,0.0,367.40099315068494
72,38,0.0,292.1315410958904,292.1315410958904,0.0,0.0,292.1315410958904,0.0,453.86154109589035
72,39,0.0,333.2752739726027,333.2752739726027,0.0,0.0,333.2752739726027,0.0,333.2752739726027
72,40,0.0,338.71,363.6351369863013,0.0,0.0,363.6351369863013,0.0,363.6351369863013
72,41,0.0,0.0,342.41434931506853,0.0,0.0,342.41434931506853,0.0,342.41434931506853
72,42,0.0,0.0,271.86130136986304,0.0,0.0,271.86130136986304,0.0,271.86130136986304
72,43,0.0,0.0,480.8273630136987,0.0,0.0,480.8273630136987,0.0,480.8273630136987
72,44,0.0,0.0,279.9872945205479,0.0,0.0,279.9872945205479,0.0,279.9872945205479
72,45,0.0,0.0,535.524212328767,0.0,0.0,535.524212328767,0.0,535.524212328767
72,46,196.65,105.88,423.32404109589044,196.65,0.0,226.67404109589043,196.65,423.32404109589044
72,47,0.0,0.0,388.81476027397264,0.0,0.0,388.81476027397264,0.0,388.81476027397264
72,48,598.9,0.0,527.1062328767123,527.1062328767123,71.7937671232877,0.0,527.1062328767123,527.1062328767123
72,49,356.27,0.0,338.29465753424654,338.29465753424654,17.975342465753442,0.0,338.29465753424654,338.29465753424654
72,50,0.0,215.72,215.72,0.0,0.0,215.72,0.0,404.66832191780827
72,51,0.0,0.0,245.63647260273976,0.0,0.0,245.63647260273976,0.0,245.63647260273976
72,52,0.0,0.0,465.3753424657534,0.0,0.0,465.3753424657534,0.0,465.3753424657534
72,53,0.0,0.0,310.62667808219175,0.0,0.0,310.62667808219175,0.0,310.62667808219175
72,54,0.0,0.0,0.0,0.0,0.0,0.0,0.0,468.955410958904
72,55,0.0,305.61544520547955,305.61544520547955,0.0,0.0,305.61544520547955,0.0,305.61544520547955
72,56,0.0,0.0,376.81647260273974,0.0,0.0,376.81647260273974,0.0,376.81647260273974
72,57,400.73,0.0,313.2279452054794,313.2279452054794,87.50205479452063,0.0,313.2279452054794,313.2279452054794
72,58,0.0,0.0,497.21479452054797,0.0,0.0,497.21479452054797,0.0,497.21479452054797
72,59,0.0,356.06999999999994,482.4107534246574,0.0,0.0,482.4107534246574,0.0,482.4107534246574
72,60,0.0,0.0,430.6970547945208,0.0,0.0,430.6970547945208,0.0,430.6970547945208
72,61,0.0,0.0,297.4455821917809,0.0,0.0,297.4455821917809,0.0,297.4455821917809
72,62,0.0,0.0,363.9398287671233,0.0,0.0,363.9398287671233,0.0,363.9398287671233
72,63,0.0,0.0,454.9069863013698,0.0,0.0,454.9069863013698,0.0,454.9069863013698
72,64,323.84,0.0,351.72698630136995,323.84,0.0,27.886986301369973,323.84,351.72698630136995
72,65,0.0,0.0,343.8869863013699,0.0,0.0,343.8869863013699,0.0,343.8869863013699
72,66,0.0,0.0,407.6145547945206,0.0,0.0,407.6145547945206,0.0,407.6145547945206
72,67,0.0,0.0,476.1551027397259,0.0,0.0,476.1551027397259,0.0,476.1551027397259
72,68,0.0,0.0,430.29191780821895,0.0,0.0,430.29191780821895,0.0,430.29191780821895
72,69,0.0,0.0,0.0,0.0,0.0,0.0,0.0,278.01890410958913
72,70,0.0,0.0,532.8097945205478,0.0,0.0,532.8097945205478,0.0,532.8097945205478
72,71,0.0,0.0,206.50311643835613,0.0,0.0,206.50311643835613,0.0,206.50311643835613
72,72,0.0,0.0,470.0392123287671,0.0,0.0,470.0392123287671,0.0,470.0392123287671
72,73,0.0,0.0,393.43020547945207,0.0,0.0,393.43020547945207,0.0,393.43020547945207
72,74,349.75,358.99,427.86421232876705,349.75,0.0,78.11421232876705,349.75,427.86421232876705
72,75,220.2,419.05044520547926,419.05044520547926,220.2,0.0,198.85044520547928,220.2,419.05044520547926
72,76,0.0,0.0,300.4021232876712,0.0,0.0,300.4021232876712,0.0,300.4021232876712
72,77,0.0,0.0,0.0,0.0,0.0,0.0,0.0,389.77486301369856
72,78,0.0,0.0,259.3933904109589,0.0,0.0,259.3933904109589,0.0,259.3933904109589
72,79,0.0,0.0,330.1576369863013,0.0,0.0,330.1576369863013,0.0,330.1576369863013
72,80,0.0,0.0,403.9877397260275,0.0,0.0,403.9877397260275,0.0,403.9877397260275
72,81,0.0,0.0,432.53695205479454,0.0,0.0,432.53695205479454,0.0,432.53695205479454
72,82,0.0,387.91,390.9296232876712,0.0,0.0,390.9296232876712,0.0,390.9296232876712
72,83,0.0,0.0,256.84510273972603,0.0,0.0,256.84510273972603,0.0,256.84510273972603
72,84,0.0,0.0,376.2492808219178,0.0,0.0,376.2492808219178,0.0,376.2492808219178
72,85,0.0,0.0,265.6598287671234,0.0,0.0,265.6598287671234,0.0,265.6598287671234
72,86,0.0,0.0,503.9685958904107,0.0,0.0,503.9685958904107,0.0,503.9685958904107
72,87,0.0,0.0,0.0,0.0,0.0,0.0,0.0,269.4978424657534
72,88,0.0,0.0,228.07510273972593,0.0,0.0,228.07510273972593,0.0,504.29510273972596
72,89,359.46,358.29476027397266,358.29476027397266,358.29476027397266,1.1652397260273233,0.0,358.29476027397266,358.29476027397266
72,90,0.0,0.0,503.18133561643833,0.0,0.0,503.18133561643833,0.0,503.18133561643833
72,91,0.0,0.0,7.468150684931686,0.0,0.0,7.468150684931686,0.0,436.5981506849317
72,92,0.0,0.0,451.02246575342457,0.0,0.0,451.02246575342457,0.0,451.02246575342457
72,93,474.32,0.0,385.8469520547945,385.8469520547945,88.47304794520551,0.0,385.8469520547945,385.8469520547945
72,94,0.0,0.0,166.1030821917808,0.0,0.0,166.1030821917808,0.0,276.4630821917808
72,95,0.0,0.0,271.58202054794526,0.0,0.0,271.58202054794526,0.0,271.58202054794526
73,0,0.0,0.0,225.44938356164386,0.0,0.0,225.44938356164386,0.0,225.44938356164386
73,1,0.0,0.0,11.410410958904095,0.0,0.0,11.410410958904095,0.0,509.6604109589041
73,2,0.0,142.76999999999998,546.2143150684931,0.0,0.0,546.2143150684931,0.0,546.2143150684931
73,3,0.0,0.0,241.21928082191778,0.0,0.0,241.21928082191778,0.0,241.21928082191778
73,4,0.0,0.0,524.5339726027396,0.0,0.0,524.5339726027396,0.0,524.5339726027396
73,5,321.06,0.0,424.828801369863,321.06,0.0,103.76880136986301,321.06,424.828801369863
73,6,0.0,0.0,486.7493150684934,0.0,0.0,486.7493150684934,0.0,486.7493150684934
73,7,0.0,0.0,0.0,0.0,0.0,0.0,0.0,347.7283561643836
73,8,197.6,0.0,377.5047260273973,197.6,0.0,179.9047260273973,197.6,377.5047260273973
73,9,0.0,465.06106164383544,465.06106164383544,0.0,0.0,465.06106164383544,0.0,465.06106164383544
73,10,0.0,0.0,352.07907534246584,0.0,0.0,352.07907534246584,0.0,452.51907534246584
73,11,175.05,0.0,289.2730821917808,175.05,0.0,114.2230821917808,175.05,289.2730821917808
73,12,0.0,0.0,386.6066438356164,0.0,0.0,386.6066438356164,0.0,386.6066438356164
73,13,0.0,0.0,467.8044863013699,0.0,0.0,467.8044863013699,0.0,467.8044863013699
73,14,0.0,0.0,423.9286301369862,0.0,0.0,423.9286301369862,0.0,423.9286301369862
73,15,0.0,0.0,241.0482191780823,0.0,0.0,241.0482191780823,0.0,370.4582191780823
73,16,0.0,0.0,372.61815068493144,0.0,0.0,372.61815068493144,0.0,372.61815068493144
73,17,0.0,0.0,440.7528424657535,0.0,0.0,440.7528424657535,0.0,440.7528424657535
73,18,155.61,0.0,76.20294520547941,76.20294520547941,79.4070547945206,0.0,76.20294520547941,363.7329452054794
73,19,0.0,0.0,339.1046917808219,0.0,0.0,339.1046917808219,0.0,339.1046917808219
73,20,0.0,0.0,382.2246917808219,0.0,0.0,382.2246917808219,0.0,382.2246917808219
73,21,0.0,0.0,217.15965753424652,0.0,0.0,217.15965753424652,0.0,217.15965753424652
73,22,0.0,0.0,514.6831506849315,0.0,0.0,514.6831506849315,0.0,514.6831506849315
73,23,111.63,0.0,400.63876712328766,111.63,0.0,289.00876712328767,111.63,400.63876712328766
73,24,0.0,0.0,420.8831506849314,0.0,0.0,420.8831506849314,0.0,420.8831506849314
73,25,0.0,0.0,414.17273972602743,0.0,0.0,414.17273972602743,0.0,414.17273972602743
73,26,0.0,165.09,433.2189726027399,0.0,0.0,433.2189726027399,0.0,433.2189726027399
73,27,416.29,0.0,0.0,0.0,416.29,0.0,0.0,324.58712328767126
73,28,0.0,0.0,357.3754109589041,0.0,0.0,357.3754109589041,0.0,357.3754109589041
73,29,252.39,0.0,292.1207876712329,252.39,0.0,39.73078767123292,252.39,292.1207876712329
73,30,0.0,0.0,408.68301369863025,0.0,0.0,408.68301369863025,0.0,408.68301369863025
73,31,0.0,0.0,575.8559589041095,0.0,0.0,575.8559589041095,0.0,575.8559589041095
73,32,0.0,0.0,515.9707191780824,0.0,0.0,515.9707191780824,0.0,515.9707191780824
73,33,0.0,0.0,332.5119863013699,0.0,0.0,332.5119863013699,0.0,332.5119863013699
73,34,0.0,0.0,484.3216095890409,0.0,0.0,484.3216095890409,0.0,484.3216095890409
73,35,0.0,228.55,392.25914383561656,0.0,0.0,392.25914383561656,0.0,392.25914383561656
73,36,0.0,0.0,418.10092465753416,0.0,0.0,418.10092465753416,0.0,556.6009246575342
73,37,133.06,0.0,367.40099315068494,133.06,0.0,234.34099315068494,133.06,367.40099315068494
73,38,543.73,161.72999999999996,453.86154109589035,453.86154109589035,89.86845890410967,0.0,453.86154109589035,453.86154109589035
73,39,0.0,0.0,333.2752739726027,0.0,0.0,333.2752739726027,0.0,333.2752739726027
73,40,0.0,0.0,363.6351369863013,0.0,0.0,363.6351369863013,0.0,363.6351369863013
73,41,0.0,0.0,342.41434931506853,0.0,0.0,342.41434931506853,0.0,342.41434931506853
73,42,0.0,0.0,271.86130136986304,0.0,0.0,271.86130136986304,0.0,271.86130136986304
73,43,278.16,0.0,480.8273630136987,278.16,0.0,202.66736301369866,278.16,480.8273630136987
73,44,0.0,0.0,279.9872945205479,0.0,0.0,279.9872945205479,0.0,279.9872945205479
73,45,0.0,0.0,535.524212328767,0.0,0.0,535.524212328767,0.0,535.524212328767
73,46,0.0,0.0,226.67404109589043,0.0,0.0,226.67404109589043,0.0,423.32404109589044
73,47,0.0,0.0,388.81476027397264,0.0,0.0,388.81476027397264,0.0,388.81476027397264
73,48,0.0,0.0,0.0,0.0,0.0,0.0,0.0,527.1062328767123
73,49,0.0,0.0,0.0,0.0,0.0,0.0,0.0,338.29465753424654
73,50,0.0,188.94832191780827,404.66832191780827,0.0,0.0,404.66832191780827,0.0,404.66832191780827
73,51,0.0,0.0,245.63647260273976,0.0,0.0,245.63647260273976,0.0,245.63647260273976
73,52,508.91,0.0,465.3753424657534,465.3753424657534,43.534657534246605,0.0,465.3753424657534,465.3753424657534
73,53,0.0,0.0,310.62667808219175,0.0,0.0,310.62667808219175,0.0,310.62667808219175
73,54,176.29,468.955410958904,468.955410958904,176.29,0.0,292.665410958904,176.29000000000002,468.955410958904
73,55,0.0,0.0,305.61544520547955,0.0,0.0,305.61544520547955,0.0,305.61544520547955
73,56,0.0,0.0,376.81647260273974,0.0,0.0,376.81647260273974,0.0,376.81647260273974
73,57,0.0,0.0,0.0,0.0,0.0,0.0,0.0,313.2279452054794
73,58,0.0,0.0,497.21479452054797,0.0,0.0,497.21479452054797,0.0,497.21479452054797
73,59,0.0,0.0,482.4107534246574,0.0,0.0,482.4107534246574,0.0,482.4107534246574
73,60,0.0,0.0,430.6970547945208,0.0,0.0,430.6970547945208,0.0,430.6970547945208
73,61,0.0,0.0,297.4455821917809,0.0,0.0,297.4455821917809,0.0,297.4455821917809
73,62,0.0,0.0,363.9398287671233,0.0,0.0,363.9398287671233,0.0,363.9398287671233
73,63,0.0,0.0,454.9069863013698,0.0,0.0,454.9069863013698,0.0,454.9069863013698
73,64,0.0,0.0,27.886986301369973,0.0,0.0,27.886986301369973,0.0,351.72698630136995
73,65,0.0,0.0,343.8869863013699,0.0,0.0,343.8869863013699,0.0,343.8869863013699
73,66,0.0,0.0,407.6145547945206,0.0,0.0,407.6145547945206,0.0,407.6145547945206
73,67,558.72,0.0,476.1551027397259,476.1551027397259,82.56489726027411,0.0,476.1551027397259,476.1551027397259
73,68,440.76,0.0,430.29191780821895,430.29191780821895,10.468082191781036,0.0,430.29191780821895,430.29191780821895
73,69,0.0,278.01890410958913,278.01890410958913,0.0,0.0,278.01890410958913,0.0,278.01890410958913
73,70,0.0,0.0,532.8097945205478,0.0,0.0,532.8097945205478,0.0,532.8097945205478
73,71,0.0,0.0,206.50311643835613,0.0,0.0,206.50311643835613,0.0,206.50311643835613
73,72,0.0,0.0,470.0392123287671,0.0,0.0,470.0392123287671,0.0,470.0392123287671
73,73,0.0,0.0,393.43020547945207,0.0,0.0,393.43020547945207,0.0,393.43020547945207
73,74,253.33,0.0,78.11421232876705,78.11421232876705,175.21578767123296,0.0,78.11421232876705,427.86421232876705
73,75,0.0,0.0,198.85044520547928,0.0,0.0,198.85044520547928,0.0,419.05044520547926
73,76,0.0,0.0,300.4021232876712,0.0,0.0,300.4021232876712,0.0,300.4021232876712
73,77,0.0,389.77486301369856,389.77486301369856,0.0,0.0,389.77486301369856,0.0,389.77486301369856
73,78,0.0,0.0,259.3933904109589,0.0,0.0,259.3933904109589,0.0,259.3933904109589
73,79,0.0,0.0,330.1576369863013,0.0,0.0,330.1576369863013,0.0,330.1576369863013
73,80,128.52,0.0,403.9877397260275,128.52,0.0,275.4677397260275,128.51999999999998,403.9877397260275
73,81,572.6,0.0,432.53695205479454,432.53695205479454,140.06304794520548,0.0,432.53695205479454,432.53695205479454
73,82,0.0,0.0,390.9296232876712,0.0,0.0,390.9296232876712,0.0,390.9296232876712
73,83,0.0,0.0,256.84510273972603,0.0,0.0,256.84510273972603,0.0,256.84510273972603
73,84,0.0,0.0,376.2492808219178,0.0,0.0,376.2492808219178,0.0,376.2492808219178
73,85,0.0,0.0,265.6598287671234,0.0,0.0,265.6598287671234,0.0,265.6598287671234
73,86,0.0,0.0,503.9685958904107,0.0,0.0,503.9685958904107,0.0,503.9685958904107
73,87,0.0,269.4978424657534,269.4978424657534,0.0,0.0,269.4978424657534,0.0,269.4978424657534
73,88,0.0,276.22,504.29510273972596,0.0,0.0,504.29510273972596,0.0,504.29510273972596
73,89,0.0,0.0,0.0,0.0,0.0,0.0,0.0,358.29476027397266
73,90,0.0,0.0,503.18133561643833,0.0,0.0,503.18133561643833,0.0,503.18133561643833
73,91,0.0,429.13,436.5981506849317,0.0,0.0,436.5981506849317,0.0,436.5981506849317
73,92,0.0,0.0,451.02246575342457,0.0,0.0,451.02246575342457,0.0,451.02246575342457
73,93,0.0,0.0,0.0,0.0,0.0,0.0,0.0,385.8469520547945
73,94,0.0,110.36000000000001,276.4630821917808,0.0,0.0,276.4630821917808,0.0,276.4630821917808
73,95,0.0,0.0,271.58202054794526,0.0,0.0,271.58202054794526,0.0,271.58202054794526
