day,series,demand,received,opening,served,lost,closing,order,target
0,0,0.0,0.0,225.44938356164386,0.0,0.0,225.44938356164386,55.56863982175588,281.01802338339974
0,1,0.0,0.0,509.6604109589041,0.0,0.0,509.6604109589041,0.0,423.68522478525585
0,2,587.94,0.0,546.2143150684931,546.2143150684931,41.725684931506976,0.0,800.5369216924429,800.5369216924429
0,3,0.0,0.0,241.21928082191778,0.0,0.0,241.21928082191778,26.05424974247603,267.2735305643938
0,4,221.9,0.0,524.5339726027396,221.9,0.0,302.6339726027396,358.42311648819293,661.0570890909325
0,5,0.0,0.0,424.828801369863,0.0,0.0,424.828801369863,0.0,337.0165259706679
0,6,0.0,0.0,486.7493150684934,0.0,0.0,486.7493150684934,0.0,337.9707023090401
0,7,0.0,0.0,347.7283561643836,0.0,0.0,347.7283561643836,0.0,265.74223673467066
0,8,0.0,0.0,377.5047260273973,0.0,0.0,377.5047260273973,9.200608423011658,386.70533445040894
0,9,0.0,0.0,465.06106164383544,0.0,0.0,465.06106164383544,34.53528743273233,499.5963490765678
0,10,0.0,0.0,452.51907534246584,0.0,0.0,452.51907534246584,0.0,433.51487305703483
0,11,0.0,0.0,289.2730821917808,0.0,0.0,289.2730821917808,198.20307791829765,487.47616011007847
0,12,0.0,0.0,386.6066438356164,0.0,0.0,386.6066438356164,219.4364585116209,606.0431023472373
0,13,0.0,0.0,467.8044863013699,0.0,0.0,467.8044863013699,125.47758518583174,593.2820714872016
0,14,0.0,0.0,423.9286301369862,0.0,0.0,423.9286301369862,0.0,386.1368580893217
0,15,0.0,0.0,370.4582191780823,0.0,0.0,370.4582191780823,0.0,183.73220462672086
0,16,0.0,0.0,372.61815068493144,0.0,0.0,372.61815068493144,226.03718236483263,598.6553330497641
0,17,0.0,0.0,440.7528424657535,0.0,0.0,440.7528424657535,100.74768167885236,541.5005241446058
0,18,0.0,0.0,363.7329452054794,0.0,0.0,363.7329452054794,66.31491657992734,430.0478617854067
0,19,0.0,0.0,339.1046917808219,0.0,0.0,339.1046917808219,0.0,292.83795229509553
0,20,0.0,0.0,382.2246917808219,0.0,0.0,382.2246917808219,103.87110155813366,486.09579333895556
0,21,0.0,0.0,217.15965753424652,0.0,0.0,217.15965753424652,71.57177365860187,288.7314311928484
0,22,322.9,0.0,514.6831506849315,322.9,0.0,191.78315068493157,444.1742196804669,635.9573703653984
0,23,0.0,0.0,400.63876712328766,0.0,0.0,400.63876712328766,57.495378634319195,458.13414575760686
0,24,0.0,0.0,420.8831506849314,0.0,0.0,420.8831506849314,0.0,200.38452513748666
0,25,404.47,0.0,414.17273972602743,404.47,0.0,9.702739726027403,386.5874742218923,396.2902139479197
0,26,0.0,0.0,433.2189726027399,0.0,0.0,433.2189726027399,178.71003826888102,611.9290108716209
0,27,0.0,0.0,324.58712328767126,0.0,0.0,324.58712328767126,87.0924963354002,411.67961962307146
0,28,0.0,0.0,357.3754109589041,0.0,0.0,357.3754109589041,264.86970062415867,622.2451115830628
0,29,0.0,0.0,292.1207876712329,0.0,0.0,292.1207876712329,104.99434151915841,397.1151291903913
0,30,0.0,0.0,408.68301369863025,0.0,0.0,408.68301369863025,0.0,331.1664465973943
0,31,0.0,0.0,575.8559589041095,0.0,0.0,575.8559589041095,95.62373721948836,671.4796961235978
0,32,405.84,0.0,515.9707191780824,405.84,0.0,110.13071917808242,443.9145281475067,554.0452473255891
0,33,0.0,0.0,332.5119863013699,0.0,0.0,332.5119863013699,0.0,292.8146854422369
0,34,0.0,0.0,484.3216095890409,0.0,0.0,484.3216095890409,0.0,331.48944001065666
0,35,0.0,0.0,392.25914383561656,0.0,0.0,392.25914383561656,174.12391070247122,566.3830545380878
0,36,0.0,0.0,556.6009246575342,0.0,0.0,556.6009246575342,118.7611579442621,675.3620826017963
0,37,0.0,0.0,367.40099315068494,0.0,0.0,367.40099315068494,15.521296330691712,382.92228948137665
0,38,0.0,0.0,453.86154109589035,0.0,0.0,453.86154109589035,0.0,376.3695231149529
0,39,0.0,0.0,333.2752739726027,0.0,0.0,333.2752739726027,0.0,288.7420600370111
0,40,0.0,0.0,363.6351369863013,0.0,0.0,363.6351369863013,71.93228566165197,435.56742264795326
0,41,0.0,0.0,342.41434931506853,0.0,0.0,342.41434931506853,0.0,323.37354954296666
0,42,0.0,0.0,271.86130136986304,0.0,0.0,271.86130136986304,208.05660308835053,479.91790445821357
0,43,343.13,0.0,480.8273630136987,343.13,0.0,137.6973630136987,373.195126752089,510.8924897657877
0,44,123.44,0.0,279.9872945205479,123.44,0.0,156.5472945205479,239.304318020986,395.8516125415339
0,45,0.0,0.0,535.524212328767,0.0,0.0,535.524212328767,74.52688342826957,610.0510957570366
0,46,0.0,0.0,423.32404109589044,0.0,0.0,423.32404109589044,0.0,326.5422953047816
0,47,0.0,0.0,388.81476027397264,0.0,0.0,388.81476027397264,174.34499973154323,563.1597600055159
0,48,226.17,0.0,527.1062328767123,226.17,0.0,300.9362328767123,389.06846459541487,690.0046974721272
0,49,0.0,0.0,338.29465753424654,0.0,0.0,338.29465753424654,184.66918022324535,522.9638377574919
0,50,0.0,0.0,404.66832191780827,0.0,0.0,404.66832191780827,71.42477814549636,476.09310006330463
0,51,0.0,0.0,245.63647260273976,0.0,0.0,245.63647260273976,96.50334183919179,342.13981444193155
0,52,0.0,0.0,465.3753424657534,0.0,0.0,465.3753424657534,0.0,368.37731326439143
0,53,0.0,0.0,310.62667808219175,0.0,0.0,310.62667808219175,30.108834294890016,340.73551237708176
0,54,0.0,0.0,468.955410958904,0.0,0.0,468.955410958904,174.5715355801504,643.5269465390544
0,55,0.0,0.0,305.61544520547955,0.0,0.0,305.61544520547955,0.0,290.4449922594987
0,56,0.0,0.0,376.81647260273974,0.0,0.0,376.81647260273974,0.0,343.41758178915995
0,57,0.0,0.0,313.2279452054794,0.0,0.0,313.2279452054794,198.0845118974845,511.3124571029639
0,58,0.0,0.0,497.21479452054797,0.0,0.0,497.21479452054797,0.0,402.3316570891947
0,59,0.0,0.0,482.4107534246574,0.0,0.0,482.4107534246574,0.0,471.83516495921043
0,60,0.0,0.0,430.6970547945208,0.0,0.0,430.6970547945208,134.18069078330052,564.8777455778213
0,61,0.0,0.0,297.4455821917809,0.0,0.0,297.4455821917809,0.0,241.5035962032639
0,62,199.0,0.0,363.9398287671233,199.0,0.0,164.9398287671233,339.45641342176873,504.396242188892
0,63,0.0,0.0,454.9069863013698,0.0,0.0,454.9069863013698,0.0,396.9022552967843
0,64,449.39,0.0,351.72698630136995,351.72698630136995,97.66301369863004,0.0,565.3223202370197,565.3223202370197
0,65,292.2,0.0,343.8869863013699,292.2,0.0,51.68698630136993,357.11532923124633,408.80231553261626
0,66,0.0,0.0,407.6145547945206,0.0,0.0,407.6145547945206,58.57388498890111,466.1884397834217
0,67,0.0,0.0,476.1551027397259,0.0,0.0,476.1551027397259,0.0,442.30200669265867
0,68,0.0,0.0,430.29191780821895,0.0,0.0,430.29191780821895,0.0,292.3888727252747
0,69,0.0,0.0,278.01890410958913,0.0,0.0,278.01890410958913,106.81196760025807,384.8308717098472
0,70,0.0,0.0,532.8097945205478,0.0,0.0,532.8097945205478,120.72439538934236,653.5341899098902
0,71,0.0,0.0,206.50311643835613,0.0,0.0,206.50311643835613,119.80253925520475,326.3056556935609
0,72,0.0,0.0,470.0392123287671,0.0,0.0,470.0392123287671,0.0,451.1595192543924
0,73,0.0,0.0,393.43020547945207,0.0,0.0,393.43020547945207,0.0,331.1513902280714
0,74,107.93,0.0,427.86421232876705,107.93,0.0,319.93421232876705,135.56765777010975,455.5018700988768
0,75,0.0,0.0,419.05044520547926,0.0,0.0,419.05044520547926,52.38124272475062,471.4316879302299
0,76,0.0,0.0,300.4021232876712,0.0,0.0,300.4021232876712,286.7234309198103,587.1255542074815
0,77,0.0,0.0,389.77486301369856,0.0,0.0,389.77486301369856,0.0,116.49005294496399
0,78,577.87,0.0,259.3933904109589,259.3933904109589,318.4766095890411,0.0,284.1192197597182,284.1192197597182
0,79,0.0,0.0,330.1576369863013,0.0,0.0,330.1576369863013,0.0,219.56369550267294
0,80,173.5,0.0,403.9877397260275,173.5,0.0,230.48773972602748,268.80866828404294,499.2964080100704
0,81,384.22,0.0,432.53695205479454,384.22,0.0,48.31695205479451,415.7894809233677,464.1064329781622
0,82,0.0,0.0,390.9296232876712,0.0,0.0,390.9296232876712,50.450965326555206,441.3805886142264
0,83,0.0,0.0,256.84510273972603,0.0,0.0,256.84510273972603,350.38599632987507,607.2310990696011
0,84,0.0,0.0,376.2492808219178,0.0,0.0,376.2492808219178,20.57058508754642,396.8198659094642
0,85,0.0,0.0,265.6598287671234,0.0,0.0,265.6598287671234,0.0,222.58232124179102
0,86,0.0,0.0,503.9685958904107,0.0,0.0,503.9685958904107,176.6676896472585,680.6362855376692
0,87,0.0,0.0,269.4978424657534,0.0,0.0,269.4978424657534,147.5915851738369,417.0894276395903
0,88,0.0,0.0,504.29510273972596,0.0,0.0,504.29510273972596,21.798561559388645,526.0936642991146
0,89,0.0,0.0,358.29476027397266,0.0,0.0,358.29476027397266,0.1778882634144452,358.4726485373871
0,90,0.0,0.0,503.18133561643833,0.0,0.0,503.18133561643833,200.98968917834793,704.1710247947863
0,91,0.0,0.0,436.5981506849317,0.0,0.0,436.5981506849317,133.0945548902477,569.6927055751794
0,92,0.0,0.0,451.02246575342457,0.0,0.0,451.02246575342457,2.0371206099828782,453.05958636340745
0,93,0.0,0.0,385.8469520547945,0.0,0.0,385.8469520547945,24.391508233335117,410.2384602881296
0,94,313.91,0.0,276.4630821917808,276.4630821917808,37.44691780821921,0.0,378.23408689558227,378.23408689558227
0,95,0.0,0.0,271.58202054794526,0.0,0.0,271.58202054794526,76.83457532287389,348.41659587081915
1,0,0.0,0.0,225.44938356164386,0.0,0.0,225.44938356164386,0.0,281.01802338339974
1,1,0.0,0.0,509.6604109589041,0.0,0.0,509.6604109589041,0.0,423.68522478525585
1,2,0.0,0.0,0.0,0.0,0.0,0.0,0.0,800.5369216924429
1,3,0.0,0.0,241.21928082191778,0.0,0.0,241.21928082191778,0.0,267.2735305643938
1,4,0.0,0.0,302.6339726027396,0.0,0.0,302.6339726027396,0.0,578.9670890909325
1,5,0.0,0.0,424.828801369863,0.0,0.0,424.828801369863,0.0,337.0165259706679
1,6,0.0,0.0,486.7493150684934,0.0,0.0,486.7493150684934,0.0,337.9707023090401
1,7,0.0,0.0,347.7283561643836,0.0,0.0,347.7283561643836,0.0,265.74223673467066
1,8,0.0,0.0,377.5047260273973,0.0,0.0,377.5047260273973,0.0,386.70533445040894
1,9,0.0,0.0,465.06106164383544,0.0,0.0,465.06106164383544,0.0,499.5963490765678
1,10,0.0,0.0,452.51907534246584,0.0,0.0,452.51907534246584,0.0,433.51487305703483
1,11,0.0,0.0,289.2730821917808,0.0,0.0,289.2730821917808,0.0,487.47616011007847
1,12,0.0,0.0,386.6066438356164,0.0,0.0,386.6066438356164,0.0,548.8245309186659
1,13,0.0,0.0,467.8044863013699,0.0,0.0,467.8044863013699,0.0,571.300642915773
1,14,515.95,0.0,423.9286301369862,423.9286301369862,92.02136986301383,0.0,436.15542951789314,436.15542951789314
1,15,0.0,0.0,370.4582191780823,0.0,0.0,370.4582191780823,0.0,183.73220462672086
1,16,0.0,0.0,372.61815068493144,0.0,0.0,372.61815068493144,0.0,598.6553330497641
1,17,561.66,0.0,440.7528424657535,440.7528424657535,120.9071575342465,0.0,520.9899853228964,621.7376670017487
1,18,0.0,0.0,363.7329452054794,0.0,0.0,363.7329452054794,0.0,368.85643321397816
1,19,0.0,0.0,339.1046917808219,0.0,0.0,339.1046917808219,0.0,292.83795229509553
1,20,0.0,0.0,382.2246917808219,0.0,0.0,382.2246917808219,0.0,486.09579333895556
1,21,309.68,0.0,217.15965753424652,217.15965753424652,92.52034246575349,0.0,261.39965753424644,332.97143119284834
1,22,0.0,0.0,191.78315068493157,0.0,0.0,191.78315068493157,0.0,583.2073703653984
1,23,0.0,0.0,400.63876712328766,0.0,0.0,400.63876712328766,0.0,400.82414575760686
1,24,0.0,0.0,420.8831506849314,0.0,0.0,420.8831506849314,0.0,200.38452513748666
1,25,309.71,0.0,9.702739726027403,9.702739726027403,300.0072602739726,0.0,53.9470254403131,440.5344996622054
1,26,0.0,0.0,433.2189726027399,0.0,0.0,433.2189726027399,0.0,563.6361537287637
1,27,0.0,0.0,324.58712328767126,0.0,0.0,324.58712328767126,0.0,411.67961962307146
1,28,0.0,0.0,357.3754109589041,0.0,0.0,357.3754109589041,0.0,622.2451115830628
1,29,0.0,0.0,292.1207876712329,0.0,0.0,292.1207876712329,0.0,397.1151291903913
1,30,0.0,0.0,408.68301369863025,0.0,0.0,408.68301369863025,0.0,331.1664465973943
1,31,0.0,0.0,575.8559589041095,0.0,0.0,575.8559589041095,0.0,671.4796961235978
1,32,0.0,0.0,110.13071917808242,0.0,0.0,110.13071917808242,0.0,554.0452473255891
1,33,0.0,0.0,332.5119863013699,0.0,0.0,332.5119863013699,0.0,292.8146854422369
1,34,0.0,0.0,484.3216095890409,0.0,0.0,484.3216095890409,0.0,331.48944001065666
1,35,0.0,0.0,392.25914383561656,0.0,0.0,392.25914383561656,0.0,566.3830545380878
1,36,274.56,0.0,556.6009246575342,274.56,0.0,282.04092465753416,290.93,691.7320826017963
1,37,0.0,0.0,367.40099315068494,0.0,0.0,367.40099315068494,0.0,382.92228948137665
1,38,0.0,0.0,453.86154109589035,0.0,0.0,453.86154109589035,0.0,362.0323802578101
1,39,326.71,0.0,333.2752739726027,326.71,0.0,6.565273972602711,328.8496432072655,335.4149171798682
1,40,0.0,0.0,363.6351369863013,0.0,0.0,363.6351369863013,0.0,435.56742264795326
1,41,0.0,0.0,342.41434931506853,0.0,0.0,342.41434931506853,0.0,323.37354954296666
1,42,0.0,0.0,271.86130136986304,0.0,0.0,271.86130136986304,0.0,479.91790445821357
1,43,0.0,0.0,137.6973630136987,0.0,0.0,137.6973630136987,0.0,510.8924897657877
1,44,0.0,0.0,156.5472945205479,0.0,0.0,156.5472945205479,0.0,395.8516125415339
1,45,0.0,0.0,535.524212328767,0.0,0.0,535.524212328767,0.0,610.0510957570366
1,46,0.0,0.0,423.32404109589044,0.0,0.0,423.32404109589044,0.0,326.5422953047816
1,47,452.99,0.0,388.81476027397264,388.81476027397264,64.17523972602737,0.0,453.5276174168298,627.872617148373
1,48,228.72,0.0,300.9362328767123,228.72,0.0,72.21623287671233,177.86857142857139,639.1532689006985
1,49,0.0,0.0,338.29465753424654,0.0,0.0,338.29465753424654,0.0,522.9638377574919
1,50,0.0,0.0,404.66832191780827,0.0,0.0,404.66832191780827,0.0,476.09310006330463
1,51,0.0,0.0,245.63647260273976,0.0,0.0,245.63647260273976,0.0,319.9326715847887
1,52,0.0,0.0,465.3753424657534,0.0,0.0,465.3753424657534,0.0,368.37731326439143
1,53,0.0,0.0,310.62667808219175,0.0,0.0,310.62667808219175,0.0,340.73551237708176
1,54,0.0,0.0,468.955410958904,0.0,0.0,468.955410958904,0.0,643.5269465390544
1,55,0.0,0.0,305.61544520547955,0.0,0.0,305.61544520547955,0.0,290.4449922594987
1,56,0.0,0.0,376.81647260273974,0.0,0.0,376.81647260273974,0.0,343.41758178915995
1,57,0.0,0.0,313.2279452054794,0.0,0.0,313.2279452054794,0.0,511.3124571029639
1,58,0.0,0.0,497.21479452054797,0.0,0.0,497.21479452054797,0.0,402.3316570891947
1,59,259.73,0.0,482.4107534246574,259.73,0.0,222.68075342465738,253.61012582026734,476.2908792449247
1,60,0.0,0.0,430.6970547945208,0.0,0.0,430.6970547945208,0.0,564.8777455778213
1,61,0.0,0.0,297.4455821917809,0.0,0.0,297.4455821917809,0.0,241.5035962032639
1,62,0.0,0.0,164.9398287671233,0.0,0.0,164.9398287671233,0.0,483.0619564746063
1,63,0.0,0.0,454.9069863013698,0.0,0.0,454.9069863013698,0.0,396.9022552967843
1,64,0.0,0.0,0.0,0.0,0.0,0.0,0.0,565.3223202370197
1,65,0.0,0.0,51.68698630136993,0.0,0.0,51.68698630136993,0.0,408.80231553261626
1,66,0.0,0.0,407.6145547945206,0.0,0.0,407.6145547945206,0.0,466.1884397834217
1,67,0.0,0.0,476.1551027397259,0.0,0.0,476.1551027397259,0.0,442.30200669265867
1,68,317.02,0.0,430.29191780821895,317.02,0.0,113.27191780821897,224.4055263456272,337.6774441538462
1,69,0.0,0.0,278.01890410958913,0.0,0.0,278.01890410958913,0.0,308.2508717098472
1,70,0.0,0.0,532.8097945205478,0.0,0.0,532.8097945205478,0.0,653.5341899098902
1,71,0.0,0.0,206.50311643835613,0.0,0.0,206.50311643835613,0.0,326.3056556935609
1,72,0.0,0.0,470.0392123287671,0.0,0.0,470.0392123287671,0.0,451.1595192543924
1,73,0.0,0.0,393.43020547945207,0.0,0.0,393.43020547945207,0.0,331.1513902280714
1,74,0.0,0.0,319.93421232876705,0.0,0.0,319.93421232876705,0.0,416.7890129560197
1,75,0.0,0.0,419.05044520547926,0.0,0.0,419.05044520547926,0.0,471.4316879302299
1,76,0.0,0.0,300.4021232876712,0.0,0.0,300.4021232876712,0.0,587.1255542074815
1,77,0.0,0.0,389.77486301369856,0.0,0.0,389.77486301369856,0.0,116.49005294496399
1,78,0.0,0.0,0.0,0.0,0.0,0.0,0.0,284.1192197597182
1,79,0.0,0.0,330.1576369863013,0.0,0.0,330.1576369863013,0.0,219.56369550267294
1,80,0.0,0.0,230.48773972602748,0.0,0.0,230.48773972602748,0.0,499.2964080100704
1,81,0.0,0.0,48.31695205479451,0.0,0.0,48.31695205479451,0.0,464.1064329781622
1,82,347.61,0.0,390.9296232876712,347.61,0.0,43.31962328767116,397.2685714285714,491.0391600427978
1,83,0.0,0.0,256.84510273972603,0.0,0.0,256.84510273972603,0.0,457.40681335531536
1,84,0.0,0.0,376.2492808219178,0.0,0.0,376.2492808219178,0.0,396.8198659094642
1,85,0.0,0.0,265.6598287671234,0.0,0.0,265.6598287671234,0.0,222.58232124179102
1,86,551.63,0.0,503.9685958904107,503.9685958904107,47.661404109589284,0.0,582.7728816046965,759.440571251955
1,87,427.95,0.0,269.4978424657534,269.4978424657534,158.45215753424657,0.0,330.6335567514678,478.2251419253047
1,88,0.0,0.0,504.29510273972596,0.0,0.0,504.29510273972596,0.0,526.0936642991146
1,89,0.0,0.0,358.29476027397266,0.0,0.0,358.29476027397266,0.0,358.4726485373871
1,90,0.0,0.0,503.18133561643833,0.0,0.0,503.18133561643833,0.0,704.1710247947863
1,91,203.76,0.0,436.5981506849317,203.76,0.0,232.8381506849317,232.86857142857139,598.8012770037508
1,92,0.0,0.0,451.02246575342457,0.0,0.0,451.02246575342457,0.0,453.05958636340745
1,93,0.0,0.0,385.8469520547945,0.0,0.0,385.8469520547945,0.0,349.8527460024153
1,94,0.0,0.0,0.0,0.0,0.0,0.0,0.0,378.23408689558227
1,95,0.0,0.0,271.58202054794526,0.0,0.0,271.58202054794526,0.0,348.41659587081915
2,0,0.0,55.56863982175588,281.01802338339974,0.0,0.0,281.01802338339974,0.0,281.01802338339974
2,1,0.0,0.0,509.6604109589041,0.0,0.0,509.6604109589041,0.0,423.68522478525585
2,2,0.0,800.5369216924429,800.5369216924429,0.0,0.0,800.5369216924429,0.0,764.3612074067286
2,3,0.0,26.05424974247603,267.2735305643938,0.0,0.0,267.2735305643938,0.0,267.2735305643938
2,4,0.0,358.42311648819293,661.0570890909325,0.0,0.0,661.0570890909325,0.0,578.9670890909325
2,5,0.0,0.0,424.828801369863,0.0,0.0,424.828801369863,0.0,337.0165259706679
2,6,557.91,0.0,486.7493150684934,486.7493150684934,71.16068493150658,0.0,417.67213088046867,417.67213088046867
2,7,0.0,0.0,347.7283561643836,0.0,0.0,347.7283561643836,0.0,265.74223673467066
2,8,0.0,9.200608423011658,386.70533445040894,0.0,0.0,386.70533445040894,0.0,356.6496201646946
2,9,0.0,34.53528743273233,499.5963490765678,0.0,0.0,499.5963490765678,0.0,499.5963490765678
2,10,0.0,0.0,452.51907534246584,0.0,0.0,452.51907534246584,0.0,433.51487305703483
2,11,0.0,198.20307791829765,487.47616011007847,0.0,0.0,487.47616011007847,0.0,403.15044582436417
2,12,0.0,219.4364585116209,606.0431023472373,0.0,0.0,606.0431023472373,0.0,481.11310234723726
2,13,0.0,125.47758518583174,593.2820714872016,0.0,0.0,593.2820714872016,0.0,571.300642915773
2,14,0.0,0.0,0.0,0.0,0.0,0.0,0.0,436.15542951789314
2,15,0.0,0.0,370.4582191780823,0.0,0.0,370.4582191780823,0.0,183.73220462672086
2,16,0.0,226.03718236483263,598.6553330497641,0.0,0.0,598.6553330497641,0.0,536.2596187640498
2,17,0.0,100.74768167885236,100.74768167885236,0.0,0.0,100.74768167885236,0.0,621.7376670017487
2,18,0.0,66.31491657992734,430.0478617854067,0.0,0.0,430.0478617854067,0.0,368.85643321397816
2,19,0.0,0.0,339.1046917808219,0.0,0.0,339.1046917808219,0.0,248.48652372366695
2,20,324.34,103.87110155813366,486.09579333895556,324.34,0.0,161.75579333895558,370.67428571428565,532.4300790532412
2,21,0.0,71.57177365860187,71.57177365860187,0.0,0.0,71.57177365860187,0.0,332.97143119284834
2,22,0.0,444.1742196804669,635.9573703653984,0.0,0.0,635.9573703653984,0.0,583.2073703653984
2,23,0.0,57.495378634319195,458.13414575760686,0.0,0.0,458.13414575760686,0.0,400.82414575760686
2,24,0.0,0.0,420.8831506849314,0.0,0.0,420.8831506849314,0.0,200.38452513748666
2,25,0.0,386.5874742218923,386.5874742218923,0.0,0.0,386.5874742218923,0.0,440.5344996622054
2,26,0.0,178.71003826888102,611.9290108716209,0.0,0.0,611.9290108716209,0.0,563.6361537287637
2,27,0.0,87.0924963354002,411.67961962307146,0.0,0.0,411.67961962307146,0.0,411.67961962307146
2,28,540.24,264.86970062415867,622.2451115830628,540.24,0.0,82.00511158306279,617.417142857143,699.4222544402057
2,29,518.12,104.99434151915841,397.1151291903913,397.1151291903913,121.00487080960869,0.0,471.1322720475342,471.1322720475342
2,30,258.86,0.0,408.68301369863025,258.86,0.0,149.82301369863023,218.3234328987641,368.14644659739434
2,31,0.0,95.62373721948836,671.4796961235978,0.0,0.0,671.4796961235978,0.0,671.4796961235978
2,32,0.0,443.9145281475067,554.0452473255891,0.0,0.0,554.0452473255891,0.0,554.0452473255891
2,33,532.54,0.0,332.5119863013699,332.5119863013699,200.02801369863005,0.0,368.89182829937977,368.89182829937977
2,34,0.0,0.0,484.3216095890409,0.0,0.0,484.3216095890409,0.0,331.48944001065666
2,35,0.0,174.12391070247122,566.3830545380878,0.0,0.0,566.3830545380878,0.0,566.3830545380878
2,36,0.0,118.7611579442621,400.80208260179626,0.0,0.0,400.80208260179626,0.0,633.0606540303677
2,37,0.0,15.521296330691712,382.92228948137665,0.0,0.0,382.92228948137665,0.0,365.15228948137667
2,38,0.0,0.0,453.86154109589035,0.0,0.0,453.86154109589035,0.0,362.0323802578101
2,39,0.0,0.0,6.565273972602711,0.0,0.0,6.565273972602711,0.0,335.4149171798682
2,40,0.0,71.93228566165197,435.56742264795326,0.0,0.0,435.56742264795326,0.0,435.56742264795326
2,41,0.0,0.0,342.41434931506853,0.0,0.0,342.41434931506853,0.0,323.37354954296666
2,42,0.0,208.05660308835053,479.91790445821357,0.0,0.0,479.91790445821357,0.0,479.91790445821357
2,43,0.0,373.195126752089,510.8924897657877,0.0,0.0,510.8924897657877,0.0,510.8924897657877
2,44,0.0,239.304318020986,395.8516125415339,0.0,0.0,395.8516125415339,0.0,395.8516125415339
2,45,0.0,74.52688342826957,610.0510957570366,0.0,0.0,610.0510957570366,0.0,573.0810957570366
2,46,0.0,0.0,423.32404109589044,0.0,0.0,423.32404109589044,0.0,326.5422953047816
2,47,535.92,174.34499973154323,174.34499973154323,174.34499973154323,361.57500026845673,0.0,250.90499973154328,704.4326171483731
2,48,0.0,389.06846459541487,461.28469747212716,0.0,0.0,461.28469747212716,0.0,639.1532689006985
2,49,392.98,184.66918022324535,522.9638377574919,392.98,0.0,129.98383775749187,449.12,579.1038377574919
2,50,465.51,71.42477814549636,476.09310006330463,465.51,0.0,10.583100063304641,532.0114285714286,542.5945286347333
2,51,0.0,96.50334183919179,342.13981444193155,0.0,0.0,342.13981444193155,0.0,319.9326715847887
2,52,0.0,0.0,465.3753424657534,0.0,0.0,465.3753424657534,0.0,368.37731326439143
2,53,0.0,30.108834294890016,340.73551237708176,0.0,0.0,340.73551237708176,0.0,340.73551237708176
2,54,0.0,174.5715355801504,643.5269465390544,0.0,0.0,643.5269465390544,0.0,581.2112322533401
2,55,0.0,0.0,305.61544520547955,0.0,0.0,305.61544520547955,0.0,290.4449922594987
2,56,0.0,0.0,376.81647260273974,0.0,0.0,376.81647260273974,0.0,343.41758178915995
2,57,154.93,198.0845118974845,511.3124571029639,154.93,0.0,356.3824571029639,177.06285714285713,533.445314245821
2,58,0.0,0.0,497.21479452054797,0.0,0.0,497.21479452054797,0.0,402.3316570891947
2,59,0.0,0.0,222.68075342465738,0.0,0.0,222.68075342465738,0.0,476.2908792449247
2,60,0.0,134.18069078330052,564.8777455778213,0.0,0.0,564.8777455778213,0.0,534.9977455778212
2,61,0.0,0.0,297.4455821917809,0.0,0.0,297.4455821917809,0.0,241.5035962032639
2,62,0.0,339.45641342176873,504.396242188892,0.0,0.0,504.396242188892,0.0,483.0619564746063
2,63,0.0,0.0,454.9069863013698,0.0,0.0,454.9069863013698,0.0,350.1322552967843
2,64,0.0,565.3223202370197,565.3223202370197,0.0,0.0,565.3223202370197,0.0,565.3223202370197
2,65,765.39,357.11532923124633,408.80231553261626,408.80231553261626,356.5876844673837,0.0,518.1437441040448,518.1437441040448
2,66,0.0,58.57388498890111,466.1884397834217,0.0,0.0,466.1884397834217,0.0,466.1884397834217
2,67,0.0,0.0,476.1551027397259,0.0,0.0,476.1551027397259,0.0,442.30200669265867
2,68,0.0,0.0,113.27191780821897,0.0,0.0,113.27191780821897,0.0,337.6774441538462
2,69,0.0,106.81196760025807,384.8308717098472,0.0,0.0,384.8308717098472,0.0,308.2508717098472
2,70,419.71,120.72439538934236,653.5341899098902,419.71,0.0,233.8241899098902,479.6685714285714,713.4927613384616
2,71,0.0,119.80253925520475,326.3056556935609,0.0,0.0,326.3056556935609,0.0,326.3056556935609
2,72,0.0,0.0,470.0392123287671,0.0,0.0,470.0392123287671,0.0,451.1595192543924
2,73,0.0,0.0,393.43020547945207,0.0,0.0,393.43020547945207,0.0,331.1513902280714
2,74,0.0,135.56765777010975,455.5018700988768,0.0,0.0,455.5018700988768,0.0,416.7890129560197
2,75,0.0,52.38124272475062,471.4316879302299,0.0,0.0,471.4316879302299,0.0,471.4316879302299
2,76,0.0,286.7234309198103,587.1255542074815,0.0,0.0,587.1255542074815,0.0,587.1255542074815
2,77,0.0,0.0,389.77486301369856,0.0,0.0,389.77486301369856,0.0,116.49005294496399
2,78,0.0,284.1192197597182,284.1192197597182,0.0,0.0,284.1192197597182,0.0,284.1192197597182
2,79,0.0,0.0,330.1576369863013,0.0,0.0,330.1576369863013,0.0,219.56369550267294
2,80,0.0,268.80866828404294,499.2964080100704,0.0,0.0,499.2964080100704,0.0,499.2964080100704
2,81,0.0,415.7894809233677,464.1064329781622,0.0,0.0,464.1064329781622,0.0,464.1064329781622
2,82,0.0,50.450965326555206,93.77058861422637,0.0,0.0,93.77058861422637,0.0,491.0391600427978
2,83,0.0,350.38599632987507,607.2310990696011,0.0,0.0,607.2310990696011,0.0,457.40681335531536
2,84,0.0,20.57058508754642,396.8198659094642,0.0,0.0,396.8198659094642,0.0,396.8198659094642
2,85,0.0,0.0,265.6598287671234,0.0,0.0,265.6598287671234,0.0,198.3080355275053
2,86,284.25,176.6676896472585,176.6676896472585,176.6676896472585,107.5823103527415,0.0,137.8876896472584,720.6605712519549
2,87,0.0,147.5915851738369,147.5915851738369,0.0,0.0,147.5915851738369,0.0,478.2251419253047
2,88,0.0,21.798561559388645,526.0936642991146,0.0,0.0,526.0936642991146,0.0,526.0936642991146
2,89,0.0,0.1778882634144452,358.4726485373871,0.0,0.0,358.4726485373871,0.0,358.4726485373871
2,90,480.66,200.98968917834793,704.1710247947863,480.66,0.0,223.51102479478624,472.73857142857133,696.2495962233576
2,91,0.0,133.0945548902477,365.9327055751794,0.0,0.0,365.9327055751794,0.0,538.4212770037508
2,92,0.0,2.0371206099828782,453.05958636340745,0.0,0.0,453.05958636340745,0.0,453.05958636340745
2,93,0.0,24.391508233335117,410.2384602881296,0.0,0.0,410.2384602881296,0.0,349.8527460024153
2,94,0.0,378.23408689558227,378.23408689558227,0.0,0.0,378.23408689558227,0.0,378.23408689558227
2,95,0.0,76.83457532287389,348.41659587081915,0.0,0.0,348.41659587081915,0.0,348.41659587081915
3,0,0.0,0.0,281.01802338339974,0.0,0.0,281.01802338339974,0.0,281.01802338339974
3,1,0.0,0.0,509.6604109589041,0.0,0.0,509.6604109589041,0.0,423.68522478525585
3,2,0.0,0.0,800.5369216924429,0.0,0.0,800.5369216924429,0.0,764.3612074067286
3,3,0.0,0.0,267.2735305643938,0.0,0.0,267.2735305643938,0.0,267.2735305643938
3,4,0.0,0.0,661.0570890909325,0.0,0.0,661.0570890909325,0.0,578.9670890909325
3,5,0.0,0.0,424.828801369863,0.0,0.0,424.828801369863,0.0,337.0165259706679
3,6,0.0,0.0,0.0,0.0,0.0,0.0,0.0,417.67213088046867
3,7,0.0,0.0,347.7283561643836,0.0,0.0,347.7283561643836,0.0,265.74223673467066
3,8,0.0,0.0,386.70533445040894,0.0,0.0,386.70533445040894,0.0,356.6496201646946
3,9,215.32,0.0,499.5963490765678,215.32,0.0,284.2763490765678,199.3428571428571,483.6192062194249
3,10,0.0,0.0,452.51907534246584,0.0,0.0,452.51907534246584,0.0,433.51487305703483
3,11,506.65,0.0,487.47616011007847,487.47616011007847,19.17383988992151,0.0,460.4661601100785,460.4661601100785
3,12,0.0,0.0,606.0431023472373,0.0,0.0,606.0431023472373,0.0,481.11310234723726
3,13,282.41,0.0,593.2820714872016,282.41,0.0,310.8720714872016,300.77285714285716,611.6449286300588
3,14,0.0,436.15542951789314,436.15542951789314,0.0,0.0,436.15542951789314,0.0,436.15542951789314
3,15,0.0,0.0,370.4582191780823,0.0,0.0,370.4582191780823,0.0,183.73220462672086
3,16,0.0,0.0,598.6553330497641,0.0,0.0,598.6553330497641,0.0,536.2596187640498
3,17,0.0,520.9899853228964,621.7376670017487,0.0,0.0,621.7376670017487,0.0,621.7376670017487
3,18,0.0,0.0,430.0478617854067,0.0,0.0,430.0478617854067,0.0,368.85643321397816
3,19,0.0,0.0,339.1046917808219,0.0,0.0,339.1046917808219,0.0,248.48652372366695
3,20,0.0,0.0,161.75579333895558,0.0,0.0,161.75579333895558,0.0,532.4300790532412
3,21,0.0,261.39965753424644,332.9714311928483,0.0,0.0,332.9714311928483,5.684341886080802e-14,332.97143119284834
3,22,0.0,0.0,635.9573703653984,0.0,0.0,635.9573703653984,0.0,544.3187989368271
3,23,0.0,0.0,458.13414575760686,0.0,0.0,458.13414575760686,0.0,400.82414575760686
3,24,0.0,0.0,420.8831506849314,0.0,0.0,420.8831506849314,0.0,200.38452513748666
3,25,199.38,53.9470254403131,440.5344996622054,199.38,0.0,241.1544996622054,227.86285714285714,469.01735680506255
3,26,0.0,0.0,611.9290108716209,0.0,0.0,611.9290108716209,0.0,563.6361537287637
3,27,0.0,0.0,411.67961962307146,0.0,0.0,411.67961962307146,0.0,372.3867624802143
3,28,0.0,0.0,82.00511158306279,0.0,0.0,82.00511158306279,0.0,676.9193972973485
3,29,0.0,0.0,0.0,0.0,0.0,0.0,0.0,471.1322720475342
3,30,408.67,0.0,149.82301369863023,149.82301369863023,258.8469863013698,0.0,208.2044422700588,426.5278751688229
3,31,0.0,0.0,671.4796961235978,0.0,0.0,671.4796961235978,0.0,636.6182675521692
3,32,0.0,0.0,554.0452473255891,0.0,0.0,554.0452473255891,0.0,554.0452473255891
3,33,409.36,0.0,0.0,0.0,409.36,0.0,58.48000000000002,427.3718282993798
3,34,0.0,0.0,484.3216095890409,0.0,0.0,484.3216095890409,0.0,331.48944001065666
3,35,0.0,0.0,566.3830545380878,0.0,0.0,566.3830545380878,0.0,566.3830545380878
3,36,0.0,290.93,691.7320826017963,0.0,0.0,691.7320826017963,0.0,548.746368316082
3,37,0.0,0.0,382.92228948137665,0.0,0.0,382.92228948137665,0.0,365.15228948137667
3,38,213.55,0.0,453.86154109589035,213.55,0.0,240.31154109589033,94.33226773334832,334.64380882923865
3,39,0.0,328.8496432072655,335.4149171798682,0.0,0.0,335.4149171798682,0.0,335.4149171798682
3,40,0.0,0.0,435.56742264795326,0.0,0.0,435.56742264795326,0.0,394.98456550509616
3,41,0.0,0.0,342.41434931506853,0.0,0.0,342.41434931506853,0.0,323.37354954296666
3,42,0.0,0.0,479.91790445821357,0.0,0.0,479.91790445821357,0.0,479.91790445821357
3,43,0.0,0.0,510.8924897657877,0.0,0.0,510.8924897657877,0.0,510.8924897657877
3,44,304.07,0.0,395.8516125415339,304.07,0.0,91.78161254153389,261.9628571428571,353.744469684391
3,45,0.0,0.0,610.0510957570366,0.0,0.0,610.0510957570366,0.0,573.0810957570366
3,46,0.0,0.0,423.32404109589044,0.0,0.0,423.32404109589044,0.0,326.5422953047816
3,47,0.0,453.5276174168298,453.5276174168298,0.0,0.0,453.5276174168298,0.0,704.4326171483731
3,48,158.54,177.86857142857139,639.1532689006985,158.54,0.0,480.6132689006986,181.18857142857144,661.80184032927
3,49,0.0,0.0,129.98383775749187,0.0,0.0,129.98383775749187,0.0,579.1038377574919
3,50,0.0,0.0,10.583100063304641,0.0,0.0,10.583100063304641,0.0,542.5945286347333
3,51,0.0,0.0,342.13981444193155,0.0,0.0,342.13981444193155,0.0,319.9326715847887
3,52,0.0,0.0,465.3753424657534,0.0,0.0,465.3753424657534,0.0,368.37731326439143
3,53,0.0,0.0,340.73551237708176,0.0,0.0,340.73551237708176,0.0,340.73551237708176
3,54,0.0,0.0,643.5269465390544,0.0,0.0,643.5269465390544,0.0,553.9240893961972
3,55,0.0,0.0,305.61544520547955,0.0,0.0,305.61544520547955,0.0,274.6064208309273
3,56,0.0,0.0,376.81647260273974,0.0,0.0,376.81647260273974,0.0,343.41758178915995
3,57,369.11,0.0,356.3824571029639,356.3824571029639,12.72754289703613,0.0,409.1124571029639,586.175314245821
3,58,0.0,0.0,497.21479452054797,0.0,0.0,497.21479452054797,0.0,402.3316570891947
3,59,351.82,253.61012582026734,476.2908792449247,351.82,0.0,124.47087924492473,376.97285714285715,501.4437363877819
3,60,0.0,0.0,564.8777455778213,0.0,0.0,564.8777455778213,0.0,534.9977455778212
3,61,0.0,0.0,297.4455821917809,0.0,0.0,297.4455821917809,0.0,241.5035962032639
3,62,0.0,0.0,504.396242188892,0.0,0.0,504.396242188892,0.0,434.4533850460349
3,63,0.0,0.0,454.9069863013698,0.0,0.0,454.9069863013698,0.0,350.1322552967843
3,64,0.0,0.0,565.3223202370197,0.0,0.0,565.3223202370197,0.0,565.3223202370197
3,65,0.0,0.0,0.0,0.0,0.0,0.0,0.0,518.1437441040448
3,66,0.0,0.0,466.1884397834217,0.0,0.0,466.1884397834217,0.0,436.32843978342174
3,67,0.0,0.0,476.1551027397259,0.0,0.0,476.1551027397259,0.0,442.30200669265867
3,68,0.0,224.4055263456272,337.6774441538462,0.0,0.0,337.6774441538462,0.0,337.6774441538462
3,69,0.0,0.0,384.8308717098472,0.0,0.0,384.8308717098472,0.0,308.2508717098472
3,70,0.0,0.0,233.8241899098902,0.0,0.0,233.8241899098902,0.0,666.9341899098902
3,71,216.31,0.0,326.3056556935609,216.31,0.0,109.99565569356088,176.59571428571428,286.59136997927516
3,72,0.0,0.0,470.0392123287671,0.0,0.0,470.0392123287671,0.0,451.1595192543924
3,73,0.0,0.0,393.43020547945207,0.0,0.0,393.43020547945207,0.0,331.1513902280714
3,74,0.0,0.0,455.5018700988768,0.0,0.0,455.5018700988768,0.0,416.7890129560197
3,75,0.0,0.0,471.4316879302299,0.0,0.0,471.4316879302299,0.0,471.4316879302299
3,76,0.0,0.0,587.1255542074815,0.0,0.0,587.1255542074815,0.0,587.1255542074815
3,77,0.0,0.0,389.77486301369856,0.0,0.0,389.77486301369856,0.0,116.49005294496399
3,78,0.0,0.0,284.1192197597182,0.0,0.0,284.1192197597182,0.0,284.1192197597182
3,79,0.0,0.0,330.1576369863013,0.0,0.0,330.1576369863013,0.0,219.56369550267294
3,80,248.73,0.0,499.2964080100704,248.73,0.0,250.56640801007043,284.2628571428571,534.8292651529275
3,81,0.0,0.0,464.1064329781622,0.0,0.0,464.1064329781622,0.0,464.1064329781622
3,82,0.0,397.2685714285714,491.0391600427978,0.0,0.0,491.0391600427978,0.0,491.0391600427978
3,83,282.98,0.0,607.2310990696011,282.98,0.0,324.2510990696011,143.19428571428568,467.44538478388677
3,84,0.0,0.0,396.8198659094642,0.0,0.0,396.8198659094642,0.0,396.8198659094642
3,85,0.0,0.0,265.6598287671234,0.0,0.0,265.6598287671234,0.0,198.3080355275053
3,86,0.0,582.7728816046965,582.7728816046965,0.0,0.0,582.7728816046965,0.0,720.6605712519549
3,87,0.0,330.6335567514678,478.2251419253047,0.0,0.0,478.2251419253047,0.0,478.2251419253047
3,88,0.0,0.0,526.0936642991146,0.0,0.0,526.0936642991146,0.0,447.69366429911463
3,89,0.0,0.0,358.4726485373871,0.0,0.0,358.4726485373871,0.0,358.4726485373871
3,90,0.0,0.0,223.51102479478624,0.0,0.0,223.51102479478624,0.0,696.2495962233576
3,91,0.0,232.86857142857139,598.8012770037508,0.0,0.0,598.8012770037508,0.0,464.66127700375074
3,92,0.0,0.0,453.05958636340745,0.0,0.0,453.05958636340745,0.0,453.05958636340745
3,93,0.0,0.0,410.2384602881296,0.0,0.0,410.2384602881296,0.0,349.8527460024153
3,94,0.0,0.0,378.23408689558227,0.0,0.0,378.23408689558227,0.0,378.23408689558227
3,95,423.53,0.0,348.41659587081915,348.41659587081915,75.11340412918082,0.0,408.92088158510484,408.92088158510484
4,0,174.39,0.0,281.01802338339974,174.39,0.0,106.62802338339975,199.30285714285708,305.93088052625683
4,1,0.0,0.0,509.6604109589041,0.0,0.0,509.6604109589041,0.0,423.68522478525585
4,2,0.0,0.0,800.5369216924429,0.0,0.0,800.5369216924429,0.0,764.3612074067286
4,3,0.0,0.0,267.2735305643938,0.0,0.0,267.2735305643938,0.0,267.2735305643938
4,4,0.0,0.0,661.0570890909325,0.0,0.0,661.0570890909325,0.0,578.9670890909325
4,5,0.0,0.0,424.828801369863,0.0,0.0,424.828801369863,0.0,337.0165259706679
4,6,0.0,417.67213088046867,417.67213088046867,0.0,0.0,417.67213088046867,0.0,417.67213088046867
4,7,0.0,0.0,347.7283561643836,0.0,0.0,347.7283561643836,0.0,265.74223673467066
4,8,0.0,0.0,386.70533445040894,0.0,0.0,386.70533445040894,0.0,356.6496201646946
4,9,0.0,0.0,284.2763490765678,0.0,0.0,284.2763490765678,0.0,483.6192062194249
4,10,0.0,0.0,452.51907534246584,0.0,0.0,452.51907534246584,0.0,433.51487305703483
4,11,0.0,0.0,0.0,0.0,0.0,0.0,0.0,460.4661601100785
4,12,0.0,0.0,606.0431023472373,0.0,0.0,606.0431023472373,0.0,481.11310234723726
4,13,0.0,0.0,310.8720714872016,0.0,0.0,310.8720714872016,0.0,531.1177857729159
4,14,0.0,0.0,436.15542951789314,0.0,0.0,436.15542951789314,0.0,436.15542951789314
4,15,0.0,0.0,370.4582191780823,0.0,0.0,370.4582191780823,0.0,183.73220462672086
4,16,537.17,0.0,598.6553330497641,537.17,0.0,61.48533304976411,551.5128571428571,612.9981901926212
4,17,0.0,0.0,621.7376670017487,0.0,0.0,621.7376670017487,0.0,570.2819527160344
4,18,0.0,0.0,430.0478617854067,0.0,0.0,430.0478617854067,0.0,368.85643321397816
4,19,0.0,0.0,339.1046917808219,0.0,0.0,339.1046917808219,0.0,248.48652372366695
4,20,0.0,370.67428571428565,532.4300790532412,0.0,0.0,532.4300790532412,0.0,532.4300790532412
4,21,0.0,0.0,332.9714311928483,0.0,0.0,332.9714311928483,0.0,332.97143119284834
4,22,0.0,0.0,635.9573703653984,0.0,0.0,635.9573703653984,0.0,544.3187989368271
4,23,243.37,0.0,458.13414575760686,243.37,0.0,214.76414575760685,220.82714285714286,435.5912886147497
4,24,0.0,0.0,420.8831506849314,0.0,0.0,420.8831506849314,0.0,200.38452513748666
4,25,0.0,0.0,241.1544996622054,0.0,0.0,241.1544996622054,0.0,469.01735680506255
4,26,198.62,0.0,611.9290108716209,198.62,0.0,413.3090108716209,178.70142857142855,592.0104394430494
4,27,0.0,0.0,411.67961962307146,0.0,0.0,411.67961962307146,0.0,372.3867624802143
4,28,0.0,617.417142857143,699.4222544402057,0.0,0.0,699.4222544402057,0.0,676.9193972973485
4,29,0.0,471.1322720475342,471.1322720475342,0.0,0.0,471.1322720475342,0.0,471.1322720475342
4,30,0.0,218.3234328987641,218.3234328987641,0.0,0.0,218.3234328987641,0.0,426.5278751688229
4,31,0.0,0.0,671.4796961235978,0.0,0.0,671.4796961235978,0.0,636.6182675521692
4,32,0.0,0.0,554.0452473255891,0.0,0.0,554.0452473255891,0.0,530.5466758970176
4,33,0.0,368.89182829937977,368.89182829937977,0.0,0.0,368.89182829937977,0.0,427.3718282993798
4,34,0.0,0.0,484.3216095890409,0.0,0.0,484.3216095890409,0.0,331.48944001065666
4,35,164.22,0.0,566.3830545380878,164.22,0.0,402.16305453808775,187.68000000000006,589.8430545380878
4,36,0.0,0.0,691.7320826017963,0.0,0.0,691.7320826017963,0.0,548.746368316082
4,37,0.0,0.0,382.92228948137665,0.0,0.0,382.92228948137665,0.0,365.15228948137667
4,38,0.0,0.0,240.31154109589033,0.0,0.0,240.31154109589033,0.0,334.64380882923865
4,39,0.0,0.0,335.4149171798682,0.0,0.0,335.4149171798682,0.0,335.4149171798682
4,40,0.0,0.0,435.56742264795326,0.0,0.0,435.56742264795326,0.0,394.98456550509616
4,41,0.0,0.0,342.41434931506853,0.0,0.0,342.41434931506853,0.0,323.37354954296666
4,42,104.64,0.0,479.91790445821357,104.64,0.0,375.2779044582136,119.58857142857141,494.866475886785
4,43,0.0,0.0,510.8924897657877,0.0,0.0,510.8924897657877,0.0,487.35963262293046
4,44,0.0,0.0,91.78161254153389,0.0,0.0,91.78161254153389,0.0,353.744469684391
4,45,0.0,0.0,610.0510957570366,0.0,0.0,610.0510957570366,0.0,573.0810957570366
4,46,0.0,0.0,423.32404109589044,0.0,0.0,423.32404109589044,0.0,326.5422953047816
4,47,0.0,250.90499973154328,704.4326171483731,0.0,0.0,704.4326171483731,0.0,704.4326171483731
4,48,0.0,0.0,480.6132689006986,0.0,0.0,480.6132689006986,0.0,613.84184032927
4,49,0.0,449.12,579.1038377574919,0.0,0.0,579.1038377574919,0.0,531.3409806146348
4,50,0.0,532.0114285714286,542.5945286347333,0.0,0.0,542.5945286347333,0.0,542.5945286347333
4,51,501.84,0.0,342.13981444193155,342.13981444193155,159.70018555806843,0.0,391.62410015621725,391.62410015621725
4,52,492.81,0.0,465.3753424657534,465.3753424657534,27.434657534246583,0.0,438.77874183582003,438.77874183582003
4,53,0.0,0.0,340.73551237708176,0.0,0.0,340.73551237708176,0.0,340.73551237708176
4,54,0.0,0.0,643.5269465390544,0.0,0.0,643.5269465390544,0.0,553.9240893961972
4,55,0.0,0.0,305.61544520547955,0.0,0.0,305.61544520547955,0.0,274.6064208309273
4,56,0.0,0.0,376.81647260273974,0.0,0.0,376.81647260273974,0.0,343.41758178915995
4,57,0.0,177.06285714285713,177.06285714285713,0.0,0.0,177.06285714285713,0.0,586.175314245821
4,58,288.19,0.0,497.21479452054797,288.19,0.0,209.02479452054797,234.47686256864677,443.50165708919474
4,59,0.0,0.0,124.47087924492473,0.0,0.0,124.47087924492473,0.0,501.4437363877819
4,60,0.0,0.0,564.8777455778213,0.0,0.0,564.8777455778213,0.0,534.9977455778212
4,61,0.0,0.0,297.4455821917809,0.0,0.0,297.4455821917809,0.0,241.5035962032639
4,62,280.03,0.0,504.396242188892,280.03,0.0,224.36624218889204,181.91999999999996,406.286242188892
4,63,0.0,0.0,454.9069863013698,0.0,0.0,454.9069863013698,0.0,350.1322552967843
4,64,0.0,0.0,565.3223202370197,0.0,0.0,565.3223202370197,0.0,565.3223202370197
4,65,0.0,518.1437441040448,518.1437441040448,0.0,0.0,518.1437441040448,0.0,518.1437441040448
4,66,399.39,0.0,466.1884397834217,399.39,0.0,66.79843978342171,426.5857142857143,493.384154069136
4,67,0.0,0.0,476.1551027397259,0.0,0.0,476.1551027397259,0.0,442.30200669265867
4,68,0.0,0.0,337.6774441538462,0.0,0.0,337.6774441538462,0.0,337.6774441538462
4,69,0.0,0.0,384.8308717098472,0.0,0.0,384.8308717098472,0.0,308.2508717098472
4,70,575.9,479.6685714285714,713.4927613384616,575.9,0.0,137.59276133846163,611.6128571428573,749.2056184813189
4,71,0.0,0.0,109.99565569356088,0.0,0.0,109.99565569356088,0.0,286.59136997927516
4,72,0.0,0.0,470.0392123287671,0.0,0.0,470.0392123287671,0.0,451.1595192543924
4,73,0.0,0.0,393.43020547945207,0.0,0.0,393.43020547945207,0.0,331.1513902280714
4,74,0.0,0.0,455.5018700988768,0.0,0.0,455.5018700988768,0.0,416.7890129560197
4,75,0.0,0.0,471.4316879302299,0.0,0.0,471.4316879302299,0.0,471.4316879302299
4,76,0.0,0.0,587.1255542074815,0.0,0.0,587.1255542074815,0.0,587.1255542074815
4,77,0.0,0.0,389.77486301369856,0.0,0.0,389.77486301369856,0.0,116.49005294496399
4,78,0.0,0.0,284.1192197597182,0.0,0.0,284.1192197597182,0.0,284.1192197597182
4,79,0.0,0.0,330.1576369863013,0.0,0.0,330.1576369863013,0.0,219.56369550267294
4,80,0.0,0.0,250.56640801007043,0.0,0.0,250.56640801007043,0.0,534.8292651529275
4,81,0.0,0.0,464.1064329781622,0.0,0.0,464.1064329781622,0.0,464.1064329781622
4,82,0.0,0.0,491.0391600427978,0.0,0.0,491.0391600427978,0.0,417.2005886142264
4,83,0.0,0.0,324.2510990696011,0.0,0.0,324.2510990696011,0.0,467.44538478388677
4,84,0.0,0.0,396.8198659094642,0.0,0.0,396.8198659094642,0.0,396.8198659094642
4,85,0.0,0.0,265.6598287671234,0.0,0.0,265.6598287671234,0.0,198.3080355275053
4,86,0.0,137.8876896472584,720.6605712519549,0.0,0.0,720.6605712519549,0.0,693.820571251955
4,87,0.0,0.0,478.2251419253047,0.0,0.0,478.2251419253047,0.0,410.8337133538761
4,88,0.0,0.0,526.0936642991146,0.0,0.0,526.0936642991146,0.0,447.69366429911463
4,89,0.0,0.0,358.4726485373871,0.0,0.0,358.4726485373871,0.0,358.4726485373871
4,90,501.29,472.73857142857133,696.2495962233576,501.29,0.0,194.95959622335755,527.287142857143,722.2467390805004
4,91,536.8,0.0,598.8012770037508,536.8,0.0,62.00127700375083,479.34571428571417,541.346991289465
4,92,0.0,0.0,453.05958636340745,0.0,0.0,453.05958636340745,0.0,453.05958636340745
4,93,0.0,0.0,410.2384602881296,0.0,0.0,410.2384602881296,0.0,349.8527460024153
4,94,0.0,0.0,378.23408689558227,0.0,0.0,378.23408689558227,0.0,378.23408689558227
4,95,124.6,0.0,0.0,0.0,124.6,0.0,17.80000000000001,426.72088158510485
5,0,0.0,0.0,106.62802338339975,0.0,0.0,106.62802338339975,0.0,305.93088052625683
5,1,103.08,0.0,509.6604109589041,103.08,0.0,406.5804109589041,31.830528112066077,438.4109390709702
5,2,0.0,0.0,800.5369216924429,0.0,0.0,800.5369216924429,0.0,743.2940645495858
5,3,0.0,0.0,267.2735305643938,0.0,0.0,267.2735305643938,0.0,267.2735305643938
5,4,0.0,0.0,661.0570890909325,0.0,0.0,661.0570890909325,0.0,578.9670890909325
5,5,0.0,0.0,424.828801369863,0.0,0.0,424.828801369863,0.0,337.0165259706679
5,6,0.0,0.0,417.67213088046867,0.0,0.0,417.67213088046867,0.0,417.67213088046867
5,7,0.0,0.0,347.7283561643836,0.0,0.0,347.7283561643836,0.0,265.74223673467066
5,8,0.0,0.0,386.70533445040894,0.0,0.0,386.70533445040894,0.0,356.6496201646946
5,9,0.0,199.3428571428571,483.6192062194249,0.0,0.0,483.6192062194249,0.0,483.6192062194249
5,10,431.41,0.0,452.51907534246584,431.41,0.0,21.109075342465815,474.03579771456907,495.1448730570349
5,11,0.0,460.4661601100785,460.4661601100785,0.0,0.0,460.4661601100785,0.0,460.4661601100785
5,12,0.0,0.0,606.0431023472373,0.0,0.0,606.0431023472373,0.0,481.11310234723726
5,13,0.0,300.77285714285716,611.6449286300588,0.0,0.0,611.6449286300588,0.0,531.1177857729159
5,14,0.0,0.0,436.15542951789314,0.0,0.0,436.15542951789314,0.0,436.15542951789314
5,15,0.0,0.0,370.4582191780823,0.0,0.0,370.4582191780823,0.0,183.73220462672086
5,16,0.0,0.0,61.48533304976411,0.0,0.0,61.48533304976411,0.0,578.7167616211927
5,17,280.88,0.0,621.7376670017487,280.88,0.0,340.8576670017487,209.41857142857145,550.2762384303202
5,18,0.0,0.0,430.0478617854067,0.0,0.0,430.0478617854067,0.0,368.85643321397816
5,19,0.0,0.0,339.1046917808219,0.0,0.0,339.1046917808219,0.0,248.48652372366695
5,20,0.0,0.0,532.4300790532412,0.0,0.0,532.4300790532412,0.0,532.4300790532412
5,21,0.0,5.684341886080802e-14,332.97143119284834,0.0,0.0,332.97143119284834,0.0,332.97143119284834
5,22,0.0,0.0,635.9573703653984,0.0,0.0,635.9573703653984,0.0,544.3187989368271
5,23,0.0,0.0,214.76414575760685,0.0,0.0,214.76414575760685,0.0,435.5912886147497
5,24,0.0,0.0,420.8831506849314,0.0,0.0,420.8831506849314,0.0,200.38452513748666
5,25,0.0,227.86285714285714,469.01735680506255,0.0,0.0,469.01735680506255,0.0,469.01735680506255
5,26,219.59,0.0,413.3090108716209,219.59,0.0,193.7190108716209,250.96000000000004,623.3804394430495
5,27,0.0,0.0,411.67961962307146,0.0,0.0,411.67961962307146,0.0,372.3867624802143
5,28,189.65,0.0,699.4222544402057,189.65,0.0,509.77225444020576,194.2399999999999,704.0122544402057
5,29,0.0,0.0,471.1322720475342,0.0,0.0,471.1322720475342,0.0,471.1322720475342
5,30,437.81,208.2044422700588,426.5278751688229,426.5278751688229,11.2821248311771,0.0,489.0721608831086,489.0721608831086
5,31,0.0,0.0,671.4796961235978,0.0,0.0,671.4796961235978,0.0,558.9039818378835
5,32,199.93,0.0,554.0452473255891,199.93,0.0,354.1152473255891,204.9928571428572,559.1081044684463
5,33,0.0,58.48000000000002,427.3718282993798,0.0,0.0,427.3718282993798,0.0,427.3718282993798
5,34,0.0,0.0,484.3216095890409,0.0,0.0,484.3216095890409,0.0,331.48944001065666
5,35,0.0,0.0,402.16305453808775,0.0,0.0,402.16305453808775,0.0,530.7544831095164
5,36,0.0,0.0,691.7320826017963,0.0,0.0,691.7320826017963,0.0,548.746368316082
5,37,0.0,0.0,382.92228948137665,0.0,0.0,382.92228948137665,0.0,365.15228948137667
5,38,0.0,94.33226773334832,334.64380882923865,0.0,0.0,334.64380882923865,0.0,334.64380882923865
5,39,492.05,0.0,335.4149171798682,335.4149171798682,156.6350828201318,0.0,405.70777432272536,405.70777432272536
5,40,0.0,0.0,435.56742264795326,0.0,0.0,435.56742264795326,0.0,394.98456550509616
5,41,0.0,0.0,342.41434931506853,0.0,0.0,342.41434931506853,0.0,279.11069240010954
5,42,0.0,0.0,375.2779044582136,0.0,0.0,375.2779044582136,0.0,494.866475886785
5,43,187.49,0.0,510.8924897657877,187.49,0.0,323.40248976578766,190.74142857142851,514.1439183372162
5,44,0.0,261.9628571428571,353.744469684391,0.0,0.0,353.744469684391,0.0,353.744469684391
5,45,0.0,0.0,610.0510957570366,0.0,0.0,610.0510957570366,0.0,516.8425243284651
5,46,0.0,0.0,423.32404109589044,0.0,0.0,423.32404109589044,0.0,326.5422953047816
5,47,465.05,0.0,704.4326171483731,465.05,0.0,239.38261714837307,497.0814285714286,736.4640457198017
5,48,403.13,181.18857142857144,661.80184032927,403.13,0.0,258.67184032927,412.76,671.43184032927
5,49,176.56,0.0,579.1038377574919,176.56,0.0,402.5438377574919,154.02000000000004,556.5638377574919
5,50,0.0,0.0,542.5945286347333,0.0,0.0,542.5945286347333,0.0,542.5945286347333
5,51,0.0,0.0,0.0,0.0,0.0,0.0,0.0,391.62410015621725
5,52,0.0,0.0,0.0,0.0,0.0,0.0,0.0,438.77874183582003
5,53,0.0,0.0,340.73551237708176,0.0,0.0,340.73551237708176,0.0,340.73551237708176
5,54,0.0,0.0,643.5269465390544,0.0,0.0,643.5269465390544,0.0,553.9240893961972
5,55,0.0,0.0,305.61544520547955,0.0,0.0,305.61544520547955,0.0,274.6064208309273
5,56,0.0,0.0,376.81647260273974,0.0,0.0,376.81647260273974,0.0,343.41758178915995
5,57,0.0,409.1124571029639,586.175314245821,0.0,0.0,586.175314245821,0.0,586.175314245821
5,58,0.0,0.0,209.02479452054797,0.0,0.0,209.02479452054797,0.0,443.50165708919474
5,59,0.0,376.97285714285715,501.4437363877819,0.0,0.0,501.4437363877819,0.0,480.16087924492473
5,60,0.0,0.0,564.8777455778213,0.0,0.0,564.8777455778213,0.0,475.94345986353557
5,61,0.0,0.0,297.4455821917809,0.0,0.0,297.4455821917809,0.0,241.5035962032639
5,62,0.0,0.0,224.36624218889204,0.0,0.0,224.36624218889204,0.0,406.286242188892
5,63,0.0,0.0,454.9069863013698,0.0,0.0,454.9069863013698,0.0,350.1322552967843
5,64,0.0,0.0,565.3223202370197,0.0,0.0,565.3223202370197,0.0,565.3223202370197
5,65,0.0,0.0,518.1437441040448,0.0,0.0,518.1437441040448,0.0,518.1437441040448
5,66,0.0,0.0,66.79843978342171,0.0,0.0,66.79843978342171,0.0,493.384154069136
5,67,0.0,0.0,476.1551027397259,0.0,0.0,476.1551027397259,0.0,442.30200669265867
5,68,0.0,0.0,337.6774441538462,0.0,0.0,337.6774441538462,0.0,337.6774441538462
5,69,0.0,0.0,384.8308717098472,0.0,0.0,384.8308717098472,0.0,308.2508717098472
5,70,0.0,0.0,137.59276133846163,0.0,0.0,137.59276133846163,0.0,703.2770470527473
5,71,0.0,176.59571428571428,286.59136997927516,0.0,0.0,286.59136997927516,0.0,286.59136997927516
5,72,0.0,0.0,470.0392123287671,0.0,0.0,470.0392123287671,0.0,451.1595192543924
5,73,141.68,0.0,393.43020547945207,141.68,0.0,251.75020547945206,60.67404189147646,312.4242473709285
5,74,0.0,0.0,455.5018700988768,0.0,0.0,455.5018700988768,0.0,416.7890129560197
5,75,0.0,0.0,471.4316879302299,0.0,0.0,471.4316879302299,0.0,471.4316879302299
5,76,0.0,0.0,587.1255542074815,0.0,0.0,587.1255542074815,0.0,505.6641256360529
5,77,0.0,0.0,389.77486301369856,0.0,0.0,389.77486301369856,0.0,116.49005294496399
5,78,0.0,0.0,284.1192197597182,0.0,0.0,284.1192197597182,0.0,284.1192197597182
5,79,0.0,0.0,330.1576369863013,0.0,0.0,330.1576369863013,0.0,219.56369550267294
5,80,464.48,284.2628571428571,534.8292651529275,464.48,0.0,70.3492651529275,530.8342857142857,601.1835508672132
5,81,0.0,0.0,464.1064329781622,0.0,0.0,464.1064329781622,0.0,427.9607186924479
5,82,142.84,0.0,491.0391600427978,142.84,0.0,348.19916004279776,89.40714285714296,437.6063028999407
5,83,0.0,143.19428571428568,467.44538478388677,0.0,0.0,467.44538478388677,0.0,467.44538478388677
5,84,0.0,0.0,396.8198659094642,0.0,0.0,396.8198659094642,0.0,396.8198659094642
5,85,0.0,0.0,265.6598287671234,0.0,0.0,265.6598287671234,0.0,198.3080355275053
5,86,0.0,0.0,720.6605712519549,0.0,0.0,720.6605712519549,0.0,621.1891426805264
5,87,0.0,0.0,478.2251419253047,0.0,0.0,478.2251419253047,0.0,410.8337133538761
5,88,0.0,0.0,526.0936642991146,0.0,0.0,526.0936642991146,0.0,447.69366429911463
5,89,0.0,0.0,358.4726485373871,0.0,0.0,358.4726485373871,0.0,358.4726485373871
5,90,0.0,0.0,194.95959622335755,0.0,0.0,194.95959622335755,0.0,677.3767390805006
5,91,0.0,0.0,62.00127700375083,0.0,0.0,62.00127700375083,0.0,541.346991289465
5,92,0.0,0.0,453.05958636340745,0.0,0.0,453.05958636340745,0.0,453.05958636340745
5,93,0.0,0.0,410.2384602881296,0.0,0.0,410.2384602881296,0.0,349.8527460024153
5,94,0.0,0.0,378.23408689558227,0.0,0.0,378.23408689558227,0.0,378.23408689558227
5,95,0.0,408.92088158510484,408.92088158510484,0.0,0.0,408.92088158510484,0.0,426.72088158510485
6,0,0.0,199.30285714285708,305.93088052625683,0.0,0.0,305.93088052625683,0.0,305.93088052625683
6,1,0.0,0.0,406.5804109589041,0.0,0.0,406.5804109589041,0.0,438.4109390709702
6,2,0.0,0.0,800.5369216924429,0.0,0.0,800.5369216924429,0.0,692.5926359781571
6,3,0.0,0.0,267.2735305643938,0.0,0.0,267.2735305643938,0.0,267.2735305643938
6,4,0.0,0.0,661.0570890909325,0.0,0.0,661.0570890909325,0.0,578.9670890909325
6,5,0.0,0.0,424.828801369863,0.0,0.0,424.828801369863,0.0,337.0165259706679
6,6,443.4,0.0,417.67213088046867,417.67213088046867,25.727869119531306,0.0,481.0149880233258,481.0149880233258
6,7,0.0,0.0,347.7283561643836,0.0,0.0,347.7283561643836,0.0,265.74223673467066
6,8,0.0,0.0,386.70533445040894,0.0,0.0,386.70533445040894,0.0,356.6496201646946
6,9,134.24,0.0,483.6192062194249,134.24,0.0,349.3792062194249,153.41714285714284,502.7963490765677
6,10,0.0,0.0,21.109075342465815,0.0,0.0,21.109075342465815,0.0,463.5548730570349
6,11,0.0,0.0,460.4661601100785,0.0,0.0,460.4661601100785,0.0,460.4661601100785
6,12,0.0,0.0,606.0431023472373,0.0,0.0,606.0431023472373,0.0,481.11310234723726
6,13,0.0,0.0,611.6449286300588,0.0,0.0,611.6449286300588,0.0,531.1177857729159
6,14,570.39,0.0,436.15542951789314,436.15542951789314,134.23457048210685,0.0,517.6397152321789,517.6397152321789
6,15,0.0,0.0,370.4582191780823,0.0,0.0,370.4582191780823,0.0,183.73220462672086
6,16,0.0,551.5128571428571,612.9981901926212,0.0,0.0,612.9981901926212,0.0,496.4610473354784
6,17,0.0,0.0,340.8576670017487,0.0,0.0,340.8576670017487,0.0,550.2762384303202
6,18,0.0,0.0,430.0478617854067,0.0,0.0,430.0478617854067,0.0,368.85643321397816
6,19,0.0,0.0,339.1046917808219,0.0,0.0,339.1046917808219,0.0,248.48652372366695
6,20,0.0,0.0,532.4300790532412,0.0,0.0,532.4300790532412,0.0,516.2157933389556
6,21,0.0,0.0,332.97143119284834,0.0,0.0,332.97143119284834,0.0,332.97143119284834
6,22,0.0,0.0,635.9573703653984,0.0,0.0,635.9573703653984,0.0,544.3187989368271
6,23,0.0,220.82714285714286,435.5912886147497,0.0,0.0,435.5912886147497,0.0,435.5912886147497
6,24,0.0,0.0,420.8831506849314,0.0,0.0,420.8831506849314,0.0,200.38452513748666
6,25,0.0,0.0,469.01735680506255,0.0,0.0,469.01735680506255,0.0,469.01735680506255
6,26,0.0,178.70142857142855,372.4204394430494,0.0,0.0,372.4204394430494,0.0,544.1904394430494
6,27,0.0,0.0,411.67961962307146,0.0,0.0,411.67961962307146,0.0,372.3867624802143
6,28,0.0,0.0,509.77225444020576,0.0,0.0,509.77225444020576,0.0,686.4951115830629
6,29,0.0,0.0,471.1322720475342,0.0,0.0,471.1322720475342,0.0,471.1322720475342
6,30,137.49,0.0,0.0,0.0,137.49,0.0,19.641428571428605,508.7135894545372
6,31,0.0,0.0,671.4796961235978,0.0,0.0,671.4796961235978,0.0,558.9039818378835
6,32,0.0,0.0,354.1152473255891,0.0,0.0,354.1152473255891,0.0,559.1081044684463
6,33,0.0,0.0,427.3718282993798,0.0,0.0,427.3718282993798,0.0,427.3718282993798
6,34,0.0,0.0,484.3216095890409,0.0,0.0,484.3216095890409,0.0,299.5008685820852
6,35,0.0,187.68000000000006,589.8430545380878,0.0,0.0,589.8430545380878,0.0,530.7544831095164
6,36,0.0,0.0,691.7320826017963,0.0,0.0,691.7320826017963,0.0,514.9277968875106
6,37,178.94,0.0,382.92228948137665,178.94,0.0,203.98228948137665,137.3485714285714,341.33086090994806
6,38,0.0,0.0,334.64380882923865,0.0,0.0,334.64380882923865,0.0,334.64380882923865
6,39,0.0,0.0,0.0,0.0,0.0,0.0,0.0,405.70777432272536
6,40,517.12,0.0,435.56742264795326,435.56742264795326,81.55257735204674,0.0,468.85885121938185,468.85885121938185
6,41,0.0,0.0,342.41434931506853,0.0,0.0,342.41434931506853,0.0,279.11069240010954
6,42,0.0,119.58857142857141,494.866475886785,0.0,0.0,494.866475886785,0.0,494.866475886785
6,43,0.0,0.0,323.40248976578766,0.0,0.0,323.40248976578766,0.0,514.1439183372162
6,44,0.0,0.0,353.744469684391,0.0,0.0,353.744469684391,0.0,353.744469684391
6,45,410.57,0.0,610.0510957570366,410.57,0.0,199.4810957570366,297.4971428571428,496.9782386141794
6,46,0.0,0.0,423.32404109589044,0.0,0.0,423.32404109589044,0.0,326.5422953047816
6,47,0.0,0.0,239.38261714837307,0.0,0.0,239.38261714837307,0.0,736.4640457198017
6,48,0.0,0.0,258.67184032927,0.0,0.0,258.67184032927,0.0,671.43184032927
6,49,0.0,0.0,402.5438377574919,0.0,0.0,402.5438377574919,0.0,556.5638377574919
6,50,0.0,0.0,542.5945286347333,0.0,0.0,542.5945286347333,0.0,542.5945286347333
6,51,0.0,391.62410015621725,391.62410015621725,0.0,0.0,391.62410015621725,0.0,391.62410015621725
6,52,0.0,438.77874183582003,438.77874183582003,0.0,0.0,438.77874183582003,0.0,438.77874183582003
6,53,0.0,0.0,340.73551237708176,0.0,0.0,340.73551237708176,0.0,340.73551237708176
6,54,213.72,0.0,643.5269465390544,213.72,0.0,429.80694653905437,154.64857142857147,584.4555179676258
6,55,0.0,0.0,305.61544520547955,0.0,0.0,305.61544520547955,0.0,274.6064208309273
6,56,0.0,0.0,376.81647260273974,0.0,0.0,376.81647260273974,0.0,343.41758178915995
6,57,0.0,0.0,586.175314245821,0.0,0.0,586.175314245821,0.0,559.0181713886782
6,58,0.0,234.47686256864677,443.50165708919474,0.0,0.0,443.50165708919474,0.0,443.50165708919474
6,59,0.0,0.0,501.4437363877819,0.0,0.0,501.4437363877819,0.0,480.16087924492473
6,60,0.0,0.0,564.8777455778213,0.0,0.0,564.8777455778213,0.0,475.94345986353557
6,61,0.0,0.0,297.4455821917809,0.0,0.0,297.4455821917809,0.0,229.77216763183532
6,62,449.51,181.91999999999996,406.286242188892,406.286242188892,43.22375781110799,0.0,470.5019564746063,470.5019564746063
6,63,0.0,0.0,454.9069863013698,0.0,0.0,454.9069863013698,0.0,350.1322552967843
6,64,0.0,0.0,565.3223202370197,0.0,0.0,565.3223202370197,0.0,565.3223202370197
6,65,0.0,0.0,518.1437441040448,0.0,0.0,518.1437441040448,0.0,518.1437441040448
6,66,0.0,426.5857142857143,493.384154069136,0.0,0.0,493.384154069136,0.0,477.4498683548503
6,67,0.0,0.0,476.1551027397259,0.0,0.0,476.1551027397259,0.0,369.4305781212301
6,68,0.0,0.0,337.6774441538462,0.0,0.0,337.6774441538462,0.0,307.2217298681319
6,69,0.0,0.0,384.8308717098472,0.0,0.0,384.8308717098472,0.0,308.2508717098472
6,70,521.1,611.6128571428573,749.2056184813189,521.1,0.0,228.10561848131886,549.6142857142856,777.7199041956045
6,71,0.0,0.0,286.59136997927516,0.0,0.0,286.59136997927516,0.0,286.59136997927516
6,72,464.93,0.0,470.0392123287671,464.93,0.0,5.109212328767114,512.4688783541967,517.5780906829639
6,73,0.0,0.0,251.75020547945206,0.0,0.0,251.75020547945206,0.0,312.4242473709285
6,74,0.0,0.0,455.5018700988768,0.0,0.0,455.5018700988768,0.0,340.15615581316257
6,75,0.0,0.0,471.4316879302299,0.0,0.0,471.4316879302299,0.0,471.4316879302299
6,76,0.0,0.0,587.1255542074815,0.0,0.0,587.1255542074815,0.0,505.6641256360529
6,77,0.0,0.0,389.77486301369856,0.0,0.0,389.77486301369856,0.0,116.49005294496399
6,78,0.0,0.0,284.1192197597182,0.0,0.0,284.1192197597182,0.0,284.1192197597182
6,79,0.0,0.0,330.1576369863013,0.0,0.0,330.1576369863013,0.0,219.56369550267294
6,80,0.0,0.0,70.3492651529275,0.0,0.0,70.3492651529275,0.0,601.1835508672132
6,81,459.85,0.0,464.1064329781622,459.85,0.0,4.256432978162195,489.3971428571429,493.6535758353051
6,82,0.0,0.0,348.19916004279776,0.0,0.0,348.19916004279776,0.0,437.6063028999407
6,83,0.0,0.0,467.44538478388677,0.0,0.0,467.44538478388677,0.0,467.44538478388677
6,84,0.0,0.0,396.8198659094642,0.0,0.0,396.8198659094642,0.0,364.95843733803565
6,85,0.0,0.0,265.6598287671234,0.0,0.0,265.6598287671234,0.0,198.3080355275053
6,86,0.0,0.0,720.6605712519549,0.0,0.0,720.6605712519549,0.0,564.6062855376694
6,87,0.0,0.0,478.2251419253047,0.0,0.0,478.2251419253047,0.0,392.87514192530466
6,88,444.75,0.0,526.0936642991146,444.75,0.0,81.34366429911461,429.8857142857143,511.2293785848289
6,89,0.0,0.0,358.4726485373871,0.0,0.0,358.4726485373871,0.0,358.4726485373871
6,90,0.0,527.287142857143,722.2467390805004,0.0,0.0,722.2467390805004,0.0,677.3767390805006
6,91,0.0,479.34571428571417,541.346991289465,0.0,0.0,541.346991289465,0.0,541.346991289465
6,92,385.32,0.0,453.05958636340745,385.32,0.0,67.73958636340745,440.36571428571426,508.1053006491217
6,93,475.98,0.0,410.2384602881296,410.2384602881296,65.74153971187042,0.0,417.8498888595582,417.8498888595582
6,94,0.0,0.0,378.23408689558227,0.0,0.0,378.23408689558227,0.0,378.23408689558227
6,95,0.0,17.80000000000001,426.72088158510485,0.0,0.0,426.72088158510485,0.0,405.90659587081916
7,0,0.0,0.0,305.93088052625683,0.0,0.0,305.93088052625683,0.0,305.93088052625683
7,1,419.47,31.830528112066077,438.4109390709702,419.47,0.0,18.94093907097016,426.92285714285714,445.8637962138273
7,2,0.0,0.0,800.5369216924429,0.0,0.0,800.5369216924429,0.0,692.5926359781571
7,3,0.0,0.0,267.2735305643938,0.0,0.0,267.2735305643938,0.0,267.2735305643938
7,4,0.0,0.0,661.0570890909325,0.0,0.0,661.0570890909325,0.0,578.9670890909325
7,5,0.0,0.0,424.828801369863,0.0,0.0,424.828801369863,0.0,337.0165259706679
7,6,0.0,0.0,0.0,0.0,0.0,0.0,0.0,481.0149880233258
7,7,0.0,0.0,347.7283561643836,0.0,0.0,347.7283561643836,0.0,265.74223673467066
7,8,0.0,0.0,386.70533445040894,0.0,0.0,386.70533445040894,0.0,356.6496201646946
7,9,0.0,0.0,349.3792062194249,0.0,0.0,349.3792062194249,0.0,425.96777764799634
7,10,0.0,474.03579771456907,495.1448730570349,0.0,0.0,495.1448730570349,0.0,463.5548730570349
7,11,0.0,0.0,460.4661601100785,0.0,0.0,460.4661601100785,0.0,460.4661601100785
7,12,0.0,0.0,606.0431023472373,0.0,0.0,606.0431023472373,0.0,481.11310234723726
7,13,0.0,0.0,611.6449286300588,0.0,0.0,611.6449286300588,0.0,449.020642915773
7,14,0.0,0.0,0.0,0.0,0.0,0.0,0.0,517.6397152321789
7,15,0.0,0.0,370.4582191780823,0.0,0.0,370.4582191780823,0.0,183.73220462672086
7,16,0.0,0.0,612.9981901926212,0.0,0.0,612.9981901926212,0.0,496.4610473354784
7,17,0.0,209.41857142857145,550.2762384303202,0.0,0.0,550.2762384303202,0.0,550.2762384303202
7,18,0.0,0.0,430.0478617854067,0.0,0.0,430.0478617854067,0.0,368.85643321397816
7,19,0.0,0.0,339.1046917808219,0.0,0.0,339.1046917808219,0.0,248.48652372366695
7,20,0.0,0.0,532.4300790532412,0.0,0.0,532.4300790532412,0.0,485.904364767527
7,21,0.0,0.0,332.97143119284834,0.0,0.0,332.97143119284834,0.0,332.97143119284834
7,22,0.0,0.0,635.9573703653984,0.0,0.0,635.9573703653984,0.0,522.7645132225413
7,23,0.0,0.0,435.5912886147497,0.0,0.0,435.5912886147497,0.0,360.367002900464
7,24,0.0,0.0,420.8831506849314,0.0,0.0,420.8831506849314,0.0,200.38452513748666
7,25,0.0,0.0,469.01735680506255,0.0,0.0,469.01735680506255,0.0,469.01735680506255
7,26,459.96,250.96000000000004,623.3804394430495,459.96,0.0,163.42043944304947,446.47857142857134,609.8990108716208
7,27,534.5,0.0,411.67961962307146,411.67961962307146,122.82038037692854,0.0,448.74390533735715,448.74390533735715
7,28,0.0,194.2399999999999,704.0122544402057,0.0,0.0,704.0122544402057,0.0,686.4951115830629
7,29,0.0,0.0,471.1322720475342,0.0,0.0,471.1322720475342,0.0,471.1322720475342
7,30,0.0,489.0721608831086,489.0721608831086,0.0,0.0,489.0721608831086,0.0,508.7135894545372
7,31,0.0,0.0,671.4796961235978,0.0,0.0,671.4796961235978,0.0,558.9039818378835
7,32,0.0,204.9928571428572,559.1081044684463,0.0,0.0,559.1081044684463,0.0,559.1081044684463
7,33,0.0,0.0,427.3718282993798,0.0,0.0,427.3718282993798,0.0,427.3718282993798
7,34,282.11,0.0,484.3216095890409,282.11,0.0,202.2116095890409,118.92497327875861,321.1365828677995
7,35,0.0,0.0,589.8430545380878,0.0,0.0,589.8430545380878,0.0,475.3430545380878
7,36,250.01,0.0,691.7320826017963,250.01,0.0,441.7220826017963,77.25285714285712,518.9749397446534
7,37,0.0,0.0,203.98228948137665,0.0,0.0,203.98228948137665,0.0,341.33086090994806
7,38,0.0,0.0,334.64380882923865,0.0,0.0,334.64380882923865,0.0,334.64380882923865
7,39,0.0,405.70777432272536,405.70777432272536,0.0,0.0,405.70777432272536,0.0,405.70777432272536
7,40,0.0,0.0,0.0,0.0,0.0,0.0,0.0,468.85885121938185
7,41,0.0,0.0,342.41434931506853,0.0,0.0,342.41434931506853,0.0,279.11069240010954
7,42,0.0,0.0,494.866475886785,0.0,0.0,494.866475886785,0.0,441.6936187439278
7,43,0.0,190.74142857142851,514.1439183372162,0.0,0.0,514.1439183372162,0.0,514.1439183372162
7,44,540.8,0.0,353.744469684391,353.744469684391,187.05553031560896,0.0,431.00161254153386,431.00161254153386
7,45,0.0,0.0,199.4810957570366,0.0,0.0,199.4810957570366,0.0,496.9782386141794
7,46,0.0,0.0,423.32404109589044,0.0,0.0,423.32404109589044,0.0,326.5422953047816
7,47,0.0,497.0814285714286,736.4640457198017,0.0,0.0,736.4640457198017,0.0,736.4640457198017
7,48,0.0,412.76,671.43184032927,0.0,0.0,671.43184032927,0.0,671.43184032927
7,49,0.0,154.02000000000004,556.5638377574919,0.0,0.0,556.5638377574919,0.0,556.5638377574919
7,50,0.0,0.0,542.5945286347333,0.0,0.0,542.5945286347333,0.0,515.1531000633046
7,51,0.0,0.0,391.62410015621725,0.0,0.0,391.62410015621725,0.0,330.89981444193154
7,52,0.0,0.0,438.77874183582003,0.0,0.0,438.77874183582003,0.0,438.77874183582003
7,53,0.0,0.0,340.73551237708176,0.0,0.0,340.73551237708176,0.0,340.73551237708176
7,54,235.81,0.0,429.80694653905437,235.81,0.0,193.99694653905436,269.4971428571428,618.1426608247687
7,55,0.0,0.0,305.61544520547955,0.0,0.0,305.61544520547955,0.0,274.6064208309273
7,56,0.0,0.0,376.81647260273974,0.0,0.0,376.81647260273974,0.0,343.41758178915995
7,57,0.0,0.0,586.175314245821,0.0,0.0,586.175314245821,0.0,559.0181713886782
7,58,0.0,0.0,443.50165708919474,0.0,0.0,443.50165708919474,0.0,443.50165708919474
7,59,109.86,0.0,501.4437363877819,109.86,0.0,391.58373638778187,104.2714285714286,495.85516495921047
7,60,0.0,0.0,564.8777455778213,0.0,0.0,564.8777455778213,0.0,475.94345986353557
7,61,0.0,0.0,297.4455821917809,0.0,0.0,297.4455821917809,0.0,229.77216763183532
7,62,0.0,0.0,0.0,0.0,0.0,0.0,0.0,470.5019564746063
7,63,538.53,0.0,454.9069863013698,454.9069863013698,83.62301369863019,0.0,427.06511243964144,427.06511243964144
7,64,0.0,0.0,565.3223202370197,0.0,0.0,565.3223202370197,0.0,565.3223202370197
7,65,0.0,0.0,518.1437441040448,0.0,0.0,518.1437441040448,0.0,518.1437441040448
7,66,0.0,0.0,493.384154069136,0.0,0.0,493.384154069136,0.0,477.4498683548503
7,67,0.0,0.0,476.1551027397259,0.0,0.0,476.1551027397259,0.0,369.4305781212301
7,68,580.31,0.0,337.6774441538462,337.6774441538462,242.63255584615376,0.0,390.1231584395604,390.1231584395604
7,69,0.0,0.0,384.8308717098472,0.0,0.0,384.8308717098472,0.0,308.2508717098472
7,70,0.0,0.0,228.10561848131886,0.0,0.0,228.10561848131886,0.0,703.8799041956045
7,71,0.0,0.0,286.59136997927516,0.0,0.0,286.59136997927516,0.0,286.59136997927516
7,72,0.0,0.0,5.109212328767114,0.0,0.0,5.109212328767114,0.0,517.5780906829639
7,73,0.0,60.67404189147646,312.4242473709285,0.0,0.0,312.4242473709285,0.0,312.4242473709285
7,74,0.0,0.0,455.5018700988768,0.0,0.0,455.5018700988768,0.0,340.15615581316257
7,75,0.0,0.0,471.4316879302299,0.0,0.0,471.4316879302299,0.0,471.4316879302299
7,76,0.0,0.0,587.1255542074815,0.0,0.0,587.1255542074815,0.0,465.92269706462434
7,77,0.0,0.0,389.77486301369856,0.0,0.0,389.77486301369856,0.0,116.49005294496399
7,78,0.0,0.0,284.1192197597182,0.0,0.0,284.1192197597182,0.0,284.1192197597182
7,79,0.0,0.0,330.1576369863013,0.0,0.0,330.1576369863013,0.0,219.56369550267294
7,80,164.75,530.8342857142857,601.1835508672132,164.75,0.0,436.43355086721317,103.237142857143,539.6706937243562
7,81,202.98,0.0,4.256432978162195,4.256432978162195,198.7235670218378,0.0,33.25357583530507,522.650718692448
7,82,0.0,89.40714285714296,437.6063028999407,0.0,0.0,437.6063028999407,0.0,437.6063028999407
7,83,0.0,0.0,467.44538478388677,0.0,0.0,467.44538478388677,0.0,467.44538478388677
7,84,0.0,0.0,396.8198659094642,0.0,0.0,396.8198659094642,0.0,364.95843733803565
7,85,0.0,0.0,265.6598287671234,0.0,0.0,265.6598287671234,0.0,198.3080355275053
7,86,0.0,0.0,720.6605712519549,0.0,0.0,720.6605712519549,0.0,564.6062855376694
7,87,300.39,0.0,478.2251419253047,300.39,0.0,177.8351419253047,257.95285714285706,435.78799906816175
7,88,200.04,0.0,81.34366429911461,81.34366429911461,118.69633570088538,0.0,109.92080715625747,539.8065214419718
7,89,0.0,0.0,358.4726485373871,0.0,0.0,358.4726485373871,0.0,358.4726485373871
7,90,0.0,0.0,722.2467390805004,0.0,0.0,722.2467390805004,0.0,625.0638819376434
7,91,0.0,0.0,541.346991289465,0.0,0.0,541.346991289465,0.0,541.346991289465
7,92,0.0,0.0,67.73958636340745,0.0,0.0,67.73958636340745,0.0,508.1053006491217
7,93,0.0,0.0,0.0,0.0,0.0,0.0,0.0,417.8498888595582
7,94,0.0,0.0,378.23408689558227,0.0,0.0,378.23408689558227,0.0,318.94408689558225
7,95,0.0,0.0,426.72088158510485,0.0,0.0,426.72088158510485,0.0,405.90659587081916
8,0,0.0,0.0,305.93088052625683,0.0,0.0,305.93088052625683,0.0,305.93088052625683
8,1,0.0,0.0,18.94093907097016,0.0,0.0,18.94093907097016,0.0,426.5037962138273
8,2,0.0,0.0,800.5369216924429,0.0,0.0,800.5369216924429,0.0,627.7469216924428
8,3,0.0,0.0,267.2735305643938,0.0,0.0,267.2735305643938,0.0,267.2735305643938
8,4,502.89,0.0,661.0570890909325,502.89,0.0,158.16708909093256,492.6414285714285,650.808517662361
8,5,0.0,0.0,424.828801369863,0.0,0.0,424.828801369863,0.0,317.439383113525
8,6,0.0,481.0149880233258,481.0149880233258,0.0,0.0,481.0149880233258,0.0,481.0149880233258
8,7,0.0,0.0,347.7283561643836,0.0,0.0,347.7283561643836,0.0,265.74223673467066
8,8,528.61,0.0,386.70533445040894,386.70533445040894,141.90466554959107,0.0,432.1653344504089,432.1653344504089
8,9,0.0,153.41714285714284,502.7963490765677,0.0,0.0,502.7963490765677,0.0,425.96777764799634
8,10,0.0,0.0,495.1448730570349,0.0,0.0,495.1448730570349,0.0,463.5548730570349
8,11,0.0,0.0,460.4661601100785,0.0,0.0,460.4661601100785,0.0,460.4661601100785
8,12,0.0,0.0,606.0431023472373,0.0,0.0,606.0431023472373,0.0,481.11310234723726
8,13,230.14,0.0,611.6449286300588,230.14,0.0,381.50492863005877,100.39285714285711,481.8977857729159
8,14,0.0,517.6397152321789,517.6397152321789,0.0,0.0,517.6397152321789,0.0,517.6397152321789
8,15,0.0,0.0,370.4582191780823,0.0,0.0,370.4582191780823,0.0,183.73220462672086
8,16,0.0,0.0,612.9981901926212,0.0,0.0,612.9981901926212,0.0,496.4610473354784
8,17,0.0,0.0,550.2762384303202,0.0,0.0,550.2762384303202,0.0,550.2762384303202
8,18,0.0,0.0,430.0478617854067,0.0,0.0,430.0478617854067,0.0,368.85643321397816
8,19,0.0,0.0,339.1046917808219,0.0,0.0,339.1046917808219,0.0,248.48652372366695
8,20,0.0,0.0,532.4300790532412,0.0,0.0,532.4300790532412,0.0,434.4557933389555
8,21,0.0,0.0,332.97143119284834,0.0,0.0,332.97143119284834,0.0,332.97143119284834
8,22,0.0,0.0,635.9573703653984,0.0,0.0,635.9573703653984,0.0,522.7645132225413
8,23,196.56,0.0,435.5912886147497,196.56,0.0,239.0312886147497,149.41571428571427,388.447002900464
8,24,0.0,0.0,420.8831506849314,0.0,0.0,420.8831506849314,0.0,200.38452513748666
8,25,492.97,0.0,469.01735680506255,469.01735680506255,23.95264319493748,0.0,539.4416425193483,539.4416425193483
8,26,0.0,0.0,163.42043944304947,0.0,0.0,163.42043944304947,0.0,609.8990108716208
8,27,0.0,0.0,0.0,0.0,0.0,0.0,0.0,448.74390533735715
8,28,0.0,0.0,704.0122544402057,0.0,0.0,704.0122544402057,0.0,601.4808258687772
8,29,0.0,0.0,471.1322720475342,0.0,0.0,471.1322720475342,0.0,471.1322720475342
8,30,0.0,19.641428571428605,508.7135894545372,0.0,0.0,508.7135894545372,0.0,508.7135894545372
8,31,0.0,0.0,671.4796961235978,0.0,0.0,671.4796961235978,0.0,558.9039818378835
8,32,0.0,0.0,559.1081044684463,0.0,0.0,559.1081044684463,0.0,486.98524732558906
8,33,496.36,0.0,427.3718282993798,427.3718282993798,68.98817170062023,0.0,498.2803997279512,498.2803997279512
8,34,135.67,0.0,202.2116095890409,135.67,0.0,66.54160958904092,155.05142857142852,340.5180114392281
8,35,263.87,0.0,589.8430545380878,263.87,0.0,325.9730545380878,187.0657142857143,513.0387688238021
8,36,0.0,0.0,441.7220826017963,0.0,0.0,441.7220826017963,0.0,518.9749397446534
8,37,0.0,137.3485714285714,341.33086090994806,0.0,0.0,341.33086090994806,0.0,315.82086090994807
8,38,0.0,0.0,334.64380882923865,0.0,0.0,334.64380882923865,0.0,334.64380882923865
8,39,0.0,0.0,405.70777432272536,0.0,0.0,405.70777432272536,0.0,405.70777432272536
8,40,0.0,468.85885121938185,468.85885121938185,0.0,0.0,468.85885121938185,0.0,468.85885121938185
8,41,0.0,0.0,342.41434931506853,0.0,0.0,342.41434931506853,0.0,279.11069240010954
8,42,0.0,0.0,494.866475886785,0.0,0.0,494.866475886785,0.0,403.7307616010707
8,43,0.0,0.0,514.1439183372162,0.0,0.0,514.1439183372162,0.0,514.1439183372162
8,44,0.0,0.0,0.0,0.0,0.0,0.0,0.0,431.00161254153386
8,45,0.0,297.4971428571428,496.9782386141794,0.0,0.0,496.9782386141794,0.0,496.9782386141794
8,46,0.0,0.0,423.32404109589044,0.0,0.0,423.32404109589044,0.0,326.5422953047816
8,47,0.0,0.0,736.4640457198017,0.0,0.0,736.4640457198017,0.0,736.4640457198017
8,48,0.0,0.0,671.43184032927,0.0,0.0,671.43184032927,0.0,609.1204117578413
8,49,0.0,0.0,556.5638377574919,0.0,0.0,556.5638377574919,0.0,556.5638377574919
8,50,0.0,0.0,542.5945286347333,0.0,0.0,542.5945286347333,0.0,515.1531000633046
8,51,579.0,0.0,391.62410015621725,391.62410015621725,187.37589984378275,0.0,413.61410015621726,413.61410015621726
8,52,0.0,0.0,438.77874183582003,0.0,0.0,438.77874183582003,0.0,438.77874183582003
8,53,0.0,0.0,340.73551237708176,0.0,0.0,340.73551237708176,0.0,340.73551237708176
8,54,0.0,154.64857142857147,348.64551796762584,0.0,0.0,348.64551796762584,0.0,618.1426608247687
8,55,0.0,0.0,305.61544520547955,0.0,0.0,305.61544520547955,0.0,274.6064208309273
8,56,0.0,0.0,376.81647260273974,0.0,0.0,376.81647260273974,0.0,343.41758178915995
8,57,0.0,0.0,586.175314245821,0.0,0.0,586.175314245821,0.0,559.0181713886782
8,58,0.0,0.0,443.50165708919474,0.0,0.0,443.50165708919474,0.0,382.24165708919475
8,59,0.0,0.0,391.58373638778187,0.0,0.0,391.58373638778187,0.0,495.85516495921047
8,60,0.0,0.0,564.8777455778213,0.0,0.0,564.8777455778213,0.0,475.94345986353557
8,61,0.0,0.0,297.4455821917809,0.0,0.0,297.4455821917809,0.0,229.77216763183532
8,62,353.67,470.5019564746063,470.5019564746063,353.67,0.0,116.83195647460627,404.1942857142857,521.026242188892
8,63,0.0,0.0,0.0,0.0,0.0,0.0,0.0,427.06511243964144
8,64,0.0,0.0,565.3223202370197,0.0,0.0,565.3223202370197,0.0,565.3223202370197
8,65,0.0,0.0,518.1437441040448,0.0,0.0,518.1437441040448,0.0,518.1437441040448
8,66,0.0,0.0,493.384154069136,0.0,0.0,493.384154069136,0.0,477.4498683548503
8,67,0.0,0.0,476.1551027397259,0.0,0.0,476.1551027397259,0.0,329.797720978373
8,68,0.0,0.0,0.0,0.0,0.0,0.0,0.0,390.1231584395604
8,69,0.0,0.0,384.8308717098472,0.0,0.0,384.8308717098472,0.0,308.2508717098472
8,70,0.0,549.6142857142856,777.7199041956045,0.0,0.0,777.7199041956045,0.0,627.1027613384616
8,71,0.0,0.0,286.59136997927516,0.0,0.0,286.59136997927516,0.0,286.59136997927516
8,72,0.0,512.4688783541967,517.5780906829639,0.0,0.0,517.5780906829639,0.0,517.5780906829639
8,73,681.56,0.0,312.4242473709285,312.4242473709285,369.1357526290714,0.0,393.70853308521424,393.70853308521424
8,74,0.0,0.0,455.5018700988768,0.0,0.0,455.5018700988768,0.0,340.15615581316257
8,75,0.0,0.0,471.4316879302299,0.0,0.0,471.4316879302299,0.0,471.4316879302299
8,76,967.73,0.0,587.1255542074815,587.1255542074815,380.6044457925185,0.0,604.1698399217672,604.1698399217672
8,77,0.0,0.0,389.77486301369856,0.0,0.0,389.77486301369856,0.0,116.49005294496399
8,78,0.0,0.0,284.1192197597182,0.0,0.0,284.1192197597182,0.0,284.1192197597182
8,79,0.0,0.0,330.1576369863013,0.0,0.0,330.1576369863013,0.0,219.56369550267294
8,80,0.0,0.0,436.43355086721317,0.0,0.0,436.43355086721317,0.0,478.8264080100704
8,81,0.0,489.3971428571429,489.3971428571429,0.0,0.0,489.3971428571429,0.0,522.650718692448
8,82,0.0,0.0,437.6063028999407,0.0,0.0,437.6063028999407,0.0,437.6063028999407
8,83,387.63,0.0,467.44538478388677,387.63,0.0,79.81538478388677,443.00571428571436,522.8210990696011
8,84,0.0,0.0,396.8198659094642,0.0,0.0,396.8198659094642,0.0,364.95843733803565
8,85,0.0,0.0,265.6598287671234,0.0,0.0,265.6598287671234,0.0,198.3080355275053
8,86,275.94,0.0,720.6605712519549,275.94,0.0,444.72057125195494,159.30571428571437,604.0262855376693
8,87,0.0,0.0,177.8351419253047,0.0,0.0,177.8351419253047,0.0,435.78799906816175
8,88,0.0,429.8857142857143,429.8857142857143,0.0,0.0,429.8857142857143,0.0,539.8065214419718
8,89,0.0,0.0,358.4726485373871,0.0,0.0,358.4726485373871,0.0,358.4726485373871
8,90,31.25,0.0,722.2467390805004,31.25,0.0,690.9967390805004,0.0,545.5895962233576
8,91,0.0,0.0,541.346991289465,0.0,0.0,541.346991289465,0.0,541.346991289465
8,92,0.0,440.36571428571426,508.1053006491217,0.0,0.0,508.1053006491217,0.0,508.1053006491217
8,93,0.0,417.8498888595582,417.8498888595582,0.0,0.0,417.8498888595582,0.0,417.8498888595582
8,94,0.0,0.0,378.23408689558227,0.0,0.0,378.23408689558227,0.0,318.94408689558225
8,95,128.2,0.0,426.72088158510485,128.2,0.0,298.52088158510486,125.69999999999999,424.22088158510485
9,0,0.0,0.0,305.93088052625683,0.0,0.0,305.93088052625683,0.0,259.3951662405426
9,1,0.0,426.92285714285714,445.8637962138273,0.0,0.0,445.8637962138273,0.0,426.5037962138273
9,2,0.0,0.0,800.5369216924429,0.0,0.0,800.5369216924429,0.0,627.7469216924428
9,3,0.0,0.0,267.2735305643938,0.0,0.0,267.2735305643938,0.0,267.2735305643938
9,4,0.0,0.0,158.16708909093256,0.0,0.0,158.16708909093256,0.0,591.3828033766467
9,5,0.0,0.0,424.828801369863,0.0,0.0,424.828801369863,0.0,317.439383113525
9,6,0.0,0.0,481.0149880233258,0.0,0.0,481.0149880233258,0.0,481.0149880233258
9,7,0.0,0.0,347.7283561643836,0.0,0.0,347.7283561643836,0.0,265.74223673467066
9,8,502.84,0.0,0.0,0.0,502.84,0.0,71.83428571428573,503.99962016469465
9,9,0.0,0.0,502.7963490765677,0.0,0.0,502.7963490765677,0.0,403.45777764799635
9,10,0.0,0.0,495.1448730570349,0.0,0.0,495.1448730570349,0.0,463.5548730570349
9,11,0.0,0.0,460.4661601100785,0.0,0.0,460.4661601100785,0.0,460.4661601100785
9,12,0.0,0.0,606.0431023472373,0.0,0.0,606.0431023472373,0.0,481.11310234723726
9,13,0.0,0.0,381.50492863005877,0.0,0.0,381.50492863005877,0.0,481.8977857729159
9,14,0.0,0.0,517.6397152321789,0.0,0.0,517.6397152321789,0.0,517.6397152321789
9,15,0.0,0.0,370.4582191780823,0.0,0.0,370.4582191780823,0.0,183.73220462672086
9,16,0.0,0.0,612.9981901926212,0.0,0.0,612.9981901926212,0.0,496.4610473354784
9,17,261.65,0.0,550.2762384303202,261.65,0.0,288.6262384303202,299.02857142857135,587.6548098588916
9,18,0.0,0.0,430.0478617854067,0.0,0.0,430.0478617854067,0.0,368.85643321397816
9,19,0.0,0.0,339.1046917808219,0.0,0.0,339.1046917808219,0.0,248.48652372366695
9,20,0.0,0.0,532.4300790532412,0.0,0.0,532.4300790532412,0.0,434.4557933389555
9,21,0.0,0.0,332.97143119284834,0.0,0.0,332.97143119284834,0.0,275.88571690713405
9,22,0.0,0.0,635.9573703653984,0.0,0.0,635.9573703653984,0.0,522.7645132225413
9,23,0.0,0.0,239.0312886147497,0.0,0.0,239.0312886147497,0.0,388.447002900464
9,24,0.0,0.0,420.8831506849314,0.0,0.0,420.8831506849314,0.0,200.38452513748666
9,25,0.0,0.0,0.0,0.0,0.0,0.0,0.0,539.4416425193483
9,26,0.0,446.47857142857134,609.8990108716208,0.0,0.0,609.8990108716208,0.0,583.3675823001922
9,27,0.0,448.74390533735715,448.74390533735715,0.0,0.0,448.74390533735715,0.0,448.74390533735715
9,28,0.0,0.0,704.0122544402057,0.0,0.0,704.0122544402057,0.0,601.4808258687772
9,29,390.95,0.0,471.1322720475342,390.95,0.0,80.18227204753418,381.2142857142857,461.3965577618199
9,30,0.0,0.0,508.7135894545372,0.0,0.0,508.7135894545372,0.0,508.7135894545372
9,31,271.7,0.0,671.4796961235978,271.7,0.0,399.77969612359783,197.93857142857138,597.7182675521692
9,32,0.0,0.0,559.1081044684463,0.0,0.0,559.1081044684463,0.0,486.98524732558906
9,33,0.0,0.0,0.0,0.0,0.0,0.0,0.0,498.2803997279512
9,34,0.0,118.92497327875861,185.46658286779953,0.0,0.0,185.46658286779953,2.842170943040401e-14,340.5180114392281
9,35,0.0,0.0,325.9730545380878,0.0,0.0,325.9730545380878,0.0,513.0387688238021
9,36,466.62,77.25285714285712,518.9749397446534,466.62,0.0,52.35493974465339,533.2800000000001,585.6349397446535
9,37,0.0,0.0,341.33086090994806,0.0,0.0,341.33086090994806,0.0,315.82086090994807
9,38,0.0,0.0,334.64380882923865,0.0,0.0,334.64380882923865,0.0,334.64380882923865
9,39,0.0,0.0,405.70777432272536,0.0,0.0,405.70777432272536,0.0,405.70777432272536
9,40,0.0,0.0,468.85885121938185,0.0,0.0,468.85885121938185,0.0,468.85885121938185
9,41,0.0,0.0,342.41434931506853,0.0,0.0,342.41434931506853,0.0,279.11069240010954
9,42,0.0,0.0,494.866475886785,0.0,0.0,494.866475886785,0.0,403.7307616010707
9,43,0.0,0.0,514.1439183372162,0.0,0.0,514.1439183372162,0.0,514.1439183372162
9,44,0.0,431.00161254153386,431.00161254153386,0.0,0.0,431.00161254153386,0.0,431.00161254153386
9,45,0.0,0.0,496.9782386141794,0.0,0.0,496.9782386141794,0.0,496.9782386141794
9,46,0.0,0.0,423.32404109589044,0.0,0.0,423.32404109589044,0.0,326.5422953047816
9,47,0.0,0.0,736.4640457198017,0.0,0.0,736.4640457198017,0.0,677.1111885769444
9,48,0.0,0.0,671.43184032927,0.0,0.0,671.43184032927,0.0,609.1204117578413
9,49,0.0,0.0,556.5638377574919,0.0,0.0,556.5638377574919,0.0,556.5638377574919
9,50,0.0,0.0,542.5945286347333,0.0,0.0,542.5945286347333,0.0,515.1531000633046
9,51,0.0,0.0,0.0,0.0,0.0,0.0,0.0,413.61410015621726
9,52,273.75,0.0,438.77874183582003,273.75,0.0,165.02874183582003,312.85714285714283,477.88588469296286
9,53,0.0,0.0,340.73551237708176,0.0,0.0,340.73551237708176,0.0,340.73551237708176
9,54,0.0,269.4971428571428,618.1426608247687,0.0,0.0,618.1426608247687,0.0,618.1426608247687
9,55,0.0,0.0,305.61544520547955,0.0,0.0,305.61544520547955,0.0,274.6064208309273
9,56,0.0,0.0,376.81647260273974,0.0,0.0,376.81647260273974,0.0,314.01615321773136
9,57,0.0,0.0,586.175314245821,0.0,0.0,586.175314245821,0.0,559.0181713886782
9,58,0.0,0.0,443.50165708919474,0.0,0.0,443.50165708919474,0.0,382.24165708919475
9,59,0.0,104.2714285714286,495.85516495921047,0.0,0.0,495.85516495921047,0.0,460.1080221020676
9,60,0.0,0.0,564.8777455778213,0.0,0.0,564.8777455778213,0.0,475.94345986353557
9,61,234.28,0.0,297.4455821917809,234.28,0.0,63.165582191780885,200.07515686862584,263.2407390604067
9,62,363.52,0.0,116.83195647460627,116.83195647460627,246.6880435253937,0.0,168.76338504603484,572.9576707603205
9,63,0.0,427.06511243964144,427.06511243964144,0.0,0.0,427.06511243964144,0.0,427.06511243964144
9,64,0.0,0.0,565.3223202370197,0.0,0.0,565.3223202370197,0.0,565.3223202370197
9,65,0.0,0.0,518.1437441040448,0.0,0.0,518.1437441040448,0.0,518.1437441040448
9,66,0.0,0.0,493.384154069136,0.0,0.0,493.384154069136,0.0,477.4498683548503
9,67,0.0,0.0,476.1551027397259,0.0,0.0,476.1551027397259,0.0,329.797720978373
9,68,524.12,390.1231584395604,390.1231584395604,390.1231584395604,133.99684156043958,0.0,464.9974441538462,464.9974441538462
9,69,0.0,0.0,384.8308717098472,0.0,0.0,384.8308717098472,0.0,308.2508717098472
9,70,483.73,0.0,777.7199041956045,483.73,0.0,293.9899041956045,402.2171428571429,696.2070470527474
9,71,0.0,0.0,286.59136997927516,0.0,0.0,286.59136997927516,0.0,286.59136997927516
9,72,0.0,0.0,517.5780906829639,0.0,0.0,517.5780906829639,0.0,436.1138049686781
9,73,0.0,0.0,0.0,0.0,0.0,0.0,0.0,393.70853308521424
9,74,0.0,0.0,455.5018700988768,0.0,0.0,455.5018700988768,0.0,340.15615581316257
9,75,0.0,0.0,471.4316879302299,0.0,0.0,471.4316879302299,0.0,471.4316879302299
9,76,270.93,0.0,0.0,0.0,270.93,0.0,38.704285714285675,642.8741256360529
9,77,0.0,0.0,389.77486301369856,0.0,0.0,389.77486301369856,0.0,116.49005294496399
9,78,0.0,0.0,284.1192197597182,0.0,0.0,284.1192197597182,0.0,284.1192197597182
9,79,0.0,0.0,330.1576369863013,0.0,0.0,330.1576369863013,0.0,219.56369550267294
9,80,267.39,103.237142857143,539.6706937243562,267.39,0.0,272.2806937243562,244.74428571428564,517.0249794386418
9,81,0.0,33.25357583530507,522.650718692448,0.0,0.0,522.650718692448,0.0,522.650718692448
9,82,163.09,0.0,437.6063028999407,163.09,0.0,274.5163028999407,186.38857142857148,460.90487432851216
9,83,0.0,0.0,79.81538478388677,0.0,0.0,79.81538478388677,0.0,522.8210990696011
9,84,0.0,0.0,396.8198659094642,0.0,0.0,396.8198659094642,0.0,308.9212944808928
9,85,0.0,0.0,265.6598287671234,0.0,0.0,265.6598287671234,0.0,198.3080355275053
9,86,0.0,0.0,444.72057125195494,0.0,0.0,444.72057125195494,0.0,604.0262855376693
9,87,0.0,257.95285714285706,435.78799906816175,0.0,0.0,435.78799906816175,0.0,396.4008562110189
9,88,0.0,109.92080715625747,539.8065214419718,0.0,0.0,539.8065214419718,0.0,539.8065214419718
9,89,0.0,0.0,358.4726485373871,0.0,0.0,358.4726485373871,0.0,358.4726485373871
9,90,0.0,0.0,690.9967390805004,0.0,0.0,690.9967390805004,0.0,545.5895962233576
9,91,0.0,0.0,541.346991289465,0.0,0.0,541.346991289465,0.0,541.346991289465
9,92,0.0,0.0,508.1053006491217,0.0,0.0,508.1053006491217,0.0,508.1053006491217
9,93,0.0,0.0,417.8498888595582,0.0,0.0,417.8498888595582,0.0,417.8498888595582
9,94,0.0,0.0,378.23408689558227,0.0,0.0,378.23408689558227,0.0,318.94408689558225
9,95,0.0,0.0,298.52088158510486,0.0,0.0,298.52088158510486,0.0,367.7451672993906
10,0,0.0,0.0,305.93088052625683,0.0,0.0,305.93088052625683,0.0,259.3951662405426
10,1,0.0,0.0,445.8637962138273,0.0,0.0,445.8637962138273,0.0,426.5037962138273
10,2,0.0,0.0,800.5369216924429,0.0,0.0,800.5369216924429,0.0,627.7469216924428
10,3,0.0,0.0,267.2735305643938,0.0,0.0,267.2735305643938,0.0,267.2735305643938
10,4,0.0,492.6414285714285,650.808517662361,0.0,0.0,650.808517662361,0.0,591.3828033766467
10,5,0.0,0.0,424.828801369863,0.0,0.0,424.828801369863,0.0,265.3065259706679
10,6,0.0,0.0,481.0149880233258,0.0,0.0,481.0149880233258,0.0,481.0149880233258
10,7,0.0,0.0,347.7283561643836,0.0,0.0,347.7283561643836,0.0,265.74223673467066
10,8,539.27,432.1653344504089,432.1653344504089,432.1653344504089,107.10466554959106,0.0,509.20390587898027,581.038191593266
10,9,0.0,0.0,502.7963490765677,0.0,0.0,502.7963490765677,0.0,403.45777764799635
10,10,0.0,0.0,495.1448730570349,0.0,0.0,495.1448730570349,0.0,397.91487305703487
10,11,471.11,0.0,460.4661601100785,460.4661601100785,10.643839889921537,0.0,527.767588681507,527.767588681507
10,12,0.0,0.0,606.0431023472373,0.0,0.0,606.0431023472373,0.0,481.11310234723726
10,13,0.0,100.39285714285711,481.8977857729159,0.0,0.0,481.8977857729159,0.0,457.5963572014873
10,14,0.0,0.0,517.6397152321789,0.0,0.0,517.6397152321789,0.0,517.6397152321789
10,15,0.0,0.0,370.4582191780823,0.0,0.0,370.4582191780823,0.0,183.73220462672086
10,16,0.0,0.0,612.9981901926212,0.0,0.0,612.9981901926212,0.0,496.4610473354784
10,17,0.0,0.0,288.6262384303202,0.0,0.0,288.6262384303202,0.0,519.9548098588916
10,18,0.0,0.0,430.0478617854067,0.0,0.0,430.0478617854067,0.0,354.063576071121
10,19,0.0,0.0,339.1046917808219,0.0,0.0,339.1046917808219,0.0,248.48652372366695
10,20,0.0,0.0,532.4300790532412,0.0,0.0,532.4300790532412,0.0,434.4557933389555
10,21,0.0,0.0,332.97143119284834,0.0,0.0,332.97143119284834,0.0,275.88571690713405
10,22,0.0,0.0,635.9573703653984,0.0,0.0,635.9573703653984,0.0,522.7645132225413
10,23,0.0,149.41571428571427,388.447002900464,0.0,0.0,388.447002900464,0.0,388.447002900464
10,24,0.0,0.0,420.8831506849314,0.0,0.0,420.8831506849314,0.0,200.38452513748666
10,25,0.0,539.4416425193483,539.4416425193483,0.0,0.0,539.4416425193483,0.0,539.4416425193483
10,26,0.0,0.0,609.8990108716208,0.0,0.0,609.8990108716208,0.0,583.3675823001922
10,27,0.0,0.0,448.74390533735715,0.0,0.0,448.74390533735715,0.0,448.74390533735715
10,28,0.0,0.0,704.0122544402057,0.0,0.0,704.0122544402057,0.0,527.4051115830629
10,29,315.64,0.0,80.18227204753418,80.18227204753418,235.4577279524658,0.0,125.27370061896278,506.4879863332485
10,30,0.0,0.0,508.7135894545372,0.0,0.0,508.7135894545372,0.0,508.7135894545372
10,31,0.0,0.0,399.77969612359783,0.0,0.0,399.77969612359783,0.0,597.7182675521692
10,32,0.0,0.0,559.1081044684463,0.0,0.0,559.1081044684463,0.0,486.98524732558906
10,33,0.0,498.2803997279512,498.2803997279512,0.0,0.0,498.2803997279512,0.0,498.2803997279512
10,34,0.0,155.05142857142852,340.5180114392281,0.0,0.0,340.5180114392281,0.0,322.6365828677995
10,35,0.0,187.0657142857143,513.0387688238021,0.0,0.0,513.0387688238021,0.0,513.0387688238021
10,36,0.0,0.0,52.35493974465339,0.0,0.0,52.35493974465339,0.0,585.6349397446535
10,37,0.0,0.0,341.33086090994806,0.0,0.0,341.33086090994806,0.0,315.82086090994807
10,38,0.0,0.0,334.64380882923865,0.0,0.0,334.64380882923865,0.0,334.64380882923865
10,39,233.23,0.0,405.70777432272536,233.23,0.0,172.47777432272537,266.54857142857145,439.0263457512968
10,40,432.54,0.0,468.85885121938185,432.54,0.0,36.31885121938183,432.7057142857143,469.0245655050961
10,41,0.0,0.0,342.41434931506853,0.0,0.0,342.41434931506853,0.0,279.11069240010954
10,42,0.0,0.0,494.866475886785,0.0,0.0,494.866475886785,0.0,403.7307616010707
10,43,0.0,0.0,514.1439183372162,0.0,0.0,514.1439183372162,0.0,514.1439183372162
10,44,0.0,0.0,431.00161254153386,0.0,0.0,431.00161254153386,0.0,431.00161254153386
10,45,0.0,0.0,496.9782386141794,0.0,0.0,496.9782386141794,0.0,496.9782386141794
10,46,0.0,0.0,423.32404109589044,0.0,0.0,423.32404109589044,0.0,326.5422953047816
10,47,262.86,0.0,736.4640457198017,262.86,0.0,473.60404571980166,241.05857142857144,714.6626171483731
10,48,0.0,0.0,671.43184032927,0.0,0.0,671.43184032927,0.0,609.1204117578413
10,49,0.0,0.0,556.5638377574919,0.0,0.0,556.5638377574919,0.0,556.5638377574919
10,50,262.61,0.0,542.5945286347333,262.61,0.0,279.98452863473324,272.6842857142857,552.6688143490189
10,51,0.0,413.61410015621726,413.61410015621726,0.0,0.0,413.61410015621726,0.0,413.61410015621726
10,52,0.0,0.0,165.02874183582003,0.0,0.0,165.02874183582003,0.0,459.9715989786771
10,53,0.0,0.0,340.73551237708176,0.0,0.0,340.73551237708176,0.0,340.73551237708176
10,54,0.0,0.0,618.1426608247687,0.0,0.0,618.1426608247687,0.0,618.1426608247687
10,55,0.0,0.0,305.61544520547955,0.0,0.0,305.61544520547955,0.0,274.6064208309273
10,56,0.0,0.0,376.81647260273974,0.0,0.0,376.81647260273974,0.0,314.01615321773136
10,57,0.0,0.0,586.175314245821,0.0,0.0,586.175314245821,0.0,559.0181713886782
10,58,0.0,0.0,443.50165708919474,0.0,0.0,443.50165708919474,0.0,382.24165708919475
10,59,112.42,0.0,495.85516495921047,112.42,0.0,383.43516495921045,92.73285714285709,476.16802210206754
10,60,0.0,0.0,564.8777455778213,0.0,0.0,564.8777455778213,0.0,453.7977455778213
10,61,0.0,0.0,63.165582191780885,0.0,0.0,63.165582191780885,0.0,263.2407390604067
10,62,0.0,404.1942857142857,404.1942857142857,0.0,0.0,404.1942857142857,0.0,572.9576707603205
10,63,0.0,0.0,427.06511243964144,0.0,0.0,427.06511243964144,0.0,427.06511243964144
10,64,0.0,0.0,565.3223202370197,0.0,0.0,565.3223202370197,0.0,565.3223202370197
10,65,0.0,0.0,518.1437441040448,0.0,0.0,518.1437441040448,0.0,518.1437441040448
10,66,0.0,0.0,493.384154069136,0.0,0.0,493.384154069136,0.0,477.4498683548503
10,67,0.0,0.0,476.1551027397259,0.0,0.0,476.1551027397259,0.0,329.797720978373
10,68,0.0,0.0,0.0,0.0,0.0,0.0,0.0,422.27315843956046
10,69,157.47,0.0,384.8308717098472,157.47,0.0,227.3608717098472,103.38571428571433,330.74658599556153
10,70,0.0,0.0,293.9899041956045,0.0,0.0,293.9899041956045,0.0,696.2070470527474
10,71,0.0,0.0,286.59136997927516,0.0,0.0,286.59136997927516,0.0,286.59136997927516
10,72,0.0,0.0,517.5780906829639,0.0,0.0,517.5780906829639,0.0,436.1138049686781
10,73,0.0,393.70853308521424,393.70853308521424,0.0,0.0,393.70853308521424,0.0,393.70853308521424
10,74,0.0,0.0,455.5018700988768,0.0,0.0,455.5018700988768,0.0,340.15615581316257
10,75,0.0,0.0,471.4316879302299,0.0,0.0,471.4316879302299,0.0,471.4316879302299
10,76,0.0,604.1698399217672,604.1698399217672,0.0,0.0,604.1698399217672,0.0,560.7612684931958
10,77,0.0,0.0,389.77486301369856,0.0,0.0,389.77486301369856,0.0,116.49005294496399
10,78,0.0,0.0,284.1192197597182,0.0,0.0,284.1192197597182,0.0,284.1192197597182
10,79,0.0,0.0,330.1576369863013,0.0,0.0,330.1576369863013,0.0,219.56369550267294
10,80,0.0,0.0,272.2806937243562,0.0,0.0,272.2806937243562,0.0,517.0249794386418
10,81,402.49,0.0,522.650718692448,402.49,0.0,120.16071869244797,459.9885714285714,580.1492901210194
10,82,0.0,0.0,274.5163028999407,0.0,0.0,274.5163028999407,0.0,460.90487432851216
10,83,0.0,443.00571428571436,522.8210990696011,0.0,0.0,522.8210990696011,0.0,522.8210990696011
10,84,0.0,0.0,396.8198659094642,0.0,0.0,396.8198659094642,0.0,277.00272305232136
10,85,0.0,0.0,265.6598287671234,0.0,0.0,265.6598287671234,0.0,198.3080355275053
10,86,0.0,159.30571428571437,604.0262855376693,0.0,0.0,604.0262855376693,0.0,604.0262855376693
10,87,0.0,0.0,435.78799906816175,0.0,0.0,435.78799906816175,0.0,344.42799906816174
10,88,0.0,0.0,539.8065214419718,0.0,0.0,539.8065214419718,0.0,539.8065214419718
10,89,0.0,0.0,358.4726485373871,0.0,0.0,358.4726485373871,0.0,358.4726485373871
10,90,0.0,0.0,690.9967390805004,0.0,0.0,690.9967390805004,0.0,545.5895962233576
10,91,0.0,0.0,541.346991289465,0.0,0.0,541.346991289465,0.0,541.346991289465
10,92,0.0,0.0,508.1053006491217,0.0,0.0,508.1053006491217,0.0,508.1053006491217
10,93,511.44,0.0,417.8498888595582,417.8498888595582,93.59011114044182,0.0,490.9127460024153,490.9127460024153
10,94,0.0,0.0,378.23408689558227,0.0,0.0,378.23408689558227,0.0,318.94408689558225
10,95,0.0,125.69999999999999,424.22088158510485,0.0,0.0,424.22088158510485,0.0,367.7451672993906
11,0,401.81,0.0,305.93088052625683,305.93088052625683,95.87911947374317,0.0,316.79659481197115,316.79659481197115
11,1,0.0,0.0,445.8637962138273,0.0,0.0,445.8637962138273,0.0,426.5037962138273
11,2,0.0,0.0,800.5369216924429,0.0,0.0,800.5369216924429,0.0,627.7469216924428
11,3,0.0,0.0,267.2735305643938,0.0,0.0,267.2735305643938,0.0,267.2735305643938
11,4,374.87,0.0,650.808517662361,374.87,0.0,275.93851766236105,368.9971428571429,644.9356605195039
11,5,0.0,0.0,424.828801369863,0.0,0.0,424.828801369863,0.0,265.3065259706679
11,6,0.0,0.0,481.0149880233258,0.0,0.0,481.0149880233258,0.0,481.0149880233258
11,7,543.34,0.0,347.7283561643836,347.7283561643836,195.6116438356164,0.0,343.36223673467066,343.36223673467066
11,8,0.0,71.83428571428573,71.83428571428573,0.0,0.0,71.83428571428573,0.0,581.038191593266
11,9,0.0,0.0,502.7963490765677,0.0,0.0,502.7963490765677,0.0,403.45777764799635
11,10,0.0,0.0,495.1448730570349,0.0,0.0,495.1448730570349,0.0,357.6034444856063
11,11,0.0,0.0,0.0,0.0,0.0,0.0,0.0,486.4590172529356
11,12,0.0,0.0,606.0431023472373,0.0,0.0,606.0431023472373,0.0,481.11310234723726
11,13,0.0,0.0,481.8977857729159,0.0,0.0,481.8977857729159,0.0,457.5963572014873
11,14,506.56,0.0,517.6397152321789,506.56,0.0,11.079715232178899,578.9257142857143,590.0054295178932
11,15,0.0,0.0,370.4582191780823,0.0,0.0,370.4582191780823,0.0,183.73220462672086
11,16,348.45,0.0,612.9981901926212,348.45,0.0,264.54819019262123,281.6914285714286,546.2396187640499
11,17,0.0,299.02857142857135,587.6548098588916,0.0,0.0,587.6548098588916,0.0,519.9548098588916
11,18,0.0,0.0,430.0478617854067,0.0,0.0,430.0478617854067,0.0,354.063576071121
11,19,0.0,0.0,339.1046917808219,0.0,0.0,339.1046917808219,0.0,248.48652372366695
11,20,0.0,0.0,532.4300790532412,0.0,0.0,532.4300790532412,0.0,434.4557933389555
11,21,0.0,0.0,332.97143119284834,0.0,0.0,332.97143119284834,0.0,275.88571690713405
11,22,0.0,0.0,635.9573703653984,0.0,0.0,635.9573703653984,0.0,443.39737036539844
11,23,0.0,0.0,388.447002900464,0.0,0.0,388.447002900464,0.0,388.447002900464
11,24,0.0,0.0,420.8831506849314,0.0,0.0,420.8831506849314,0.0,200.38452513748666
11,25,0.0,0.0,539.4416425193483,0.0,0.0,539.4416425193483,0.0,539.4416425193483
11,26,0.0,0.0,609.8990108716208,0.0,0.0,609.8990108716208,0.0,513.5261537287637
11,27,0.0,0.0,448.74390533735715,0.0,0.0,448.74390533735715,0.0,448.74390533735715
11,28,0.0,0.0,704.0122544402057,0.0,0.0,704.0122544402057,0.0,527.4051115830629
11,29,0.0,381.2142857142857,381.2142857142857,0.0,0.0,381.2142857142857,0.0,506.4879863332485
11,30,421.53,0.0,508.7135894545372,421.53,0.0,87.18358945453724,481.7485714285714,568.9321608831086
11,31,0.0,197.93857142857138,597.7182675521692,0.0,0.0,597.7182675521692,0.0,544.7296961235978
11,32,0.0,0.0,559.1081044684463,0.0,0.0,559.1081044684463,0.0,486.98524732558906
11,33,0.0,0.0,498.2803997279512,0.0,0.0,498.2803997279512,0.0,498.2803997279512
11,34,0.0,2.842170943040401e-14,340.5180114392281,0.0,0.0,340.5180114392281,0.0,322.6365828677995
11,35,0.0,0.0,513.0387688238021,0.0,0.0,513.0387688238021,0.0,462.5787688238021
11,36,0.0,533.2800000000001,585.6349397446535,0.0,0.0,585.6349397446535,0.0,585.6349397446535
11,37,0.0,0.0,341.33086090994806,0.0,0.0,341.33086090994806,0.0,315.82086090994807
11,38,555.1,0.0,334.64380882923865,334.64380882923865,220.45619117076137,0.0,413.94380882923866,413.94380882923866
11,39,347.48,0.0,172.47777432272537,172.47777432272537,175.00222567727465,0.0,222.11777432272538,488.66634575129683
11,40,0.0,0.0,36.31885121938183,0.0,0.0,36.31885121938183,0.0,469.0245655050961
11,41,0.0,0.0,342.41434931506853,0.0,0.0,342.41434931506853,0.0,279.11069240010954
11,42,0.0,0.0,494.866475886785,0.0,0.0,494.866475886785,0.0,403.7307616010707
11,43,0.0,0.0,514.1439183372162,0.0,0.0,514.1439183372162,0.0,514.1439183372162
11,44,0.0,0.0,431.00161254153386,0.0,0.0,431.00161254153386,0.0,431.00161254153386
11,45,0.0,0.0,496.9782386141794,0.0,0.0,496.9782386141794,0.0,496.9782386141794
11,46,0.0,0.0,423.32404109589044,0.0,0.0,423.32404109589044,0.0,326.5422953047816
11,47,0.0,0.0,473.60404571980166,0.0,0.0,473.60404571980166,0.0,666.1354742912301
11,48,371.68,0.0,671.43184032927,371.68,0.0,299.75184032927,336.2214285714285,635.9732689006985
11,49,0.0,0.0,556.5638377574919,0.0,0.0,556.5638377574919,0.0,556.5638377574919
11,50,258.07,0.0,279.98452863473324,258.07,0.0,21.914528634733244,294.93714285714293,589.5359572061618
11,51,0.0,0.0,413.61410015621726,0.0,0.0,413.61410015621726,0.0,413.61410015621726
11,52,0.0,312.85714285714283,477.88588469296286,0.0,0.0,477.88588469296286,0.0,459.9715989786771
11,53,0.0,0.0,340.73551237708176,0.0,0.0,340.73551237708176,0.0,340.73551237708176
11,54,0.0,0.0,618.1426608247687,0.0,0.0,618.1426608247687,0.0,618.1426608247687
11,55,0.0,0.0,305.61544520547955,0.0,0.0,305.61544520547955,0.0,274.6064208309273
11,56,0.0,0.0,376.81647260273974,0.0,0.0,376.81647260273974,0.0,314.01615321773136
11,57,0.0,0.0,586.175314245821,0.0,0.0,586.175314245821,0.0,559.0181713886782
11,58,229.94,0.0,443.50165708919474,229.94,0.0,213.56165708919474,183.38857142857142,396.95022851776616
11,59,0.0,0.0,383.43516495921045,0.0,0.0,383.43516495921045,0.0,476.16802210206754
11,60,0.0,0.0,564.8777455778213,0.0,0.0,564.8777455778213,0.0,409.7206027206784
11,61,0.0,200.07515686862584,263.2407390604067,0.0,0.0,263.2407390604067,0.0,263.2407390604067
11,62,0.0,168.76338504603484,572.9576707603205,0.0,0.0,572.9576707603205,0.0,572.9576707603205
11,63,0.0,0.0,427.06511243964144,0.0,0.0,427.06511243964144,0.0,427.06511243964144
11,64,0.0,0.0,565.3223202370197,0.0,0.0,565.3223202370197,0.0,547.3766059513054
11,65,0.0,0.0,518.1437441040448,0.0,0.0,518.1437441040448,0.0,518.1437441040448
11,66,0.0,0.0,493.384154069136,0.0,0.0,493.384154069136,0.0,477.4498683548503
11,67,0.0,0.0,476.1551027397259,0.0,0.0,476.1551027397259,0.0,329.797720978373
11,68,0.0,464.9974441538462,464.9974441538462,0.0,0.0,464.9974441538462,0.0,422.27315843956046
11,69,0.0,0.0,227.3608717098472,0.0,0.0,227.3608717098472,0.0,330.74658599556153
11,70,0.0,402.2171428571429,696.2070470527474,0.0,0.0,696.2070470527474,0.0,696.2070470527474
11,71,0.0,0.0,286.59136997927516,0.0,0.0,286.59136997927516,0.0,286.59136997927516
11,72,0.0,0.0,517.5780906829639,0.0,0.0,517.5780906829639,0.0,436.1138049686781
11,73,516.86,0.0,393.70853308521424,393.70853308521424,123.15146691478577,0.0,467.5456759423571,467.5456759423571
11,74,0.0,0.0,455.5018700988768,0.0,0.0,455.5018700988768,0.0,340.15615581316257
11,75,0.0,0.0,471.4316879302299,0.0,0.0,471.4316879302299,0.0,415.914545073087
11,76,286.25,38.704285714285675,642.8741256360529,286.25,0.0,356.6241256360529,245.02999999999997,601.6541256360529
11,77,0.0,0.0,389.77486301369856,0.0,0.0,389.77486301369856,0.0,116.49005294496399
11,78,0.0,0.0,284.1192197597182,0.0,0.0,284.1192197597182,0.0,284.1192197597182
11,79,0.0,0.0,330.1576369863013,0.0,0.0,330.1576369863013,0.0,219.56369550267294
11,80,0.0,244.74428571428564,517.0249794386418,0.0,0.0,517.0249794386418,0.0,517.0249794386418
11,81,0.0,0.0,120.16071869244797,0.0,0.0,120.16071869244797,0.0,580.1492901210194
11,82,0.0,186.38857142857148,460.90487432851216,0.0,0.0,460.90487432851216,0.0,460.90487432851216
11,83,0.0,0.0,522.8210990696011,0.0,0.0,522.8210990696011,0.0,522.8210990696011
11,84,0.0,0.0,396.8198659094642,0.0,0.0,396.8198659094642,0.0,277.00272305232136
11,85,0.0,0.0,265.6598287671234,0.0,0.0,265.6598287671234,0.0,198.3080355275053
11,86,0.0,0.0,604.0262855376693,0.0,0.0,604.0262855376693,0.0,522.4005712519551
11,87,0.0,0.0,435.78799906816175,0.0,0.0,435.78799906816175,0.0,344.42799906816174
11,88,0.0,0.0,539.8065214419718,0.0,0.0,539.8065214419718,0.0,539.8065214419718
11,89,0.0,0.0,358.4726485373871,0.0,0.0,358.4726485373871,0.0,358.4726485373871
11,90,0.0,0.0,690.9967390805004,0.0,0.0,690.9967390805004,0.0,545.5895962233576
11,91,0.0,0.0,541.346991289465,0.0,0.0,541.346991289465,0.0,541.346991289465
11,92,0.0,0.0,508.1053006491217,0.0,0.0,508.1053006491217,0.0,508.1053006491217
11,93,0.0,0.0,0.0,0.0,0.0,0.0,0.0,490.9127460024153
11,94,0.0,0.0,378.23408689558227,0.0,0.0,378.23408689558227,0.0,318.94408689558225
11,95,392.86,0.0,424.22088158510485,392.86,0.0,31.360881585104835,344.07000000000005,375.4308815851049
12,0,0.0,0.0,0.0,0.0,0.0,0.0,0.0,316.79659481197115
12,1,0.0,0.0,445.8637962138273,0.0,0.0,445.8637962138273,0.0,426.5037962138273
12,2,0.0,0.0,800.5369216924429,0.0,0.0,800.5369216924429,0.0,627.7469216924428
12,3,0.0,0.0,267.2735305643938,0.0,0.0,267.2735305643938,0.0,267.2735305643938
12,4,0.0,0.0,275.93851766236105,0.0,0.0,275.93851766236105,0.0,644.9356605195039
12,5,0.0,0.0,424.828801369863,0.0,0.0,424.828801369863,0.0,265.3065259706679
12,6,0.0,0.0,481.0149880233258,0.0,0.0,481.0149880233258,0.0,481.0149880233258
12,7,0.0,0.0,0.0,0.0,0.0,0.0,0.0,343.36223673467066
12,8,0.0,509.20390587898027,581.038191593266,0.0,0.0,581.038191593266,0.0,557.4153344504089
12,9,0.0,0.0,502.7963490765677,0.0,0.0,502.7963490765677,0.0,403.45777764799635
12,10,0.0,0.0,495.1448730570349,0.0,0.0,495.1448730570349,0.0,357.6034444856063
12,11,289.48,527.767588681507,527.767588681507,289.48,0.0,238.28758868150703,249.66571428571427,487.9533029672213
12,12,0.0,0.0,606.0431023472373,0.0,0.0,606.0431023472373,0.0,481.11310234723726
12,13,0.0,0.0,481.8977857729159,0.0,0.0,481.8977857729159,0.0,457.5963572014873
12,14,551.82,0.0,11.079715232178899,11.079715232178899,540.7402847678211,0.0,72.80400094646461,651.7297152321789
12,15,0.0,0.0,370.4582191780823,0.0,0.0,370.4582191780823,0.0,183.73220462672086
12,16,0.0,0.0,264.54819019262123,0.0,0.0,264.54819019262123,0.0,546.2396187640499
12,17,0.0,0.0,587.6548098588916,0.0,0.0,587.6548098588916,0.0,519.9548098588916
12,18,0.0,0.0,430.0478617854067,0.0,0.0,430.0478617854067,0.0,354.063576071121
12,19,0.0,0.0,339.1046917808219,0.0,0.0,339.1046917808219,0.0,248.48652372366695
12,20,0.0,0.0,532.4300790532412,0.0,0.0,532.4300790532412,0.0,434.4557933389555
12,21,0.0,0.0,332.97143119284834,0.0,0.0,332.97143119284834,0.0,275.88571690713405
12,22,1125.23,0.0,635.9573703653984,635.9573703653984,489.27262963460157,0.0,604.1445132225413,604.1445132225413
12,23,0.0,0.0,388.447002900464,0.0,0.0,388.447002900464,0.0,388.447002900464
12,24,0.0,0.0,420.8831506849314,0.0,0.0,420.8831506849314,0.0,200.38452513748666
12,25,323.44,0.0,539.4416425193483,323.44,0.0,216.0016425193483,369.6457142857143,585.6473568050626
12,26,0.0,0.0,609.8990108716208,0.0,0.0,609.8990108716208,0.0,513.5261537287637
12,27,273.33,0.0,448.74390533735715,273.33,0.0,175.41390533735716,234.67857142857144,410.0924767659286
12,28,0.0,0.0,704.0122544402057,0.0,0.0,704.0122544402057,0.0,527.4051115830629
12,29,0.0,125.27370061896278,506.4879863332485,0.0,0.0,506.4879863332485,0.0,463.75227204753423
12,30,0.0,0.0,87.18358945453724,0.0,0.0,87.18358945453724,0.0,568.9321608831086
12,31,620.5,0.0,597.7182675521692,597.7182675521692,22.78173244783079,0.0,589.5096961235978,589.5096961235978
12,32,0.0,0.0,559.1081044684463,0.0,0.0,559.1081044684463,0.0,486.98524732558906
12,33,0.0,0.0,498.2803997279512,0.0,0.0,498.2803997279512,0.0,498.2803997279512
12,34,0.0,0.0,340.5180114392281,0.0,0.0,340.5180114392281,0.0,322.6365828677995
12,35,0.0,0.0,513.0387688238021,0.0,0.0,513.0387688238021,0.0,462.5787688238021
12,36,308.31,0.0,585.6349397446535,308.31,0.0,277.3249397446535,329.4828571428571,606.8077968875106
12,37,0.0,0.0,341.33086090994806,0.0,0.0,341.33086090994806,0.0,315.82086090994807
12,38,501.14,0.0,0.0,0.0,501.14,0.0,71.59142857142854,485.5352374006672
12,39,0.0,266.54857142857145,266.54857142857145,0.0,0.0,266.54857142857145,0.0,454.4777743227254
12,40,0.0,432.7057142857143,469.0245655050961,0.0,0.0,469.0245655050961,0.0,469.0245655050961
12,41,0.0,0.0,342.41434931506853,0.0,0.0,342.41434931506853,0.0,279.11069240010954
12,42,227.15,0.0,494.866475886785,227.15,0.0,267.716475886785,83.66999999999996,351.386475886785
12,43,0.0,0.0,514.1439183372162,0.0,0.0,514.1439183372162,0.0,514.1439183372162
12,44,0.0,0.0,431.00161254153386,0.0,0.0,431.00161254153386,0.0,431.00161254153386
12,45,0.0,0.0,496.9782386141794,0.0,0.0,496.9782386141794,0.0,496.9782386141794
12,46,0.0,0.0,423.32404109589044,0.0,0.0,423.32404109589044,0.0,326.5422953047816
12,47,255.67,241.05857142857144,714.6626171483731,255.67,0.0,458.99261714837314,243.66714285714272,702.6597600055159
12,48,0.0,0.0,299.75184032927,0.0,0.0,299.75184032927,0.0,635.9732689006985
12,49,107.39,0.0,556.5638377574919,107.39,0.0,449.1738377574919,35.49285714285713,484.66669490034906
12,50,0.0,272.6842857142857,294.59881434901894,0.0,0.0,294.59881434901894,0.0,589.5359572061618
12,51,0.0,0.0,413.61410015621726,0.0,0.0,413.61410015621726,0.0,413.61410015621726
12,52,0.0,0.0,477.88588469296286,0.0,0.0,477.88588469296286,0.0,459.9715989786771
12,53,0.0,0.0,340.73551237708176,0.0,0.0,340.73551237708176,0.0,340.73551237708176
12,54,0.0,0.0,618.1426608247687,0.0,0.0,618.1426608247687,0.0,504.14551796762584
12,55,391.91,0.0,305.61544520547955,305.61544520547955,86.29455479452048,0.0,330.59356368807016,330.59356368807016
12,56,0.0,0.0,376.81647260273974,0.0,0.0,376.81647260273974,0.0,314.01615321773136
12,57,0.0,0.0,586.175314245821,0.0,0.0,586.175314245821,0.0,470.71959996010673
12,58,0.0,0.0,213.56165708919474,0.0,0.0,213.56165708919474,0.0,396.95022851776616
12,59,0.0,92.73285714285709,476.16802210206754,0.0,0.0,476.16802210206754,0.0,476.16802210206754
12,60,0.0,0.0,564.8777455778213,0.0,0.0,564.8777455778213,0.0,340.14345986353555
12,61,0.0,0.0,263.2407390604067,0.0,0.0,263.2407390604067,0.0,263.2407390604067
12,62,0.0,0.0,572.9576707603205,0.0,0.0,572.9576707603205,0.0,572.9576707603205
12,63,314.56,0.0,427.06511243964144,314.56,0.0,112.50511243964144,359.4971428571429,472.0022552967843
12,64,0.0,0.0,565.3223202370197,0.0,0.0,565.3223202370197,0.0,478.0937488084482
12,65,0.0,0.0,518.1437441040448,0.0,0.0,518.1437441040448,0.0,518.1437441040448
12,66,152.81,0.0,493.384154069136,152.81,0.0,340.574154069136,124.82428571428574,465.39843978342174
12,67,145.8,0.0,476.1551027397259,145.8,0.0,330.3551027397259,20.271189667218493,350.6262924069444
12,68,0.0,0.0,464.9974441538462,0.0,0.0,464.9974441538462,0.0,422.27315843956046
12,69,0.0,103.38571428571433,330.74658599556153,0.0,0.0,330.74658599556153,0.0,330.74658599556153
12,70,194.6,0.0,696.2070470527474,194.6,0.0,501.60704705274736,222.39999999999998,724.0070470527473
12,71,0.0,0.0,286.59136997927516,0.0,0.0,286.59136997927516,0.0,286.59136997927516
12,72,0.0,0.0,517.5780906829639,0.0,0.0,517.5780906829639,0.0,436.1138049686781
12,73,0.0,0.0,0.0,0.0,0.0,0.0,0.0,467.5456759423571
12,74,0.0,0.0,455.5018700988768,0.0,0.0,455.5018700988768,0.0,340.15615581316257
12,75,0.0,0.0,471.4316879302299,0.0,0.0,471.4316879302299,0.0,351.5702593588013
12,76,0.0,0.0,356.6241256360529,0.0,0.0,356.6241256360529,0.0,584.8012684931957
12,77,0.0,0.0,389.77486301369856,0.0,0.0,389.77486301369856,0.0,116.49005294496399
12,78,0.0,0.0,284.1192197597182,0.0,0.0,284.1192197597182,0.0,284.1192197597182
12,79,0.0,0.0,330.1576369863013,0.0,0.0,330.1576369863013,0.0,219.56369550267294
12,80,0.0,0.0,517.0249794386418,0.0,0.0,517.0249794386418,0.0,489.70497943864183
12,81,0.0,459.9885714285714,580.1492901210194,0.0,0.0,580.1492901210194,0.0,580.1492901210194
12,82,0.0,0.0,460.90487432851216,0.0,0.0,460.90487432851216,0.0,460.90487432851216
12,83,0.0,0.0,522.8210990696011,0.0,0.0,522.8210990696011,0.0,522.8210990696011
12,84,0.0,0.0,396.8198659094642,0.0,0.0,396.8198659094642,0.0,277.00272305232136
12,85,0.0,0.0,265.6598287671234,0.0,0.0,265.6598287671234,0.0,198.3080355275053
12,86,0.0,0.0,604.0262855376693,0.0,0.0,604.0262855376693,0.0,522.4005712519551
12,87,0.0,0.0,435.78799906816175,0.0,0.0,435.78799906816175,0.0,344.42799906816174
12,88,0.0,0.0,539.8065214419718,0.0,0.0,539.8065214419718,0.0,539.8065214419718
12,89,0.0,0.0,358.4726485373871,0.0,0.0,358.4726485373871,0.0,358.4726485373871
12,90,0.0,0.0,690.9967390805004,0.0,0.0,690.9967390805004,0.0,545.5895962233576
12,91,0.0,0.0,541.346991289465,0.0,0.0,541.346991289465,0.0,541.346991289465
12,92,0.0,0.0,508.1053006491217,0.0,0.0,508.1053006491217,0.0,508.1053006491217
12,93,464.65,490.9127460024153,490.9127460024153,464.65,0.0,26.262746002415327,531.0285714285715,557.2913174309867
12,94,212.46,0.0,378.23408689558227,212.46,0.0,165.77408689558226,183.52142857142857,349.29551546701083
12,95,0.0,0.0,31.360881585104835,0.0,0.0,31.360881585104835,0.0,375.4308815851049
13,0,0.0,316.79659481197115,316.79659481197115,0.0,0.0,316.79659481197115,0.0,245.06802338339972
13,1,0.0,0.0,445.8637962138273,0.0,0.0,445.8637962138273,0.0,426.5037962138273
13,2,0.0,0.0,800.5369216924429,0.0,0.0,800.5369216924429,0.0,584.6554931210143
13,3,0.0,0.0,267.2735305643938,0.0,0.0,267.2735305643938,0.0,267.2735305643938
13,4,0.0,368.9971428571429,644.9356605195039,0.0,0.0,644.9356605195039,0.0,584.3613748052181
13,5,0.0,0.0,424.828801369863,0.0,0.0,424.828801369863,0.0,265.3065259706679
13,6,0.0,0.0,481.0149880233258,0.0,0.0,481.0149880233258,0.0,481.0149880233258
13,7,0.0,343.36223673467066,343.36223673467066,0.0,0.0,343.36223673467066,0.0,343.36223673467066
13,8,0.0,0.0,581.038191593266,0.0,0.0,581.038191593266,0.0,557.4153344504089
13,9,0.0,0.0,502.7963490765677,0.0,0.0,502.7963490765677,0.0,403.45777764799635
13,10,0.0,0.0,495.1448730570349,0.0,0.0,495.1448730570349,0.0,357.6034444856063
13,11,0.0,0.0,238.28758868150703,0.0,0.0,238.28758868150703,0.0,487.9533029672213
13,12,204.35,0.0,606.0431023472373,204.35,0.0,401.6931023472373,33.887142857142805,435.5802452043801
13,13,0.0,0.0,481.8977857729159,0.0,0.0,481.8977857729159,0.0,457.5963572014873
13,14,0.0,578.9257142857143,578.9257142857143,0.0,0.0,578.9257142857143,0.0,651.7297152321789
13,15,0.0,0.0,370.4582191780823,0.0,0.0,370.4582191780823,0.0,183.73220462672086
13,16,307.12,281.6914285714286,546.2396187640499,307.12,0.0,239.11961876404985,350.99428571428575,590.1139044783356
13,17,0.0,0.0,587.6548098588916,0.0,0.0,587.6548098588916,0.0,519.9548098588916
13,18,0.0,0.0,430.0478617854067,0.0,0.0,430.0478617854067,0.0,308.10071892826386
13,19,494.19,0.0,339.1046917808219,339.1046917808219,155.0853082191781,0.0,319.0850951522384,319.0850951522384
13,20,0.0,0.0,532.4300790532412,0.0,0.0,532.4300790532412,0.0,363.3386504818127
13,21,0.0,0.0,332.97143119284834,0.0,0.0,332.97143119284834,0.0,275.88571690713405
13,22,0.0,0.0,0.0,0.0,0.0,0.0,0.0,581.5216560796841
13,23,0.0,0.0,388.447002900464,0.0,0.0,388.447002900464,0.0,388.447002900464
13,24,0.0,0.0,420.8831506849314,0.0,0.0,420.8831506849314,0.0,200.38452513748666
13,25,0.0,0.0,216.0016425193483,0.0,0.0,216.0016425193483,0.0,585.6473568050626
13,26,475.54,0.0,609.8990108716208,475.54,0.0,134.3590108716208,447.1014285714286,581.4604394430494
13,27,0.0,0.0,175.41390533735716,0.0,0.0,175.41390533735716,0.0,410.0924767659286
13,28,0.0,0.0,704.0122544402057,0.0,0.0,704.0122544402057,0.0,527.4051115830629
13,29,0.0,0.0,506.4879863332485,0.0,0.0,506.4879863332485,0.0,463.75227204753423
13,30,117.54,481.7485714285714,568.9321608831086,117.54,0.0,451.3921608831086,134.3314285714286,585.7235894545372
13,31,0.0,0.0,0.0,0.0,0.0,0.0,0.0,589.5096961235978
13,32,0.0,0.0,559.1081044684463,0.0,0.0,559.1081044684463,0.0,486.98524732558906
13,33,0.0,0.0,498.2803997279512,0.0,0.0,498.2803997279512,0.0,498.2803997279512
13,34,0.0,0.0,340.5180114392281,0.0,0.0,340.5180114392281,0.0,322.6365828677995
13,35,0.0,0.0,513.0387688238021,0.0,0.0,513.0387688238021,0.0,462.5787688238021
13,36,0.0,0.0,277.3249397446535,0.0,0.0,277.3249397446535,0.0,606.8077968875106
13,37,0.0,0.0,341.33086090994806,0.0,0.0,341.33086090994806,0.0,315.82086090994807
13,38,397.81,413.94380882923866,413.94380882923866,397.81,0.0,16.13380882923866,454.64,542.3652374006672
13,39,0.0,222.11777432272538,488.66634575129683,0.0,0.0,488.66634575129683,0.0,454.4777743227254
13,40,0.0,0.0,469.0245655050961,0.0,0.0,469.0245655050961,0.0,469.0245655050961
13,41,0.0,0.0,342.41434931506853,0.0,0.0,342.41434931506853,0.0,279.11069240010954
13,42,485.94,0.0,267.716475886785,267.716475886785,218.22352411321498,0.0,337.13647588678504,420.806475886785
13,43,0.0,0.0,514.1439183372162,0.0,0.0,514.1439183372162,0.0,444.5882040515019
13,44,510.5,0.0,431.00161254153386,431.00161254153386,79.49838745846614,0.0,503.9301839701053,503.9301839701053
13,45,0.0,0.0,496.9782386141794,0.0,0.0,496.9782386141794,0.0,496.9782386141794
13,46,498.38,0.0,423.32404109589044,423.32404109589044,75.05595890410956,0.0,397.73943816192445,397.73943816192445
13,47,0.0,0.0,458.99261714837314,0.0,0.0,458.99261714837314,0.0,651.6869028626588
13,48,280.97,336.2214285714285,635.9732689006985,280.97,0.0,355.00326890069846,321.1085714285715,676.11184032927
13,49,454.3,0.0,449.1738377574919,449.1738377574919,5.126162242508087,0.0,514.0738377574919,549.566694900349
13,50,0.0,294.93714285714293,589.5359572061618,0.0,0.0,589.5359572061618,0.0,532.4102429204474
13,51,0.0,0.0,413.61410015621726,0.0,0.0,413.61410015621726,0.0,413.61410015621726
13,52,0.0,0.0,477.88588469296286,0.0,0.0,477.88588469296286,0.0,422.05159897867713
13,53,0.0,0.0,340.73551237708176,0.0,0.0,340.73551237708176,0.0,258.1640838056532
13,54,0.0,0.0,618.1426608247687,0.0,0.0,618.1426608247687,0.0,435.9226608247687
13,55,0.0,0.0,0.0,0.0,0.0,0.0,0.0,330.59356368807016
13,56,0.0,0.0,376.81647260273974,0.0,0.0,376.81647260273974,0.0,314.01615321773136
13,57,0.0,0.0,586.175314245821,0.0,0.0,586.175314245821,0.0,470.71959996010673
13,58,156.77,183.38857142857142,396.95022851776616,156.77,0.0,240.18022851776615,179.1657142857143,419.34594280348045
13,59,0.0,0.0,476.16802210206754,0.0,0.0,476.16802210206754,0.0,476.16802210206754
13,60,0.0,0.0,564.8777455778213,0.0,0.0,564.8777455778213,0.0,340.14345986353555
13,61,0.0,0.0,263.2407390604067,0.0,0.0,263.2407390604067,0.0,263.2407390604067
13,62,410.46,0.0,572.9576707603205,410.46,0.0,162.49767076032055,469.09714285714284,631.5948136174634
13,63,0.0,0.0,112.50511243964144,0.0,0.0,112.50511243964144,0.0,472.0022552967843
13,64,0.0,0.0,565.3223202370197,0.0,0.0,565.3223202370197,0.0,407.5523202370196
13,65,0.0,0.0,518.1437441040448,0.0,0.0,518.1437441040448,0.0,486.96517267547335
13,66,0.0,0.0,340.574154069136,0.0,0.0,340.574154069136,0.0,465.39843978342174
13,67,0.0,0.0,330.3551027397259,0.0,0.0,330.3551027397259,0.0,350.6262924069444
13,68,0.0,0.0,464.9974441538462,0.0,0.0,464.9974441538462,0.0,422.27315843956046
13,69,0.0,0.0,330.74658599556153,0.0,0.0,330.74658599556153,0.0,330.74658599556153
13,70,0.0,0.0,501.60704705274736,0.0,0.0,501.60704705274736,0.0,724.0070470527473
13,71,0.0,0.0,286.59136997927516,0.0,0.0,286.59136997927516,0.0,286.59136997927516
13,72,0.0,0.0,517.5780906829639,0.0,0.0,517.5780906829639,0.0,436.1138049686781
13,73,0.0,467.5456759423571,467.5456759423571,0.0,0.0,467.5456759423571,0.0,467.5456759423571
13,74,409.44,0.0,455.5018700988768,409.44,0.0,46.061870098876796,352.58571428571435,398.64758438459114
13,75,0.0,0.0,471.4316879302299,0.0,0.0,471.4316879302299,0.0,351.5702593588013
13,76,261.61,245.02999999999997,601.6541256360529,261.61,0.0,340.04412563605285,282.13,622.1741256360528
13,77,495.09,0.0,389.77486301369856,389.77486301369856,105.31513698630141,0.0,187.21719580210686,187.21719580210686
13,78,0.0,0.0,284.1192197597182,0.0,0.0,284.1192197597182,0.0,284.1192197597182
13,79,0.0,0.0,330.1576369863013,0.0,0.0,330.1576369863013,0.0,219.56369550267294
13,80,0.0,0.0,517.0249794386418,0.0,0.0,517.0249794386418,0.0,489.70497943864183
13,81,0.0,0.0,580.1492901210194,0.0,0.0,580.1492901210194,0.0,580.1492901210194
13,82,0.0,0.0,460.90487432851216,0.0,0.0,460.90487432851216,0.0,411.00773147136925
13,83,0.0,0.0,522.8210990696011,0.0,0.0,522.8210990696011,0.0,522.8210990696011
13,84,541.31,0.0,396.8198659094642,396.8198659094642,144.49013409053572,0.0,354.33272305232134,354.33272305232134
13,85,0.0,0.0,265.6598287671234,0.0,0.0,265.6598287671234,0.0,198.3080355275053
13,86,0.0,0.0,604.0262855376693,0.0,0.0,604.0262855376693,0.0,522.4005712519551
13,87,0.0,0.0,435.78799906816175,0.0,0.0,435.78799906816175,0.0,344.42799906816174
13,88,0.0,0.0,539.8065214419718,0.0,0.0,539.8065214419718,0.0,522.9965214419717
13,89,0.0,0.0,358.4726485373871,0.0,0.0,358.4726485373871,0.0,358.4726485373871
13,90,0.0,0.0,690.9967390805004,0.0,0.0,690.9967390805004,0.0,545.5895962233576
13,91,0.0,0.0,541.346991289465,0.0,0.0,541.346991289465,0.0,490.9384198608936
13,92,519.32,0.0,508.1053006491217,508.1053006491217,11.214699350878334,0.0,582.2938720776932,582.2938720776932
13,93,0.0,0.0,26.262746002415327,0.0,0.0,26.262746002415327,0.0,557.2913174309867
13,94,0.0,0.0,165.77408689558226,0.0,0.0,165.77408689558226,0.0,349.29551546701083
13,95,309.6,344.07000000000005,375.4308815851049,309.6,0.0,65.83088158510486,353.8285714285714,419.6594530136763
14,0,0.0,0.0,316.79659481197115,0.0,0.0,316.79659481197115,0.0,245.06802338339972
14,1,0.0,0.0,445.8637962138273,0.0,0.0,445.8637962138273,0.0,426.5037962138273
14,2,0.0,0.0,800.5369216924429,0.0,0.0,800.5369216924429,0.0,500.6640645495857
14,3,0.0,0.0,267.2735305643938,0.0,0.0,267.2735305643938,0.0,267.2735305643938
14,4,222.58,0.0,644.9356605195039,222.58,0.0,422.3556605195039,162.10285714285715,584.458517662361
14,5,0.0,0.0,424.828801369863,0.0,0.0,424.828801369863,0.0,265.3065259706679
14,6,0.0,0.0,481.0149880233258,0.0,0.0,481.0149880233258,0.0,481.0149880233258
14,7,0.0,0.0,343.36223673467066,0.0,0.0,343.36223673467066,0.0,343.36223673467066
14,8,149.88,0.0,581.038191593266,149.88,0.0,431.158191593266,147.66857142857145,578.8267630218375
14,9,0.0,0.0,502.7963490765677,0.0,0.0,502.7963490765677,0.0,403.45777764799635
14,10,0.0,0.0,495.1448730570349,0.0,0.0,495.1448730570349,0.0,357.6034444856063
14,11,0.0,249.66571428571427,487.9533029672213,0.0,0.0,487.9533029672213,0.0,487.9533029672213
14,12,0.0,0.0,401.6931023472373,0.0,0.0,401.6931023472373,0.0,435.5802452043801
14,13,0.0,0.0,481.8977857729159,0.0,0.0,481.8977857729159,0.0,457.5963572014873
14,14,0.0,72.80400094646461,651.7297152321789,0.0,0.0,651.7297152321789,0.0,651.7297152321789
14,15,0.0,0.0,370.4582191780823,0.0,0.0,370.4582191780823,0.0,183.73220462672086
14,16,0.0,0.0,239.11961876404985,0.0,0.0,239.11961876404985,0.0,590.1139044783356
14,17,0.0,0.0,587.6548098588916,0.0,0.0,587.6548098588916,0.0,519.9548098588916
14,18,0.0,0.0,430.0478617854067,0.0,0.0,430.0478617854067,0.0,308.10071892826386
14,19,0.0,0.0,0.0,0.0,0.0,0.0,0.0,319.0850951522384
14,20,0.0,0.0,532.4300790532412,0.0,0.0,532.4300790532412,0.0,363.3386504818127
14,21,0.0,0.0,332.97143119284834,0.0,0.0,332.97143119284834,0.0,275.88571690713405
14,22,0.0,604.1445132225413,604.1445132225413,0.0,0.0,604.1445132225413,0.0,535.3930846511128
14,23,0.0,0.0,388.447002900464,0.0,0.0,388.447002900464,0.0,388.447002900464
14,24,0.0,0.0,420.8831506849314,0.0,0.0,420.8831506849314,0.0,200.38452513748666
14,25,0.0,369.6457142857143,585.6473568050626,0.0,0.0,585.6473568050626,0.0,527.865928233634
14,26,0.0,0.0,134.3590108716208,0.0,0.0,134.3590108716208,0.0,581.4604394430494
14,27,0.0,234.67857142857144,410.0924767659286,0.0,0.0,410.0924767659286,0.0,410.0924767659286
14,28,0.0,0.0,704.0122544402057,0.0,0.0,704.0122544402057,0.0,527.4051115830629
14,29,0.0,0.0,506.4879863332485,0.0,0.0,506.4879863332485,0.0,463.75227204753423
14,30,0.0,0.0,451.3921608831086,0.0,0.0,451.3921608831086,0.0,585.7235894545372
14,31,207.92,589.5096961235978,589.5096961235978,207.92,0.0,381.58969612359783,237.62285714285713,619.212553266455
14,32,0.0,0.0,559.1081044684463,0.0,0.0,559.1081044684463,0.0,429.0081044684462
14,33,0.0,0.0,498.2803997279512,0.0,0.0,498.2803997279512,0.0,498.2803997279512
14,34,0.0,0.0,340.5180114392281,0.0,0.0,340.5180114392281,0.0,322.6365828677995
14,35,222.81,0.0,513.0387688238021,222.81,0.0,290.2287688238021,204.18,494.4087688238021
14,36,0.0,329.4828571428571,606.8077968875106,0.0,0.0,606.8077968875106,0.0,606.8077968875106
14,37,0.0,0.0,341.33086090994806,0.0,0.0,341.33086090994806,0.0,315.82086090994807
14,38,0.0,71.59142857142854,87.7252374006672,0.0,0.0,87.7252374006672,0.0,542.3652374006672
14,39,0.0,0.0,488.66634575129683,0.0,0.0,488.66634575129683,0.0,454.4777743227254
14,40,0.0,0.0,469.0245655050961,0.0,0.0,469.0245655050961,0.0,469.0245655050961
14,41,0.0,0.0,342.41434931506853,0.0,0.0,342.41434931506853,0.0,279.11069240010954
14,42,499.61,83.66999999999996,83.66999999999996,83.66999999999996,415.94000000000005,0.0,155.04285714285714,492.1793330296422
14,43,0.0,0.0,514.1439183372162,0.0,0.0,514.1439183372162,0.0,395.5696326229305
14,44,0.0,0.0,0.0,0.0,0.0,0.0,0.0,486.29589825581957
14,45,0.0,0.0,496.9782386141794,0.0,0.0,496.9782386141794,0.0,496.9782386141794
14,46,0.0,0.0,0.0,0.0,0.0,0.0,0.0,397.73943816192445
14,47,0.0,243.66714285714272,702.6597600055159,0.0,0.0,702.6597600055159,0.0,651.6869028626588
14,48,212.94,0.0,355.00326890069846,212.94,0.0,142.06326890069846,211.05000000000007,674.22184032927
14,49,0.0,35.49285714285713,35.49285714285713,0.0,0.0,35.49285714285713,0.0,549.566694900349
14,50,0.0,0.0,589.5359572061618,0.0,0.0,589.5359572061618,0.0,532.4102429204474
14,51,0.0,0.0,413.61410015621726,0.0,0.0,413.61410015621726,0.0,413.61410015621726
14,52,0.0,0.0,477.88588469296286,0.0,0.0,477.88588469296286,0.0,422.05159897867713
14,53,0.0,0.0,340.73551237708176,0.0,0.0,340.73551237708176,0.0,258.1640838056532
14,54,0.0,0.0,618.1426608247687,0.0,0.0,618.1426608247687,0.0,435.9226608247687
14,55,0.0,330.59356368807016,330.59356368807016,0.0,0.0,330.59356368807016,0.0,330.59356368807016
14,56,0.0,0.0,376.81647260273974,0.0,0.0,376.81647260273974,0.0,314.01615321773136
14,57,0.0,0.0,586.175314245821,0.0,0.0,586.175314245821,0.0,470.71959996010673
14,58,0.0,0.0,240.18022851776615,0.0,0.0,240.18022851776615,0.0,419.34594280348045
14,59,0.0,0.0,476.16802210206754,0.0,0.0,476.16802210206754,0.0,476.16802210206754
14,60,0.0,0.0,564.8777455778213,0.0,0.0,564.8777455778213,0.0,340.14345986353555
14,61,0.0,0.0,263.2407390604067,0.0,0.0,263.2407390604067,0.0,263.2407390604067
14,62,488.91,0.0,162.49767076032055,162.49767076032055,326.4123292396795,0.0,203.91338504603488,673.0105279031777
14,63,0.0,359.4971428571429,472.0022552967843,0.0,0.0,472.0022552967843,0.0,472.0022552967843
14,64,0.0,0.0,565.3223202370197,0.0,0.0,565.3223202370197,0.0,343.3537488084482
14,65,0.0,0.0,518.1437441040448,0.0,0.0,518.1437441040448,0.0,445.2223155326162
14,66,0.0,124.82428571428574,465.39843978342174,0.0,0.0,465.39843978342174,0.0,465.39843978342174
14,67,0.0,20.271189667218493,350.6262924069444,0.0,0.0,350.6262924069444,0.0,350.6262924069444
14,68,0.0,0.0,464.9974441538462,0.0,0.0,464.9974441538462,0.0,422.27315843956046
14,69,0.0,0.0,330.74658599556153,0.0,0.0,330.74658599556153,0.0,330.74658599556153
14,70,588.84,222.39999999999998,724.0070470527473,588.84,0.0,135.1670470527473,672.96,808.1270470527473
14,71,253.33,0.0,286.59136997927516,253.33,0.0,33.261369979275145,289.52,322.78136997927515
14,72,0.0,0.0,517.5780906829639,0.0,0.0,517.5780906829639,0.0,436.1138049686781
14,73,0.0,0.0,467.5456759423571,0.0,0.0,467.5456759423571,0.0,467.5456759423571
14,74,0.0,0.0,46.061870098876796,0.0,0.0,46.061870098876796,0.0,383.2290129560197
14,75,363.96,0.0,471.4316879302299,363.96,0.0,107.4716879302299,296.0928571428571,403.564545073087
14,76,0.0,0.0,340.04412563605285,0.0,0.0,340.04412563605285,0.0,622.1741256360528
14,77,0.0,0.0,0.0,0.0,0.0,0.0,0.0,187.21719580210686
14,78,182.55,0.0,284.1192197597182,182.55,0.0,101.56921975971818,126.0757142857143,227.64493404543248
14,79,0.0,0.0,330.1576369863013,0.0,0.0,330.1576369863013,0.0,219.56369550267294
14,80,143.27,0.0,517.0249794386418,143.27,0.0,373.75497943864184,111.63142857142856,485.3864080100704
14,81,503.07,0.0,580.1492901210194,503.07,0.0,77.07929012101937,520.0485714285714,597.1278615495908
14,82,0.0,0.0,460.90487432851216,0.0,0.0,460.90487432851216,0.0,411.00773147136925
14,83,0.0,0.0,522.8210990696011,0.0,0.0,522.8210990696011,0.0,522.8210990696011
14,84,0.0,0.0,0.0,0.0,0.0,0.0,0.0,354.33272305232134
14,85,412.43,0.0,265.6598287671234,265.6598287671234,146.77017123287663,0.0,257.22660695607675,257.22660695607675
14,86,0.0,0.0,604.0262855376693,0.0,0.0,604.0262855376693,0.0,522.4005712519551
14,87,0.0,0.0,435.78799906816175,0.0,0.0,435.78799906816175,0.0,344.42799906816174
14,88,0.0,0.0,539.8065214419718,0.0,0.0,539.8065214419718,0.0,522.9965214419717
14,89,0.0,0.0,358.4726485373871,0.0,0.0,358.4726485373871,0.0,358.4726485373871
14,90,0.0,0.0,690.9967390805004,0.0,0.0,690.9967390805004,0.0,545.5895962233576
14,91,0.0,0.0,541.346991289465,0.0,0.0,541.346991289465,0.0,490.9384198608936
14,92,0.0,0.0,0.0,0.0,0.0,0.0,0.0,582.2938720776932
14,93,0.0,531.0285714285715,557.2913174309867,0.0,0.0,557.2913174309867,0.0,557.2913174309867
14,94,0.0,183.52142857142857,349.29551546701083,0.0,0.0,349.29551546701083,0.0,304.4512297527251
14,95,527.97,0.0,65.83088158510486,65.83088158510486,462.13911841489517,0.0,141.25516729939056,495.083738727962
15,0,0.0,0.0,316.79659481197115,0.0,0.0,316.79659481197115,0.0,245.06802338339972
15,1,462.03,0.0,445.8637962138273,445.8637962138273,16.166203786172673,0.0,492.50808192811303,492.50808192811303
15,2,0.0,0.0,800.5369216924429,0.0,0.0,800.5369216924429,0.0,500.6640645495857
15,3,0.0,0.0,267.2735305643938,0.0,0.0,267.2735305643938,0.0,267.2735305643938
15,4,0.0,0.0,422.3556605195039,0.0,0.0,422.3556605195039,0.0,584.458517662361
15,5,357.5,0.0,424.828801369863,357.5,0.0,67.32880136986302,249.04915317223345,316.37795454209646
15,6,0.0,0.0,481.0149880233258,0.0,0.0,481.0149880233258,0.0,481.0149880233258
15,7,0.0,0.0,343.36223673467066,0.0,0.0,343.36223673467066,0.0,343.36223673467066
15,8,0.0,0.0,431.158191593266,0.0,0.0,431.158191593266,0.0,578.8267630218375
15,9,482.49,0.0,502.7963490765677,482.49,0.0,20.3063490765677,452.0785714285715,472.3849205051392
15,10,0.0,0.0,495.1448730570349,0.0,0.0,495.1448730570349,0.0,357.6034444856063
15,11,0.0,0.0,487.9533029672213,0.0,0.0,487.9533029672213,0.0,487.9533029672213
15,12,0.0,33.887142857142805,435.5802452043801,0.0,0.0,435.5802452043801,0.0,435.5802452043801
15,13,572.05,0.0,481.8977857729159,481.8977857729159,90.15221422708407,0.0,539.3177857729158,539.3177857729158
15,14,0.0,0.0,651.7297152321789,0.0,0.0,651.7297152321789,0.0,578.022572375036
15,15,0.0,0.0,370.4582191780823,0.0,0.0,370.4582191780823,0.0,183.73220462672086
15,16,0.0,350.99428571428575,590.1139044783356,0.0,0.0,590.1139044783356,0.0,590.1139044783356
15,17,0.0,0.0,587.6548098588916,0.0,0.0,587.6548098588916,0.0,439.71766700174874
15,18,0.0,0.0,430.0478617854067,0.0,0.0,430.0478617854067,0.0,308.10071892826386
15,19,0.0,319.0850951522384,319.0850951522384,0.0,0.0,319.0850951522384,0.0,319.0850951522384
15,20,0.0,0.0,532.4300790532412,0.0,0.0,532.4300790532412,0.0,363.3386504818127
15,21,269.95,0.0,332.97143119284834,269.95,0.0,63.021431192848354,207.18857142857144,270.2100026214198
15,22,0.0,0.0,604.1445132225413,0.0,0.0,604.1445132225413,0.0,535.3930846511128
15,23,0.0,0.0,388.447002900464,0.0,0.0,388.447002900464,0.0,388.447002900464
15,24,0.0,0.0,420.8831506849314,0.0,0.0,420.8831506849314,0.0,200.38452513748666
15,25,0.0,0.0,585.6473568050626,0.0,0.0,585.6473568050626,0.0,483.62164251934826
15,26,0.0,447.1014285714286,581.4604394430494,0.0,0.0,581.4604394430494,0.0,581.4604394430494
15,27,0.0,0.0,410.0924767659286,0.0,0.0,410.0924767659286,0.0,410.0924767659286
15,28,0.0,0.0,704.0122544402057,0.0,0.0,704.0122544402057,0.0,527.4051115830629
15,29,0.0,0.0,506.4879863332485,0.0,0.0,506.4879863332485,0.0,463.75227204753423
15,30,0.0,134.3314285714286,585.7235894545372,0.0,0.0,585.7235894545372,0.0,585.7235894545372
15,31,0.0,0.0,381.58969612359783,0.0,0.0,381.58969612359783,0.0,619.212553266455
15,32,0.0,0.0,559.1081044684463,0.0,0.0,559.1081044684463,0.0,429.0081044684462
15,33,0.0,0.0,498.2803997279512,0.0,0.0,498.2803997279512,0.0,498.2803997279512
15,34,0.0,0.0,340.5180114392281,0.0,0.0,340.5180114392281,0.0,322.6365828677995
15,35,0.0,0.0,290.2287688238021,0.0,0.0,290.2287688238021,0.0,494.4087688238021
15,36,0.0,0.0,606.8077968875106,0.0,0.0,606.8077968875106,0.0,567.5849397446534
15,37,0.0,0.0,341.33086090994806,0.0,0.0,341.33086090994806,0.0,315.82086090994807
15,38,0.0,454.64,542.3652374006672,0.0,0.0,542.3652374006672,0.0,542.3652374006672
15,39,356.8,0.0,488.66634575129683,356.8,0.0,131.86634575129682,326.90999999999997,458.7763457512968
15,40,0.0,0.0,469.0245655050961,0.0,0.0,469.0245655050961,0.0,469.0245655050961
15,41,120.84,0.0,342.41434931506853,120.84,0.0,221.57434931506853,74.79920022789813,296.37354954296666
15,42,0.0,337.13647588678504,337.13647588678504,0.0,0.0,337.13647588678504,0.0,492.1793330296422
15,43,0.0,0.0,514.1439183372162,0.0,0.0,514.1439183372162,0.0,395.5696326229305
15,44,0.0,503.9301839701053,503.9301839701053,0.0,0.0,503.9301839701053,0.0,486.29589825581957
15,45,0.0,0.0,496.9782386141794,0.0,0.0,496.9782386141794,0.0,496.9782386141794
15,46,0.0,397.73943816192445,397.73943816192445,0.0,0.0,397.73943816192445,0.0,397.73943816192445
15,47,0.0,0.0,702.6597600055159,0.0,0.0,702.6597600055159,0.0,586.9740457198017
15,48,0.0,321.1085714285715,463.17184032926997,0.0,0.0,463.17184032926997,0.0,641.5475546149843
15,49,0.0,514.0738377574919,549.566694900349,0.0,0.0,549.566694900349,0.0,549.566694900349
15,50,0.0,0.0,589.5359572061618,0.0,0.0,589.5359572061618,0.0,532.4102429204474
15,51,0.0,0.0,413.61410015621726,0.0,0.0,413.61410015621726,0.0,413.61410015621726
15,52,0.0,0.0,477.88588469296286,0.0,0.0,477.88588469296286,0.0,422.05159897867713
15,53,420.04,0.0,340.73551237708176,340.73551237708176,79.30448762291826,0.0,318.1697980913675,318.1697980913675
15,54,0.0,0.0,618.1426608247687,0.0,0.0,618.1426608247687,0.0,435.9226608247687
15,55,0.0,0.0,330.59356368807016,0.0,0.0,330.59356368807016,0.0,330.59356368807016
15,56,0.0,0.0,376.81647260273974,0.0,0.0,376.81647260273974,0.0,314.01615321773136
15,57,0.0,0.0,586.175314245821,0.0,0.0,586.175314245821,0.0,470.71959996010673
15,58,492.54,179.1657142857143,419.34594280348045,419.34594280348045,73.19405719651957,0.0,489.70879994633765,489.70879994633765
15,59,0.0,0.0,476.16802210206754,0.0,0.0,476.16802210206754,0.0,439.0637363877819
15,60,0.0,0.0,564.8777455778213,0.0,0.0,564.8777455778213,0.0,340.14345986353555
15,61,0.0,0.0,263.2407390604067,0.0,0.0,263.2407390604067,0.0,263.2407390604067
15,62,120.3,469.09714285714284,469.09714285714284,120.3,0.0,348.79714285714283,137.48571428571432,690.196242188892
15,63,0.0,0.0,472.0022552967843,0.0,0.0,472.0022552967843,0.0,472.0022552967843
15,64,0.0,0.0,565.3223202370197,0.0,0.0,565.3223202370197,0.0,343.3537488084482
15,65,0.0,0.0,518.1437441040448,0.0,0.0,518.1437441040448,0.0,445.2223155326162
15,66,0.0,0.0,465.39843978342174,0.0,0.0,465.39843978342174,0.0,465.39843978342174
15,67,0.0,0.0,350.6262924069444,0.0,0.0,350.6262924069444,0.0,350.6262924069444
15,68,0.0,0.0,464.9974441538462,0.0,0.0,464.9974441538462,0.0,376.984587010989
15,69,279.63,0.0,330.74658599556153,279.63,0.0,51.116585995561536,319.5771428571428,370.69372885270434
15,70,317.81,0.0,135.1670470527473,135.1670470527473,182.6429529472527,0.0,180.5684756241759,853.5284756241759
15,71,0.0,0.0,33.261369979275145,0.0,0.0,33.261369979275145,0.0,322.78136997927515
15,72,0.0,0.0,517.5780906829639,0.0,0.0,517.5780906829639,0.0,436.1138049686781
15,73,594.96,0.0,467.5456759423571,467.5456759423571,127.41432405764294,0.0,552.5399616566428,552.5399616566428
15,74,0.0,352.58571428571435,398.64758438459114,0.0,0.0,398.64758438459114,0.0,383.2290129560197
15,75,0.0,0.0,107.4716879302299,0.0,0.0,107.4716879302299,0.0,403.564545073087
15,76,0.0,282.13,622.1741256360528,0.0,0.0,622.1741256360528,0.0,622.1741256360528
15,77,0.0,187.21719580210686,187.21719580210686,0.0,0.0,187.21719580210686,0.0,187.21719580210686
15,78,0.0,0.0,101.56921975971818,0.0,0.0,101.56921975971818,0.0,227.64493404543248
15,79,0.0,0.0,330.1576369863013,0.0,0.0,330.1576369863013,0.0,219.56369550267294
15,80,0.0,0.0,373.75497943864184,0.0,0.0,373.75497943864184,0.0,485.3864080100704
15,81,174.34,0.0,77.07929012101937,77.07929012101937,97.26070987898063,0.0,101.98500440673365,622.0335758353051
15,82,0.0,0.0,460.90487432851216,0.0,0.0,460.90487432851216,0.0,361.34916004279785
15,83,0.0,0.0,522.8210990696011,0.0,0.0,522.8210990696011,0.0,522.8210990696011
15,84,0.0,354.33272305232134,354.33272305232134,0.0,0.0,354.33272305232134,0.0,354.33272305232134
15,85,0.0,0.0,0.0,0.0,0.0,0.0,0.0,257.22660695607675
15,86,436.48,0.0,604.0262855376693,436.48,0.0,167.5462855376693,338.4042857142857,505.950571251955
15,87,0.0,0.0,435.78799906816175,0.0,0.0,435.78799906816175,0.0,283.2922847824475
15,88,0.0,0.0,539.8065214419718,0.0,0.0,539.8065214419718,0.0,522.9965214419717
15,89,0.0,0.0,358.4726485373871,0.0,0.0,358.4726485373871,0.0,358.4726485373871
15,90,0.0,0.0,690.9967390805004,0.0,0.0,690.9967390805004,0.0,545.5895962233576
15,91,0.0,0.0,541.346991289465,0.0,0.0,541.346991289465,0.0,461.82984843232214
15,92,0.0,582.2938720776932,582.2938720776932,0.0,0.0,582.2938720776932,0.0,582.2938720776932
15,93,0.0,0.0,557.2913174309867,0.0,0.0,557.2913174309867,0.0,557.2913174309867
15,94,0.0,0.0,349.29551546701083,0.0,0.0,349.29551546701083,0.0,304.4512297527251
15,95,0.0,353.8285714285714,353.8285714285714,0.0,0.0,353.8285714285714,0.0,495.083738727962
16,0,319.64,0.0,316.79659481197115,316.79659481197115,2.8434051880288393,0.0,290.7308805262569,290.7308805262569
16,1,0.0,0.0,0.0,0.0,0.0,0.0,0.0,492.50808192811303
16,2,349.94,0.0,800.5369216924429,349.94,0.0,450.5969216924429,100.05857142857138,550.6554931210143
16,3,0.0,0.0,267.2735305643938,0.0,0.0,267.2735305643938,0.0,267.2735305643938
16,4,479.39,162.10285714285715,584.458517662361,479.39,0.0,105.06851766236105,547.8742857142857,652.9428033766468
16,5,0.0,0.0,67.32880136986302,0.0,0.0,67.32880136986302,0.0,316.37795454209646
16,6,0.0,0.0,481.0149880233258,0.0,0.0,481.0149880233258,0.0,401.3135594518973
16,7,0.0,0.0,343.36223673467066,0.0,0.0,343.36223673467066,0.0,343.36223673467066
16,8,0.0,147.66857142857145,578.8267630218375,0.0,0.0,578.8267630218375,0.0,578.8267630218375
16,9,0.0,0.0,20.3063490765677,0.0,0.0,20.3063490765677,0.0,472.3849205051392
16,10,564.96,0.0,495.1448730570349,495.1448730570349,69.81512694296515,0.0,438.3120159141778,438.3120159141778
16,11,0.0,0.0,487.9533029672213,0.0,0.0,487.9533029672213,0.0,487.9533029672213
16,12,0.0,0.0,435.5802452043801,0.0,0.0,435.5802452043801,0.0,435.5802452043801
16,13,0.0,0.0,0.0,0.0,0.0,0.0,0.0,539.3177857729158
16,14,0.0,0.0,651.7297152321789,0.0,0.0,651.7297152321789,0.0,578.022572375036
16,15,0.0,0.0,370.4582191780823,0.0,0.0,370.4582191780823,0.0,183.73220462672086
16,16,0.0,0.0,590.1139044783356,0.0,0.0,590.1139044783356,0.0,590.1139044783356
16,17,0.0,0.0,587.6548098588916,0.0,0.0,587.6548098588916,0.0,439.71766700174874
16,18,0.0,0.0,430.0478617854067,0.0,0.0,430.0478617854067,0.0,308.10071892826386
16,19,0.0,0.0,319.0850951522384,0.0,0.0,319.0850951522384,0.0,319.0850951522384
16,20,0.0,0.0,532.4300790532412,0.0,0.0,532.4300790532412,0.0,317.00436476752697
16,21,0.0,0.0,63.021431192848354,0.0,0.0,63.021431192848354,0.0,270.2100026214198
16,22,0.0,0.0,604.1445132225413,0.0,0.0,604.1445132225413,0.0,535.3930846511128
16,23,0.0,0.0,388.447002900464,0.0,0.0,388.447002900464,0.0,388.447002900464
16,24,0.0,0.0,420.8831506849314,0.0,0.0,420.8831506849314,0.0,200.38452513748666
16,25,0.0,0.0,585.6473568050626,0.0,0.0,585.6473568050626,0.0,483.62164251934826
16,26,0.0,0.0,581.4604394430494,0.0,0.0,581.4604394430494,0.0,581.4604394430494
16,27,0.0,0.0,410.0924767659286,0.0,0.0,410.0924767659286,0.0,410.0924767659286
16,28,0.0,0.0,704.0122544402057,0.0,0.0,704.0122544402057,0.0,450.22796872592
16,29,0.0,0.0,506.4879863332485,0.0,0.0,506.4879863332485,0.0,389.7351291903913
16,30,0.0,0.0,585.7235894545372,0.0,0.0,585.7235894545372,0.0,548.7435894545372
16,31,0.0,237.62285714285713,619.212553266455,0.0,0.0,619.212553266455,0.0,619.212553266455
16,32,0.0,0.0,559.1081044684463,0.0,0.0,559.1081044684463,0.0,429.0081044684462
16,33,0.0,0.0,498.2803997279512,0.0,0.0,498.2803997279512,0.0,422.20325687080833
16,34,0.0,0.0,340.5180114392281,0.0,0.0,340.5180114392281,0.0,322.6365828677995
16,35,0.0,204.18,494.4087688238021,0.0,0.0,494.4087688238021,0.0,494.4087688238021
16,36,0.0,0.0,606.8077968875106,0.0,0.0,606.8077968875106,0.0,567.5849397446534
16,37,0.0,0.0,341.33086090994806,0.0,0.0,341.33086090994806,0.0,315.82086090994807
16,38,379.9,0.0,542.3652374006672,379.9,0.0,162.4652374006672,434.1714285714286,596.6366659720958
16,39,0.0,0.0,131.86634575129682,0.0,0.0,131.86634575129682,0.0,458.7763457512968
16,40,0.0,0.0,469.0245655050961,0.0,0.0,469.0245655050961,0.0,469.0245655050961
16,41,0.0,0.0,221.57434931506853,0.0,0.0,221.57434931506853,0.0,296.37354954296666
16,42,0.0,155.04285714285714,492.1793330296422,0.0,0.0,492.1793330296422,0.0,492.1793330296422
16,43,286.83,0.0,514.1439183372162,286.83,0.0,227.3139183372162,209.23142857142858,436.5453469086448
16,44,0.0,0.0,503.9301839701053,0.0,0.0,503.9301839701053,0.0,486.29589825581957
16,45,0.0,0.0,496.9782386141794,0.0,0.0,496.9782386141794,0.0,496.9782386141794
16,46,0.0,0.0,397.73943816192445,0.0,0.0,397.73943816192445,0.0,397.73943816192445
16,47,0.0,0.0,702.6597600055159,0.0,0.0,702.6597600055159,0.0,510.4140457198016
16,48,160.64,211.05000000000007,674.22184032927,160.64,0.0,513.58184032927,150.9142857142857,664.4961260435557
16,49,0.0,0.0,549.566694900349,0.0,0.0,549.566694900349,0.0,493.42669490034905
16,50,0.0,0.0,589.5359572061618,0.0,0.0,589.5359572061618,0.0,465.90881434901894
16,51,0.0,0.0,413.61410015621726,0.0,0.0,413.61410015621726,0.0,413.61410015621726
16,52,0.0,0.0,477.88588469296286,0.0,0.0,477.88588469296286,0.0,422.05159897867713
16,53,0.0,0.0,0.0,0.0,0.0,0.0,0.0,318.1697980913675
16,54,0.0,0.0,618.1426608247687,0.0,0.0,618.1426608247687,0.0,435.9226608247687
16,55,0.0,0.0,330.59356368807016,0.0,0.0,330.59356368807016,0.0,330.59356368807016
16,56,0.0,0.0,376.81647260273974,0.0,0.0,376.81647260273974,0.0,314.01615321773136
16,57,0.0,0.0,586.175314245821,0.0,0.0,586.175314245821,0.0,448.5867428172496
16,58,338.99,0.0,0.0,0.0,338.99,0.0,48.427142857142826,538.1359428034805
16,59,0.0,0.0,476.16802210206754,0.0,0.0,476.16802210206754,0.0,439.0637363877819
16,60,0.0,0.0,564.8777455778213,0.0,0.0,564.8777455778213,0.0,340.14345986353555
16,61,0.0,0.0,263.2407390604067,0.0,0.0,263.2407390604067,0.0,263.2407390604067
16,62,0.0,203.91338504603488,552.7105279031778,0.0,0.0,552.7105279031778,0.0,690.196242188892
16,63,325.34,0.0,472.0022552967843,325.34,0.0,146.66225529678434,371.8171428571428,518.4793981539271
16,64,357.97,0.0,565.3223202370197,357.97,0.0,207.35232023701963,187.14,394.4923202370196
16,65,0.0,0.0,518.1437441040448,0.0,0.0,518.1437441040448,0.0,335.8808869611877
16,66,0.0,0.0,465.39843978342174,0.0,0.0,465.39843978342174,0.0,465.39843978342174
16,67,0.0,0.0,350.6262924069444,0.0,0.0,350.6262924069444,0.0,350.6262924069444
16,68,0.0,0.0,464.9974441538462,0.0,0.0,464.9974441538462,0.0,376.984587010989
16,69,0.0,0.0,51.116585995561536,0.0,0.0,51.116585995561536,0.0,370.69372885270434
16,70,0.0,672.96,672.96,0.0,0.0,672.96,0.0,793.5699041956045
16,71,0.0,289.52,322.78136997927515,0.0,0.0,322.78136997927515,0.0,322.78136997927515
16,72,0.0,0.0,517.5780906829639,0.0,0.0,517.5780906829639,0.0,436.1138049686781
16,73,205.11,0.0,0.0,0.0,205.11,0.0,29.301428571428573,581.8413902280714
16,74,0.0,0.0,398.64758438459114,0.0,0.0,398.64758438459114,0.0,383.2290129560197
16,75,0.0,296.0928571428571,403.564545073087,0.0,0.0,403.564545073087,0.0,403.564545073087
16,76,0.0,0.0,622.1741256360528,0.0,0.0,622.1741256360528,0.0,622.1741256360528
16,77,0.0,0.0,187.21719580210686,0.0,0.0,187.21719580210686,0.0,187.21719580210686
16,78,0.0,126.0757142857143,227.64493404543248,0.0,0.0,227.64493404543248,0.0,227.64493404543248
16,79,0.0,0.0,330.1576369863013,0.0,0.0,330.1576369863013,0.0,219.56369550267294
16,80,182.15,111.63142857142856,485.3864080100704,182.15,0.0,303.23640801007036,208.17142857142858,511.40783658149894
16,81,0.0,520.0485714285714,520.0485714285714,0.0,0.0,520.0485714285714,0.0,622.0335758353051
16,82,0.0,0.0,460.90487432851216,0.0,0.0,460.90487432851216,0.0,361.34916004279785
16,83,0.0,0.0,522.8210990696011,0.0,0.0,522.8210990696011,0.0,522.8210990696011
16,84,277.77,0.0,354.33272305232134,277.77,0.0,76.56272305232136,317.45142857142855,394.0141516237499
16,85,0.0,257.22660695607675,257.22660695607675,0.0,0.0,257.22660695607675,0.0,257.22660695607675
16,86,0.0,0.0,167.5462855376693,0.0,0.0,167.5462855376693,0.0,465.3434283948122
16,87,0.0,0.0,435.78799906816175,0.0,0.0,435.78799906816175,0.0,283.2922847824475
16,88,0.0,0.0,539.8065214419718,0.0,0.0,539.8065214419718,0.0,522.9965214419717
16,89,0.0,0.0,358.4726485373871,0.0,0.0,358.4726485373871,0.0,358.4726485373871
16,90,0.0,0.0,690.9967390805004,0.0,0.0,690.9967390805004,0.0,476.92388193764333
16,91,0.0,0.0,541.346991289465,0.0,0.0,541.346991289465,0.0,461.82984843232214
16,92,0.0,0.0,582.2938720776932,0.0,0.0,582.2938720776932,0.0,582.2938720776932
16,93,0.0,0.0,557.2913174309867,0.0,0.0,557.2913174309867,0.0,557.2913174309867
16,94,525.32,0.0,349.29551546701083,349.29551546701083,176.02448453298922,0.0,379.4969440384394,379.4969440384394
16,95,0.0,141.25516729939056,495.083738727962,0.0,0.0,495.083738727962,0.0,495.083738727962
17,0,0.0,0.0,0.0,0.0,0.0,0.0,0.0,290.7308805262569
17,1,0.0,492.50808192811303,492.50808192811303,0.0,0.0,492.50808192811303,0.0,492.50808192811303
17,2,0.0,0.0,450.5969216924429,0.0,0.0,450.5969216924429,0.0,550.6554931210143
17,3,0.0,0.0,267.2735305643938,0.0,0.0,267.2735305643938,0.0,267.2735305643938
17,4,0.0,0.0,105.06851766236105,0.0,0.0,105.06851766236105,0.0,652.9428033766468
17,5,0.0,249.04915317223345,316.37795454209646,0.0,0.0,316.37795454209646,0.0,316.37795454209646
17,6,0.0,0.0,481.0149880233258,0.0,0.0,481.0149880233258,0.0,401.3135594518973
17,7,0.0,0.0,343.36223673467066,0.0,0.0,343.36223673467066,0.0,343.36223673467066
17,8,0.0,0.0,578.8267630218375,0.0,0.0,578.8267630218375,0.0,578.8267630218375
17,9,0.0,452.0785714285715,472.3849205051392,0.0,0.0,472.3849205051392,0.0,441.6249205051392
17,10,0.0,0.0,0.0,0.0,0.0,0.0,0.0,438.3120159141778
17,11,85.65,0.0,487.9533029672213,85.65,0.0,402.30330296722127,25.507142857142867,427.81044582436414
17,12,0.0,0.0,435.5802452043801,0.0,0.0,435.5802452043801,0.0,435.5802452043801
17,13,0.0,539.3177857729158,539.3177857729158,0.0,0.0,539.3177857729158,0.0,498.9735000586301
17,14,0.0,0.0,651.7297152321789,0.0,0.0,651.7297152321789,0.0,578.022572375036
17,15,212.4,0.0,370.4582191780823,212.4,0.0,158.05821917808228,56.01684259149573,214.075061769578
17,16,0.0,0.0,590.1139044783356,0.0,0.0,590.1139044783356,0.0,590.1139044783356
17,17,0.0,0.0,587.6548098588916,0.0,0.0,587.6548098588916,0.0,439.71766700174874
17,18,0.0,0.0,430.0478617854067,0.0,0.0,430.0478617854067,0.0,308.10071892826386
17,19,0.0,0.0,319.0850951522384,0.0,0.0,319.0850951522384,0.0,319.0850951522384
17,20,0.0,0.0,532.4300790532412,0.0,0.0,532.4300790532412,0.0,317.00436476752697
17,21,0.0,207.18857142857144,270.2100026214198,0.0,0.0,270.2100026214198,0.0,270.2100026214198
17,22,0.0,0.0,604.1445132225413,0.0,0.0,604.1445132225413,0.0,535.3930846511128
17,23,0.0,0.0,388.447002900464,0.0,0.0,388.447002900464,0.0,388.447002900464
17,24,0.0,0.0,420.8831506849314,0.0,0.0,420.8831506849314,0.0,200.38452513748666
17,25,0.0,0.0,585.6473568050626,0.0,0.0,585.6473568050626,0.0,455.1387853764911
17,26,547.98,0.0,581.4604394430494,547.98,0.0,33.48043944304936,626.2628571428572,659.7432965859066
17,27,0.0,0.0,410.0924767659286,0.0,0.0,410.0924767659286,0.0,410.0924767659286
17,28,0.0,0.0,704.0122544402057,0.0,0.0,704.0122544402057,0.0,450.22796872592
17,29,257.14,0.0,506.4879863332485,257.14,0.0,249.3479863332485,177.1214285714285,426.469414904677
17,30,0.0,0.0,585.7235894545372,0.0,0.0,585.7235894545372,0.0,490.3621608831086
17,31,0.0,0.0,619.212553266455,0.0,0.0,619.212553266455,0.0,619.212553266455
17,32,0.0,0.0,559.1081044684463,0.0,0.0,559.1081044684463,0.0,429.0081044684462
17,33,0.0,0.0,498.2803997279512,0.0,0.0,498.2803997279512,0.0,363.7232568708083
17,34,0.0,0.0,340.5180114392281,0.0,0.0,340.5180114392281,0.0,322.6365828677995
17,35,0.0,0.0,494.4087688238021,0.0,0.0,494.4087688238021,0.0,494.4087688238021
17,36,0.0,0.0,606.8077968875106,0.0,0.0,606.8077968875106,0.0,567.5849397446534
17,37,227.55,0.0,341.33086090994806,227.55,0.0,113.78086090994805,234.5471428571429,348.32800376709093
17,38,0.0,0.0,162.4652374006672,0.0,0.0,162.4652374006672,0.0,566.1295231149529
17,39,0.0,326.90999999999997,458.7763457512968,0.0,0.0,458.7763457512968,0.0,458.7763457512968
17,40,0.0,0.0,469.0245655050961,0.0,0.0,469.0245655050961,0.0,469.0245655050961
17,41,0.0,74.79920022789813,296.37354954296666,0.0,0.0,296.37354954296666,0.0,296.37354954296666
17,42,484.6,0.0,492.1793330296422,484.6,0.0,7.579333029642157,553.8285714285714,561.4079044582136
17,43,433.24,0.0,227.3139183372162,227.3139183372162,205.92608166278382,0.0,289.2053469086448,498.4367754800734
17,44,0.0,0.0,503.9301839701053,0.0,0.0,503.9301839701053,0.0,442.85732682724813
17,45,0.0,0.0,496.9782386141794,0.0,0.0,496.9782386141794,0.0,496.9782386141794
17,46,0.0,0.0,397.73943816192445,0.0,0.0,397.73943816192445,0.0,397.73943816192445
17,47,0.0,0.0,702.6597600055159,0.0,0.0,702.6597600055159,0.0,510.4140457198016
17,48,157.02,0.0,513.58184032927,157.02,0.0,356.56184032927,156.8028571428572,664.2789831864129
17,49,0.0,0.0,549.566694900349,0.0,0.0,549.566694900349,0.0,493.42669490034905
17,50,0.0,0.0,589.5359572061618,0.0,0.0,589.5359572061618,0.0,465.90881434901894
17,51,0.0,0.0,413.61410015621726,0.0,0.0,413.61410015621726,0.0,413.61410015621726
17,52,0.0,0.0,477.88588469296286,0.0,0.0,477.88588469296286,0.0,422.05159897867713
17,53,0.0,318.1697980913675,318.1697980913675,0.0,0.0,318.1697980913675,0.0,318.1697980913675
17,54,0.0,0.0,618.1426608247687,0.0,0.0,618.1426608247687,0.0,435.9226608247687
17,55,425.12,0.0,330.59356368807016,330.59356368807016,94.52643631192984,0.0,391.3249922594987,391.3249922594987
17,56,0.0,0.0,376.81647260273974,0.0,0.0,376.81647260273974,0.0,314.01615321773136
17,57,0.0,0.0,586.175314245821,0.0,0.0,586.175314245821,0.0,395.8567428172496
17,58,0.0,489.70879994633765,489.70879994633765,0.0,0.0,489.70879994633765,0.0,538.1359428034805
17,59,0.0,0.0,476.16802210206754,0.0,0.0,476.16802210206754,0.0,388.8037363877819
17,60,0.0,0.0,564.8777455778213,0.0,0.0,564.8777455778213,0.0,340.14345986353555
17,61,0.0,0.0,263.2407390604067,0.0,0.0,263.2407390604067,0.0,263.2407390604067
17,62,0.0,137.48571428571432,690.196242188892,0.0,0.0,690.196242188892,0.0,690.196242188892
17,63,0.0,0.0,146.66225529678434,0.0,0.0,146.66225529678434,0.0,518.4793981539271
17,64,150.6,0.0,207.35232023701963,150.6,0.0,56.75232023701963,172.11428571428576,416.00660595130535
17,65,0.0,0.0,518.1437441040448,0.0,0.0,518.1437441040448,0.0,335.8808869611877
17,66,0.0,0.0,465.39843978342174,0.0,0.0,465.39843978342174,0.0,465.39843978342174
17,67,0.0,0.0,350.6262924069444,0.0,0.0,350.6262924069444,0.0,350.6262924069444
17,68,100.47,0.0,464.9974441538462,100.47,0.0,364.5274441538462,26.809999999999945,391.33744415384615
17,69,231.91,319.5771428571428,370.69372885270434,231.91,0.0,138.78372885270434,265.03999999999996,403.82372885270433
17,70,0.0,180.5684756241759,853.5284756241759,0.0,0.0,853.5284756241759,0.0,793.5699041956045
17,71,0.0,0.0,322.78136997927515,0.0,0.0,322.78136997927515,0.0,291.87994140784656
17,72,59.39,0.0,517.5780906829639,59.39,0.0,458.1880906829639,0.0,444.59809068296386
17,73,0.0,552.5399616566428,552.5399616566428,0.0,0.0,552.5399616566428,0.0,581.8413902280714
17,74,0.0,0.0,398.64758438459114,0.0,0.0,398.64758438459114,0.0,383.2290129560197
17,75,0.0,0.0,403.564545073087,0.0,0.0,403.564545073087,0.0,403.564545073087
17,76,0.0,0.0,622.1741256360528,0.0,0.0,622.1741256360528,0.0,622.1741256360528
17,77,0.0,0.0,187.21719580210686,0.0,0.0,187.21719580210686,0.0,187.21719580210686
17,78,0.0,0.0,227.64493404543248,0.0,0.0,227.64493404543248,0.0,227.64493404543248
17,79,0.0,0.0,330.1576369863013,0.0,0.0,330.1576369863013,0.0,219.56369550267294
17,80,0.0,0.0,303.23640801007036,0.0,0.0,303.23640801007036,0.0,475.87497943864184
17,81,246.88,101.98500440673365,622.0335758353051,246.88,0.0,375.1535758353051,282.1485714285715,657.3021472638766
17,82,0.0,0.0,460.90487432851216,0.0,0.0,460.90487432851216,0.0,361.34916004279785
17,83,0.0,0.0,522.8210990696011,0.0,0.0,522.8210990696011,0.0,482.3953847838868
17,84,0.0,0.0,76.56272305232136,0.0,0.0,76.56272305232136,0.0,394.0141516237499
17,85,0.0,0.0,257.22660695607675,0.0,0.0,257.22660695607675,0.0,257.22660695607675
17,86,187.06,338.4042857142857,505.950571251955,187.06,0.0,318.890571251955,173.17571428571426,492.0662855376693
17,87,0.0,0.0,435.78799906816175,0.0,0.0,435.78799906816175,0.0,283.2922847824475
17,88,0.0,0.0,539.8065214419718,0.0,0.0,539.8065214419718,0.0,522.9965214419717
17,89,0.0,0.0,358.4726485373871,0.0,0.0,358.4726485373871,0.0,358.4726485373871
17,90,0.0,0.0,690.9967390805004,0.0,0.0,690.9967390805004,0.0,476.92388193764333
17,91,0.0,0.0,541.346991289465,0.0,0.0,541.346991289465,0.0,461.82984843232214
17,92,0.0,0.0,582.2938720776932,0.0,0.0,582.2938720776932,0.0,582.2938720776932
17,93,0.0,0.0,557.2913174309867,0.0,0.0,557.2913174309867,0.0,557.2913174309867
17,94,0.0,0.0,0.0,0.0,0.0,0.0,0.0,379.4969440384394
17,95,0.0,0.0,495.083738727962,0.0,0.0,495.083738727962,0.0,434.5794530136763
18,0,248.98,290.7308805262569,290.7308805262569,248.98,0.0,41.75088052625691,259.63571428571424,301.3865948119711
18,1,0.0,0.0,492.50808192811303,0.0,0.0,492.50808192811303,0.0,492.50808192811303
18,2,0.0,100.05857142857138,550.6554931210143,0.0,0.0,550.6554931210143,0.0,550.6554931210143
18,3,0.0,0.0,267.2735305643938,0.0,0.0,267.2735305643938,0.0,267.2735305643938
18,4,269.92,547.8742857142857,652.9428033766468,269.92,0.0,383.0228033766468,308.4800000000001,691.5028033766469
18,5,0.0,0.0,316.37795454209646,0.0,0.0,316.37795454209646,0.0,316.37795454209646
18,6,0.0,0.0,481.0149880233258,0.0,0.0,481.0149880233258,0.0,401.3135594518973
18,7,0.0,0.0,343.36223673467066,0.0,0.0,343.36223673467066,0.0,343.36223673467066
18,8,0.0,0.0,578.8267630218375,0.0,0.0,578.8267630218375,0.0,578.8267630218375
18,9,0.0,0.0,472.3849205051392,0.0,0.0,472.3849205051392,0.0,441.6249205051392
18,10,0.0,438.3120159141778,438.3120159141778,0.0,0.0,438.3120159141778,0.0,438.3120159141778
18,11,0.0,0.0,402.30330296722127,0.0,0.0,402.30330296722127,0.0,427.81044582436414
18,12,0.0,0.0,435.5802452043801,0.0,0.0,435.5802452043801,0.0,435.5802452043801
18,13,0.0,0.0,539.3177857729158,0.0,0.0,539.3177857729158,0.0,498.9735000586301
18,14,0.0,0.0,651.7297152321789,0.0,0.0,651.7297152321789,0.0,578.022572375036
18,15,0.0,0.0,158.05821917808228,0.0,0.0,158.05821917808228,0.0,214.075061769578
18,16,0.0,0.0,590.1139044783356,0.0,0.0,590.1139044783356,0.0,513.3753330497641
18,17,0.0,0.0,587.6548098588916,0.0,0.0,587.6548098588916,0.0,439.71766700174874
18,18,0.0,0.0,430.0478617854067,0.0,0.0,430.0478617854067,0.0,308.10071892826386
18,19,0.0,0.0,319.0850951522384,0.0,0.0,319.0850951522384,0.0,319.0850951522384
18,20,0.0,0.0,532.4300790532412,0.0,0.0,532.4300790532412,0.0,317.00436476752697
18,21,979.89,0.0,270.2100026214198,270.2100026214198,709.6799973785802,0.0,410.1942883357055,410.1942883357055
18,22,0.0,0.0,604.1445132225413,0.0,0.0,604.1445132225413,0.0,535.3930846511128
18,23,0.0,0.0,388.447002900464,0.0,0.0,388.447002900464,0.0,353.6798600433211
18,24,0.0,0.0,420.8831506849314,0.0,0.0,420.8831506849314,0.0,200.38452513748666
18,25,0.0,0.0,585.6473568050626,0.0,0.0,585.6473568050626,0.0,455.1387853764911
18,26,960.19,0.0,33.48043944304936,33.48043944304936,926.7095605569507,0.0,142.2761537287637,768.5390108716209
18,27,0.0,0.0,410.0924767659286,0.0,0.0,410.0924767659286,0.0,410.0924767659286
18,28,0.0,0.0,704.0122544402057,0.0,0.0,704.0122544402057,0.0,450.22796872592
18,29,547.64,0.0,249.3479863332485,249.3479863332485,298.2920136667515,0.0,327.5822720475343,504.7037006189628
18,30,0.0,0.0,585.7235894545372,0.0,0.0,585.7235894545372,0.0,490.3621608831086
18,31,0.0,0.0,619.212553266455,0.0,0.0,619.212553266455,0.0,619.212553266455
18,32,0.0,0.0,559.1081044684463,0.0,0.0,559.1081044684463,0.0,429.0081044684462
18,33,524.11,0.0,498.2803997279512,498.2803997279512,25.829600272048822,0.0,438.59611401366544,438.59611401366544
18,34,0.0,0.0,340.5180114392281,0.0,0.0,340.5180114392281,0.0,322.6365828677995
18,35,0.0,0.0,494.4087688238021,0.0,0.0,494.4087688238021,0.0,470.9487688238021
18,36,0.0,0.0,606.8077968875106,0.0,0.0,606.8077968875106,0.0,567.5849397446534
18,37,0.0,0.0,113.78086090994805,0.0,0.0,113.78086090994805,0.0,348.32800376709093
18,38,0.0,434.1714285714286,596.6366659720958,0.0,0.0,596.6366659720958,0.0,566.1295231149529
18,39,0.0,0.0,458.7763457512968,0.0,0.0,458.7763457512968,0.0,458.7763457512968
18,40,0.0,0.0,469.0245655050961,0.0,0.0,469.0245655050961,0.0,469.0245655050961
18,41,218.16,0.0,296.37354954296666,218.16,0.0,78.21354954296666,249.32571428571433,327.539263828681
18,42,0.0,0.0,7.579333029642157,0.0,0.0,7.579333029642157,0.0,546.4593330296422
18,43,0.0,209.23142857142858,209.23142857142858,0.0,0.0,209.23142857142858,0.0,498.4367754800734
18,44,139.61,0.0,503.9301839701053,139.61,0.0,364.3201839701053,98.48142857142852,462.8016125415338
18,45,0.0,0.0,496.9782386141794,0.0,0.0,496.9782386141794,0.0,496.9782386141794
18,46,0.0,0.0,397.73943816192445,0.0,0.0,397.73943816192445,0.0,397.73943816192445
18,47,161.33,0.0,702.6597600055159,161.33,0.0,541.3297600055158,0.0,533.4611885769446
18,48,210.08,150.9142857142857,507.4761260435557,210.08,0.0,297.3961260435557,240.09142857142854,694.2904117578414
18,49,0.0,0.0,549.566694900349,0.0,0.0,549.566694900349,0.0,493.42669490034905
18,50,0.0,0.0,589.5359572061618,0.0,0.0,589.5359572061618,0.0,465.90881434901894
18,51,0.0,0.0,413.61410015621726,0.0,0.0,413.61410015621726,0.0,341.9226715847887
18,52,0.0,0.0,477.88588469296286,0.0,0.0,477.88588469296286,0.0,351.65017040724854
18,53,0.0,0.0,318.1697980913675,0.0,0.0,318.1697980913675,0.0,318.1697980913675
18,54,0.0,0.0,618.1426608247687,0.0,0.0,618.1426608247687,0.0,435.9226608247687
18,55,0.0,0.0,0.0,0.0,0.0,0.0,0.0,391.3249922594987
18,56,591.45,0.0,376.81647260273974,376.81647260273974,214.6335273972603,0.0,398.5090103605885,398.5090103605885
18,57,0.0,0.0,586.175314245821,0.0,0.0,586.175314245821,0.0,395.8567428172496
18,58,0.0,48.427142857142826,538.1359428034805,0.0,0.0,538.1359428034805,0.0,496.96594280348046
18,59,190.22,0.0,476.16802210206754,190.22,0.0,285.9480221020675,130.0300000000001,415.9780221020676
18,60,0.0,0.0,564.8777455778213,0.0,0.0,564.8777455778213,0.0,340.14345986353555
18,61,0.0,0.0,263.2407390604067,0.0,0.0,263.2407390604067,0.0,263.2407390604067
18,62,0.0,0.0,690.196242188892,0.0,0.0,690.196242188892,0.0,650.1919564746063
18,63,0.0,371.8171428571428,518.4793981539271,0.0,0.0,518.4793981539271,0.0,518.4793981539271
18,64,574.59,187.14,243.89232023701962,243.89232023701962,330.69767976298044,0.0,325.97660595130526,498.090891665591
18,65,0.0,0.0,518.1437441040448,0.0,0.0,518.1437441040448,0.0,335.8808869611877
18,66,0.0,0.0,465.39843978342174,0.0,0.0,465.39843978342174,0.0,408.3427254977074
18,67,0.0,0.0,350.6262924069444,0.0,0.0,350.6262924069444,0.0,350.6262924069444
18,68,0.0,0.0,364.5274441538462,0.0,0.0,364.5274441538462,0.0,391.33744415384615
18,69,0.0,0.0,138.78372885270434,0.0,0.0,138.78372885270434,0.0,403.82372885270433
18,70,0.0,0.0,853.5284756241759,0.0,0.0,853.5284756241759,0.0,711.2984756241759
18,71,0.0,0.0,322.78136997927515,0.0,0.0,322.78136997927515,0.0,291.87994140784656
18,72,0.0,0.0,458.1880906829639,0.0,0.0,458.1880906829639,0.0,444.59809068296386
18,73,0.0,29.301428571428573,581.8413902280714,0.0,0.0,581.8413902280714,0.0,581.8413902280714
18,74,502.53,0.0,398.64758438459114,398.64758438459114,103.88241561540883,0.0,455.01901295601965,455.01901295601965
18,75,460.29,0.0,403.564545073087,403.564545073087,56.72545492691302,0.0,469.3202593588013,469.3202593588013
18,76,0.0,0.0,622.1741256360528,0.0,0.0,622.1741256360528,0.0,622.1741256360528
18,77,0.0,0.0,187.21719580210686,0.0,0.0,187.21719580210686,0.0,187.21719580210686
18,78,146.4,0.0,227.64493404543248,146.4,0.0,81.24493404543247,167.31428571428572,248.5592197597182
18,79,0.0,0.0,330.1576369863013,0.0,0.0,330.1576369863013,0.0,219.56369550267294
18,80,0.0,208.17142857142858,511.40783658149894,0.0,0.0,511.40783658149894,0.0,475.87497943864184
18,81,0.0,0.0,375.1535758353051,0.0,0.0,375.1535758353051,0.0,657.3021472638766
18,82,0.0,0.0,460.90487432851216,0.0,0.0,460.90487432851216,0.0,361.34916004279785
18,83,0.0,0.0,522.8210990696011,0.0,0.0,522.8210990696011,0.0,482.3953847838868
18,84,579.86,317.45142857142855,394.0141516237499,394.0141516237499,185.8458483762501,0.0,476.85129448089276,476.85129448089276
18,85,0.0,0.0,257.22660695607675,0.0,0.0,257.22660695607675,0.0,257.22660695607675
18,86,0.0,0.0,318.890571251955,0.0,0.0,318.890571251955,0.0,492.0662855376693
18,87,0.0,0.0,435.78799906816175,0.0,0.0,435.78799906816175,0.0,283.2922847824475
18,88,0.0,0.0,539.8065214419718,0.0,0.0,539.8065214419718,0.0,522.9965214419717
18,89,0.0,0.0,358.4726485373871,0.0,0.0,358.4726485373871,0.0,358.4726485373871
18,90,0.0,0.0,690.9967390805004,0.0,0.0,690.9967390805004,0.0,405.3110247947862
18,91,0.0,0.0,541.346991289465,0.0,0.0,541.346991289465,0.0,385.1441341466079
18,92,265.01,0.0,582.2938720776932,265.01,0.0,317.2838720776932,302.8685714285714,620.1524435062646
18,93,0.0,0.0,557.2913174309867,0.0,0.0,557.2913174309867,0.0,557.2913174309867
18,94,0.0,379.4969440384394,379.4969440384394,0.0,0.0,379.4969440384394,0.0,379.4969440384394
18,95,447.34,0.0,495.083738727962,447.34,0.0,47.74373872796201,432.9414285714286,480.6851672993906
19,0,0.0,0.0,41.75088052625691,0.0,0.0,41.75088052625691,0.0,301.3865948119711
19,1,0.0,0.0,492.50808192811303,0.0,0.0,492.50808192811303,0.0,477.78236764239875
19,2,0.0,0.0,550.6554931210143,0.0,0.0,550.6554931210143,0.0,550.6554931210143
19,3,0.0,0.0,267.2735305643938,0.0,0.0,267.2735305643938,0.0,267.2735305643938
19,4,459.83,0.0,383.0228033766468,383.0228033766468,76.8071966233532,0.0,448.7128033766466,757.1928033766467
19,5,152.52,0.0,316.37795454209646,152.52,0.0,163.85795454209645,174.30857142857147,338.1665259706679
19,6,552.25,0.0,481.0149880233258,481.0149880233258,71.23501197667417,0.0,480.2064165947544,480.2064165947544
19,7,0.0,0.0,343.36223673467066,0.0,0.0,343.36223673467066,0.0,343.36223673467066
19,8,257.63,0.0,578.8267630218375,257.63,0.0,321.19676302183746,294.4342857142857,615.6310487361231
19,9,0.0,0.0,472.3849205051392,0.0,0.0,472.3849205051392,0.0,441.6249205051392
19,10,0.0,0.0,438.3120159141778,0.0,0.0,438.3120159141778,0.0,376.6820159141777
19,11,0.0,25.507142857142867,427.81044582436414,0.0,0.0,427.81044582436414,0.0,427.81044582436414
19,12,0.0,0.0,435.5802452043801,0.0,0.0,435.5802452043801,0.0,435.5802452043801
19,13,0.0,0.0,539.3177857729158,0.0,0.0,539.3177857729158,0.0,498.9735000586301
19,14,0.0,0.0,651.7297152321789,0.0,0.0,651.7297152321789,0.0,578.022572375036
19,15,0.0,56.01684259149573,214.075061769578,0.0,0.0,214.075061769578,0.0,214.075061769578
19,16,0.0,0.0,590.1139044783356,0.0,0.0,590.1139044783356,0.0,513.3753330497641
19,17,0.0,0.0,587.6548098588916,0.0,0.0,587.6548098588916,0.0,399.5919527160344
19,18,167.12,0.0,430.0478617854067,167.12,0.0,262.9278617854067,69.04714285714283,331.97500464254955
19,19,0.0,0.0,319.0850951522384,0.0,0.0,319.0850951522384,0.0,319.0850951522384
19,20,0.0,0.0,532.4300790532412,0.0,0.0,532.4300790532412,0.0,317.00436476752697
19,21,0.0,0.0,0.0,0.0,0.0,0.0,0.0,410.1942883357055
19,22,0.0,0.0,604.1445132225413,0.0,0.0,604.1445132225413,0.0,535.3930846511128
19,23,0.0,0.0,388.447002900464,0.0,0.0,388.447002900464,0.0,353.6798600433211
19,24,0.0,0.0,420.8831506849314,0.0,0.0,420.8831506849314,0.0,200.38452513748666
19,25,0.0,0.0,585.6473568050626,0.0,0.0,585.6473568050626,0.0,455.1387853764911
19,26,0.0,626.2628571428572,626.2628571428572,0.0,0.0,626.2628571428572,0.0,737.1690108716209
19,27,0.0,0.0,410.0924767659286,0.0,0.0,410.0924767659286,0.0,410.0924767659286
19,28,0.0,0.0,704.0122544402057,0.0,0.0,704.0122544402057,0.0,423.13511158306284
19,29,462.7,177.1214285714285,177.1214285714285,177.1214285714285,285.5785714285715,0.0,243.22142857142842,570.8037006189627
19,30,0.0,0.0,585.7235894545372,0.0,0.0,585.7235894545372,0.0,427.81787516882287
19,31,0.0,0.0,619.212553266455,0.0,0.0,619.212553266455,0.0,619.212553266455
19,32,0.0,0.0,559.1081044684463,0.0,0.0,559.1081044684463,0.0,400.44667589701766
19,33,0.0,0.0,0.0,0.0,0.0,0.0,0.0,438.59611401366544
19,34,0.0,0.0,340.5180114392281,0.0,0.0,340.5180114392281,0.0,322.6365828677995
19,35,0.0,0.0,494.4087688238021,0.0,0.0,494.4087688238021,0.0,470.9487688238021
19,36,479.78,0.0,606.8077968875106,479.78,0.0,127.02779688751059,509.0971428571429,636.1249397446535
19,37,0.0,234.5471428571429,348.32800376709093,0.0,0.0,348.32800376709093,0.0,348.32800376709093
19,38,0.0,0.0,596.6366659720958,0.0,0.0,596.6366659720958,0.0,566.1295231149529
19,39,0.0,0.0,458.7763457512968,0.0,0.0,458.7763457512968,0.0,388.48348860843964
19,40,0.0,0.0,469.0245655050961,0.0,0.0,469.0245655050961,0.0,469.0245655050961
19,41,485.34,0.0,78.21354954296666,78.21354954296666,407.12645045703334,0.0,147.54783525725233,396.87354954296666
19,42,0.0,553.8285714285714,561.4079044582136,0.0,0.0,561.4079044582136,0.0,546.4593330296422
19,43,0.0,289.2053469086448,498.4367754800734,0.0,0.0,498.4367754800734,0.0,471.65248976578766
19,44,296.27,0.0,364.3201839701053,296.27,0.0,68.05018397010531,338.5942857142858,505.1258982558196
19,45,344.8,0.0,496.9782386141794,344.8,0.0,152.1782386141794,394.0571428571429,546.2353814713223
19,46,0.0,0.0,397.73943816192445,0.0,0.0,397.73943816192445,0.0,397.73943816192445
19,47,0.0,0.0,541.3297600055158,0.0,0.0,541.3297600055158,0.0,467.0254742912302
19,48,0.0,156.8028571428572,454.1989831864129,0.0,0.0,454.1989831864129,0.0,636.7004117578414
19,49,0.0,0.0,549.566694900349,0.0,0.0,549.566694900349,0.0,468.2038377574919
19,50,545.78,0.0,589.5359572061618,545.78,0.0,43.75595720616184,500.1214285714285,543.8773857775903
19,51,0.0,0.0,413.61410015621726,0.0,0.0,413.61410015621726,0.0,341.9226715847887
19,52,0.0,0.0,477.88588469296286,0.0,0.0,477.88588469296286,0.0,351.65017040724854
19,53,0.0,0.0,318.1697980913675,0.0,0.0,318.1697980913675,0.0,318.1697980913675
19,54,0.0,0.0,618.1426608247687,0.0,0.0,618.1426608247687,0.0,435.9226608247687
19,55,363.32,391.3249922594987,391.3249922594987,363.32,0.0,28.004992259498692,415.22285714285715,443.22784940235584
19,56,0.0,0.0,0.0,0.0,0.0,0.0,0.0,398.5090103605885
19,57,201.28,0.0,586.175314245821,201.28,0.0,384.89531424582106,39.715714285714284,424.61102853153534
19,58,0.0,0.0,538.1359428034805,0.0,0.0,538.1359428034805,0.0,496.96594280348046
19,59,0.0,0.0,285.9480221020675,0.0,0.0,285.9480221020675,0.0,415.9780221020676
19,60,0.0,0.0,564.8777455778213,0.0,0.0,564.8777455778213,0.0,340.14345986353555
19,61,0.0,0.0,263.2407390604067,0.0,0.0,263.2407390604067,0.0,263.2407390604067
19,62,0.0,0.0,690.196242188892,0.0,0.0,690.196242188892,0.0,650.1919564746063
19,63,0.0,0.0,518.4793981539271,0.0,0.0,518.4793981539271,0.0,518.4793981539271
19,64,0.0,172.11428571428576,172.11428571428576,0.0,0.0,172.11428571428576,0.0,498.090891665591
19,65,0.0,0.0,518.1437441040448,0.0,0.0,518.1437441040448,0.0,335.8808869611877
19,66,0.0,0.0,465.39843978342174,0.0,0.0,465.39843978342174,0.0,408.3427254977074
19,67,0.0,0.0,350.6262924069444,0.0,0.0,350.6262924069444,0.0,350.6262924069444
19,68,0.0,26.809999999999945,391.33744415384615,0.0,0.0,391.33744415384615,0.0,391.33744415384615
19,69,0.0,265.03999999999996,403.82372885270433,0.0,0.0,403.82372885270433,0.0,403.82372885270433
19,70,488.49,0.0,853.5284756241759,488.49,0.0,365.03847562417593,416.0442857142856,781.0827613384615
19,71,0.0,0.0,322.78136997927515,0.0,0.0,322.78136997927515,0.0,291.87994140784656
19,72,0.0,0.0,458.1880906829639,0.0,0.0,458.1880906829639,0.0,444.59809068296386
19,73,0.0,0.0,581.8413902280714,0.0,0.0,581.8413902280714,0.0,561.6013902280714
19,74,246.41,0.0,0.0,0.0,246.41,0.0,35.201428571428664,490.2204415274483
19,75,229.22,0.0,0.0,0.0,229.22,0.0,32.74571428571426,502.06597364451557
19,76,0.0,0.0,622.1741256360528,0.0,0.0,622.1741256360528,0.0,622.1741256360528
19,77,0.0,0.0,187.21719580210686,0.0,0.0,187.21719580210686,0.0,187.21719580210686
19,78,354.76,0.0,81.24493404543247,81.24493404543247,273.5150659545675,0.0,131.92493404543248,299.2392197597182
19,79,0.0,0.0,330.1576369863013,0.0,0.0,330.1576369863013,0.0,219.56369550267294
19,80,0.0,0.0,511.40783658149894,0.0,0.0,511.40783658149894,0.0,409.52069372435614
19,81,0.0,282.1485714285715,657.3021472638766,0.0,0.0,657.3021472638766,0.0,657.3021472638766
19,82,340.8,0.0,460.90487432851216,340.8,0.0,120.10487432851215,269.52428571428567,389.6291600427978
19,83,0.0,0.0,522.8210990696011,0.0,0.0,522.8210990696011,0.0,482.3953847838868
19,84,0.0,0.0,0.0,0.0,0.0,0.0,0.0,476.85129448089276
19,85,0.0,0.0,257.22660695607675,0.0,0.0,257.22660695607675,0.0,257.22660695607675
19,86,0.0,173.17571428571426,492.0662855376693,0.0,0.0,492.0662855376693,0.0,492.0662855376693
19,87,0.0,0.0,435.78799906816175,0.0,0.0,435.78799906816175,0.0,283.2922847824475
19,88,0.0,0.0,539.8065214419718,0.0,0.0,539.8065214419718,0.0,522.9965214419717
19,89,0.0,0.0,358.4726485373871,0.0,0.0,358.4726485373871,0.0,358.4726485373871
19,90,0.0,0.0,690.9967390805004,0.0,0.0,690.9967390805004,0.0,405.3110247947862
19,91,0.0,0.0,541.346991289465,0.0,0.0,541.346991289465,0.0,385.1441341466079
19,92,0.0,0.0,317.2838720776932,0.0,0.0,317.2838720776932,0.0,620.1524435062646
19,93,0.0,0.0,557.2913174309867,0.0,0.0,557.2913174309867,0.0,557.2913174309867
19,94,0.0,0.0,379.4969440384394,0.0,0.0,379.4969440384394,0.0,379.4969440384394
19,95,0.0,0.0,47.74373872796201,0.0,0.0,47.74373872796201,0.0,480.6851672993906
20,0,0.0,259.63571428571424,301.3865948119711,0.0,0.0,301.3865948119711,0.0,301.3865948119711
20,1,0.0,0.0,492.50808192811303,0.0,0.0,492.50808192811303,0.0,477.78236764239875
20,2,0.0,0.0,550.6554931210143,0.0,0.0,550.6554931210143,0.0,550.6554931210143
20,3,0.0,0.0,267.2735305643938,0.0,0.0,267.2735305643938,0.0,267.2735305643938
20,4,0.0,308.4800000000001,308.4800000000001,0.0,0.0,308.4800000000001,0.0,757.1928033766467
20,5,225.19,0.0,163.85795454209645,163.85795454209645,61.33204545790355,0.0,196.02795454209647,370.33652597066794
20,6,0.0,0.0,0.0,0.0,0.0,0.0,0.0,416.86355945189723
20,7,0.0,0.0,343.36223673467066,0.0,0.0,343.36223673467066,0.0,343.36223673467066
20,8,0.0,0.0,321.19676302183746,0.0,0.0,321.19676302183746,0.0,615.6310487361231
20,9,0.0,0.0,472.3849205051392,0.0,0.0,472.3849205051392,0.0,422.4477776479963
20,10,0.0,0.0,438.3120159141778,0.0,0.0,438.3120159141778,0.0,376.6820159141777
20,11,0.0,0.0,427.81044582436414,0.0,0.0,427.81044582436414,0.0,427.81044582436414
20,12,0.0,0.0,435.5802452043801,0.0,0.0,435.5802452043801,0.0,435.5802452043801
20,13,0.0,0.0,539.3177857729158,0.0,0.0,539.3177857729158,0.0,498.9735000586301
20,14,583.59,0.0,651.7297152321789,583.59,0.0,68.1397152321789,511.7685714285715,579.9082866607504
20,15,0.0,0.0,214.075061769578,0.0,0.0,214.075061769578,0.0,214.075061769578
20,16,0.0,0.0,590.1139044783356,0.0,0.0,590.1139044783356,0.0,513.3753330497641
20,17,0.0,0.0,587.6548098588916,0.0,0.0,587.6548098588916,0.0,399.5919527160344
20,18,0.0,0.0,262.9278617854067,0.0,0.0,262.9278617854067,0.0,331.97500464254955
20,19,0.0,0.0,319.0850951522384,0.0,0.0,319.0850951522384,0.0,319.0850951522384
20,20,0.0,0.0,532.4300790532412,0.0,0.0,532.4300790532412,0.0,317.00436476752697
20,21,0.0,410.1942883357055,410.1942883357055,0.0,0.0,410.1942883357055,0.0,410.1942883357055
20,22,0.0,0.0,604.1445132225413,0.0,0.0,604.1445132225413,0.0,535.3930846511128
20,23,0.0,0.0,388.447002900464,0.0,0.0,388.447002900464,0.0,353.6798600433211
20,24,0.0,0.0,420.8831506849314,0.0,0.0,420.8831506849314,0.0,200.38452513748666
20,25,0.0,0.0,585.6473568050626,0.0,0.0,585.6473568050626,0.0,455.1387853764911
20,26,277.64,142.2761537287637,768.5390108716209,277.64,0.0,490.89901087162093,285.9328571428571,776.831868014478
20,27,0.0,0.0,410.0924767659286,0.0,0.0,410.0924767659286,0.0,410.0924767659286
20,28,0.0,0.0,704.0122544402057,0.0,0.0,704.0122544402057,0.0,423.13511158306284
20,29,0.0,327.5822720475343,327.5822720475343,0.0,0.0,327.5822720475343,0.0,570.8037006189627
20,30,311.54,0.0,585.7235894545372,311.54,0.0,274.1835894545372,178.49857142857144,452.6821608831086
20,31,0.0,0.0,619.212553266455,0.0,0.0,619.212553266455,0.0,619.212553266455
20,32,0.0,0.0,559.1081044684463,0.0,0.0,559.1081044684463,0.0,400.44667589701766
20,33,0.0,438.59611401366544,438.59611401366544,0.0,0.0,438.59611401366544,0.0,438.59611401366544
20,34,0.0,0.0,340.5180114392281,0.0,0.0,340.5180114392281,0.0,322.6365828677995
20,35,572.92,0.0,494.4087688238021,494.4087688238021,78.51123117619784,0.0,552.7944831095164,552.7944831095164
20,36,0.0,0.0,127.02779688751059,0.0,0.0,127.02779688751059,0.0,636.1249397446535
20,37,0.0,0.0,348.32800376709093,0.0,0.0,348.32800376709093,0.0,322.7651466242338
20,38,0.0,0.0,596.6366659720958,0.0,0.0,596.6366659720958,0.0,566.1295231149529
20,39,0.0,0.0,458.7763457512968,0.0,0.0,458.7763457512968,0.0,388.48348860843964
20,40,288.36,0.0,469.0245655050961,288.36,0.0,180.6645655050961,255.68000000000006,436.34456550509617
20,41,0.0,249.32571428571433,249.32571428571433,0.0,0.0,249.32571428571433,0.0,396.87354954296666
20,42,0.0,0.0,561.4079044582136,0.0,0.0,561.4079044582136,0.0,546.4593330296422
20,43,0.0,0.0,498.4367754800734,0.0,0.0,498.4367754800734,0.0,471.65248976578766
20,44,0.0,98.48142857142852,166.53161254153383,0.0,0.0,166.53161254153383,0.0,505.1258982558196
20,45,0.0,0.0,152.1782386141794,0.0,0.0,152.1782386141794,0.0,487.5825243284651
20,46,0.0,0.0,397.73943816192445,0.0,0.0,397.73943816192445,0.0,397.73943816192445
20,47,0.0,0.0,541.3297600055158,0.0,0.0,541.3297600055158,0.0,467.0254742912302
20,48,0.0,240.09142857142854,694.2904117578414,0.0,0.0,694.2904117578414,0.0,636.7004117578414
20,49,0.0,0.0,549.566694900349,0.0,0.0,549.566694900349,0.0,468.2038377574919
20,50,0.0,0.0,43.75595720616184,0.0,0.0,43.75595720616184,0.0,543.8773857775903
20,51,374.15,0.0,413.61410015621726,374.15,0.0,39.464100156217285,355.9085714285714,395.3726715847887
20,52,0.0,0.0,477.88588469296286,0.0,0.0,477.88588469296286,0.0,351.65017040724854
20,53,0.0,0.0,318.1697980913675,0.0,0.0,318.1697980913675,0.0,318.1697980913675
20,54,0.0,0.0,618.1426608247687,0.0,0.0,618.1426608247687,0.0,405.39123225334015
20,55,0.0,0.0,28.004992259498692,0.0,0.0,28.004992259498692,0.0,443.22784940235584
20,56,219.1,398.5090103605885,398.5090103605885,219.1,0.0,179.4090103605885,250.4,429.8090103605885
20,57,0.0,0.0,384.89531424582106,0.0,0.0,384.89531424582106,0.0,424.61102853153534
20,58,0.0,0.0,538.1359428034805,0.0,0.0,538.1359428034805,0.0,496.96594280348046
20,59,0.0,130.0300000000001,415.9780221020676,0.0,0.0,415.9780221020676,0.0,415.9780221020676
20,60,0.0,0.0,564.8777455778213,0.0,0.0,564.8777455778213,0.0,340.14345986353555
20,61,535.02,0.0,263.2407390604067,263.2407390604067,271.77926093959326,0.0,339.6721676318353,339.6721676318353
20,62,0.0,0.0,690.196242188892,0.0,0.0,690.196242188892,0.0,585.976242188892
20,63,0.0,0.0,518.4793981539271,0.0,0.0,518.4793981539271,0.0,518.4793981539271
20,64,0.0,325.97660595130526,498.090891665591,0.0,0.0,498.090891665591,0.0,498.090891665591
20,65,0.0,0.0,518.1437441040448,0.0,0.0,518.1437441040448,0.0,335.8808869611877
20,66,0.0,0.0,465.39843978342174,0.0,0.0,465.39843978342174,0.0,408.3427254977074
20,67,0.0,0.0,350.6262924069444,0.0,0.0,350.6262924069444,0.0,350.6262924069444
20,68,224.67,0.0,391.33744415384615,224.67,0.0,166.66744415384616,256.76571428571424,423.43315843956043
20,69,0.0,0.0,403.82372885270433,0.0,0.0,403.82372885270433,0.0,403.82372885270433
20,70,0.0,0.0,365.03847562417593,0.0,0.0,365.03847562417593,0.0,706.6399041956045
20,71,0.0,0.0,322.78136997927515,0.0,0.0,322.78136997927515,0.0,291.87994140784656
20,72,0.0,0.0,458.1880906829639,0.0,0.0,458.1880906829639,0.0,378.1795192543924
20,73,0.0,0.0,581.8413902280714,0.0,0.0,581.8413902280714,0.0,561.6013902280714
20,74,0.0,455.01901295601965,455.01901295601965,0.0,0.0,455.01901295601965,0.0,490.2204415274483
20,75,0.0,469.3202593588013,469.3202593588013,0.0,0.0,469.3202593588013,0.0,502.06597364451557
20,76,0.0,0.0,622.1741256360528,0.0,0.0,622.1741256360528,0.0,622.1741256360528
20,77,544.05,0.0,187.21719580210686,187.21719580210686,356.8328041978931,0.0,264.9386243735354,264.9386243735354
20,78,0.0,167.31428571428572,167.31428571428572,0.0,0.0,167.31428571428572,0.0,299.2392197597182
20,79,0.0,0.0,330.1576369863013,0.0,0.0,330.1576369863013,0.0,219.56369550267294
20,80,0.0,0.0,511.40783658149894,0.0,0.0,511.40783658149894,0.0,409.52069372435614
20,81,0.0,0.0,657.3021472638766,0.0,0.0,657.3021472638766,0.0,591.6092901210193
20,82,0.0,0.0,120.10487432851215,0.0,0.0,120.10487432851215,0.0,389.6291600427978
20,83,0.0,0.0,522.8210990696011,0.0,0.0,522.8210990696011,0.0,482.3953847838868
20,84,0.0,476.85129448089276,476.85129448089276,0.0,0.0,476.85129448089276,0.0,476.85129448089276
20,85,0.0,0.0,257.22660695607675,0.0,0.0,257.22660695607675,0.0,257.22660695607675
20,86,0.0,0.0,492.0662855376693,0.0,0.0,492.0662855376693,0.0,492.0662855376693
20,87,0.0,0.0,435.78799906816175,0.0,0.0,435.78799906816175,0.0,283.2922847824475
20,88,0.0,0.0,539.8065214419718,0.0,0.0,539.8065214419718,0.0,459.4608071562575
20,89,0.0,0.0,358.4726485373871,0.0,0.0,358.4726485373871,0.0,358.4726485373871
20,90,0.0,0.0,690.9967390805004,0.0,0.0,690.9967390805004,0.0,405.3110247947862
20,91,188.35,0.0,541.346991289465,188.35,0.0,352.996991289465,59.054285714285754,412.0512770037507
20,92,0.0,302.8685714285714,620.1524435062646,0.0,0.0,620.1524435062646,0.0,565.1067292205503
20,93,0.0,0.0,557.2913174309867,0.0,0.0,557.2913174309867,0.0,489.29417457384386
20,94,0.0,0.0,379.4969440384394,0.0,0.0,379.4969440384394,0.0,379.4969440384394
20,95,578.1,432.9414285714286,480.6851672993906,480.6851672993906,97.4148327006094,0.0,563.2708815851049,563.2708815851049
21,0,445.86,0.0,301.3865948119711,301.3865948119711,144.4734051880289,0.0,365.08088052625686,365.08088052625686
21,1,0.0,0.0,492.50808192811303,0.0,0.0,492.50808192811303,0.0,417.85808192811305
21,2,0.0,0.0,550.6554931210143,0.0,0.0,550.6554931210143,0.0,550.6554931210143
21,3,0.0,0.0,267.2735305643938,0.0,0.0,267.2735305643938,0.0,267.2735305643938
21,4,0.0,448.7128033766466,757.1928033766467,0.0,0.0,757.1928033766467,0.0,757.1928033766467
21,5,0.0,174.30857142857147,174.30857142857147,0.0,0.0,174.30857142857147,0.0,370.33652597066794
21,6,0.0,480.2064165947544,480.2064165947544,0.0,0.0,480.2064165947544,0.0,416.86355945189723
21,7,0.0,0.0,343.36223673467066,0.0,0.0,343.36223673467066,0.0,343.36223673467066
21,8,0.0,294.4342857142857,615.6310487361231,0.0,0.0,615.6310487361231,0.0,615.6310487361231
21,9,0.0,0.0,472.3849205051392,0.0,0.0,472.3849205051392,0.0,422.4477776479963
21,10,0.0,0.0,438.3120159141778,0.0,0.0,438.3120159141778,0.0,376.6820159141777
21,11,0.0,0.0,427.81044582436414,0.0,0.0,427.81044582436414,0.0,427.81044582436414
21,12,0.0,0.0,435.5802452043801,0.0,0.0,435.5802452043801,0.0,435.5802452043801
21,13,0.0,0.0,539.3177857729158,0.0,0.0,539.3177857729158,0.0,498.9735000586301
21,14,521.1,0.0,68.1397152321789,68.1397152321789,452.9602847678211,0.0,142.58257237503608,654.3511438036076
21,15,0.0,0.0,214.075061769578,0.0,0.0,214.075061769578,0.0,214.075061769578
21,16,0.0,0.0,590.1139044783356,0.0,0.0,590.1139044783356,0.0,513.3753330497641
21,17,0.0,0.0,587.6548098588916,0.0,0.0,587.6548098588916,0.0,399.5919527160344
21,18,0.0,69.04714285714283,331.97500464254955,0.0,0.0,331.97500464254955,0.0,331.97500464254955
21,19,0.0,0.0,319.0850951522384,0.0,0.0,319.0850951522384,0.0,319.0850951522384
21,20,0.0,0.0,532.4300790532412,0.0,0.0,532.4300790532412,0.0,317.00436476752697
21,21,237.04,0.0,410.1942883357055,237.04,0.0,173.1542883357055,270.9028571428571,444.05714547856263
21,22,0.0,0.0,604.1445132225413,0.0,0.0,604.1445132225413,0.0,535.3930846511128
21,23,0.0,0.0,388.447002900464,0.0,0.0,388.447002900464,0.0,353.6798600433211
21,24,0.0,0.0,420.8831506849314,0.0,0.0,420.8831506849314,0.0,200.38452513748666
21,25,496.39,0.0,585.6473568050626,496.39,0.0,89.25735680506261,436.7942857142857,526.0516425193483
21,26,0.0,0.0,490.89901087162093,0.0,0.0,490.89901087162093,0.0,711.1232965859066
21,27,0.0,0.0,410.0924767659286,0.0,0.0,410.0924767659286,0.0,333.7353339087857
21,28,0.0,0.0,704.0122544402057,0.0,0.0,704.0122544402057,0.0,423.13511158306284
21,29,0.0,243.22142857142842,570.8037006189627,0.0,0.0,570.8037006189627,0.0,570.8037006189627
21,30,0.0,0.0,274.1835894545372,0.0,0.0,274.1835894545372,0.0,452.6821608831086
21,31,217.05,0.0,619.212553266455,217.05,0.0,402.16255326645495,248.05714285714288,650.2196961235978
21,32,503.39,0.0,559.1081044684463,503.39,0.0,55.71810446844631,416.6414285714285,472.3595330398748
21,33,0.0,0.0,438.59611401366544,0.0,0.0,438.59611401366544,0.0,438.59611401366544
21,34,0.0,0.0,340.5180114392281,0.0,0.0,340.5180114392281,0.0,282.33515429637094
21,35,0.0,0.0,0.0,0.0,0.0,0.0,0.0,552.7944831095164
21,36,0.0,509.0971428571429,636.1249397446535,0.0,0.0,636.1249397446535,0.0,600.4092254589392
21,37,0.0,0.0,348.32800376709093,0.0,0.0,348.32800376709093,0.0,322.7651466242338
21,38,0.0,0.0,596.6366659720958,0.0,0.0,596.6366659720958,0.0,566.1295231149529
21,39,0.0,0.0,458.7763457512968,0.0,0.0,458.7763457512968,0.0,388.48348860843964
21,40,0.0,0.0,180.6645655050961,0.0,0.0,180.6645655050961,0.0,436.34456550509617
21,41,294.01,147.54783525725233,396.87354954296666,294.01,0.0,102.86354954296667,336.0114285714286,438.8749781143953
21,42,0.0,0.0,561.4079044582136,0.0,0.0,561.4079044582136,0.0,546.4593330296422
21,43,0.0,0.0,498.4367754800734,0.0,0.0,498.4367754800734,0.0,471.65248976578766
21,44,0.0,338.5942857142858,505.1258982558196,0.0,0.0,505.1258982558196,0.0,427.86875539867674
21,45,0.0,394.0571428571429,546.2353814713223,0.0,0.0,546.2353814713223,0.0,487.5825243284651
21,46,0.0,0.0,397.73943816192445,0.0,0.0,397.73943816192445,0.0,397.73943816192445
21,47,388.88,0.0,541.3297600055158,388.88,0.0,152.44976000551583,370.1300000000001,522.5797600055159
21,48,0.0,0.0,694.2904117578414,0.0,0.0,694.2904117578414,0.0,636.7004117578414
21,49,0.0,0.0,549.566694900349,0.0,0.0,549.566694900349,0.0,468.2038377574919
21,50,107.6,500.1214285714285,543.8773857775903,107.6,0.0,436.2773857775903,122.97142857142853,559.2488143490189
21,51,0.0,0.0,39.464100156217285,0.0,0.0,39.464100156217285,0.0,395.3726715847887
21,52,0.0,0.0,477.88588469296286,0.0,0.0,477.88588469296286,0.0,351.65017040724854
21,53,0.0,0.0,318.1697980913675,0.0,0.0,318.1697980913675,0.0,318.1697980913675
21,54,0.0,0.0,618.1426608247687,0.0,0.0,618.1426608247687,0.0,371.7040893961973
21,55,0.0,415.22285714285715,443.22784940235584,0.0,0.0,443.22784940235584,0.0,443.22784940235584
21,56,0.0,0.0,179.4090103605885,0.0,0.0,179.4090103605885,0.0,429.8090103605885
21,57,0.0,39.715714285714284,424.61102853153534,0.0,0.0,424.61102853153534,0.0,424.61102853153534
21,58,0.0,0.0,538.1359428034805,0.0,0.0,538.1359428034805,0.0,496.96594280348046
21,59,0.0,0.0,415.9780221020676,0.0,0.0,415.9780221020676,0.0,400.28373638778186
21,60,294.73,0.0,564.8777455778213,294.73,0.0,270.1477455778213,112.09999999999997,382.24774557782126
21,61,0.0,0.0,0.0,0.0,0.0,0.0,0.0,339.6721676318353
21,62,0.0,0.0,690.196242188892,0.0,0.0,690.196242188892,0.0,585.976242188892
21,63,0.0,0.0,518.4793981539271,0.0,0.0,518.4793981539271,0.0,441.54654101107
21,64,0.0,0.0,498.090891665591,0.0,0.0,498.090891665591,0.0,498.090891665591
21,65,0.0,0.0,518.1437441040448,0.0,0.0,518.1437441040448,0.0,335.8808869611877
21,66,0.0,0.0,465.39843978342174,0.0,0.0,465.39843978342174,0.0,408.3427254977074
21,67,0.0,0.0,350.6262924069444,0.0,0.0,350.6262924069444,0.0,350.6262924069444
21,68,0.0,0.0,166.66744415384616,0.0,0.0,166.66744415384616,0.0,340.5317298681319
21,69,154.9,0.0,403.82372885270433,154.9,0.0,248.92372885270433,177.02857142857144,425.95230028127577
21,70,0.0,416.0442857142856,781.0827613384615,0.0,0.0,781.0827613384615,0.0,706.6399041956045
21,71,0.0,0.0,322.78136997927515,0.0,0.0,322.78136997927515,0.0,291.87994140784656
21,72,0.0,0.0,458.1880906829639,0.0,0.0,458.1880906829639,0.0,378.1795192543924
21,73,264.88,0.0,581.8413902280714,264.88,0.0,316.9613902280714,282.48,599.4413902280714
21,74,0.0,35.201428571428664,490.2204415274483,0.0,0.0,490.2204415274483,0.0,490.2204415274483
21,75,0.0,32.74571428571426,502.06597364451557,0.0,0.0,502.06597364451557,0.0,502.06597364451557
21,76,0.0,0.0,622.1741256360528,0.0,0.0,622.1741256360528,0.0,622.1741256360528
21,77,376.37,0.0,0.0,0.0,376.37,0.0,53.76714285714286,318.70576723067825
21,78,0.0,131.92493404543248,299.2392197597182,0.0,0.0,299.2392197597182,0.0,299.2392197597182
21,79,0.0,0.0,330.1576369863013,0.0,0.0,330.1576369863013,0.0,219.56369550267294
21,80,359.51,0.0,511.40783658149894,359.51,0.0,151.89783658149895,285.4457142857143,437.34355086721325
21,81,0.0,0.0,657.3021472638766,0.0,0.0,657.3021472638766,0.0,562.6121472638765
21,82,245.15,269.52428571428567,389.6291600427978,245.15,0.0,144.47916004279782,280.1714285714286,424.6505886142264
21,83,361.69,0.0,522.8210990696011,361.69,0.0,161.13109906960113,372.93428571428564,534.0653847838868
21,84,0.0,0.0,476.85129448089276,0.0,0.0,476.85129448089276,0.0,476.85129448089276
21,85,0.0,0.0,257.22660695607675,0.0,0.0,257.22660695607675,0.0,257.22660695607675
21,86,0.0,0.0,492.0662855376693,0.0,0.0,492.0662855376693,0.0,492.0662855376693
21,87,0.0,0.0,435.78799906816175,0.0,0.0,435.78799906816175,0.0,240.37942763959035
21,88,0.0,0.0,539.8065214419718,0.0,0.0,539.8065214419718,0.0,430.8836642991146
21,89,0.0,0.0,358.4726485373871,0.0,0.0,358.4726485373871,0.0,358.4726485373871
21,90,0.0,0.0,690.9967390805004,0.0,0.0,690.9967390805004,0.0,405.3110247947862
21,91,0.0,0.0,352.996991289465,0.0,0.0,352.996991289465,0.0,412.0512770037507
21,92,0.0,0.0,620.1524435062646,0.0,0.0,620.1524435062646,0.0,565.1067292205503
21,93,0.0,0.0,557.2913174309867,0.0,0.0,557.2913174309867,0.0,489.29417457384386
21,94,0.0,0.0,379.4969440384394,0.0,0.0,379.4969440384394,0.0,379.4969440384394
21,95,0.0,0.0,0.0,0.0,0.0,0.0,0.0,563.2708815851049
22,0,0.0,0.0,0.0,0.0,0.0,0.0,0.0,365.08088052625686
22,1,0.0,0.0,492.50808192811303,0.0,0.0,492.50808192811303,0.0,417.85808192811305
22,2,0.0,0.0,550.6554931210143,0.0,0.0,550.6554931210143,0.0,550.6554931210143
22,3,0.0,0.0,267.2735305643938,0.0,0.0,267.2735305643938,0.0,267.2735305643938
22,4,0.0,0.0,757.1928033766467,0.0,0.0,757.1928033766467,0.0,685.3513748052183
22,5,0.0,196.02795454209647,370.33652597066794,0.0,0.0,370.33652597066794,0.0,370.33652597066794
22,6,257.42,0.0,480.2064165947544,257.42,0.0,222.78641659475437,230.85142857142858,453.63784516618296
22,7,0.0,0.0,343.36223673467066,0.0,0.0,343.36223673467066,0.0,343.36223673467066
22,8,0.0,0.0,615.6310487361231,0.0,0.0,615.6310487361231,0.0,540.1153344504089
22,9,0.0,0.0,472.3849205051392,0.0,0.0,472.3849205051392,0.0,422.4477776479963
22,10,0.0,0.0,438.3120159141778,0.0,0.0,438.3120159141778,0.0,376.6820159141777
22,11,0.0,0.0,427.81044582436414,0.0,0.0,427.81044582436414,0.0,427.81044582436414
22,12,0.0,0.0,435.5802452043801,0.0,0.0,435.5802452043801,0.0,435.5802452043801
22,13,0.0,0.0,539.3177857729158,0.0,0.0,539.3177857729158,0.0,466.0963572014873
22,14,0.0,511.7685714285715,511.7685714285715,0.0,0.0,511.7685714285715,0.0,654.3511438036076
22,15,0.0,0.0,214.075061769578,0.0,0.0,214.075061769578,0.0,214.075061769578
22,16,0.0,0.0,590.1139044783356,0.0,0.0,590.1139044783356,0.0,513.3753330497641
22,17,162.73,0.0,587.6548098588916,162.73,0.0,424.92480985889154,0.0,422.8390955731773
22,18,505.69,0.0,331.97500464254955,331.97500464254955,173.71499535745045,0.0,404.2164332139781,404.2164332139781
22,19,0.0,0.0,319.0850951522384,0.0,0.0,319.0850951522384,0.0,319.0850951522384
22,20,0.0,0.0,532.4300790532412,0.0,0.0,532.4300790532412,0.0,317.00436476752697
22,21,598.82,0.0,173.1542883357055,173.1542883357055,425.6657116642946,0.0,258.7000026214198,529.6028597642769
22,22,434.48,0.0,604.1445132225413,434.48,0.0,169.66451322254125,427.79714285714294,597.4616560796842
22,23,0.0,0.0,388.447002900464,0.0,0.0,388.447002900464,0.0,325.59986004332114
22,24,0.0,0.0,420.8831506849314,0.0,0.0,420.8831506849314,0.0,200.38452513748666
22,25,0.0,0.0,89.25735680506261,0.0,0.0,89.25735680506261,0.0,455.6273568050625
22,26,0.0,285.9328571428571,776.831868014478,0.0,0.0,776.831868014478,0.0,711.1232965859066
22,27,0.0,0.0,410.0924767659286,0.0,0.0,410.0924767659286,0.0,333.7353339087857
22,28,0.0,0.0,704.0122544402057,0.0,0.0,704.0122544402057,0.0,423.13511158306284
22,29,0.0,0.0,570.8037006189627,0.0,0.0,570.8037006189627,0.0,570.8037006189627
22,30,0.0,178.49857142857144,452.6821608831086,0.0,0.0,452.6821608831086,0.0,452.6821608831086
22,31,0.0,0.0,402.16255326645495,0.0,0.0,402.16255326645495,0.0,650.2196961235978
22,32,0.0,0.0,55.71810446844631,0.0,0.0,55.71810446844631,0.0,472.3595330398748
22,33,0.0,0.0,438.59611401366544,0.0,0.0,438.59611401366544,0.0,367.68754258509404
22,34,0.0,0.0,340.5180114392281,0.0,0.0,340.5180114392281,0.0,262.9537257249424
22,35,0.0,552.7944831095164,552.7944831095164,0.0,0.0,552.7944831095164,0.0,515.0987688238021
22,36,0.0,0.0,636.1249397446535,0.0,0.0,636.1249397446535,0.0,600.4092254589392
22,37,0.0,0.0,348.32800376709093,0.0,0.0,348.32800376709093,0.0,322.7651466242338
22,38,0.0,0.0,596.6366659720958,0.0,0.0,596.6366659720958,0.0,566.1295231149529
22,39,457.05,0.0,458.7763457512968,457.05,0.0,1.7263457512967761,452.05,453.7763457512968
22,40,0.0,255.68000000000006,436.34456550509617,0.0,0.0,436.34456550509617,0.0,436.34456550509617
22,41,0.0,0.0,102.86354954296667,0.0,0.0,102.86354954296667,0.0,438.8749781143953
22,42,261.9,0.0,561.4079044582136,261.9,0.0,299.5079044582136,284.36571428571426,583.8736187439279
22,43,575.52,0.0,498.4367754800734,498.4367754800734,77.0832245199266,0.0,553.8696326229305,553.8696326229305
22,44,0.0,0.0,505.1258982558196,0.0,0.0,505.1258982558196,0.0,427.86875539867674
22,45,0.0,0.0,546.2353814713223,0.0,0.0,546.2353814713223,0.0,487.5825243284651
22,46,0.0,0.0,397.73943816192445,0.0,0.0,397.73943816192445,0.0,397.73943816192445
22,47,0.0,0.0,152.44976000551583,0.0,0.0,152.44976000551583,0.0,522.5797600055159
22,48,491.48,0.0,694.2904117578414,491.48,0.0,202.8104117578414,504.10142857142864,706.91184032927
22,49,0.0,0.0,549.566694900349,0.0,0.0,549.566694900349,0.0,468.2038377574919
22,50,0.0,0.0,436.2773857775903,0.0,0.0,436.2773857775903,0.0,559.2488143490189
22,51,0.0,355.9085714285714,395.3726715847887,0.0,0.0,395.3726715847887,0.0,312.65838587050297
22,52,0.0,0.0,477.88588469296286,0.0,0.0,477.88588469296286,0.0,351.65017040724854
22,53,0.0,0.0,318.1697980913675,0.0,0.0,318.1697980913675,0.0,318.1697980913675
22,54,0.0,0.0,618.1426608247687,0.0,0.0,618.1426608247687,0.0,371.7040893961973
22,55,0.0,0.0,443.22784940235584,0.0,0.0,443.22784940235584,0.0,443.22784940235584
22,56,0.0,250.4,429.8090103605885,0.0,0.0,429.8090103605885,0.0,429.8090103605885
22,57,0.0,0.0,424.61102853153534,0.0,0.0,424.61102853153534,0.0,424.61102853153534
22,58,516.67,0.0,538.1359428034805,516.67,0.0,21.465942803480516,549.31,570.7759428034805
22,59,0.0,0.0,415.9780221020676,0.0,0.0,415.9780221020676,0.0,400.28373638778186
22,60,275.38,0.0,270.1477455778213,270.1477455778213,5.232254422178698,0.0,309.4877455778213,421.58774557782124
22,61,0.0,339.6721676318353,339.6721676318353,0.0,0.0,339.6721676318353,0.0,339.6721676318353
22,62,514.22,0.0,690.196242188892,514.22,0.0,175.976242188892,432.9357142857143,608.9119564746063
22,63,0.0,0.0,518.4793981539271,0.0,0.0,518.4793981539271,0.0,441.54654101107
22,64,0.0,0.0,498.090891665591,0.0,0.0,498.090891665591,0.0,498.090891665591
22,65,0.0,0.0,518.1437441040448,0.0,0.0,518.1437441040448,0.0,335.8808869611877
22,66,0.0,0.0,465.39843978342174,0.0,0.0,465.39843978342174,0.0,408.3427254977074
22,67,0.0,0.0,350.6262924069444,0.0,0.0,350.6262924069444,0.0,350.6262924069444
22,68,0.0,256.76571428571424,423.43315843956043,0.0,0.0,423.43315843956043,0.0,340.5317298681319
22,69,0.0,0.0,248.92372885270433,0.0,0.0,248.92372885270433,0.0,425.95230028127577
22,70,197.0,0.0,781.0827613384615,197.0,0.0,584.0827613384615,150.70000000000016,734.7827613384617
22,71,0.0,0.0,322.78136997927515,0.0,0.0,322.78136997927515,0.0,291.87994140784656
22,72,0.0,0.0,458.1880906829639,0.0,0.0,458.1880906829639,0.0,378.1795192543924
22,73,0.0,0.0,316.9613902280714,0.0,0.0,316.9613902280714,0.0,502.0756759423572
22,74,0.0,0.0,490.2204415274483,0.0,0.0,490.2204415274483,0.0,490.2204415274483
22,75,0.0,0.0,502.06597364451557,0.0,0.0,502.06597364451557,0.0,502.06597364451557
22,76,0.0,0.0,622.1741256360528,0.0,0.0,622.1741256360528,0.0,483.9269827789101
22,77,0.0,264.9386243735354,264.9386243735354,0.0,0.0,264.9386243735354,0.0,318.70576723067825
22,78,541.66,0.0,299.2392197597182,299.2392197597182,242.42078024028177,0.0,376.6192197597182,376.6192197597182
22,79,0.0,0.0,330.1576369863013,0.0,0.0,330.1576369863013,0.0,219.56369550267294
22,80,0.0,0.0,151.89783658149895,0.0,0.0,151.89783658149895,0.0,437.34355086721325
22,81,0.0,0.0,657.3021472638766,0.0,0.0,657.3021472638766,0.0,562.6121472638765
22,82,0.0,0.0,144.47916004279782,0.0,0.0,144.47916004279782,0.0,424.6505886142264
22,83,225.5,0.0,161.13109906960113,161.13109906960113,64.36890093039887,0.0,137.9696704981726,510.90395621245824
22,84,122.8,0.0,476.85129448089276,122.8,0.0,354.05129448089275,140.3428571428572,494.39415162374996
22,85,0.0,0.0,257.22660695607675,0.0,0.0,257.22660695607675,0.0,257.22660695607675
22,86,0.0,0.0,492.0662855376693,0.0,0.0,492.0662855376693,0.0,452.6462855376693
22,87,0.0,0.0,435.78799906816175,0.0,0.0,435.78799906816175,0.0,240.37942763959035
22,88,0.0,0.0,539.8065214419718,0.0,0.0,539.8065214419718,0.0,430.8836642991146
22,89,0.0,0.0,358.4726485373871,0.0,0.0,358.4726485373871,0.0,358.4726485373871
22,90,0.0,0.0,690.9967390805004,0.0,0.0,690.9967390805004,0.0,400.84673908050047
22,91,0.0,59.054285714285754,412.0512770037507,0.0,0.0,412.0512770037507,0.0,412.0512770037507
22,92,0.0,0.0,620.1524435062646,0.0,0.0,620.1524435062646,0.0,565.1067292205503
22,93,0.0,0.0,557.2913174309867,0.0,0.0,557.2913174309867,0.0,489.29417457384386
22,94,0.0,0.0,379.4969440384394,0.0,0.0,379.4969440384394,0.0,379.4969440384394
22,95,0.0,563.2708815851049,563.2708815851049,0.0,0.0,563.2708815851049,0.0,544.9565958708191
23,0,0.0,365.08088052625686,365.08088052625686,0.0,0.0,365.08088052625686,0.0,365.08088052625686
23,1,0.0,0.0,492.50808192811303,0.0,0.0,492.50808192811303,0.0,417.85808192811305
23,2,573.65,0.0,550.6554931210143,550.6554931210143,22.994506878985703,0.0,632.6054931210142,632.6054931210142
23,3,0.0,0.0,267.2735305643938,0.0,0.0,267.2735305643938,0.0,267.2735305643938
23,4,0.0,0.0,757.1928033766467,0.0,0.0,757.1928033766467,0.0,685.3513748052183
23,5,0.0,0.0,370.33652597066794,0.0,0.0,370.33652597066794,0.0,370.33652597066794
23,6,332.37,0.0,222.78641659475437,222.78641659475437,109.58358340524563,0.0,270.26784516618295,501.11927373761154
23,7,0.0,0.0,343.36223673467066,0.0,0.0,343.36223673467066,0.0,343.36223673467066
23,8,0.0,0.0,615.6310487361231,0.0,0.0,615.6310487361231,0.0,468.28104873612324
23,9,0.0,0.0,472.3849205051392,0.0,0.0,472.3849205051392,0.0,422.4477776479963
23,10,0.0,0.0,438.3120159141778,0.0,0.0,438.3120159141778,0.0,376.6820159141777
23,11,0.0,0.0,427.81044582436414,0.0,0.0,427.81044582436414,0.0,427.81044582436414
23,12,134.19,0.0,435.5802452043801,134.19,0.0,301.3902452043801,153.36,454.7502452043801
23,13,0.0,0.0,539.3177857729158,0.0,0.0,539.3177857729158,0.0,466.0963572014873
23,14,0.0,142.58257237503608,654.3511438036076,0.0,0.0,654.3511438036076,0.0,654.3511438036076
23,15,0.0,0.0,214.075061769578,0.0,0.0,214.075061769578,0.0,214.075061769578
23,16,0.0,0.0,590.1139044783356,0.0,0.0,590.1139044783356,0.0,513.3753330497641
23,17,143.93,0.0,424.92480985889154,143.93,0.0,280.99480985889153,125.0271428571429,406.02195271603443
23,18,0.0,0.0,0.0,0.0,0.0,0.0,0.0,404.2164332139781
23,19,0.0,0.0,319.0850951522384,0.0,0.0,319.0850951522384,0.0,319.0850951522384
23,20,0.0,0.0,532.4300790532412,0.0,0.0,532.4300790532412,0.0,317.00436476752697
23,21,0.0,270.9028571428571,270.9028571428571,0.0,0.0,270.9028571428571,0.0,529.6028597642769
23,22,201.3,0.0,169.66451322254125,169.66451322254125,31.635486777458766,0.0,198.4216560796841,626.218798936827
23,23,0.0,0.0,388.447002900464,0.0,0.0,388.447002900464,0.0,325.59986004332114
23,24,0.0,0.0,420.8831506849314,0.0,0.0,420.8831506849314,0.0,200.38452513748666
23,25,0.0,436.7942857142857,526.0516425193483,0.0,0.0,526.0516425193483,0.0,455.6273568050625
23,26,0.0,0.0,776.831868014478,0.0,0.0,776.831868014478,0.0,711.1232965859066
23,27,0.0,0.0,410.0924767659286,0.0,0.0,410.0924767659286,0.0,333.7353339087857
23,28,254.1,0.0,704.0122544402057,254.1,0.0,449.91225444020563,9.52285714285722,459.43511158306285
23,29,0.0,0.0,570.8037006189627,0.0,0.0,570.8037006189627,0.0,514.9537006189628
23,30,321.54,0.0,452.6821608831086,321.54,0.0,131.1421608831086,367.4742857142857,498.6164465973943
23,31,0.0,248.05714285714288,650.2196961235978,0.0,0.0,650.2196961235978,0.0,611.405410409312
23,32,480.6,416.6414285714285,472.3595330398748,472.3595330398748,8.240466960125218,0.0,541.0166758970176,541.0166758970176
23,33,0.0,0.0,438.59611401366544,0.0,0.0,438.59611401366544,0.0,367.68754258509404
23,34,0.0,0.0,340.5180114392281,0.0,0.0,340.5180114392281,0.0,262.9537257249424
23,35,0.0,0.0,552.7944831095164,0.0,0.0,552.7944831095164,0.0,515.0987688238021
23,36,0.0,0.0,636.1249397446535,0.0,0.0,636.1249397446535,0.0,533.7492254589391
23,37,0.0,0.0,348.32800376709093,0.0,0.0,348.32800376709093,0.0,322.7651466242338
23,38,0.0,0.0,596.6366659720958,0.0,0.0,596.6366659720958,0.0,566.1295231149529
23,39,321.93,0.0,1.7263457512967761,1.7263457512967761,320.20365424870323,0.0,47.716345751296785,499.7663457512968
23,40,0.0,0.0,436.34456550509617,0.0,0.0,436.34456550509617,0.0,436.34456550509617
23,41,0.0,336.0114285714286,438.8749781143953,0.0,0.0,438.8749781143953,0.0,438.8749781143953
23,42,464.01,0.0,299.5079044582136,299.5079044582136,164.5020955417864,0.0,365.79504731535644,650.1607616010707
23,43,445.17,0.0,0.0,0.0,445.17,0.0,63.59571428571428,617.4653469086447
23,44,0.0,0.0,505.1258982558196,0.0,0.0,505.1258982558196,0.0,427.86875539867674
23,45,0.0,0.0,546.2353814713223,0.0,0.0,546.2353814713223,0.0,487.5825243284651
23,46,0.0,0.0,397.73943816192445,0.0,0.0,397.73943816192445,0.0,397.73943816192445
23,47,0.0,370.1300000000001,522.5797600055159,0.0,0.0,522.5797600055159,0.0,522.5797600055159
23,48,156.61,0.0,202.8104117578414,156.61,0.0,46.20041175784138,178.98285714285714,729.2846974721272
23,49,0.0,0.0,549.566694900349,0.0,0.0,549.566694900349,0.0,468.2038377574919
23,50,0.0,122.97142857142853,559.2488143490189,0.0,0.0,559.2488143490189,0.0,559.2488143490189
23,51,0.0,0.0,395.3726715847887,0.0,0.0,395.3726715847887,0.0,312.65838587050297
23,52,477.53,0.0,477.88588469296286,477.53,0.0,0.3558846929628885,380.4057142857142,380.7615989786771
23,53,0.0,0.0,318.1697980913675,0.0,0.0,318.1697980913675,0.0,318.1697980913675
23,54,0.0,0.0,618.1426608247687,0.0,0.0,618.1426608247687,0.0,371.7040893961973
23,55,0.0,0.0,443.22784940235584,0.0,0.0,443.22784940235584,0.0,443.22784940235584
23,56,0.0,0.0,429.8090103605885,0.0,0.0,429.8090103605885,0.0,429.8090103605885
23,57,0.0,0.0,424.61102853153534,0.0,0.0,424.61102853153534,0.0,424.61102853153534
23,58,0.0,0.0,21.465942803480516,0.0,0.0,21.465942803480516,0.0,570.7759428034805
23,59,0.0,0.0,415.9780221020676,0.0,0.0,415.9780221020676,0.0,400.28373638778186
23,60,0.0,112.09999999999997,112.09999999999997,0.0,0.0,112.09999999999997,0.0,421.58774557782124
23,61,0.0,0.0,339.6721676318353,0.0,0.0,339.6721676318353,0.0,306.2035962032639
23,62,0.0,0.0,175.976242188892,0.0,0.0,175.976242188892,0.0,556.9805279031777
23,63,0.0,0.0,518.4793981539271,0.0,0.0,518.4793981539271,0.0,441.54654101107
23,64,0.0,0.0,498.090891665591,0.0,0.0,498.090891665591,0.0,498.090891665591
23,65,0.0,0.0,518.1437441040448,0.0,0.0,518.1437441040448,0.0,335.8808869611877
23,66,572.78,0.0,465.39843978342174,465.39843978342174,107.38156021657824,0.0,490.1684397834217,490.1684397834217
23,67,0.0,0.0,350.6262924069444,0.0,0.0,350.6262924069444,0.0,350.6262924069444
23,68,0.0,0.0,423.43315843956043,0.0,0.0,423.43315843956043,0.0,265.6574441538462
23,69,0.0,177.02857142857144,425.95230028127577,0.0,0.0,425.95230028127577,0.0,425.95230028127577
23,70,0.0,0.0,584.0827613384615,0.0,0.0,584.0827613384615,0.0,665.6784756241759
23,71,0.0,0.0,322.78136997927515,0.0,0.0,322.78136997927515,0.0,291.87994140784656
23,72,0.0,0.0,458.1880906829639,0.0,0.0,458.1880906829639,0.0,378.1795192543924
23,73,0.0,282.48,599.4413902280714,0.0,0.0,599.4413902280714,0.0,502.0756759423572
23,74,587.72,0.0,490.2204415274483,490.2204415274483,97.49955847255171,0.0,574.1804415274482,574.1804415274482
23,75,0.0,0.0,502.06597364451557,0.0,0.0,502.06597364451557,0.0,502.06597364451557
23,76,0.0,0.0,622.1741256360528,0.0,0.0,622.1741256360528,0.0,445.22269706462436
23,77,0.0,53.76714285714286,318.70576723067825,0.0,0.0,318.70576723067825,0.0,318.70576723067825
23,78,0.0,0.0,0.0,0.0,0.0,0.0,0.0,376.6192197597182
23,79,0.0,0.0,330.1576369863013,0.0,0.0,330.1576369863013,0.0,219.56369550267294
23,80,0.0,285.4457142857143,437.34355086721325,0.0,0.0,437.34355086721325,0.0,399.1449794386418
23,81,0.0,0.0,657.3021472638766,0.0,0.0,657.3021472638766,0.0,562.6121472638765
23,82,0.0,280.1714285714286,424.6505886142264,0.0,0.0,424.6505886142264,0.0,401.352017185655
23,83,0.0,372.93428571428564,372.93428571428564,0.0,0.0,372.93428571428564,0.0,510.90395621245824
23,84,0.0,0.0,354.05129448089275,0.0,0.0,354.05129448089275,0.0,494.39415162374996
23,85,0.0,0.0,257.22660695607675,0.0,0.0,257.22660695607675,0.0,257.22660695607675
23,86,0.0,0.0,492.0662855376693,0.0,0.0,492.0662855376693,0.0,452.6462855376693
23,87,0.0,0.0,435.78799906816175,0.0,0.0,435.78799906816175,0.0,240.37942763959035
23,88,0.0,0.0,539.8065214419718,0.0,0.0,539.8065214419718,0.0,430.8836642991146
23,89,0.0,0.0,358.4726485373871,0.0,0.0,358.4726485373871,0.0,358.4726485373871
23,90,0.0,0.0,690.9967390805004,0.0,0.0,690.9967390805004,0.0,400.84673908050047
23,91,191.86,0.0,412.0512770037507,191.86,0.0,220.1912770037507,219.26857142857148,439.4598484323222
23,92,0.0,0.0,620.1524435062646,0.0,0.0,620.1524435062646,0.0,565.1067292205503
23,93,0.0,0.0,557.2913174309867,0.0,0.0,557.2913174309867,0.0,489.29417457384386
23,94,0.0,0.0,379.4969440384394,0.0,0.0,379.4969440384394,0.0,379.4969440384394
23,95,0.0,0.0,563.2708815851049,0.0,0.0,563.2708815851049,0.0,544.9565958708191
24,0,0.0,0.0,365.08088052625686,0.0,0.0,365.08088052625686,0.0,365.08088052625686
24,1,0.0,0.0,492.50808192811303,0.0,0.0,492.50808192811303,0.0,417.85808192811305
24,2,0.0,0.0,0.0,0.0,0.0,0.0,0.0,632.6054931210142
24,3,0.0,0.0,267.2735305643938,0.0,0.0,267.2735305643938,0.0,267.2735305643938
24,4,0.0,0.0,757.1928033766467,0.0,0.0,757.1928033766467,0.0,685.3513748052183
24,5,0.0,0.0,370.33652597066794,0.0,0.0,370.33652597066794,0.0,370.33652597066794
24,6,0.0,230.85142857142858,230.85142857142858,0.0,0.0,230.85142857142858,0.0,501.11927373761154
24,7,0.0,0.0,343.36223673467066,0.0,0.0,343.36223673467066,0.0,343.36223673467066
24,8,0.0,0.0,615.6310487361231,0.0,0.0,615.6310487361231,0.0,391.2424773075518
24,9,0.0,0.0,472.3849205051392,0.0,0.0,472.3849205051392,0.0,422.4477776479963
24,10,563.96,0.0,438.3120159141778,438.3120159141778,125.64798408582226,0.0,457.24773019989203,457.24773019989203
24,11,0.0,0.0,427.81044582436414,0.0,0.0,427.81044582436414,0.0,360.50901725293556
24,12,0.0,0.0,301.3902452043801,0.0,0.0,301.3902452043801,0.0,454.7502452043801
24,13,0.0,0.0,539.3177857729158,0.0,0.0,539.3177857729158,0.0,466.0963572014873
24,14,311.64,0.0,654.3511438036076,311.64,0.0,342.71114380360757,356.15999999999997,698.8711438036075
24,15,0.0,0.0,214.075061769578,0.0,0.0,214.075061769578,0.0,214.075061769578
24,16,0.0,0.0,590.1139044783356,0.0,0.0,590.1139044783356,0.0,513.3753330497641
24,17,0.0,0.0,280.99480985889153,0.0,0.0,280.99480985889153,0.0,406.02195271603443
24,18,0.0,404.2164332139781,404.2164332139781,0.0,0.0,404.2164332139781,0.0,404.2164332139781
24,19,0.0,0.0,319.0850951522384,0.0,0.0,319.0850951522384,0.0,319.0850951522384
24,20,0.0,0.0,532.4300790532412,0.0,0.0,532.4300790532412,0.0,317.00436476752697
24,21,0.0,258.7000026214198,529.6028597642769,0.0,0.0,529.6028597642769,0.0,529.6028597642769
24,22,0.0,427.79714285714294,427.79714285714294,0.0,0.0,427.79714285714294,0.0,626.218798936827
24,23,538.12,0.0,388.447002900464,388.447002900464,149.67299709953602,0.0,402.47414575760683,402.47414575760683
24,24,0.0,0.0,420.8831506849314,0.0,0.0,420.8831506849314,0.0,200.38452513748666
24,25,0.0,0.0,526.0516425193483,0.0,0.0,526.0516425193483,0.0,455.6273568050625
24,26,344.07,0.0,776.831868014478,344.07,0.0,432.761868014478,327.5142857142858,760.2761537287638
24,27,0.0,0.0,410.0924767659286,0.0,0.0,410.0924767659286,0.0,333.7353339087857
24,28,0.0,0.0,449.91225444020563,0.0,0.0,449.91225444020563,0.0,459.43511158306285
24,29,102.15,0.0,570.8037006189627,102.15,0.0,468.6537006189627,15.80142857142863,484.45512919039135
24,30,0.0,0.0,131.1421608831086,0.0,0.0,131.1421608831086,0.0,498.6164465973943
24,31,0.0,0.0,650.2196961235978,0.0,0.0,650.2196961235978,0.0,611.405410409312
24,32,0.0,0.0,0.0,0.0,0.0,0.0,0.0,541.0166758970176
24,33,0.0,0.0,438.59611401366544,0.0,0.0,438.59611401366544,0.0,367.68754258509404
24,34,552.11,0.0,340.5180114392281,340.5180114392281,211.59198856077194,0.0,341.8265828677995,341.8265828677995
24,35,0.0,0.0,552.7944831095164,0.0,0.0,552.7944831095164,0.0,515.0987688238021
24,36,0.0,0.0,636.1249397446535,0.0,0.0,636.1249397446535,0.0,533.7492254589391
24,37,455.53,0.0,348.32800376709093,348.32800376709093,107.20199623290904,0.0,387.8408609099481,387.8408609099481
24,38,0.0,0.0,596.6366659720958,0.0,0.0,596.6366659720958,0.0,566.1295231149529
24,39,0.0,452.05,452.05,0.0,0.0,452.05,0.0,466.44777432272537
24,40,0.0,0.0,436.34456550509617,0.0,0.0,436.34456550509617,0.0,374.5531369336676
24,41,0.0,0.0,438.8749781143953,0.0,0.0,438.8749781143953,0.0,438.8749781143953
24,42,318.81,284.36571428571426,284.36571428571426,284.36571428571426,34.44428571428574,0.0,329.90999999999997,695.7050473153564
24,43,0.0,553.8696326229305,553.8696326229305,0.0,0.0,553.8696326229305,0.0,617.4653469086447
24,44,0.0,0.0,505.1258982558196,0.0,0.0,505.1258982558196,0.0,427.86875539867674
24,45,0.0,0.0,546.2353814713223,0.0,0.0,546.2353814713223,0.0,487.5825243284651
24,46,0.0,0.0,397.73943816192445,0.0,0.0,397.73943816192445,0.0,397.73943816192445
24,47,0.0,0.0,522.5797600055159,0.0,0.0,522.5797600055159,0.0,485.02833143408736
24,48,0.0,504.10142857142864,550.30184032927,0.0,0.0,550.30184032927,0.0,729.2846974721272
24,49,0.0,0.0,549.566694900349,0.0,0.0,549.566694900349,0.0,468.2038377574919
24,50,0.0,0.0,559.2488143490189,0.0,0.0,559.2488143490189,0.0,521.7331000633046
24,51,0.0,0.0,395.3726715847887,0.0,0.0,395.3726715847887,0.0,312.65838587050297
24,52,0.0,0.0,0.3558846929628885,0.0,0.0,0.3558846929628885,0.0,380.7615989786771
24,53,0.0,0.0,318.1697980913675,0.0,0.0,318.1697980913675,0.0,318.1697980913675
24,54,556.52,0.0,618.1426608247687,556.52,0.0,61.62266082476867,389.5842857142857,451.2069465390544
24,55,0.0,0.0,443.22784940235584,0.0,0.0,443.22784940235584,0.0,443.22784940235584
24,56,0.0,0.0,429.8090103605885,0.0,0.0,429.8090103605885,0.0,429.8090103605885
24,57,0.0,0.0,424.61102853153534,0.0,0.0,424.61102853153534,0.0,424.61102853153534
24,58,0.0,549.31,570.7759428034805,0.0,0.0,570.7759428034805,0.0,570.7759428034805
24,59,0.0,0.0,415.9780221020676,0.0,0.0,415.9780221020676,0.0,384.22373638778186
24,60,0.0,309.4877455778213,421.58774557782124,0.0,0.0,421.58774557782124,0.0,421.58774557782124
24,61,0.0,0.0,339.6721676318353,0.0,0.0,339.6721676318353,0.0,306.2035962032639
24,62,0.0,432.9357142857143,608.9119564746063,0.0,0.0,608.9119564746063,0.0,556.9805279031777
24,63,599.75,0.0,518.4793981539271,518.4793981539271,81.27060184607285,0.0,527.2251124396414,527.2251124396414
24,64,0.0,0.0,498.090891665591,0.0,0.0,498.090891665591,0.0,498.090891665591
24,65,0.0,0.0,518.1437441040448,0.0,0.0,518.1437441040448,0.0,335.8808869611877
24,66,0.0,0.0,0.0,0.0,0.0,0.0,0.0,490.1684397834217
24,67,0.0,0.0,350.6262924069444,0.0,0.0,350.6262924069444,0.0,350.6262924069444
24,68,0.0,0.0,423.43315843956043,0.0,0.0,423.43315843956043,0.0,265.6574441538462
24,69,144.13,0.0,425.95230028127577,144.13,0.0,281.8223002812758,142.2242857142857,424.0465859955615
24,70,0.0,150.70000000000016,734.7827613384617,0.0,0.0,734.7827613384617,0.0,665.6784756241759
24,71,0.0,0.0,322.78136997927515,0.0,0.0,322.78136997927515,0.0,291.87994140784656
24,72,0.0,0.0,458.1880906829639,0.0,0.0,458.1880906829639,0.0,378.1795192543924
24,73,0.0,0.0,599.4413902280714,0.0,0.0,599.4413902280714,0.0,502.0756759423572
24,74,0.0,0.0,0.0,0.0,0.0,0.0,0.0,574.1804415274482
24,75,0.0,0.0,502.06597364451557,0.0,0.0,502.06597364451557,0.0,502.06597364451557
24,76,0.0,0.0,622.1741256360528,0.0,0.0,622.1741256360528,0.0,445.22269706462436
24,77,0.0,0.0,318.70576723067825,0.0,0.0,318.70576723067825,0.0,318.70576723067825
24,78,461.56,376.6192197597182,376.6192197597182,376.6192197597182,84.94078024028181,0.0,442.55636261686107,442.55636261686107
24,79,0.0,0.0,330.1576369863013,0.0,0.0,330.1576369863013,0.0,219.56369550267294
24,80,0.0,0.0,437.34355086721325,0.0,0.0,437.34355086721325,0.0,399.1449794386418
24,81,0.0,0.0,657.3021472638766,0.0,0.0,657.3021472638766,0.0,505.113575835305
24,82,0.0,0.0,424.6505886142264,0.0,0.0,424.6505886142264,0.0,401.352017185655
24,83,0.0,137.9696704981726,510.90395621245824,0.0,0.0,510.90395621245824,0.0,510.90395621245824
24,84,0.0,140.3428571428572,494.39415162374996,0.0,0.0,494.39415162374996,0.0,494.39415162374996
24,85,0.0,0.0,257.22660695607675,0.0,0.0,257.22660695607675,0.0,257.22660695607675
24,86,133.53,0.0,492.0662855376693,133.53,0.0,358.5362855376693,113.18571428571431,471.7219998233836
24,87,0.0,0.0,435.78799906816175,0.0,0.0,435.78799906816175,0.0,240.37942763959035
24,88,0.0,0.0,539.8065214419718,0.0,0.0,539.8065214419718,0.0,430.8836642991146
24,89,0.0,0.0,358.4726485373871,0.0,0.0,358.4726485373871,0.0,358.4726485373871
24,90,0.0,0.0,690.9967390805004,0.0,0.0,690.9967390805004,0.0,400.84673908050047
24,91,116.61,0.0,220.1912770037507,116.61,0.0,103.58127700375071,133.26857142857142,456.1184198608936
24,92,0.0,0.0,620.1524435062646,0.0,0.0,620.1524435062646,0.0,565.1067292205503
24,93,0.0,0.0,557.2913174309867,0.0,0.0,557.2913174309867,0.0,416.23131743098673
24,94,0.0,0.0,379.4969440384394,0.0,0.0,379.4969440384394,0.0,379.4969440384394
24,95,0.0,0.0,563.2708815851049,0.0,0.0,563.2708815851049,0.0,544.9565958708191
25,0,0.0,0.0,365.08088052625686,0.0,0.0,365.08088052625686,0.0,307.6794519548283
25,1,0.0,0.0,492.50808192811303,0.0,0.0,492.50808192811303,0.0,417.85808192811305
25,2,0.0,632.6054931210142,632.6054931210142,0.0,0.0,632.6054931210142,0.0,632.6054931210142
25,3,0.0,0.0,267.2735305643938,0.0,0.0,267.2735305643938,0.0,267.2735305643938
25,4,0.0,0.0,757.1928033766467,0.0,0.0,757.1928033766467,0.0,631.7985176623611
25,5,0.0,0.0,370.33652597066794,0.0,0.0,370.33652597066794,0.0,370.33652597066794
25,6,0.0,270.26784516618295,501.11927373761154,0.0,0.0,501.11927373761154,0.0,501.11927373761154
25,7,470.51,0.0,343.36223673467066,343.36223673467066,127.14776326532933,0.0,332.95795102038494,332.95795102038494
25,8,0.0,0.0,615.6310487361231,0.0,0.0,615.6310487361231,0.0,391.2424773075518
25,9,195.42,0.0,472.3849205051392,195.42,0.0,276.96492050513916,173.40000000000003,450.3649205051392
25,10,0.0,0.0,0.0,0.0,0.0,0.0,0.0,457.24773019989203
25,11,0.0,0.0,427.81044582436414,0.0,0.0,427.81044582436414,0.0,360.50901725293556
25,12,0.0,153.36,454.7502452043801,0.0,0.0,454.7502452043801,0.0,454.7502452043801
25,13,0.0,0.0,539.3177857729158,0.0,0.0,539.3177857729158,0.0,466.0963572014873
25,14,0.0,0.0,342.71114380360757,0.0,0.0,342.71114380360757,0.0,626.5054295178932
25,15,0.0,0.0,214.075061769578,0.0,0.0,214.075061769578,0.0,214.075061769578
25,16,0.0,0.0,590.1139044783356,0.0,0.0,590.1139044783356,0.0,463.5967616211927
25,17,309.39,125.0271428571429,406.02195271603443,309.39,0.0,96.63195271603445,353.5885714285714,450.22052414460586
25,18,0.0,0.0,404.2164332139781,0.0,0.0,404.2164332139781,0.0,404.2164332139781
25,19,0.0,0.0,319.0850951522384,0.0,0.0,319.0850951522384,0.0,319.0850951522384
25,20,0.0,0.0,532.4300790532412,0.0,0.0,532.4300790532412,0.0,317.00436476752697
25,21,261.95,0.0,529.6028597642769,261.95,0.0,267.6528597642769,299.37142857142857,567.0242883357055
25,22,0.0,198.4216560796841,626.218798936827,0.0,0.0,626.218798936827,0.0,626.218798936827
25,23,0.0,0.0,0.0,0.0,0.0,0.0,0.0,402.47414575760683
25,24,0.0,0.0,420.8831506849314,0.0,0.0,420.8831506849314,0.0,200.38452513748666
25,25,0.0,0.0,526.0516425193483,0.0,0.0,526.0516425193483,0.0,455.6273568050625
25,26,0.0,0.0,432.761868014478,0.0,0.0,432.761868014478,0.0,760.2761537287638
25,27,0.0,0.0,410.0924767659286,0.0,0.0,410.0924767659286,0.0,333.7353339087857
25,28,0.0,9.52285714285722,459.43511158306285,0.0,0.0,459.43511158306285,0.0,459.43511158306285
25,29,0.0,0.0,468.6537006189627,0.0,0.0,468.6537006189627,0.0,484.45512919039135
25,30,0.0,367.4742857142857,498.6164465973943,0.0,0.0,498.6164465973943,0.0,438.3978751688229
25,31,0.0,0.0,650.2196961235978,0.0,0.0,650.2196961235978,0.0,611.405410409312
25,32,0.0,541.0166758970176,541.0166758970176,0.0,0.0,541.0166758970176,0.0,541.0166758970176
25,33,312.9,0.0,438.59611401366544,312.9,0.0,125.69611401366546,286.69142857142856,412.387542585094
25,34,0.0,0.0,0.0,0.0,0.0,0.0,0.0,341.8265828677995
25,35,0.0,0.0,552.7944831095164,0.0,0.0,552.7944831095164,0.0,515.0987688238021
25,36,0.0,0.0,636.1249397446535,0.0,0.0,636.1249397446535,0.0,533.7492254589391
25,37,0.0,0.0,0.0,0.0,0.0,0.0,0.0,387.8408609099481
25,38,540.85,0.0,596.6366659720958,540.85,0.0,55.78666597209576,508.30714285714294,564.0938088292387
25,39,0.0,47.716345751296785,499.7663457512968,0.0,0.0,499.7663457512968,0.0,416.8077743227254
25,40,0.0,0.0,436.34456550509617,0.0,0.0,436.34456550509617,0.0,374.5531369336676
25,41,150.44,0.0,438.8749781143953,150.44,0.0,288.4349781143953,171.9314285714285,460.3664066858238
25,42,0.0,365.79504731535644,365.79504731535644,0.0,0.0,365.79504731535644,0.0,695.7050473153564
25,43,0.0,63.59571428571428,617.4653469086447,0.0,0.0,617.4653469086447,0.0,617.4653469086447
25,44,0.0,0.0,505.1258982558196,0.0,0.0,505.1258982558196,0.0,427.86875539867674
25,45,0.0,0.0,546.2353814713223,0.0,0.0,546.2353814713223,0.0,487.5825243284651
25,46,0.0,0.0,397.73943816192445,0.0,0.0,397.73943816192445,0.0,397.73943816192445
25,47,0.0,0.0,522.5797600055159,0.0,0.0,522.5797600055159,0.0,485.02833143408736
25,48,462.35,178.98285714285714,729.2846974721272,462.35,0.0,266.93469747212714,475.3028571428571,742.2375546149842
25,49,0.0,0.0,549.566694900349,0.0,0.0,549.566694900349,0.0,468.2038377574919
25,50,0.0,0.0,559.2488143490189,0.0,0.0,559.2488143490189,0.0,484.86595720616174
25,51,0.0,0.0,395.3726715847887,0.0,0.0,395.3726715847887,0.0,312.65838587050297
25,52,0.0,380.4057142857142,380.7615989786771,0.0,0.0,380.7615989786771,0.0,380.7615989786771
25,53,0.0,0.0,318.1697980913675,0.0,0.0,318.1697980913675,0.0,318.1697980913675
25,54,0.0,0.0,61.62266082476867,0.0,0.0,61.62266082476867,0.0,451.2069465390544
25,55,0.0,0.0,443.22784940235584,0.0,0.0,443.22784940235584,0.0,443.22784940235584
25,56,0.0,0.0,429.8090103605885,0.0,0.0,429.8090103605885,0.0,429.8090103605885
25,57,490.38,0.0,424.61102853153534,424.61102853153534,65.76897146846466,0.0,494.66531424582104,494.66531424582104
25,58,0.0,0.0,570.7759428034805,0.0,0.0,570.7759428034805,0.0,537.9273713749091
25,59,0.0,0.0,415.9780221020676,0.0,0.0,415.9780221020676,0.0,384.22373638778186
25,60,490.41,0.0,421.58774557782124,421.58774557782124,68.82225442217879,0.0,491.6463170063927,491.6463170063927
25,61,0.0,0.0,339.6721676318353,0.0,0.0,339.6721676318353,0.0,306.2035962032639
25,62,324.09,0.0,608.9119564746063,324.09,0.0,284.82195647460634,318.45714285714286,603.2790993317492
25,63,0.0,0.0,0.0,0.0,0.0,0.0,0.0,527.2251124396414
25,64,0.0,0.0,498.090891665591,0.0,0.0,498.090891665591,0.0,498.090891665591
25,65,0.0,0.0,518.1437441040448,0.0,0.0,518.1437441040448,0.0,335.8808869611877
25,66,592.53,490.1684397834217,490.1684397834217,490.1684397834217,102.36156021657825,0.0,574.8155826405646,574.8155826405646
25,67,0.0,0.0,350.6262924069444,0.0,0.0,350.6262924069444,0.0,350.6262924069444
25,68,264.32,0.0,423.43315843956043,264.32,0.0,159.11315843956044,144.30428571428575,303.4174441538462
25,69,0.0,0.0,281.8223002812758,0.0,0.0,281.8223002812758,0.0,424.0465859955615
25,70,0.0,0.0,734.7827613384617,0.0,0.0,734.7827613384617,0.0,665.6784756241759
25,71,0.0,0.0,322.78136997927515,0.0,0.0,322.78136997927515,0.0,291.87994140784656
25,72,0.0,0.0,458.1880906829639,0.0,0.0,458.1880906829639,0.0,378.1795192543924
25,73,0.0,0.0,599.4413902280714,0.0,0.0,599.4413902280714,0.0,428.23853308521427
25,74,0.0,574.1804415274482,574.1804415274482,0.0,0.0,574.1804415274482,0.0,574.1804415274482
25,75,0.0,0.0,502.06597364451557,0.0,0.0,502.06597364451557,0.0,502.06597364451557
25,76,0.0,0.0,622.1741256360528,0.0,0.0,622.1741256360528,0.0,404.3298399217672
25,77,189.0,0.0,318.70576723067825,189.0,0.0,129.70576723067825,216.0,345.70576723067825
25,78,0.0,0.0,0.0,0.0,0.0,0.0,0.0,442.55636261686107
25,79,0.0,0.0,330.1576369863013,0.0,0.0,330.1576369863013,0.0,219.56369550267294
25,80,0.0,0.0,437.34355086721325,0.0,0.0,437.34355086721325,0.0,399.1449794386418
25,81,362.27,0.0,657.3021472638766,362.27,0.0,295.0321472638766,261.83428571428567,556.8664329781623
25,82,0.0,0.0,424.6505886142264,0.0,0.0,424.6505886142264,0.0,401.352017185655
25,83,0.0,0.0,510.90395621245824,0.0,0.0,510.90395621245824,0.0,510.90395621245824
25,84,0.0,0.0,494.39415162374996,0.0,0.0,494.39415162374996,0.0,494.39415162374996
25,85,209.04,0.0,257.22660695607675,209.04,0.0,48.18660695607676,238.90285714285713,287.0894640989339
25,86,0.0,0.0,358.5362855376693,0.0,0.0,358.5362855376693,0.0,471.7219998233836
25,87,0.0,0.0,435.78799906816175,0.0,0.0,435.78799906816175,0.0,240.37942763959035
25,88,162.11,0.0,539.8065214419718,162.11,0.0,377.69652144197175,76.34571428571428,454.04223572768603
25,89,0.0,0.0,358.4726485373871,0.0,0.0,358.4726485373871,0.0,358.4726485373871
25,90,0.0,0.0,690.9967390805004,0.0,0.0,690.9967390805004,0.0,400.84673908050047
25,91,0.0,219.26857142857148,322.8498484323222,0.0,0.0,322.8498484323222,0.0,456.1184198608936
25,92,0.0,0.0,620.1524435062646,0.0,0.0,620.1524435062646,0.0,565.1067292205503
25,93,0.0,0.0,557.2913174309867,0.0,0.0,557.2913174309867,0.0,416.23131743098673
25,94,0.0,0.0,379.4969440384394,0.0,0.0,379.4969440384394,0.0,379.4969440384394
25,95,0.0,0.0,563.2708815851049,0.0,0.0,563.2708815851049,0.0,488.833738727962
26,0,0.0,0.0,365.08088052625686,0.0,0.0,365.08088052625686,0.0,307.6794519548283
26,1,0.0,0.0,492.50808192811303,0.0,0.0,492.50808192811303,0.0,417.85808192811305
26,2,0.0,0.0,632.6054931210142,0.0,0.0,632.6054931210142,0.0,632.6054931210142
26,3,0.0,0.0,267.2735305643938,0.0,0.0,267.2735305643938,0.0,267.2735305643938
26,4,0.0,0.0,757.1928033766467,0.0,0.0,757.1928033766467,0.0,631.7985176623611
26,5,0.0,0.0,370.33652597066794,0.0,0.0,370.33652597066794,0.0,370.33652597066794
26,6,0.0,0.0,501.11927373761154,0.0,0.0,501.11927373761154,0.0,501.11927373761154
26,7,0.0,0.0,0.0,0.0,0.0,0.0,0.0,332.95795102038494
26,8,0.0,0.0,615.6310487361231,0.0,0.0,615.6310487361231,0.0,391.2424773075518
26,9,0.0,0.0,276.96492050513916,0.0,0.0,276.96492050513916,0.0,450.3649205051392
26,10,207.93,457.24773019989203,457.24773019989203,207.93,0.0,249.31773019989203,237.63428571428574,486.95201591417776
26,11,0.0,0.0,427.81044582436414,0.0,0.0,427.81044582436414,0.0,319.15473153864986
26,12,0.0,0.0,454.7502452043801,0.0,0.0,454.7502452043801,0.0,454.7502452043801
26,13,0.0,0.0,539.3177857729158,0.0,0.0,539.3177857729158,0.0,466.0963572014873
26,14,0.0,356.15999999999997,698.8711438036075,0.0,0.0,698.8711438036075,0.0,547.6740009464646
26,15,0.0,0.0,214.075061769578,0.0,0.0,214.075061769578,0.0,214.075061769578
26,16,0.0,0.0,590.1139044783356,0.0,0.0,590.1139044783356,0.0,463.5967616211927
26,17,0.0,0.0,96.63195271603445,0.0,0.0,96.63195271603445,0.0,450.22052414460586
26,18,0.0,0.0,404.2164332139781,0.0,0.0,404.2164332139781,0.0,404.2164332139781
26,19,0.0,0.0,319.0850951522384,0.0,0.0,319.0850951522384,0.0,319.0850951522384
26,20,0.0,0.0,532.4300790532412,0.0,0.0,532.4300790532412,0.0,317.00436476752697
26,21,512.75,0.0,267.6528597642769,267.6528597642769,245.0971402357231,0.0,340.9028597642769,640.2742883357055
26,22,193.49,0.0,626.218798936827,193.49,0.0,432.72879893682705,60.38428571428568,493.11308465111273
26,23,0.0,402.47414575760683,402.47414575760683,0.0,0.0,402.47414575760683,0.0,402.47414575760683
26,24,0.0,0.0,420.8831506849314,0.0,0.0,420.8831506849314,0.0,200.38452513748666
26,25,418.64,0.0,526.0516425193483,418.64,0.0,107.41164251934833,361.8157142857142,469.2273568050625
26,26,0.0,327.5142857142858,760.2761537287638,0.0,0.0,760.2761537287638,0.0,760.2761537287638
26,27,0.0,0.0,410.0924767659286,0.0,0.0,410.0924767659286,0.0,294.6881910516429
26,28,0.0,0.0,459.43511158306285,0.0,0.0,459.43511158306285,0.0,459.43511158306285
26,29,0.0,15.80142857142863,484.45512919039135,0.0,0.0,484.45512919039135,0.0,484.45512919039135
26,30,160.28,0.0,498.6164465973943,160.28,0.0,338.33644659739434,122.95857142857142,461.29501802596576
26,31,0.0,0.0,650.2196961235978,0.0,0.0,650.2196961235978,0.0,522.7625532664549
26,32,578.37,0.0,541.0166758970176,541.0166758970176,37.353324102982356,0.0,623.6409616113034,623.6409616113034
26,33,0.0,0.0,125.69611401366546,0.0,0.0,125.69611401366546,0.0,412.387542585094
26,34,0.0,341.8265828677995,341.8265828677995,0.0,0.0,341.8265828677995,0.0,341.8265828677995
26,35,0.0,0.0,552.7944831095164,0.0,0.0,552.7944831095164,0.0,515.0987688238021
26,36,0.0,0.0,636.1249397446535,0.0,0.0,636.1249397446535,0.0,489.7049397446534
26,37,0.0,387.8408609099481,387.8408609099481,0.0,0.0,387.8408609099481,0.0,387.8408609099481
26,38,0.0,0.0,55.78666597209576,0.0,0.0,55.78666597209576,0.0,492.50238025781005
26,39,423.32,0.0,499.7663457512968,423.32,0.0,76.4463457512968,400.8357142857143,477.2820600370111
26,40,0.0,0.0,436.34456550509617,0.0,0.0,436.34456550509617,0.0,374.5531369336676
26,41,105.49,0.0,288.4349781143953,105.49,0.0,182.94497811439527,120.56000000000006,475.43640668582384
26,42,0.0,329.90999999999997,695.7050473153564,0.0,0.0,695.7050473153564,0.0,663.2550473153565
26,43,409.56,0.0,617.4653469086447,409.56,0.0,207.90534690864473,468.0685714285715,675.9739183372162
26,44,0.0,0.0,505.1258982558196,0.0,0.0,505.1258982558196,0.0,427.86875539867674
26,45,0.0,0.0,546.2353814713223,0.0,0.0,546.2353814713223,0.0,487.5825243284651
26,46,0.0,0.0,397.73943816192445,0.0,0.0,397.73943816192445,0.0,397.73943816192445
26,47,0.0,0.0,522.5797600055159,0.0,0.0,522.5797600055159,0.0,448.50404571980164
26,48,0.0,0.0,266.93469747212714,0.0,0.0,266.93469747212714,0.0,742.2375546149842
26,49,0.0,0.0,549.566694900349,0.0,0.0,549.566694900349,0.0,452.86240918606336
26,50,0.0,0.0,559.2488143490189,0.0,0.0,559.2488143490189,0.0,484.86595720616174
26,51,0.0,0.0,395.3726715847887,0.0,0.0,395.3726715847887,0.0,312.65838587050297
26,52,0.0,0.0,380.7615989786771,0.0,0.0,380.7615989786771,0.0,380.7615989786771
26,53,0.0,0.0,318.1697980913675,0.0,0.0,318.1697980913675,0.0,318.1697980913675
26,54,0.0,389.5842857142857,451.2069465390544,0.0,0.0,451.2069465390544,0.0,451.2069465390544
26,55,0.0,0.0,443.22784940235584,0.0,0.0,443.22784940235584,0.0,387.240706545213
26,56,0.0,0.0,429.8090103605885,0.0,0.0,429.8090103605885,0.0,429.8090103605885
26,57,117.84,0.0,0.0,0.0,117.84,0.0,16.83428571428567,511.4995999601067
26,58,0.0,0.0,570.7759428034805,0.0,0.0,570.7759428034805,0.0,537.9273713749091
26,59,0.0,0.0,415.9780221020676,0.0,0.0,415.9780221020676,0.0,384.22373638778186
26,60,0.0,0.0,0.0,0.0,0.0,0.0,0.0,491.6463170063927
26,61,0.0,0.0,339.6721676318353,0.0,0.0,339.6721676318353,0.0,306.2035962032639
26,62,0.0,0.0,284.82195647460634,0.0,0.0,284.82195647460634,0.0,603.2790993317492
26,63,494.06,527.2251124396414,527.2251124396414,494.06,0.0,33.165112439641405,519.702857142857,552.8679695824985
26,64,0.0,0.0,498.090891665591,0.0,0.0,498.090891665591,0.0,498.090891665591
26,65,0.0,0.0,518.1437441040448,0.0,0.0,518.1437441040448,0.0,335.8808869611877
26,66,588.63,0.0,0.0,0.0,588.63,0.0,62.25999999999999,637.0755826405646
26,67,0.0,0.0,350.6262924069444,0.0,0.0,350.6262924069444,0.0,329.797720978373
26,68,0.0,0.0,159.11315843956044,0.0,0.0,159.11315843956044,0.0,303.4174441538462
26,69,0.0,142.2242857142857,424.0465859955615,0.0,0.0,424.0465859955615,0.0,424.0465859955615
26,70,0.0,0.0,734.7827613384617,0.0,0.0,734.7827613384617,0.0,637.878475624176
26,71,0.0,0.0,322.78136997927515,0.0,0.0,322.78136997927515,0.0,291.87994140784656
26,72,0.0,0.0,458.1880906829639,0.0,0.0,458.1880906829639,0.0,378.1795192543924
26,73,0.0,0.0,599.4413902280714,0.0,0.0,599.4413902280714,0.0,428.23853308521427
26,74,0.0,0.0,574.1804415274482,0.0,0.0,574.1804415274482,0.0,574.1804415274482
26,75,0.0,0.0,502.06597364451557,0.0,0.0,502.06597364451557,0.0,502.06597364451557
26,76,0.0,0.0,622.1741256360528,0.0,0.0,622.1741256360528,0.0,404.3298399217672
26,77,0.0,0.0,129.70576723067825,0.0,0.0,129.70576723067825,0.0,345.70576723067825
26,78,0.0,442.55636261686107,442.55636261686107,0.0,0.0,442.55636261686107,0.0,442.55636261686107
26,79,0.0,0.0,330.1576369863013,0.0,0.0,330.1576369863013,0.0,219.56369550267294
26,80,0.0,0.0,437.34355086721325,0.0,0.0,437.34355086721325,0.0,399.1449794386418
26,81,0.0,0.0,295.0321472638766,0.0,0.0,295.0321472638766,0.0,556.8664329781623
26,82,0.0,0.0,424.6505886142264,0.0,0.0,424.6505886142264,0.0,401.352017185655
26,83,0.0,0.0,510.90395621245824,0.0,0.0,510.90395621245824,0.0,510.90395621245824
26,84,0.0,0.0,494.39415162374996,0.0,0.0,494.39415162374996,0.0,494.39415162374996
26,85,447.52,0.0,48.18660695607676,48.18660695607676,399.33339304392325,0.0,112.11803552750527,351.0208926703624
26,86,0.0,113.18571428571431,471.7219998233836,0.0,0.0,471.7219998233836,0.0,471.7219998233836
26,87,0.0,0.0,435.78799906816175,0.0,0.0,435.78799906816175,0.0,240.37942763959035
26,88,0.0,0.0,377.69652144197175,0.0,0.0,377.69652144197175,0.0,454.04223572768603
26,89,0.0,0.0,358.4726485373871,0.0,0.0,358.4726485373871,0.0,358.4726485373871
26,90,0.0,0.0,690.9967390805004,0.0,0.0,690.9967390805004,0.0,400.84673908050047
26,91,312.85,133.26857142857142,456.1184198608936,312.85,0.0,143.26841986089357,357.5428571428572,500.8112770037508
26,92,0.0,0.0,620.1524435062646,0.0,0.0,620.1524435062646,0.0,565.1067292205503
26,93,226.62,0.0,557.2913174309867,226.62,0.0,330.67131743098673,51.55571428571426,382.227031716701
26,94,0.0,0.0,379.4969440384394,0.0,0.0,379.4969440384394,0.0,349.1455154670108
26,95,0.0,0.0,563.2708815851049,0.0,0.0,563.2708815851049,0.0,488.833738727962
27,0,0.0,0.0,365.08088052625686,0.0,0.0,365.08088052625686,0.0,307.6794519548283
27,1,0.0,0.0,492.50808192811303,0.0,0.0,492.50808192811303,0.0,417.85808192811305
27,2,231.8,0.0,632.6054931210142,231.8,0.0,400.8054931210142,264.91428571428577,665.7197788353
27,3,0.0,0.0,267.2735305643938,0.0,0.0,267.2735305643938,0.0,267.2735305643938
27,4,0.0,0.0,757.1928033766467,0.0,0.0,757.1928033766467,0.0,631.7985176623611
27,5,0.0,0.0,370.33652597066794,0.0,0.0,370.33652597066794,0.0,370.33652597066794
27,6,0.0,0.0,501.11927373761154,0.0,0.0,501.11927373761154,0.0,501.11927373761154
27,7,0.0,332.95795102038494,332.95795102038494,0.0,0.0,332.95795102038494,0.0,332.95795102038494
27,8,0.0,0.0,615.6310487361231,0.0,0.0,615.6310487361231,0.0,391.2424773075518
27,9,0.0,173.40000000000003,450.3649205051392,0.0,0.0,450.3649205051392,0.0,450.3649205051392
27,10,588.26,0.0,249.31773019989203,249.31773019989203,338.94226980010797,0.0,333.35487305703487,570.9891587713206
27,11,0.0,0.0,427.81044582436414,0.0,0.0,427.81044582436414,0.0,319.15473153864986
27,12,0.0,0.0,454.7502452043801,0.0,0.0,454.7502452043801,0.0,425.557388061523
27,13,0.0,0.0,539.3177857729158,0.0,0.0,539.3177857729158,0.0,466.0963572014873
27,14,0.0,0.0,698.8711438036075,0.0,0.0,698.8711438036075,0.0,547.6740009464646
27,15,0.0,0.0,214.075061769578,0.0,0.0,214.075061769578,0.0,214.075061769578
27,16,287.89,0.0,590.1139044783356,287.89,0.0,302.2239044783356,158.62571428571425,460.84961876404986
27,17,0.0,353.5885714285714,450.22052414460586,0.0,0.0,450.22052414460586,0.0,450.22052414460586
27,18,549.76,0.0,404.2164332139781,404.2164332139781,145.54356678602187,0.0,482.75357607112096,482.75357607112096
27,19,0.0,0.0,319.0850951522384,0.0,0.0,319.0850951522384,0.0,248.48652372366695
27,20,0.0,0.0,532.4300790532412,0.0,0.0,532.4300790532412,0.0,317.00436476752697
27,21,0.0,299.37142857142857,299.37142857142857,0.0,0.0,299.37142857142857,0.0,640.2742883357055
27,22,0.0,0.0,432.72879893682705,0.0,0.0,432.72879893682705,0.0,493.11308465111273
27,23,0.0,0.0,402.47414575760683,0.0,0.0,402.47414575760683,0.0,402.47414575760683
27,24,0.0,0.0,420.8831506849314,0.0,0.0,420.8831506849314,0.0,200.38452513748666
27,25,0.0,0.0,107.41164251934833,0.0,0.0,107.41164251934833,0.0,469.2273568050625
27,26,0.0,0.0,760.2761537287638,0.0,0.0,760.2761537287638,0.0,692.341868014478
27,27,0.0,0.0,410.0924767659286,0.0,0.0,410.0924767659286,0.0,294.6881910516429
27,28,0.0,0.0,459.43511158306285,0.0,0.0,459.43511158306285,0.0,459.43511158306285
27,29,0.0,0.0,484.45512919039135,0.0,0.0,484.45512919039135,0.0,484.45512919039135
27,30,0.0,0.0,338.33644659739434,0.0,0.0,338.33644659739434,0.0,444.5035894545372
27,31,0.0,0.0,650.2196961235978,0.0,0.0,650.2196961235978,0.0,522.7625532664549
27,32,0.0,0.0,0.0,0.0,0.0,0.0,0.0,623.6409616113034
27,33,0.0,286.69142857142856,412.387542585094,0.0,0.0,412.387542585094,0.0,412.387542585094
27,34,0.0,0.0,341.8265828677995,0.0,0.0,341.8265828677995,0.0,341.8265828677995
27,35,0.0,0.0,552.7944831095164,0.0,0.0,552.7944831095164,0.0,515.0987688238021
27,36,0.0,0.0,636.1249397446535,0.0,0.0,636.1249397446535,0.0,489.7049397446534
27,37,0.0,0.0,387.8408609099481,0.0,0.0,387.8408609099481,0.0,387.8408609099481
27,38,0.0,508.30714285714294,564.0938088292387,0.0,0.0,564.0938088292387,0.0,435.67238025781006
27,39,0.0,0.0,76.4463457512968,0.0,0.0,76.4463457512968,0.0,477.2820600370111
27,40,0.0,0.0,436.34456550509617,0.0,0.0,436.34456550509617,0.0,374.5531369336676
27,41,0.0,171.9314285714285,354.8764066858238,0.0,0.0,354.8764066858238,0.0,475.43640668582384
27,42,0.0,0.0,695.7050473153564,0.0,0.0,695.7050473153564,0.0,593.8350473153564
27,43,0.0,0.0,207.90534690864473,0.0,0.0,207.90534690864473,0.0,675.9739183372162
27,44,282.75,0.0,505.1258982558196,282.75,0.0,222.3758982558196,172.95714285714286,395.33304111296246
27,45,206.66,0.0,546.2353814713223,206.66,0.0,339.5753814713223,177.52999999999997,517.1053814713223
27,46,0.0,0.0,397.73943816192445,0.0,0.0,397.73943816192445,0.0,326.5422953047816
27,47,0.0,0.0,522.5797600055159,0.0,0.0,522.5797600055159,0.0,448.50404571980164
27,48,0.0,475.3028571428571,742.2375546149842,0.0,0.0,742.2375546149842,0.0,702.0989831864129
27,49,0.0,0.0,549.566694900349,0.0,0.0,549.566694900349,0.0,387.9624091860633
27,50,0.0,0.0,559.2488143490189,0.0,0.0,559.2488143490189,0.0,484.86595720616174
27,51,0.0,0.0,395.3726715847887,0.0,0.0,395.3726715847887,0.0,312.65838587050297
27,52,0.0,0.0,380.7615989786771,0.0,0.0,380.7615989786771,0.0,380.7615989786771
27,53,0.0,0.0,318.1697980913675,0.0,0.0,318.1697980913675,0.0,318.1697980913675
27,54,0.0,0.0,451.2069465390544,0.0,0.0,451.2069465390544,0.0,451.2069465390544
27,55,206.23,0.0,443.22784940235584,206.23,0.0,236.99784940235585,179.7042857142857,416.70213511664156
27,56,0.0,0.0,429.8090103605885,0.0,0.0,429.8090103605885,0.0,429.8090103605885
27,57,0.0,494.66531424582104,494.66531424582104,0.0,0.0,494.66531424582104,0.0,511.4995999601067
27,58,127.42,0.0,570.7759428034805,127.42,0.0,443.35594280348045,90.37857142857143,533.7345142320519
27,59,0.0,0.0,415.9780221020676,0.0,0.0,415.9780221020676,0.0,384.22373638778186
27,60,0.0,491.6463170063927,491.6463170063927,0.0,0.0,491.6463170063927,0.0,491.6463170063927
27,61,0.0,0.0,339.6721676318353,0.0,0.0,339.6721676318353,0.0,306.2035962032639
27,62,0.0,318.45714285714286,603.2790993317492,0.0,0.0,603.2790993317492,0.0,544.6419564746063
27,63,0.0,0.0,33.165112439641405,0.0,0.0,33.165112439641405,0.0,552.8679695824985
27,64,0.0,0.0,498.090891665591,0.0,0.0,498.090891665591,0.0,498.090891665591
27,65,0.0,0.0,518.1437441040448,0.0,0.0,518.1437441040448,0.0,335.8808869611877
27,66,0.0,574.8155826405646,574.8155826405646,0.0,0.0,574.8155826405646,0.0,637.0755826405646
27,67,305.58,0.0,350.6262924069444,305.58,0.0,45.04629240694442,328.4057142857143,373.4520066926587
27,68,0.0,144.30428571428575,303.4174441538462,0.0,0.0,303.4174441538462,0.0,303.4174441538462
27,69,0.0,0.0,424.0465859955615,0.0,0.0,424.0465859955615,0.0,424.0465859955615
27,70,0.0,0.0,734.7827613384617,0.0,0.0,734.7827613384617,0.0,637.878475624176
27,71,0.0,0.0,322.78136997927515,0.0,0.0,322.78136997927515,0.0,291.87994140784656
27,72,0.0,0.0,458.1880906829639,0.0,0.0,458.1880906829639,0.0,378.1795192543924
27,73,0.0,0.0,599.4413902280714,0.0,0.0,599.4413902280714,0.0,428.23853308521427
27,74,187.59,0.0,574.1804415274482,187.59,0.0,386.5904415274482,155.89714285714285,542.4875843845911
27,75,0.0,0.0,502.06597364451557,0.0,0.0,502.06597364451557,0.0,502.06597364451557
27,76,0.0,0.0,622.1741256360528,0.0,0.0,622.1741256360528,0.0,366.95698277891006
27,77,0.0,216.0,345.70576723067825,0.0,0.0,345.70576723067825,0.0,274.97862437353547
27,78,569.46,0.0,442.55636261686107,442.55636261686107,126.90363738313897,0.0,523.9077911882896,523.9077911882896
27,79,0.0,0.0,330.1576369863013,0.0,0.0,330.1576369863013,0.0,219.56369550267294
27,80,0.0,0.0,437.34355086721325,0.0,0.0,437.34355086721325,0.0,399.1449794386418
27,81,0.0,261.83428571428567,556.8664329781623,0.0,0.0,556.8664329781623,0.0,556.8664329781623
27,82,0.0,0.0,424.6505886142264,0.0,0.0,424.6505886142264,0.0,401.352017185655
27,83,0.0,0.0,510.90395621245824,0.0,0.0,510.90395621245824,0.0,510.90395621245824
27,84,269.57,0.0,494.39415162374996,269.57,0.0,224.82415162374997,230.74999999999994,455.5741516237499
27,85,0.0,238.90285714285713,238.90285714285713,0.0,0.0,238.90285714285713,0.0,351.0208926703624
27,86,383.19,0.0,471.7219998233836,383.19,0.0,88.53199982338361,437.9314285714285,526.4634283948121
27,87,0.0,0.0,435.78799906816175,0.0,0.0,435.78799906816175,0.0,240.37942763959035
27,88,0.0,76.34571428571428,454.04223572768603,0.0,0.0,454.04223572768603,0.0,454.04223572768603
27,89,0.0,0.0,358.4726485373871,0.0,0.0,358.4726485373871,0.0,358.4726485373871
27,90,0.0,0.0,690.9967390805004,0.0,0.0,690.9967390805004,0.0,400.84673908050047
27,91,0.0,0.0,143.26841986089357,0.0,0.0,143.26841986089357,0.0,500.8112770037508
27,92,0.0,0.0,620.1524435062646,0.0,0.0,620.1524435062646,0.0,490.9181577919789
27,93,0.0,0.0,330.67131743098673,0.0,0.0,330.67131743098673,0.0,382.227031716701
27,94,0.0,0.0,379.4969440384394,0.0,0.0,379.4969440384394,0.0,349.1455154670108
27,95,227.01,0.0,563.2708815851049,227.01,0.0,336.2608815851049,140.7742857142856,477.03516729939054
28,0,517.2,0.0,365.08088052625686,365.08088052625686,152.11911947374318,0.0,381.56516624054257,381.56516624054257
28,1,0.0,0.0,492.50808192811303,0.0,0.0,492.50808192811303,0.0,417.85808192811305
28,2,0.0,0.0,400.8054931210142,0.0,0.0,400.8054931210142,0.0,665.7197788353
28,3,0.0,0.0,267.2735305643938,0.0,0.0,267.2735305643938,0.0,267.2735305643938
28,4,0.0,0.0,757.1928033766467,0.0,0.0,757.1928033766467,0.0,600.0013748052181
28,5,0.0,0.0,370.33652597066794,0.0,0.0,370.33652597066794,0.0,370.33652597066794
28,6,0.0,0.0,501.11927373761154,0.0,0.0,501.11927373761154,0.0,501.11927373761154
28,7,0.0,0.0,332.95795102038494,0.0,0.0,332.95795102038494,0.0,332.95795102038494
28,8,356.22,0.0,615.6310487361231,356.22,0.0,259.4110487361231,161.30857142857155,420.7196201646947
28,9,0.0,0.0,450.3649205051392,0.0,0.0,450.3649205051392,0.0,450.3649205051392
28,10,0.0,237.63428571428574,237.63428571428574,0.0,0.0,237.63428571428574,0.0,570.9891587713206
28,11,0.0,0.0,427.81044582436414,0.0,0.0,427.81044582436414,0.0,319.15473153864986
28,12,0.0,0.0,454.7502452043801,0.0,0.0,454.7502452043801,0.0,425.557388061523
28,13,0.0,0.0,539.3177857729158,0.0,0.0,539.3177857729158,0.0,466.0963572014873
28,14,0.0,0.0,698.8711438036075,0.0,0.0,698.8711438036075,0.0,547.6740009464646
28,15,0.0,0.0,214.075061769578,0.0,0.0,214.075061769578,0.0,214.075061769578
28,16,0.0,0.0,302.2239044783356,0.0,0.0,302.2239044783356,0.0,460.84961876404986
28,17,0.0,0.0,450.22052414460586,0.0,0.0,450.22052414460586,0.0,450.22052414460586
28,18,0.0,0.0,0.0,0.0,0.0,0.0,0.0,482.75357607112096
28,19,0.0,0.0,319.0850951522384,0.0,0.0,319.0850951522384,0.0,248.48652372366695
28,20,0.0,0.0,532.4300790532412,0.0,0.0,532.4300790532412,0.0,317.00436476752697
28,21,0.0,340.9028597642769,640.2742883357055,0.0,0.0,640.2742883357055,0.0,640.2742883357055
28,22,569.18,60.38428571428568,493.11308465111273,493.11308465111273,76.06691534888722,0.0,574.4245132225412,574.4245132225412
28,23,0.0,0.0,402.47414575760683,0.0,0.0,402.47414575760683,0.0,402.47414575760683
28,24,0.0,0.0,420.8831506849314,0.0,0.0,420.8831506849314,0.0,200.38452513748666
28,25,373.47,361.8157142857142,469.2273568050625,373.47,0.0,95.7573568050625,426.8228571428572,522.5802139479197
28,26,0.0,0.0,760.2761537287638,0.0,0.0,760.2761537287638,0.0,692.341868014478
28,27,0.0,0.0,410.0924767659286,0.0,0.0,410.0924767659286,0.0,294.6881910516429
28,28,0.0,0.0,459.43511158306285,0.0,0.0,459.43511158306285,0.0,459.43511158306285
28,29,0.0,0.0,484.45512919039135,0.0,0.0,484.45512919039135,0.0,484.45512919039135
28,30,0.0,122.95857142857142,461.29501802596576,0.0,0.0,461.29501802596576,0.0,444.5035894545372
28,31,0.0,0.0,650.2196961235978,0.0,0.0,650.2196961235978,0.0,493.0596961235978
28,32,0.0,623.6409616113034,623.6409616113034,0.0,0.0,623.6409616113034,0.0,623.6409616113034
28,33,0.0,0.0,412.387542585094,0.0,0.0,412.387542585094,0.0,412.387542585094
28,34,0.0,0.0,341.8265828677995,0.0,0.0,341.8265828677995,0.0,341.8265828677995
28,35,0.0,0.0,552.7944831095164,0.0,0.0,552.7944831095164,0.0,483.2687688238021
28,36,0.0,0.0,636.1249397446535,0.0,0.0,636.1249397446535,0.0,489.7049397446534
28,37,545.49,0.0,387.8408609099481,387.8408609099481,157.6491390900519,0.0,465.76800376709093,465.76800376709093
28,38,533.5,0.0,564.0938088292387,533.5,0.0,30.593808829238696,481.2928571428571,511.8866659720958
28,39,0.0,400.8357142857143,477.2820600370111,0.0,0.0,477.2820600370111,0.0,477.2820600370111
28,40,0.0,0.0,436.34456550509617,0.0,0.0,436.34456550509617,0.0,374.5531369336676
28,41,223.34,120.56000000000006,475.43640668582384,223.34,0.0,252.09640668582384,255.24571428571423,507.34212097153807
28,42,0.0,0.0,695.7050473153564,0.0,0.0,695.7050473153564,0.0,522.4621901724993
28,43,0.0,468.0685714285715,675.9739183372162,0.0,0.0,675.9739183372162,0.0,675.9739183372162
28,44,0.0,0.0,222.3758982558196,0.0,0.0,222.3758982558196,0.0,395.33304111296246
28,45,0.0,0.0,339.5753814713223,0.0,0.0,339.5753814713223,0.0,517.1053814713223
28,46,338.49,0.0,397.73943816192445,338.49,0.0,59.249438161924445,315.6485714285714,374.89800959049586
28,47,0.0,0.0,522.5797600055159,0.0,0.0,522.5797600055159,0.0,448.50404571980164
28,48,318.86,0.0,742.2375546149842,318.86,0.0,423.3775546149842,293.85285714285726,717.2304117578415
28,49,391.04,0.0,549.566694900349,391.04,0.0,158.526694900349,285.29857142857145,443.82526632892046
28,50,0.0,0.0,559.2488143490189,0.0,0.0,559.2488143490189,0.0,484.86595720616174
28,51,0.0,0.0,395.3726715847887,0.0,0.0,395.3726715847887,0.0,312.65838587050297
28,52,0.0,0.0,380.7615989786771,0.0,0.0,380.7615989786771,0.0,380.7615989786771
28,53,0.0,0.0,318.1697980913675,0.0,0.0,318.1697980913675,0.0,318.1697980913675
28,54,0.0,0.0,451.2069465390544,0.0,0.0,451.2069465390544,0.0,451.2069465390544
28,55,0.0,0.0,236.99784940235585,0.0,0.0,236.99784940235585,0.0,416.70213511664156
28,56,0.0,0.0,429.8090103605885,0.0,0.0,429.8090103605885,0.0,429.8090103605885
28,57,0.0,16.83428571428567,511.4995999601067,0.0,0.0,511.4995999601067,0.0,511.4995999601067
28,58,0.0,0.0,443.35594280348045,0.0,0.0,443.35594280348045,0.0,533.7345142320519
28,59,0.0,0.0,415.9780221020676,0.0,0.0,415.9780221020676,0.0,384.22373638778186
28,60,0.0,0.0,491.6463170063927,0.0,0.0,491.6463170063927,0.0,491.6463170063927
28,61,0.0,0.0,339.6721676318353,0.0,0.0,339.6721676318353,0.0,306.2035962032639
28,62,447.45,0.0,603.2790993317492,447.45,0.0,155.8290993317492,382.88999999999993,538.7190993317491
28,63,0.0,519.702857142857,552.8679695824985,0.0,0.0,552.8679695824985,0.0,552.8679695824985
28,64,0.0,0.0,498.090891665591,0.0,0.0,498.090891665591,0.0,498.090891665591
28,65,0.0,0.0,518.1437441040448,0.0,0.0,518.1437441040448,0.0,335.8808869611877
28,66,0.0,62.25999999999999,637.0755826405646,0.0,0.0,637.0755826405646,0.0,637.0755826405646
28,67,0.0,0.0,45.04629240694442,0.0,0.0,45.04629240694442,0.0,373.4520066926587
28,68,269.33,0.0,303.4174441538462,269.33,0.0,34.08744415384621,307.80571428571426,341.89315843956047
28,69,0.0,0.0,424.0465859955615,0.0,0.0,424.0465859955615,0.0,424.0465859955615
28,70,0.0,0.0,734.7827613384617,0.0,0.0,734.7827613384617,0.0,553.7584756241758
28,71,0.0,0.0,322.78136997927515,0.0,0.0,322.78136997927515,0.0,255.68994140784656
28,72,0.0,0.0,458.1880906829639,0.0,0.0,458.1880906829639,0.0,378.1795192543924
28,73,0.0,0.0,599.4413902280714,0.0,0.0,599.4413902280714,0.0,428.23853308521427
28,74,0.0,0.0,386.5904415274482,0.0,0.0,386.5904415274482,0.0,542.4875843845911
28,75,0.0,0.0,502.06597364451557,0.0,0.0,502.06597364451557,0.0,450.07168793022987
28,76,0.0,0.0,622.1741256360528,0.0,0.0,622.1741256360528,0.0,366.95698277891006
28,77,0.0,0.0,345.70576723067825,0.0,0.0,345.70576723067825,0.0,274.97862437353547
28,78,0.0,0.0,0.0,0.0,0.0,0.0,0.0,497.8292197597182
28,79,0.0,0.0,330.1576369863013,0.0,0.0,330.1576369863013,0.0,219.56369550267294
28,80,0.0,0.0,437.34355086721325,0.0,0.0,437.34355086721325,0.0,378.677836581499
28,81,787.31,0.0,556.8664329781623,556.8664329781623,230.44356702183768,0.0,597.4721472638765,597.4721472638765
28,82,127.78,0.0,424.6505886142264,127.78,0.0,296.87058861422645,122.73571428571427,419.6063028999407
28,83,0.0,0.0,510.90395621245824,0.0,0.0,510.90395621245824,0.0,510.90395621245824
28,84,0.0,0.0,224.82415162374997,0.0,0.0,224.82415162374997,0.0,455.5741516237499
28,85,0.0,112.11803552750527,351.0208926703624,0.0,0.0,351.0208926703624,0.0,292.102321241791
28,86,0.0,0.0,88.53199982338361,0.0,0.0,88.53199982338361,0.0,526.4634283948121
28,87,0.0,0.0,435.78799906816175,0.0,0.0,435.78799906816175,0.0,240.37942763959035
28,88,0.0,0.0,454.04223572768603,0.0,0.0,454.04223572768603,0.0,454.04223572768603
28,89,0.0,0.0,358.4726485373871,0.0,0.0,358.4726485373871,0.0,358.4726485373871
28,90,0.0,0.0,690.9967390805004,0.0,0.0,690.9967390805004,0.0,400.84673908050047
28,91,0.0,357.5428571428572,500.8112770037508,0.0,0.0,500.8112770037508,0.0,500.8112770037508
28,92,0.0,0.0,620.1524435062646,0.0,0.0,620.1524435062646,0.0,490.9181577919789
28,93,0.0,51.55571428571426,382.227031716701,0.0,0.0,382.227031716701,0.0,382.227031716701
28,94,0.0,0.0,379.4969440384394,0.0,0.0,379.4969440384394,0.0,349.1455154670108
28,95,0.0,0.0,336.2608815851049,0.0,0.0,336.2608815851049,0.0,401.61088158510483
29,0,0.0,0.0,0.0,0.0,0.0,0.0,0.0,381.56516624054257
29,1,0.0,0.0,492.50808192811303,0.0,0.0,492.50808192811303,0.0,351.8537962138273
29,2,0.0,264.91428571428577,665.7197788353,0.0,0.0,665.7197788353,0.0,665.7197788353
29,3,0.0,0.0,267.2735305643938,0.0,0.0,267.2735305643938,0.0,267.2735305643938
29,4,120.09,0.0,757.1928033766467,120.09,0.0,637.1028033766466,0.0,617.1570890909325
29,5,0.0,0.0,370.33652597066794,0.0,0.0,370.33652597066794,0.0,319.2650973992393
29,6,0.0,0.0,501.11927373761154,0.0,0.0,501.11927373761154,0.0,501.11927373761154
29,7,0.0,0.0,332.95795102038494,0.0,0.0,332.95795102038494,0.0,332.95795102038494
29,8,0.0,0.0,259.4110487361231,0.0,0.0,259.4110487361231,0.0,420.7196201646947
29,9,0.0,0.0,450.3649205051392,0.0,0.0,450.3649205051392,0.0,381.4377776479963
29,10,375.69,333.35487305703487,570.9891587713206,375.69,0.0,195.2991587713206,429.35999999999996,624.6591587713206
29,11,0.0,0.0,427.81044582436414,0.0,0.0,427.81044582436414,0.0,319.15473153864986
29,12,46.23,0.0,454.7502452043801,46.23,0.0,408.5202452043801,23.641428571428605,432.1616737758087
29,13,0.0,0.0,539.3177857729158,0.0,0.0,539.3177857729158,0.0,384.3749286300587
29,14,0.0,0.0,698.8711438036075,0.0,0.0,698.8711438036075,0.0,547.6740009464646
29,15,0.0,0.0,214.075061769578,0.0,0.0,214.075061769578,0.0,214.075061769578
29,16,0.0,158.62571428571425,460.84961876404986,0.0,0.0,460.84961876404986,0.0,460.84961876404986
29,17,0.0,0.0,450.22052414460586,0.0,0.0,450.22052414460586,0.0,450.22052414460586
29,18,369.54,482.75357607112096,482.75357607112096,369.54,0.0,113.21357607112094,422.3314285714286,535.5450046425495
29,19,0.0,0.0,319.0850951522384,0.0,0.0,319.0850951522384,0.0,248.48652372366695
29,20,0.0,0.0,532.4300790532412,0.0,0.0,532.4300790532412,0.0,317.00436476752697
29,21,0.0,0.0,640.2742883357055,0.0,0.0,640.2742883357055,0.0,601.7100026214198
29,22,457.92,0.0,0.0,0.0,457.92,0.0,65.41714285714284,639.8416560796841
29,23,0.0,0.0,402.47414575760683,0.0,0.0,402.47414575760683,0.0,402.47414575760683
29,24,0.0,0.0,420.8831506849314,0.0,0.0,420.8831506849314,0.0,200.38452513748666
29,25,0.0,0.0,95.7573568050625,0.0,0.0,95.7573568050625,0.0,522.5802139479197
29,26,0.0,0.0,760.2761537287638,0.0,0.0,760.2761537287638,0.0,692.341868014478
29,27,0.0,0.0,410.0924767659286,0.0,0.0,410.0924767659286,0.0,294.6881910516429
29,28,0.0,0.0,459.43511158306285,0.0,0.0,459.43511158306285,0.0,459.43511158306285
29,29,0.0,0.0,484.45512919039135,0.0,0.0,484.45512919039135,0.0,484.45512919039135
29,30,0.0,0.0,461.29501802596576,0.0,0.0,461.29501802596576,0.0,444.5035894545372
29,31,0.0,0.0,650.2196961235978,0.0,0.0,650.2196961235978,0.0,493.0596961235978
29,32,0.0,0.0,623.6409616113034,0.0,0.0,623.6409616113034,0.0,623.6409616113034
29,33,0.0,0.0,412.387542585094,0.0,0.0,412.387542585094,0.0,412.387542585094
29,34,0.0,0.0,341.8265828677995,0.0,0.0,341.8265828677995,0.0,341.8265828677995
29,35,0.0,0.0,552.7944831095164,0.0,0.0,552.7944831095164,0.0,483.2687688238021
29,36,307.11,0.0,636.1249397446535,307.11,0.0,329.0149397446535,204.56285714285707,533.5777968875105
29,37,460.66,0.0,0.0,0.0,460.66,0.0,65.80857142857144,531.5765751956624
29,38,0.0,0.0,30.593808829238696,0.0,0.0,30.593808829238696,0.0,511.8866659720958
29,39,0.0,0.0,477.2820600370111,0.0,0.0,477.2820600370111,0.0,426.3106314655825
29,40,0.0,0.0,436.34456550509617,0.0,0.0,436.34456550509617,0.0,374.5531369336676
29,41,0.0,0.0,252.09640668582384,0.0,0.0,252.09640668582384,0.0,490.07926382868095
29,42,137.9,0.0,695.7050473153564,137.9,0.0,557.8050473153564,0.0,542.1621901724993
29,43,0.0,0.0,675.9739183372162,0.0,0.0,675.9739183372162,0.0,675.9739183372162
29,44,0.0,172.95714285714286,395.33304111296246,0.0,0.0,395.33304111296246,0.0,395.33304111296246
29,45,299.38,177.52999999999997,517.1053814713223,299.38,0.0,217.7253814713223,342.14857142857136,559.8739528998937
29,46,0.0,0.0,59.249438161924445,0.0,0.0,59.249438161924445,0.0,374.89800959049586
29,47,0.0,0.0,522.5797600055159,0.0,0.0,522.5797600055159,0.0,448.50404571980164
29,48,0.0,0.0,423.3775546149842,0.0,0.0,423.3775546149842,0.0,717.2304117578415
29,49,0.0,0.0,158.526694900349,0.0,0.0,158.526694900349,0.0,443.82526632892046
29,50,0.0,0.0,559.2488143490189,0.0,0.0,559.2488143490189,0.0,484.86595720616174
29,51,0.0,0.0,395.3726715847887,0.0,0.0,395.3726715847887,0.0,312.65838587050297
29,52,0.0,0.0,380.7615989786771,0.0,0.0,380.7615989786771,0.0,380.7615989786771
29,53,0.0,0.0,318.1697980913675,0.0,0.0,318.1697980913675,0.0,258.1640838056532
29,54,0.0,0.0,451.2069465390544,0.0,0.0,451.2069465390544,0.0,451.2069465390544
29,55,101.89,179.7042857142857,416.70213511664156,101.89,0.0,314.81213511664157,116.4457142857143,431.2578494023559
29,56,0.0,0.0,429.8090103605885,0.0,0.0,429.8090103605885,0.0,429.8090103605885
29,57,0.0,0.0,511.4995999601067,0.0,0.0,511.4995999601067,0.0,511.4995999601067
29,58,479.64,90.37857142857143,533.7345142320519,479.64,0.0,54.09451423205189,477.79714285714283,531.8916570891947
29,59,0.0,0.0,415.9780221020676,0.0,0.0,415.9780221020676,0.0,384.22373638778186
29,60,0.0,0.0,491.6463170063927,0.0,0.0,491.6463170063927,0.0,491.6463170063927
29,61,497.06,0.0,339.6721676318353,339.6721676318353,157.3878323681647,0.0,377.2121676318353,377.2121676318353
29,62,0.0,0.0,155.8290993317492,0.0,0.0,155.8290993317492,0.0,521.5333850460349
29,63,488.79,0.0,552.8679695824985,488.79,0.0,64.0779695824985,558.6171428571429,622.6951124396414
29,64,0.0,0.0,498.090891665591,0.0,0.0,498.090891665591,0.0,498.090891665591
29,65,0.0,0.0,518.1437441040448,0.0,0.0,518.1437441040448,0.0,335.8808869611877
29,66,529.64,0.0,637.0755826405646,529.64,0.0,107.43558264056458,605.3028571428571,712.7384397834217
29,67,0.0,328.4057142857143,373.4520066926587,0.0,0.0,373.4520066926587,0.0,373.4520066926587
29,68,0.0,0.0,34.08744415384621,0.0,0.0,34.08744415384621,0.0,341.89315843956047
29,69,362.98,0.0,424.0465859955615,362.98,0.0,61.06658599556147,374.8871428571429,435.9537288527044
29,70,0.0,0.0,734.7827613384617,0.0,0.0,734.7827613384617,0.0,508.35704705274736
29,71,0.0,0.0,322.78136997927515,0.0,0.0,322.78136997927515,0.0,255.68994140784656
29,72,0.0,0.0,458.1880906829639,0.0,0.0,458.1880906829639,0.0,378.1795192543924
29,73,0.0,0.0,599.4413902280714,0.0,0.0,599.4413902280714,0.0,343.2442473709285
29,74,0.0,155.89714285714285,542.4875843845911,0.0,0.0,542.4875843845911,0.0,542.4875843845911
29,75,0.0,0.0,502.06597364451557,0.0,0.0,502.06597364451557,0.0,450.07168793022987
29,76,0.0,0.0,622.1741256360528,0.0,0.0,622.1741256360528,0.0,366.95698277891006
29,77,309.16,0.0,345.70576723067825,309.16,0.0,36.54576723067822,282.5985714285715,319.14433865924974
29,78,0.0,523.9077911882896,523.9077911882896,0.0,0.0,523.9077911882896,0.0,497.8292197597182
29,79,0.0,0.0,330.1576369863013,0.0,0.0,330.1576369863013,0.0,219.56369550267294
29,80,0.0,0.0,437.34355086721325,0.0,0.0,437.34355086721325,0.0,378.677836581499
29,81,0.0,0.0,0.0,0.0,0.0,0.0,0.0,572.5664329781622
29,82,0.0,0.0,296.87058861422645,0.0,0.0,296.87058861422645,0.0,419.6063028999407
29,83,0.0,0.0,510.90395621245824,0.0,0.0,510.90395621245824,0.0,510.90395621245824
29,84,0.0,230.74999999999994,455.5741516237499,0.0,0.0,455.5741516237499,0.0,455.5741516237499
29,85,0.0,0.0,351.0208926703624,0.0,0.0,351.0208926703624,0.0,292.102321241791
29,86,0.0,437.9314285714285,526.4634283948121,0.0,0.0,526.4634283948121,0.0,464.1091426805265
29,87,0.0,0.0,435.78799906816175,0.0,0.0,435.78799906816175,0.0,240.37942763959035
29,88,0.0,0.0,454.04223572768603,0.0,0.0,454.04223572768603,0.0,454.04223572768603
29,89,0.0,0.0,358.4726485373871,0.0,0.0,358.4726485373871,0.0,358.4726485373871
29,90,0.0,0.0,690.9967390805004,0.0,0.0,690.9967390805004,0.0,400.84673908050047
29,91,0.0,0.0,500.8112770037508,0.0,0.0,500.8112770037508,0.0,500.8112770037508
29,92,0.0,0.0,620.1524435062646,0.0,0.0,620.1524435062646,0.0,490.9181577919789
29,93,591.32,0.0,382.227031716701,382.227031716701,209.09296828329906,0.0,466.7013174309867,466.7013174309867
29,94,474.0,0.0,379.4969440384394,379.4969440384394,94.50305596156062,0.0,416.8598011812966,416.8598011812966
29,95,0.0,140.7742857142856,477.03516729939054,0.0,0.0,477.03516729939054,0.0,401.61088158510483
30,0,0.0,381.56516624054257,381.56516624054257,0.0,0.0,381.56516624054257,0.0,335.9023090976854
30,1,0.0,0.0,492.50808192811303,0.0,0.0,492.50808192811303,0.0,351.8537962138273
30,2,0.0,0.0,665.7197788353,0.0,0.0,665.7197788353,0.0,615.7283502638714
30,3,0.0,0.0,267.2735305643938,0.0,0.0,267.2735305643938,0.0,267.2735305643938
30,4,164.6,0.0,637.1028033766466,164.6,0.0,472.5028033766466,99.6842857142858,572.1870890909324
30,5,0.0,0.0,370.33652597066794,0.0,0.0,370.33652597066794,0.0,319.2650973992393
30,6,0.0,0.0,501.11927373761154,0.0,0.0,501.11927373761154,0.0,501.11927373761154
30,7,0.0,0.0,332.95795102038494,0.0,0.0,332.95795102038494,0.0,332.95795102038494
30,8,0.0,161.30857142857155,420.7196201646947,0.0,0.0,420.7196201646947,0.0,420.7196201646947
30,9,394.86,0.0,450.3649205051392,394.86,0.0,55.50492050513918,382.3414285714286,437.8463490765678
30,10,0.0,0.0,195.2991587713206,0.0,0.0,195.2991587713206,0.0,543.9505873427491
30,11,0.0,0.0,427.81044582436414,0.0,0.0,427.81044582436414,0.0,319.15473153864986
30,12,0.0,0.0,408.5202452043801,0.0,0.0,408.5202452043801,0.0,432.1616737758087
30,13,584.73,0.0,539.3177857729158,539.3177857729158,45.41221422708418,0.0,467.9077857729159,467.9077857729159
30,14,0.0,0.0,698.8711438036075,0.0,0.0,698.8711438036075,0.0,547.6740009464646
30,15,0.0,0.0,214.075061769578,0.0,0.0,214.075061769578,0.0,214.075061769578
30,16,0.0,0.0,460.84961876404986,0.0,0.0,460.84961876404986,0.0,460.84961876404986
30,17,0.0,0.0,450.22052414460586,0.0,0.0,450.22052414460586,0.0,450.22052414460586
30,18,0.0,0.0,113.21357607112094,0.0,0.0,113.21357607112094,0.0,535.5450046425495
30,19,0.0,0.0,319.0850951522384,0.0,0.0,319.0850951522384,0.0,248.48652372366695
30,20,0.0,0.0,532.4300790532412,0.0,0.0,532.4300790532412,0.0,317.00436476752697
30,21,0.0,0.0,640.2742883357055,0.0,0.0,640.2742883357055,0.0,601.7100026214198
30,22,571.23,574.4245132225412,574.4245132225412,571.23,0.0,3.194513222541218,652.8342857142859,721.44594179397
30,23,0.0,0.0,402.47414575760683,0.0,0.0,402.47414575760683,0.0,402.47414575760683
30,24,593.42,0.0,420.8831506849314,420.8831506849314,172.53684931506854,0.0,285.1588108517724,285.1588108517724
30,25,0.0,426.8228571428572,522.5802139479197,0.0,0.0,522.5802139479197,0.0,522.5802139479197
30,26,0.0,0.0,760.2761537287638,0.0,0.0,760.2761537287638,0.0,692.341868014478
30,27,459.82,0.0,410.0924767659286,410.0924767659286,49.727523234071384,0.0,360.3767624802143,360.3767624802143
30,28,0.0,0.0,459.43511158306285,0.0,0.0,459.43511158306285,0.0,459.43511158306285
30,29,0.0,0.0,484.45512919039135,0.0,0.0,484.45512919039135,0.0,484.45512919039135
30,30,0.0,0.0,461.29501802596576,0.0,0.0,461.29501802596576,0.0,444.5035894545372
30,31,314.57,0.0,650.2196961235978,314.57,0.0,335.64969612359783,202.34857142857135,537.9982675521692
30,32,248.55,0.0,623.6409616113034,248.55,0.0,375.0909616113034,284.0571428571429,659.1481044684463
30,33,237.24,0.0,412.387542585094,237.24,0.0,175.14754258509402,271.1314285714286,446.27897115652263
30,34,0.0,0.0,341.8265828677995,0.0,0.0,341.8265828677995,0.0,341.8265828677995
30,35,0.0,0.0,552.7944831095164,0.0,0.0,552.7944831095164,0.0,483.2687688238021
30,36,0.0,0.0,329.0149397446535,0.0,0.0,329.0149397446535,0.0,533.5777968875105
30,37,0.0,465.76800376709093,465.76800376709093,0.0,0.0,465.76800376709093,0.0,531.5765751956624
30,38,0.0,481.2928571428571,511.8866659720958,0.0,0.0,511.8866659720958,0.0,457.6152374006672
30,39,0.0,0.0,477.2820600370111,0.0,0.0,477.2820600370111,0.0,426.3106314655825
30,40,0.0,0.0,436.34456550509617,0.0,0.0,436.34456550509617,0.0,374.5531369336676
30,41,0.0,255.24571428571423,507.34212097153807,0.0,0.0,507.34212097153807,0.0,490.07926382868095
30,42,234.77,0.0,557.8050473153564,234.77,0.0,323.03504731535645,252.66571428571433,575.7007616010708
30,43,0.0,0.0,675.9739183372162,0.0,0.0,675.9739183372162,0.0,634.998204051502
30,44,178.56,0.0,395.33304111296246,178.56,0.0,216.77304111296246,204.06857142857143,420.8416125415339
30,45,0.0,0.0,217.7253814713223,0.0,0.0,217.7253814713223,0.0,559.8739528998937
30,46,0.0,315.6485714285714,374.89800959049586,0.0,0.0,374.89800959049586,0.0,374.89800959049586
30,47,0.0,0.0,522.5797600055159,0.0,0.0,522.5797600055159,0.0,448.50404571980164
30,48,0.0,293.85285714285726,717.2304117578415,0.0,0.0,717.2304117578415,0.0,694.2818403292699
30,49,0.0,285.29857142857145,443.82526632892046,0.0,0.0,443.82526632892046,0.0,443.82526632892046
30,50,0.0,0.0,559.2488143490189,0.0,0.0,559.2488143490189,0.0,484.86595720616174
30,51,0.0,0.0,395.3726715847887,0.0,0.0,395.3726715847887,0.0,312.65838587050297
30,52,0.0,0.0,380.7615989786771,0.0,0.0,380.7615989786771,0.0,380.7615989786771
30,53,0.0,0.0,318.1697980913675,0.0,0.0,318.1697980913675,0.0,258.1640838056532
30,54,0.0,0.0,451.2069465390544,0.0,0.0,451.2069465390544,0.0,451.2069465390544
30,55,107.31,0.0,314.81213511664157,107.31,0.0,207.50213511664157,122.63999999999999,446.58784940235586
30,56,0.0,0.0,429.8090103605885,0.0,0.0,429.8090103605885,0.0,429.8090103605885
30,57,533.67,0.0,511.4995999601067,511.4995999601067,22.170400039893252,0.0,587.7381713886782,587.7381713886782
30,58,0.0,0.0,54.09451423205189,0.0,0.0,54.09451423205189,0.0,483.4645142320519
30,59,0.0,0.0,415.9780221020676,0.0,0.0,415.9780221020676,0.0,384.22373638778186
30,60,0.0,0.0,491.6463170063927,0.0,0.0,491.6463170063927,0.0,491.6463170063927
30,61,182.5,0.0,0.0,0.0,182.5,0.0,26.071428571428555,403.28359620326387
30,62,124.61,382.88999999999993,538.7190993317491,124.61,0.0,414.1090993317491,125.22571428571428,539.3348136174634
30,63,0.0,0.0,64.0779695824985,0.0,0.0,64.0779695824985,0.0,576.2179695824985
30,64,0.0,0.0,498.090891665591,0.0,0.0,498.090891665591,0.0,446.95232023701965
30,65,0.0,0.0,518.1437441040448,0.0,0.0,518.1437441040448,0.0,335.8808869611877
30,66,0.0,0.0,107.43558264056458,0.0,0.0,107.43558264056458,0.0,712.7384397834217
30,67,0.0,0.0,373.4520066926587,0.0,0.0,373.4520066926587,0.0,373.4520066926587
30,68,0.0,307.80571428571426,341.89315843956047,0.0,0.0,341.89315843956047,0.0,341.89315843956047
30,69,0.0,0.0,61.06658599556147,0.0,0.0,61.06658599556147,0.0,435.9537288527044
30,70,0.0,0.0,734.7827613384617,0.0,0.0,734.7827613384617,0.0,508.35704705274736
30,71,0.0,0.0,322.78136997927515,0.0,0.0,322.78136997927515,0.0,255.68994140784656
30,72,0.0,0.0,458.1880906829639,0.0,0.0,458.1880906829639,0.0,378.1795192543924
30,73,0.0,0.0,599.4413902280714,0.0,0.0,599.4413902280714,0.0,313.94281879949995
30,74,0.0,0.0,542.4875843845911,0.0,0.0,542.4875843845911,0.0,542.4875843845911
30,75,434.3,0.0,502.06597364451557,434.3,0.0,67.76597364451555,444.34857142857146,512.114545073087
30,76,0.0,0.0,622.1741256360528,0.0,0.0,622.1741256360528,0.0,366.95698277891006
30,77,0.0,0.0,36.54576723067822,0.0,0.0,36.54576723067822,0.0,319.14433865924974
30,78,0.0,0.0,523.9077911882896,0.0,0.0,523.9077911882896,0.0,497.8292197597182
30,79,0.0,0.0,330.1576369863013,0.0,0.0,330.1576369863013,0.0,219.56369550267294
30,80,0.0,0.0,437.34355086721325,0.0,0.0,437.34355086721325,0.0,352.65640801007044
30,81,0.0,597.4721472638765,597.4721472638765,0.0,0.0,597.4721472638765,0.0,572.5664329781622
30,82,0.0,122.73571428571427,419.6063028999407,0.0,0.0,419.6063028999407,0.0,419.6063028999407
30,83,0.0,0.0,510.90395621245824,0.0,0.0,510.90395621245824,0.0,510.90395621245824
30,84,169.56,0.0,455.5741516237499,169.56,0.0,286.0141516237499,154.10142857142858,440.1155801951785
30,85,0.0,0.0,351.0208926703624,0.0,0.0,351.0208926703624,0.0,292.102321241791
30,86,237.31,0.0,526.4634283948121,237.31,0.0,289.1534283948121,208.8571428571429,498.010571251955
30,87,0.0,0.0,435.78799906816175,0.0,0.0,435.78799906816175,0.0,240.37942763959035
30,88,0.0,0.0,454.04223572768603,0.0,0.0,454.04223572768603,0.0,454.04223572768603
30,89,0.0,0.0,358.4726485373871,0.0,0.0,358.4726485373871,0.0,358.4726485373871
30,90,564.43,0.0,690.9967390805004,564.43,0.0,126.5667390805005,354.9128571428571,481.4795962233576
30,91,0.0,0.0,500.8112770037508,0.0,0.0,500.8112770037508,0.0,500.8112770037508
30,92,0.0,0.0,620.1524435062646,0.0,0.0,620.1524435062646,0.0,490.9181577919789
30,93,0.0,0.0,0.0,0.0,0.0,0.0,0.0,466.7013174309867
30,94,0.0,0.0,0.0,0.0,0.0,0.0,0.0,341.81408689558225
30,95,481.2,0.0,477.03516729939054,477.03516729939054,4.164832700609452,0.0,470.353738727962,470.353738727962
31,0,0.0,0.0,381.56516624054257,0.0,0.0,381.56516624054257,0.0,335.9023090976854
31,1,0.0,0.0,492.50808192811303,0.0,0.0,492.50808192811303,0.0,351.8537962138273
31,2,0.0,0.0,665.7197788353,0.0,0.0,665.7197788353,0.0,615.7283502638714
31,3,0.0,0.0,267.2735305643938,0.0,0.0,267.2735305643938,0.0,267.2735305643938
31,4,0.0,0.0,472.5028033766466,0.0,0.0,472.5028033766466,0.0,572.1870890909324
31,5,0.0,0.0,370.33652597066794,0.0,0.0,370.33652597066794,0.0,319.2650973992393
31,6,0.0,0.0,501.11927373761154,0.0,0.0,501.11927373761154,0.0,501.11927373761154
31,7,0.0,0.0,332.95795102038494,0.0,0.0,332.95795102038494,0.0,332.95795102038494
31,8,0.0,0.0,420.7196201646947,0.0,0.0,420.7196201646947,0.0,420.7196201646947
31,9,0.0,0.0,55.50492050513918,0.0,0.0,55.50492050513918,0.0,437.8463490765678
31,10,0.0,429.35999999999996,624.6591587713206,0.0,0.0,624.6591587713206,0.0,543.9505873427491
31,11,0.0,0.0,427.81044582436414,0.0,0.0,427.81044582436414,0.0,306.9190172529356
31,12,0.0,23.641428571428605,432.1616737758087,0.0,0.0,432.1616737758087,0.0,432.1616737758087
31,13,218.43,0.0,0.0,0.0,218.43,0.0,31.20428571428573,499.1120714872016
31,14,0.0,0.0,698.8711438036075,0.0,0.0,698.8711438036075,0.0,547.6740009464646
31,15,157.19,0.0,214.075061769578,157.19,0.0,56.885061769578016,149.30285714285714,206.18791891243515
31,16,0.0,0.0,460.84961876404986,0.0,0.0,460.84961876404986,0.0,460.84961876404986
31,17,0.0,0.0,450.22052414460586,0.0,0.0,450.22052414460586,0.0,450.22052414460586
31,18,0.0,422.3314285714286,535.5450046425495,0.0,0.0,535.5450046425495,0.0,535.5450046425495
31,19,0.0,0.0,319.0850951522384,0.0,0.0,319.0850951522384,0.0,248.48652372366695
31,20,0.0,0.0,532.4300790532412,0.0,0.0,532.4300790532412,0.0,317.00436476752697
31,21,0.0,0.0,640.2742883357055,0.0,0.0,640.2742883357055,0.0,601.7100026214198
31,22,382.75,65.41714285714284,68.61165607968405,68.61165607968405,314.13834392031595,0.0,123.29022750825538,776.1245132225413
31,23,0.0,0.0,402.47414575760683,0.0,0.0,402.47414575760683,0.0,402.47414575760683
31,24,0.0,0.0,0.0,0.0,0.0,0.0,0.0,285.1588108517724
31,25,0.0,0.0,522.5802139479197,0.0,0.0,522.5802139479197,0.0,522.5802139479197
31,26,548.19,0.0,760.2761537287638,548.19,0.0,212.08615372876375,480.2857142857142,692.371868014478
31,27,0.0,0.0,0.0,0.0,0.0,0.0,0.0,360.3767624802143
31,28,0.0,0.0,459.43511158306285,0.0,0.0,459.43511158306285,0.0,459.43511158306285
31,29,0.0,0.0,484.45512919039135,0.0,0.0,484.45512919039135,0.0,447.72084347610564
31,30,0.0,0.0,461.29501802596576,0.0,0.0,461.29501802596576,0.0,444.5035894545372
31,31,465.81,0.0,335.64969612359783,335.64969612359783,130.16030387640217,0.0,402.19398183788354,604.5425532664549
31,32,0.0,0.0,375.0909616113034,0.0,0.0,375.0909616113034,0.0,659.1481044684463
31,33,0.0,0.0,175.14754258509402,0.0,0.0,175.14754258509402,0.0,446.27897115652263
31,34,0.0,0.0,341.8265828677995,0.0,0.0,341.8265828677995,0.0,341.8265828677995
31,35,505.05,0.0,552.7944831095164,505.05,0.0,47.74448310951635,507.67428571428576,555.4187688238021
31,36,0.0,204.56285714285707,533.5777968875105,0.0,0.0,533.5777968875105,0.0,533.5777968875105
31,37,0.0,65.80857142857144,531.5765751956624,0.0,0.0,531.5765751956624,0.0,499.0694323385195
31,38,103.91,0.0,511.8866659720958,103.91,0.0,407.9766659720958,64.48285714285714,472.45952311495296
31,39,0.0,0.0,477.2820600370111,0.0,0.0,477.2820600370111,0.0,426.3106314655825
31,40,0.0,0.0,436.34456550509617,0.0,0.0,436.34456550509617,0.0,374.5531369336676
31,41,0.0,0.0,507.34212097153807,0.0,0.0,507.34212097153807,0.0,490.07926382868095
31,42,0.0,0.0,323.03504731535645,0.0,0.0,323.03504731535645,0.0,506.47219017249927
31,43,389.06,0.0,675.9739183372162,389.06,0.0,286.9139183372162,341.77285714285705,628.6867754800733
31,44,0.0,0.0,216.77304111296246,0.0,0.0,216.77304111296246,0.0,420.8416125415339
31,45,0.0,342.14857142857136,559.8739528998937,0.0,0.0,559.8739528998937,0.0,559.8739528998937
31,46,0.0,0.0,374.89800959049586,0.0,0.0,374.89800959049586,0.0,374.89800959049586
31,47,499.52,0.0,522.5797600055159,499.52,0.0,23.059760005515955,496.8042857142857,519.8640457198017
31,48,0.0,0.0,717.2304117578415,0.0,0.0,717.2304117578415,0.0,671.8504117578414
31,49,0.0,0.0,443.82526632892046,0.0,0.0,443.82526632892046,0.0,443.82526632892046
31,50,484.12,0.0,559.2488143490189,484.12,0.0,75.12881434901885,478.89714285714297,554.0259572061618
31,51,0.0,0.0,395.3726715847887,0.0,0.0,395.3726715847887,0.0,312.65838587050297
31,52,0.0,0.0,380.7615989786771,0.0,0.0,380.7615989786771,0.0,380.7615989786771
31,53,0.0,0.0,318.1697980913675,0.0,0.0,318.1697980913675,0.0,258.1640838056532
31,54,0.0,0.0,451.2069465390544,0.0,0.0,451.2069465390544,0.0,451.2069465390544
31,55,0.0,116.4457142857143,323.94784940235587,0.0,0.0,323.94784940235587,0.0,385.8564208309273
31,56,0.0,0.0,429.8090103605885,0.0,0.0,429.8090103605885,0.0,429.8090103605885
31,57,503.17,0.0,0.0,0.0,503.17,0.0,71.88142857142861,659.6195999601068
31,58,0.0,477.79714285714283,531.8916570891947,0.0,0.0,531.8916570891947,0.0,483.4645142320519
31,59,512.96,0.0,415.9780221020676,415.9780221020676,96.98197789793244,0.0,457.5037363877819,457.5037363877819
31,60,0.0,0.0,491.6463170063927,0.0,0.0,491.6463170063927,0.0,491.6463170063927
31,61,490.52,377.2121676318353,377.2121676318353,377.2121676318353,113.30783236816467,0.0,447.286453346121,473.35788191754955
31,62,0.0,0.0,414.1090993317491,0.0,0.0,414.1090993317491,0.0,539.3348136174634
31,63,0.0,558.6171428571429,622.6951124396414,0.0,0.0,622.6951124396414,0.0,576.2179695824985
31,64,0.0,0.0,498.090891665591,0.0,0.0,498.090891665591,0.0,425.4380345227339
31,65,0.0,0.0,518.1437441040448,0.0,0.0,518.1437441040448,0.0,335.8808869611877
31,66,0.0,605.3028571428571,712.7384397834217,0.0,0.0,712.7384397834217,0.0,712.7384397834217
31,67,0.0,0.0,373.4520066926587,0.0,0.0,373.4520066926587,0.0,373.4520066926587
31,68,0.0,0.0,341.89315843956047,0.0,0.0,341.89315843956047,0.0,327.5403012967033
31,69,0.0,374.8871428571429,435.9537288527044,0.0,0.0,435.9537288527044,0.0,402.82372885270433
31,70,0.0,0.0,734.7827613384617,0.0,0.0,734.7827613384617,0.0,508.35704705274736
31,71,457.3,0.0,322.78136997927515,322.78136997927515,134.51863002072486,0.0,321.018512836418,321.018512836418
31,72,0.0,0.0,458.1880906829639,0.0,0.0,458.1880906829639,0.0,369.6952335401067
31,73,0.0,0.0,599.4413902280714,0.0,0.0,599.4413902280714,0.0,313.94281879949995
31,74,181.11,0.0,542.4875843845911,181.11,0.0,361.37758438459105,206.98285714285714,568.3604415274482
31,75,0.0,0.0,67.76597364451555,0.0,0.0,67.76597364451555,0.0,512.114545073087
31,76,0.0,0.0,622.1741256360528,0.0,0.0,622.1741256360528,0.0,366.95698277891006
31,77,598.15,282.5985714285715,319.14433865924974,319.14433865924974,279.00566134075024,0.0,404.59433865924973,404.59433865924973
31,78,0.0,0.0,523.9077911882896,0.0,0.0,523.9077911882896,0.0,497.8292197597182
31,79,0.0,0.0,330.1576369863013,0.0,0.0,330.1576369863013,0.0,219.56369550267294
31,80,0.0,0.0,437.34355086721325,0.0,0.0,437.34355086721325,0.0,352.65640801007044
31,81,0.0,0.0,597.4721472638765,0.0,0.0,597.4721472638765,0.0,537.2978615495908
31,82,0.0,0.0,419.6063028999407,0.0,0.0,419.6063028999407,0.0,419.6063028999407
31,83,396.9,0.0,510.90395621245824,396.9,0.0,114.00395621245826,453.59999999999997,567.6039562124582
31,84,0.0,0.0,286.0141516237499,0.0,0.0,286.0141516237499,0.0,440.1155801951785
31,85,0.0,0.0,351.0208926703624,0.0,0.0,351.0208926703624,0.0,292.102321241791
31,86,0.0,0.0,289.1534283948121,0.0,0.0,289.1534283948121,0.0,471.28771410909786
31,87,0.0,0.0,435.78799906816175,0.0,0.0,435.78799906816175,0.0,240.37942763959035
31,88,213.85,0.0,454.04223572768603,213.85,0.0,240.19223572768604,244.4,484.59223572768605
31,89,0.0,0.0,358.4726485373871,0.0,0.0,358.4726485373871,0.0,358.4726485373871
31,90,0.0,0.0,126.5667390805005,0.0,0.0,126.5667390805005,0.0,481.4795962233576
31,91,261.37,0.0,500.8112770037508,261.37,0.0,239.44127700375077,298.7085714285714,538.1498484323222
31,92,0.0,0.0,620.1524435062646,0.0,0.0,620.1524435062646,0.0,490.9181577919789
31,93,0.0,466.7013174309867,466.7013174309867,0.0,0.0,466.7013174309867,0.0,466.7013174309867
31,94,467.74,416.8598011812966,416.8598011812966,416.8598011812966,50.880198818703434,0.0,408.63408689558224,408.63408689558224
31,95,0.0,0.0,0.0,0.0,0.0,0.0,0.0,470.353738727962
32,0,0.0,0.0,381.56516624054257,0.0,0.0,381.56516624054257,0.0,300.33373766911404
32,1,0.0,0.0,492.50808192811303,0.0,0.0,492.50808192811303,0.0,351.8537962138273
32,2,384.85,0.0,665.7197788353,384.85,0.0,280.86977883529994,389.8371428571429,670.7069216924428
32,3,0.0,0.0,267.2735305643938,0.0,0.0,267.2735305643938,0.0,267.2735305643938
32,4,219.73,99.6842857142858,572.1870890909324,219.73,0.0,352.4570890909324,212.56000000000006,565.0170890909325
32,5,0.0,0.0,370.33652597066794,0.0,0.0,370.33652597066794,0.0,319.2650973992393
32,6,0.0,0.0,501.11927373761154,0.0,0.0,501.11927373761154,0.0,501.11927373761154
32,7,0.0,0.0,332.95795102038494,0.0,0.0,332.95795102038494,0.0,332.95795102038494
32,8,180.82,0.0,420.7196201646947,180.82,0.0,239.89962016469468,206.65142857142854,446.5510487361232
32,9,0.0,382.3414285714286,437.8463490765678,0.0,0.0,437.8463490765678,0.0,437.8463490765678
32,10,0.0,0.0,624.6591587713206,0.0,0.0,624.6591587713206,0.0,543.9505873427491
32,11,0.0,0.0,427.81044582436414,0.0,0.0,427.81044582436414,0.0,306.9190172529356
32,12,0.0,0.0,432.1616737758087,0.0,0.0,432.1616737758087,0.0,432.1616737758087
32,13,0.0,467.9077857729159,467.9077857729159,0.0,0.0,467.9077857729159,0.0,499.1120714872016
32,14,0.0,0.0,698.8711438036075,0.0,0.0,698.8711438036075,0.0,547.6740009464646
32,15,0.0,0.0,56.885061769578016,0.0,0.0,56.885061769578016,0.0,206.18791891243515
32,16,103.46,0.0,460.84961876404986,103.46,0.0,357.3896187640499,118.23999999999995,475.62961876404984
32,17,0.0,0.0,450.22052414460586,0.0,0.0,450.22052414460586,0.0,450.22052414460586
32,18,0.0,0.0,535.5450046425495,0.0,0.0,535.5450046425495,0.0,535.5450046425495
32,19,0.0,0.0,319.0850951522384,0.0,0.0,319.0850951522384,0.0,248.48652372366695
32,20,0.0,0.0,532.4300790532412,0.0,0.0,532.4300790532412,0.0,317.00436476752697
32,21,0.0,0.0,640.2742883357055,0.0,0.0,640.2742883357055,0.0,461.72571690713403
32,22,0.0,652.8342857142859,652.8342857142859,0.0,0.0,652.8342857142859,0.0,776.1245132225413
32,23,0.0,0.0,402.47414575760683,0.0,0.0,402.47414575760683,0.0,402.47414575760683
32,24,59.17,285.1588108517724,285.1588108517724,59.17,0.0,225.98881085177237,67.62285714285713,293.6116679946295
32,25,0.0,0.0,522.5802139479197,0.0,0.0,522.5802139479197,0.0,522.5802139479197
32,26,0.0,0.0,212.08615372876375,0.0,0.0,212.08615372876375,0.0,555.201868014478
32,27,0.0,360.3767624802143,360.3767624802143,0.0,0.0,360.3767624802143,0.0,360.3767624802143
32,28,0.0,0.0,459.43511158306285,0.0,0.0,459.43511158306285,0.0,459.43511158306285
32,29,0.0,0.0,484.45512919039135,0.0,0.0,484.45512919039135,0.0,369.4865577618199
32,30,0.0,0.0,461.29501802596576,0.0,0.0,461.29501802596576,0.0,444.5035894545372
32,31,0.0,202.34857142857135,202.34857142857135,0.0,0.0,202.34857142857135,0.0,604.5425532664549
32,32,507.61,284.0571428571429,659.1481044684463,507.61,0.0,151.53810446844625,580.1257142857143,731.6638187541605
32,33,113.39,271.1314285714286,446.27897115652263,113.39,0.0,332.88897115652264,54.715714285714284,387.6046854422369
32,34,0.0,0.0,341.8265828677995,0.0,0.0,341.8265828677995,0.0,341.8265828677995
32,35,0.0,0.0,47.74448310951635,0.0,0.0,47.74448310951635,0.0,555.4187688238021
32,36,0.0,0.0,533.5777968875105,0.0,0.0,533.5777968875105,0.0,533.5777968875105
32,37,0.0,0.0,531.5765751956624,0.0,0.0,531.5765751956624,0.0,499.0694323385195
32,38,0.0,0.0,407.9766659720958,0.0,0.0,407.9766659720958,0.0,472.45952311495296
32,39,0.0,0.0,477.2820600370111,0.0,0.0,477.2820600370111,0.0,426.3106314655825
32,40,0.0,0.0,436.34456550509617,0.0,0.0,436.34456550509617,0.0,374.5531369336676
32,41,0.0,0.0,507.34212097153807,0.0,0.0,507.34212097153807,0.0,458.9135495429667
32,42,0.0,252.66571428571433,575.7007616010708,0.0,0.0,575.7007616010708,0.0,506.47219017249927
32,43,0.0,0.0,286.9139183372162,0.0,0.0,286.9139183372162,0.0,628.6867754800733
32,44,0.0,204.06857142857143,420.8416125415339,0.0,0.0,420.8416125415339,0.0,400.89732682724815
32,45,0.0,0.0,559.8739528998937,0.0,0.0,559.8739528998937,0.0,559.8739528998937
32,46,0.0,0.0,374.89800959049586,0.0,0.0,374.89800959049586,0.0,374.89800959049586
32,47,0.0,0.0,23.059760005515955,0.0,0.0,23.059760005515955,0.0,496.81690286265876
32,48,0.0,0.0,717.2304117578415,0.0,0.0,717.2304117578415,0.0,641.8389831864129
32,49,0.0,0.0,443.82526632892046,0.0,0.0,443.82526632892046,0.0,443.82526632892046
32,50,330.33,0.0,75.12881434901885,75.12881434901885,255.20118565098113,0.0,122.3188143490188,601.2159572061618
32,51,0.0,0.0,395.3726715847887,0.0,0.0,395.3726715847887,0.0,312.65838587050297
32,52,0.0,0.0,380.7615989786771,0.0,0.0,380.7615989786771,0.0,380.7615989786771
32,53,0.0,0.0,318.1697980913675,0.0,0.0,318.1697980913675,0.0,258.1640838056532
32,54,0.0,0.0,451.2069465390544,0.0,0.0,451.2069465390544,0.0,451.2069465390544
32,55,462.86,122.63999999999999,446.58784940235586,446.58784940235586,16.272150597644156,0.0,451.9792779737844,451.9792779737844
32,56,0.0,0.0,429.8090103605885,0.0,0.0,429.8090103605885,0.0,345.31615321773137
32,57,0.0,587.7381713886782,587.7381713886782,0.0,0.0,587.7381713886782,0.0,659.6195999601068
32,58,0.0,0.0,531.8916570891947,0.0,0.0,531.8916570891947,0.0,483.4645142320519
32,59,0.0,0.0,0.0,0.0,0.0,0.0,0.0,430.3294506734961
32,60,0.0,0.0,491.6463170063927,0.0,0.0,491.6463170063927,0.0,491.6463170063927
32,61,0.0,26.071428571428555,26.071428571428555,0.0,0.0,26.071428571428555,0.0,473.35788191754955
32,62,0.0,125.22571428571428,539.3348136174634,0.0,0.0,539.3348136174634,0.0,539.3348136174634
32,63,0.0,0.0,622.6951124396414,0.0,0.0,622.6951124396414,0.0,576.2179695824985
32,64,0.0,0.0,498.090891665591,0.0,0.0,498.090891665591,0.0,343.3537488084482
32,65,0.0,0.0,518.1437441040448,0.0,0.0,518.1437441040448,0.0,335.8808869611877
32,66,0.0,0.0,712.7384397834217,0.0,0.0,712.7384397834217,0.0,712.7384397834217
32,67,0.0,0.0,373.4520066926587,0.0,0.0,373.4520066926587,0.0,373.4520066926587
32,68,0.0,0.0,341.89315843956047,0.0,0.0,341.89315843956047,0.0,327.5403012967033
32,69,0.0,0.0,435.9537288527044,0.0,0.0,435.9537288527044,0.0,402.82372885270433
32,70,0.0,0.0,734.7827613384617,0.0,0.0,734.7827613384617,0.0,508.35704705274736
32,71,0.0,0.0,0.0,0.0,0.0,0.0,0.0,321.018512836418
32,72,0.0,0.0,458.1880906829639,0.0,0.0,458.1880906829639,0.0,369.6952335401067
32,73,517.45,0.0,599.4413902280714,517.45,0.0,81.9913902280714,305.87285714285713,387.8642473709285
32,74,0.0,0.0,361.37758438459105,0.0,0.0,361.37758438459105,0.0,496.5704415274482
32,75,116.8,444.34857142857146,512.114545073087,116.8,0.0,395.314545073087,67.73000000000002,463.044545073087
32,76,0.0,0.0,622.1741256360528,0.0,0.0,622.1741256360528,0.0,366.95698277891006
32,77,0.0,0.0,0.0,0.0,0.0,0.0,0.0,404.59433865924973
32,78,0.0,0.0,523.9077911882896,0.0,0.0,523.9077911882896,0.0,476.9149340454325
32,79,0.0,0.0,330.1576369863013,0.0,0.0,330.1576369863013,0.0,219.56369550267294
32,80,0.0,0.0,437.34355086721325,0.0,0.0,437.34355086721325,0.0,352.65640801007044
32,81,0.0,0.0,597.4721472638765,0.0,0.0,597.4721472638765,0.0,537.2978615495908
32,82,442.83,0.0,419.6063028999407,419.6063028999407,23.22369710005927,0.0,482.8677314713692,482.8677314713692
32,83,0.0,0.0,114.00395621245826,0.0,0.0,114.00395621245826,0.0,567.6039562124582
32,84,0.0,154.10142857142858,440.1155801951785,0.0,0.0,440.1155801951785,0.0,357.27843733803564
32,85,0.0,0.0,351.0208926703624,0.0,0.0,351.0208926703624,0.0,292.102321241791
32,86,0.0,208.8571428571429,498.010571251955,0.0,0.0,498.010571251955,0.0,471.28771410909786
32,87,0.0,0.0,435.78799906816175,0.0,0.0,435.78799906816175,0.0,240.37942763959035
32,88,465.7,0.0,240.19223572768604,240.19223572768604,225.50776427231395,0.0,306.7208071562575,551.1208071562575
32,89,0.0,0.0,358.4726485373871,0.0,0.0,358.4726485373871,0.0,358.4726485373871
32,90,0.0,354.9128571428571,481.4795962233576,0.0,0.0,481.4795962233576,0.0,481.4795962233576
32,91,0.0,0.0,239.44127700375077,0.0,0.0,239.44127700375077,0.0,538.1498484323222
32,92,0.0,0.0,620.1524435062646,0.0,0.0,620.1524435062646,0.0,453.05958636340745
32,93,0.0,0.0,466.7013174309867,0.0,0.0,466.7013174309867,0.0,466.7013174309867
32,94,0.0,0.0,0.0,0.0,0.0,0.0,0.0,408.63408689558224
32,95,0.0,470.353738727962,470.353738727962,0.0,0.0,470.353738727962,0.0,406.44802444224774
33,0,0.0,0.0,381.56516624054257,0.0,0.0,381.56516624054257,0.0,300.33373766911404
33,1,0.0,0.0,492.50808192811303,0.0,0.0,492.50808192811303,0.0,351.8537962138273
33,2,0.0,0.0,280.86977883529994,0.0,0.0,280.86977883529994,0.0,670.7069216924428
33,3,0.0,0.0,267.2735305643938,0.0,0.0,267.2735305643938,0.0,267.2735305643938
33,4,0.0,0.0,352.4570890909324,0.0,0.0,352.4570890909324,0.0,499.3270890909325
33,5,0.0,0.0,370.33652597066794,0.0,0.0,370.33652597066794,0.0,297.4765259706679
33,6,0.0,0.0,501.11927373761154,0.0,0.0,501.11927373761154,0.0,422.22641659475437
33,7,0.0,0.0,332.95795102038494,0.0,0.0,332.95795102038494,0.0,332.95795102038494
33,8,0.0,0.0,239.89962016469468,0.0,0.0,239.89962016469468,0.0,409.7467630218375
33,9,0.0,0.0,437.8463490765678,0.0,0.0,437.8463490765678,0.0,437.8463490765678
33,10,0.0,0.0,624.6591587713206,0.0,0.0,624.6591587713206,0.0,543.9505873427491
33,11,0.0,0.0,427.81044582436414,0.0,0.0,427.81044582436414,0.0,306.9190172529356
33,12,0.0,0.0,432.1616737758087,0.0,0.0,432.1616737758087,0.0,432.1616737758087
33,13,0.0,31.20428571428573,499.1120714872016,0.0,0.0,499.1120714872016,0.0,499.1120714872016
33,14,0.0,0.0,698.8711438036075,0.0,0.0,698.8711438036075,0.0,547.6740009464646
33,15,223.68,149.30285714285714,206.18791891243515,206.18791891243515,17.492081087564856,0.0,238.14220462672085,238.14220462672085
33,16,0.0,0.0,357.3896187640499,0.0,0.0,357.3896187640499,0.0,475.62961876404984
33,17,0.0,0.0,450.22052414460586,0.0,0.0,450.22052414460586,0.0,450.22052414460586
33,18,0.0,0.0,535.5450046425495,0.0,0.0,535.5450046425495,0.0,511.67071892826385
33,19,0.0,0.0,319.0850951522384,0.0,0.0,319.0850951522384,0.0,248.48652372366695
33,20,0.0,0.0,532.4300790532412,0.0,0.0,532.4300790532412,0.0,317.00436476752697
33,21,0.0,0.0,640.2742883357055,0.0,0.0,640.2742883357055,0.0,461.72571690713403
33,22,168.84,123.29022750825538,776.1245132225413,168.84,0.0,607.2845132225412,192.96000000000015,800.2445132225414
33,23,307.51,0.0,402.47414575760683,307.51,0.0,94.96414575760684,351.44,446.40414575760684
33,24,0.0,0.0,225.98881085177237,0.0,0.0,225.98881085177237,0.0,293.6116679946295
33,25,585.12,0.0,522.5802139479197,522.5802139479197,62.53978605208033,0.0,606.1687853764911,606.1687853764911
33,26,0.0,480.2857142857142,692.371868014478,0.0,0.0,692.371868014478,0.0,555.201868014478
33,27,0.0,0.0,360.3767624802143,0.0,0.0,360.3767624802143,0.0,360.3767624802143
33,28,0.0,0.0,459.43511158306285,0.0,0.0,459.43511158306285,0.0,459.43511158306285
33,29,0.0,0.0,484.45512919039135,0.0,0.0,484.45512919039135,0.0,303.3865577618199
33,30,0.0,0.0,461.29501802596576,0.0,0.0,461.29501802596576,0.0,444.5035894545372
33,31,0.0,402.19398183788354,604.5425532664549,0.0,0.0,604.5425532664549,0.0,604.5425532664549
33,32,0.0,0.0,151.53810446844625,0.0,0.0,151.53810446844625,0.0,731.6638187541605
33,33,0.0,0.0,332.88897115652264,0.0,0.0,332.88897115652264,0.0,387.6046854422369
33,34,0.0,0.0,341.8265828677995,0.0,0.0,341.8265828677995,0.0,341.8265828677995
33,35,0.0,507.67428571428576,555.4187688238021,0.0,0.0,555.4187688238021,0.0,555.4187688238021
33,36,0.0,0.0,533.5777968875105,0.0,0.0,533.5777968875105,0.0,465.0377968875106
33,37,0.0,0.0,531.5765751956624,0.0,0.0,531.5765751956624,0.0,499.0694323385195
33,38,0.0,64.48285714285714,472.45952311495296,0.0,0.0,472.45952311495296,0.0,472.45952311495296
33,39,0.0,0.0,477.2820600370111,0.0,0.0,477.2820600370111,0.0,426.3106314655825
33,40,0.0,0.0,436.34456550509617,0.0,0.0,436.34456550509617,0.0,374.5531369336676
33,41,378.84,0.0,507.34212097153807,378.84,0.0,128.5021209715381,315.19714285714286,443.69926382868096
33,42,0.0,0.0,575.7007616010708,0.0,0.0,575.7007616010708,0.0,506.47219017249927
33,43,0.0,341.77285714285705,628.6867754800733,0.0,0.0,628.6867754800733,0.0,628.6867754800733
33,44,0.0,0.0,420.8416125415339,0.0,0.0,420.8416125415339,0.0,358.5730411129624
33,45,484.73,0.0,559.8739528998937,484.73,0.0,75.14395289989363,504.72,579.8639528998937
33,46,476.88,0.0,374.89800959049586,374.89800959049586,101.98199040950414,0.0,443.02372387621017,443.02372387621017
33,47,0.0,496.8042857142857,519.8640457198017,0.0,0.0,519.8640457198017,0.0,496.81690286265876
33,48,0.0,0.0,717.2304117578415,0.0,0.0,717.2304117578415,0.0,641.8389831864129
33,49,302.33,0.0,443.82526632892046,302.33,0.0,141.49526632892048,345.52,487.01526632892046
33,50,0.0,478.89714285714297,478.89714285714297,0.0,0.0,478.89714285714297,0.0,523.2473857775904
33,51,0.0,0.0,395.3726715847887,0.0,0.0,395.3726715847887,0.0,312.65838587050297
33,52,0.0,0.0,380.7615989786771,0.0,0.0,380.7615989786771,0.0,380.7615989786771
33,53,0.0,0.0,318.1697980913675,0.0,0.0,318.1697980913675,0.0,258.1640838056532
33,54,352.98,0.0,451.2069465390544,352.98,0.0,98.22694653905438,403.4057142857143,501.63266082476866
33,55,0.0,0.0,0.0,0.0,0.0,0.0,0.0,400.0764208309273
33,56,0.0,0.0,429.8090103605885,0.0,0.0,429.8090103605885,0.0,345.31615321773137
33,57,0.0,71.88142857142861,659.6195999601068,0.0,0.0,659.6195999601068,0.0,630.8653142458211
33,58,0.0,0.0,531.8916570891947,0.0,0.0,531.8916570891947,0.0,483.4645142320519
33,59,0.0,457.5037363877819,457.5037363877819,0.0,0.0,457.5037363877819,0.0,430.3294506734961
33,60,0.0,0.0,491.6463170063927,0.0,0.0,491.6463170063927,0.0,491.6463170063927
33,61,0.0,447.286453346121,473.35788191754955,0.0,0.0,473.35788191754955,0.0,473.35788191754955
33,62,0.0,0.0,539.3348136174634,0.0,0.0,539.3348136174634,0.0,539.3348136174634
33,63,0.0,0.0,622.6951124396414,0.0,0.0,622.6951124396414,0.0,576.2179695824985
33,64,0.0,0.0,498.090891665591,0.0,0.0,498.090891665591,0.0,343.3537488084482
33,65,0.0,0.0,518.1437441040448,0.0,0.0,518.1437441040448,0.0,335.8808869611877
33,66,423.94,0.0,712.7384397834217,423.94,0.0,288.79843978342166,484.5028571428572,773.3012969262788
33,67,107.73,0.0,373.4520066926587,107.73,0.0,265.7220066926587,123.12,388.8420066926587
33,68,0.0,0.0,341.89315843956047,0.0,0.0,341.89315843956047,0.0,327.5403012967033
33,69,0.0,0.0,435.9537288527044,0.0,0.0,435.9537288527044,0.0,402.82372885270433
33,70,0.0,0.0,734.7827613384617,0.0,0.0,734.7827613384617,0.0,438.57276133846165
33,71,0.0,321.018512836418,321.018512836418,0.0,0.0,321.018512836418,0.0,321.018512836418
33,72,0.0,0.0,458.1880906829639,0.0,0.0,458.1880906829639,0.0,369.6952335401067
33,73,0.0,0.0,81.9913902280714,0.0,0.0,81.9913902280714,0.0,387.8642473709285
33,74,0.0,206.98285714285714,568.3604415274482,0.0,0.0,568.3604415274482,0.0,461.3690129560197
33,75,0.0,0.0,395.314545073087,0.0,0.0,395.314545073087,0.0,430.2988307873727
33,76,0.0,0.0,622.1741256360528,0.0,0.0,622.1741256360528,0.0,366.95698277891006
33,77,587.65,404.59433865924973,404.59433865924973,404.59433865924973,183.05566134075025,0.0,488.5443386592498,488.5443386592498
33,78,0.0,0.0,523.9077911882896,0.0,0.0,523.9077911882896,0.0,426.2349340454325
33,79,0.0,0.0,330.1576369863013,0.0,0.0,330.1576369863013,0.0,219.56369550267294
33,80,0.0,0.0,437.34355086721325,0.0,0.0,437.34355086721325,0.0,352.65640801007044
33,81,131.49,0.0,597.4721472638765,131.49,0.0,465.9821472638765,90.10000000000002,556.0821472638765
33,82,0.0,0.0,0.0,0.0,0.0,0.0,0.0,434.18201718565496
33,83,0.0,453.59999999999997,567.6039562124582,0.0,0.0,567.6039562124582,0.0,567.6039562124582
33,84,0.0,0.0,440.1155801951785,0.0,0.0,440.1155801951785,0.0,357.27843733803564
33,85,511.68,0.0,351.0208926703624,351.0208926703624,160.6591073296376,0.0,365.19946409893384,365.19946409893384
33,86,0.0,0.0,498.010571251955,0.0,0.0,498.010571251955,0.0,471.28771410909786
33,87,0.0,0.0,435.78799906816175,0.0,0.0,435.78799906816175,0.0,240.37942763959035
33,88,0.0,244.4,244.4,0.0,0.0,244.4,0.0,551.1208071562575
33,89,0.0,0.0,358.4726485373871,0.0,0.0,358.4726485373871,0.0,358.4726485373871
33,90,0.0,0.0,481.4795962233576,0.0,0.0,481.4795962233576,0.0,481.4795962233576
33,91,0.0,298.7085714285714,538.1498484323222,0.0,0.0,538.1498484323222,0.0,538.1498484323222
33,92,0.0,0.0,620.1524435062646,0.0,0.0,620.1524435062646,0.0,453.05958636340745
33,93,0.0,0.0,466.7013174309867,0.0,0.0,466.7013174309867,0.0,466.7013174309867
33,94,0.0,408.63408689558224,408.63408689558224,0.0,0.0,408.63408689558224,0.0,408.63408689558224
33,95,360.25,0.0,470.353738727962,360.25,0.0,110.10373872796202,347.8085714285714,457.9123101565334
34,0,0.0,0.0,381.56516624054257,0.0,0.0,381.56516624054257,0.0,300.33373766911404
34,1,0.0,0.0,492.50808192811303,0.0,0.0,492.50808192811303,0.0,351.8537962138273
34,2,0.0,389.8371428571429,670.7069216924428,0.0,0.0,670.7069216924428,0.0,670.7069216924428
34,3,0.0,0.0,267.2735305643938,0.0,0.0,267.2735305643938,0.0,267.2735305643938
34,4,0.0,212.56000000000006,565.0170890909325,0.0,0.0,565.0170890909325,0.0,499.3270890909325
34,5,0.0,0.0,370.33652597066794,0.0,0.0,370.33652597066794,0.0,265.3065259706679
34,6,0.0,0.0,501.11927373761154,0.0,0.0,501.11927373761154,0.0,422.22641659475437
34,7,0.0,0.0,332.95795102038494,0.0,0.0,332.95795102038494,0.0,332.95795102038494
34,8,0.0,206.65142857142854,446.5510487361232,0.0,0.0,446.5510487361232,0.0,409.7467630218375
34,9,0.0,0.0,437.8463490765678,0.0,0.0,437.8463490765678,0.0,437.8463490765678
34,10,0.0,0.0,624.6591587713206,0.0,0.0,624.6591587713206,0.0,543.9505873427491
34,11,0.0,0.0,427.81044582436414,0.0,0.0,427.81044582436414,0.0,306.9190172529356
34,12,0.0,0.0,432.1616737758087,0.0,0.0,432.1616737758087,0.0,432.1616737758087
34,13,0.0,0.0,499.1120714872016,0.0,0.0,499.1120714872016,0.0,499.1120714872016
34,14,0.0,0.0,698.8711438036075,0.0,0.0,698.8711438036075,0.0,464.3040009464646
34,15,0.0,0.0,0.0,0.0,0.0,0.0,0.0,238.14220462672085
34,16,0.0,118.23999999999995,475.62961876404984,0.0,0.0,475.62961876404984,0.0,475.62961876404984
34,17,0.0,0.0,450.22052414460586,0.0,0.0,450.22052414460586,0.0,450.22052414460586
34,18,0.0,0.0,535.5450046425495,0.0,0.0,535.5450046425495,0.0,511.67071892826385
34,19,0.0,0.0,319.0850951522384,0.0,0.0,319.0850951522384,0.0,248.48652372366695
34,20,0.0,0.0,532.4300790532412,0.0,0.0,532.4300790532412,0.0,317.00436476752697
34,21,0.0,0.0,640.2742883357055,0.0,0.0,640.2742883357055,0.0,461.72571690713403
34,22,0.0,0.0,607.2845132225412,0.0,0.0,607.2845132225412,0.0,800.2445132225414
34,23,0.0,0.0,94.96414575760684,0.0,0.0,94.96414575760684,0.0,446.40414575760684
34,24,0.0,67.62285714285713,293.6116679946295,0.0,0.0,293.6116679946295,0.0,293.6116679946295
34,25,0.0,0.0,0.0,0.0,0.0,0.0,0.0,606.1687853764911
34,26,0.0,0.0,692.371868014478,0.0,0.0,692.371868014478,0.0,515.5390108716208
34,27,0.0,0.0,360.3767624802143,0.0,0.0,360.3767624802143,0.0,360.3767624802143
34,28,0.0,0.0,459.43511158306285,0.0,0.0,459.43511158306285,0.0,459.43511158306285
34,29,0.0,0.0,484.45512919039135,0.0,0.0,484.45512919039135,0.0,303.3865577618199
34,30,0.0,0.0,461.29501802596576,0.0,0.0,461.29501802596576,0.0,399.99787516882293
34,31,0.0,0.0,604.5425532664549,0.0,0.0,604.5425532664549,0.0,604.5425532664549
34,32,0.0,580.1257142857143,731.6638187541605,0.0,0.0,731.6638187541605,0.0,731.6638187541605
34,33,0.0,54.715714285714284,387.6046854422369,0.0,0.0,387.6046854422369,0.0,387.6046854422369
34,34,0.0,0.0,341.8265828677995,0.0,0.0,341.8265828677995,0.0,341.8265828677995
34,35,0.0,0.0,555.4187688238021,0.0,0.0,555.4187688238021,0.0,473.57305453808783
34,36,0.0,0.0,533.5777968875105,0.0,0.0,533.5777968875105,0.0,465.0377968875106
34,37,0.0,0.0,531.5765751956624,0.0,0.0,531.5765751956624,0.0,499.0694323385195
34,38,0.0,0.0,472.45952311495296,0.0,0.0,472.45952311495296,0.0,472.45952311495296
34,39,0.0,0.0,477.2820600370111,0.0,0.0,477.2820600370111,0.0,426.3106314655825
34,40,0.0,0.0,436.34456550509617,0.0,0.0,436.34456550509617,0.0,333.35885121938185
34,41,0.0,0.0,128.5021209715381,0.0,0.0,128.5021209715381,0.0,443.69926382868096
34,42,0.0,0.0,575.7007616010708,0.0,0.0,575.7007616010708,0.0,506.47219017249927
34,43,0.0,0.0,628.6867754800733,0.0,0.0,628.6867754800733,0.0,628.6867754800733
34,44,0.0,0.0,420.8416125415339,0.0,0.0,420.8416125415339,0.0,358.5730411129624
34,45,0.0,0.0,75.14395289989363,0.0,0.0,75.14395289989363,0.0,579.8639528998937
34,46,0.0,0.0,0.0,0.0,0.0,0.0,0.0,443.02372387621017
34,47,0.0,0.0,519.8640457198017,0.0,0.0,519.8640457198017,0.0,496.81690286265876
34,48,0.0,0.0,717.2304117578415,0.0,0.0,717.2304117578415,0.0,641.8389831864129
34,49,0.0,0.0,141.49526632892048,0.0,0.0,141.49526632892048,0.0,487.01526632892046
34,50,0.0,122.3188143490188,601.2159572061618,0.0,0.0,601.2159572061618,0.0,523.2473857775904
34,51,0.0,0.0,395.3726715847887,0.0,0.0,395.3726715847887,0.0,259.208385870503
34,52,0.0,0.0,380.7615989786771,0.0,0.0,380.7615989786771,0.0,380.7615989786771
34,53,0.0,0.0,318.1697980913675,0.0,0.0,318.1697980913675,0.0,258.1640838056532
34,54,0.0,0.0,98.22694653905438,0.0,0.0,98.22694653905438,0.0,501.63266082476866
34,55,0.0,451.9792779737844,451.9792779737844,0.0,0.0,451.9792779737844,0.0,400.0764208309273
34,56,0.0,0.0,429.8090103605885,0.0,0.0,429.8090103605885,0.0,314.01615321773136
34,57,0.0,0.0,659.6195999601068,0.0,0.0,659.6195999601068,0.0,630.8653142458211
34,58,0.0,0.0,531.8916570891947,0.0,0.0,531.8916570891947,0.0,483.4645142320519
34,59,0.0,0.0,457.5037363877819,0.0,0.0,457.5037363877819,0.0,430.3294506734961
34,60,0.0,0.0,491.6463170063927,0.0,0.0,491.6463170063927,0.0,491.6463170063927
34,61,0.0,0.0,473.35788191754955,0.0,0.0,473.35788191754955,0.0,396.926453346121
34,62,0.0,0.0,539.3348136174634,0.0,0.0,539.3348136174634,0.0,539.3348136174634
34,63,0.0,0.0,622.6951124396414,0.0,0.0,622.6951124396414,0.0,576.2179695824985
34,64,0.0,0.0,498.090891665591,0.0,0.0,498.090891665591,0.0,343.3537488084482
34,65,0.0,0.0,518.1437441040448,0.0,0.0,518.1437441040448,0.0,335.8808869611877
34,66,0.0,0.0,288.79843978342166,0.0,0.0,288.79843978342166,0.0,773.3012969262788
34,67,0.0,0.0,265.7220066926587,0.0,0.0,265.7220066926587,0.0,388.8420066926587
34,68,0.0,0.0,341.89315843956047,0.0,0.0,341.89315843956047,0.0,295.44458701098904
34,69,0.0,0.0,435.9537288527044,0.0,0.0,435.9537288527044,0.0,402.82372885270433
34,70,0.0,0.0,734.7827613384617,0.0,0.0,734.7827613384617,0.0,438.57276133846165
34,71,0.0,0.0,321.018512836418,0.0,0.0,321.018512836418,0.0,321.018512836418
34,72,0.0,0.0,458.1880906829639,0.0,0.0,458.1880906829639,0.0,369.6952335401067
34,73,0.0,305.87285714285713,387.8642473709285,0.0,0.0,387.8642473709285,0.0,387.8642473709285
34,74,0.0,0.0,568.3604415274482,0.0,0.0,568.3604415274482,0.0,461.3690129560197
34,75,0.0,67.73000000000002,463.044545073087,0.0,0.0,463.044545073087,0.0,430.2988307873727
34,76,0.0,0.0,622.1741256360528,0.0,0.0,622.1741256360528,0.0,366.95698277891006
34,77,0.0,0.0,0.0,0.0,0.0,0.0,0.0,410.8229100878211
34,78,0.0,0.0,523.9077911882896,0.0,0.0,523.9077911882896,0.0,426.2349340454325
34,79,0.0,0.0,330.1576369863013,0.0,0.0,330.1576369863013,0.0,219.56369550267294
34,80,0.0,0.0,437.34355086721325,0.0,0.0,437.34355086721325,0.0,352.65640801007044
34,81,0.0,0.0,465.9821472638765,0.0,0.0,465.9821472638765,0.0,556.0821472638765
34,82,0.0,482.8677314713692,482.8677314713692,0.0,0.0,482.8677314713692,0.0,434.18201718565496
34,83,0.0,0.0,567.6039562124582,0.0,0.0,567.6039562124582,0.0,567.6039562124582
34,84,0.0,0.0,440.1155801951785,0.0,0.0,440.1155801951785,0.0,357.27843733803564
34,85,0.0,0.0,0.0,0.0,0.0,0.0,0.0,365.19946409893384
34,86,0.0,0.0,498.010571251955,0.0,0.0,498.010571251955,0.0,471.28771410909786
34,87,0.0,0.0,435.78799906816175,0.0,0.0,435.78799906816175,0.0,240.37942763959035
34,88,0.0,306.7208071562575,551.1208071562575,0.0,0.0,551.1208071562575,0.0,551.1208071562575
34,89,0.0,0.0,358.4726485373871,0.0,0.0,358.4726485373871,0.0,358.4726485373871
34,90,0.0,0.0,481.4795962233576,0.0,0.0,481.4795962233576,0.0,481.4795962233576
34,91,0.0,0.0,538.1498484323222,0.0,0.0,538.1498484323222,0.0,511.24270557517934
34,92,0.0,0.0,620.1524435062646,0.0,0.0,620.1524435062646,0.0,453.05958636340745
34,93,0.0,0.0,466.7013174309867,0.0,0.0,466.7013174309867,0.0,466.7013174309867
34,94,0.0,0.0,408.63408689558224,0.0,0.0,408.63408689558224,0.0,408.63408689558224
34,95,0.0,0.0,110.10373872796202,0.0,0.0,110.10373872796202,0.0,375.3265958708191
35,0,139.16,0.0,381.56516624054257,139.16,0.0,242.40516624054257,14.114285714285728,256.5194519548283
35,1,0.0,0.0,492.50808192811303,0.0,0.0,492.50808192811303,0.0,351.8537962138273
35,2,0.0,0.0,670.7069216924428,0.0,0.0,670.7069216924428,0.0,670.7069216924428
35,3,0.0,0.0,267.2735305643938,0.0,0.0,267.2735305643938,0.0,267.2735305643938
35,4,138.81,0.0,565.0170890909325,138.81,0.0,426.20708909093247,92.94999999999999,519.1570890909325
35,5,0.0,0.0,370.33652597066794,0.0,0.0,370.33652597066794,0.0,265.3065259706679
35,6,0.0,0.0,501.11927373761154,0.0,0.0,501.11927373761154,0.0,422.22641659475437
35,7,0.0,0.0,332.95795102038494,0.0,0.0,332.95795102038494,0.0,332.95795102038494
35,8,0.0,0.0,446.5510487361232,0.0,0.0,446.5510487361232,0.0,409.7467630218375
35,9,422.5,0.0,437.8463490765678,422.5,0.0,15.346349076567776,482.85714285714283,498.2034919337106
35,10,0.0,0.0,624.6591587713206,0.0,0.0,624.6591587713206,0.0,543.9505873427491
35,11,0.0,0.0,427.81044582436414,0.0,0.0,427.81044582436414,0.0,306.9190172529356
35,12,0.0,0.0,432.1616737758087,0.0,0.0,432.1616737758087,0.0,432.1616737758087
35,13,0.0,0.0,499.1120714872016,0.0,0.0,499.1120714872016,0.0,499.1120714872016
35,14,0.0,0.0,698.8711438036075,0.0,0.0,698.8711438036075,0.0,389.86114380360743
35,15,543.62,238.14220462672085,238.14220462672085,238.14220462672085,305.47779537327915,0.0,315.8022046267208,315.8022046267208
35,16,0.0,0.0,475.62961876404984,0.0,0.0,475.62961876404984,0.0,475.62961876404984
35,17,0.0,0.0,450.22052414460586,0.0,0.0,450.22052414460586,0.0,450.22052414460586
35,18,0.0,0.0,535.5450046425495,0.0,0.0,535.5450046425495,0.0,511.67071892826385
35,19,151.29,0.0,319.0850951522384,151.29,0.0,167.79509515223842,102.30428571428567,270.0993808665241
35,20,0.0,0.0,532.4300790532412,0.0,0.0,532.4300790532412,0.0,317.00436476752697
35,21,0.0,0.0,640.2742883357055,0.0,0.0,640.2742883357055,0.0,427.8628597642769
35,22,0.0,192.96000000000015,800.2445132225414,0.0,0.0,800.2445132225414,0.0,800.2445132225414
35,23,0.0,351.44,446.40414575760684,0.0,0.0,446.40414575760684,0.0,446.40414575760684
35,24,0.0,0.0,293.6116679946295,0.0,0.0,293.6116679946295,0.0,293.6116679946295
35,25,140.21,606.1687853764911,606.1687853764911,140.21,0.0,465.95878537649105,89.32714285714292,555.285928233634
35,26,0.0,0.0,692.371868014478,0.0,0.0,692.371868014478,0.0,515.5390108716208
35,27,0.0,0.0,360.3767624802143,0.0,0.0,360.3767624802143,0.0,360.3767624802143
35,28,0.0,0.0,459.43511158306285,0.0,0.0,459.43511158306285,0.0,459.43511158306285
35,29,352.84,0.0,484.45512919039135,352.84,0.0,131.61512919039137,222.17714285714283,353.7922720475342
35,30,0.0,0.0,461.29501802596576,0.0,0.0,461.29501802596576,0.0,399.99787516882293
35,31,0.0,0.0,604.5425532664549,0.0,0.0,604.5425532664549,0.0,573.5354104093121
35,32,0.0,0.0,731.6638187541605,0.0,0.0,731.6638187541605,0.0,659.7509616113034
35,33,0.0,0.0,387.6046854422369,0.0,0.0,387.6046854422369,0.0,387.6046854422369
35,34,0.0,0.0,341.8265828677995,0.0,0.0,341.8265828677995,0.0,341.8265828677995
35,35,0.0,0.0,555.4187688238021,0.0,0.0,555.4187688238021,0.0,473.57305453808783
35,36,0.0,0.0,533.5777968875105,0.0,0.0,533.5777968875105,0.0,465.0377968875106
35,37,0.0,0.0,531.5765751956624,0.0,0.0,531.5765751956624,0.0,499.0694323385195
35,38,0.0,0.0,472.45952311495296,0.0,0.0,472.45952311495296,0.0,472.45952311495296
35,39,0.0,0.0,477.2820600370111,0.0,0.0,477.2820600370111,0.0,426.3106314655825
35,40,0.0,0.0,436.34456550509617,0.0,0.0,436.34456550509617,0.0,333.35885121938185
35,41,0.0,315.19714285714286,443.69926382868096,0.0,0.0,443.69926382868096,0.0,401.6978352572524
35,42,0.0,0.0,575.7007616010708,0.0,0.0,575.7007616010708,0.0,506.47219017249927
35,43,484.24,0.0,628.6867754800733,484.24,0.0,144.44677548007326,553.4171428571431,697.8639183372163
35,44,590.85,0.0,420.8416125415339,420.8416125415339,170.00838745846613,0.0,442.9801839701053,442.9801839701053
35,45,451.46,504.72,579.8639528998937,451.46,0.0,128.40395289989368,515.9542857142858,644.3582386141794
35,46,0.0,443.02372387621017,443.02372387621017,0.0,0.0,443.02372387621017,0.0,443.02372387621017
35,47,0.0,0.0,519.8640457198017,0.0,0.0,519.8640457198017,0.0,441.26261714837307
35,48,0.0,0.0,717.2304117578415,0.0,0.0,717.2304117578415,0.0,641.8389831864129
35,49,266.3,345.52,487.01526632892046,266.3,0.0,220.71526632892045,304.3428571428572,525.0581234717777
35,50,0.0,0.0,601.2159572061618,0.0,0.0,601.2159572061618,0.0,507.8759572061618
35,51,354.86,0.0,395.3726715847887,354.86,0.0,40.51267158478868,269.39000000000004,309.9026715847887
35,52,0.0,0.0,380.7615989786771,0.0,0.0,380.7615989786771,0.0,380.7615989786771
35,53,0.0,0.0,318.1697980913675,0.0,0.0,318.1697980913675,0.0,258.1640838056532
35,54,0.0,403.4057142857143,501.63266082476866,0.0,0.0,501.63266082476866,0.0,501.63266082476866
35,55,0.0,0.0,451.9792779737844,0.0,0.0,451.9792779737844,0.0,400.0764208309273
35,56,0.0,0.0,429.8090103605885,0.0,0.0,429.8090103605885,0.0,314.01615321773136
35,57,0.0,0.0,659.6195999601068,0.0,0.0,659.6195999601068,0.0,630.8653142458211
35,58,0.0,0.0,531.8916570891947,0.0,0.0,531.8916570891947,0.0,483.4645142320519
35,59,0.0,0.0,457.5037363877819,0.0,0.0,457.5037363877819,0.0,430.3294506734961
35,60,0.0,0.0,491.6463170063927,0.0,0.0,491.6463170063927,0.0,449.54203129210697
35,61,0.0,0.0,473.35788191754955,0.0,0.0,473.35788191754955,0.0,396.926453346121
35,62,0.0,0.0,539.3348136174634,0.0,0.0,539.3348136174634,0.0,539.3348136174634
35,63,0.0,0.0,622.6951124396414,0.0,0.0,622.6951124396414,0.0,576.2179695824985
35,64,0.0,0.0,498.090891665591,0.0,0.0,498.090891665591,0.0,343.3537488084482
35,65,0.0,0.0,518.1437441040448,0.0,0.0,518.1437441040448,0.0,335.8808869611877
35,66,0.0,484.5028571428572,773.3012969262788,0.0,0.0,773.3012969262788,0.0,773.3012969262788
35,67,0.0,123.12,388.8420066926587,0.0,0.0,388.8420066926587,0.0,388.8420066926587
35,68,0.0,0.0,341.89315843956047,0.0,0.0,341.89315843956047,0.0,295.44458701098904
35,69,150.22,0.0,435.9537288527044,150.22,0.0,285.7337288527044,116.42142857142852,402.15515742413294
35,70,0.0,0.0,734.7827613384617,0.0,0.0,734.7827613384617,0.0,438.57276133846165
35,71,0.0,0.0,321.018512836418,0.0,0.0,321.018512836418,0.0,321.018512836418
35,72,0.0,0.0,458.1880906829639,0.0,0.0,458.1880906829639,0.0,369.6952335401067
35,73,0.0,0.0,387.8642473709285,0.0,0.0,387.8642473709285,0.0,350.02424737092855
35,74,0.0,0.0,568.3604415274482,0.0,0.0,568.3604415274482,0.0,461.3690129560197
35,75,0.0,0.0,463.044545073087,0.0,0.0,463.044545073087,0.0,430.2988307873727
35,76,0.0,0.0,622.1741256360528,0.0,0.0,622.1741256360528,0.0,366.95698277891006
35,77,0.0,488.5443386592498,488.5443386592498,0.0,0.0,488.5443386592498,0.0,357.05576723067827
35,78,0.0,0.0,523.9077911882896,0.0,0.0,523.9077911882896,0.0,426.2349340454325
35,79,0.0,0.0,330.1576369863013,0.0,0.0,330.1576369863013,0.0,219.56369550267294
35,80,0.0,0.0,437.34355086721325,0.0,0.0,437.34355086721325,0.0,301.297836581499
35,81,538.15,90.10000000000002,556.0821472638765,538.15,0.0,17.932147263876573,615.0285714285714,632.9607186924479
35,82,151.99,0.0,482.8677314713692,151.99,0.0,330.8777314713692,89.99571428571437,420.8734457570836
35,83,0.0,0.0,567.6039562124582,0.0,0.0,567.6039562124582,0.0,515.9339562124583
35,84,0.0,0.0,440.1155801951785,0.0,0.0,440.1155801951785,0.0,357.27843733803564
35,85,0.0,365.19946409893384,365.19946409893384,0.0,0.0,365.19946409893384,0.0,365.19946409893384
35,86,0.0,0.0,498.010571251955,0.0,0.0,498.010571251955,0.0,471.28771410909786
35,87,0.0,0.0,435.78799906816175,0.0,0.0,435.78799906816175,0.0,240.37942763959035
35,88,0.0,0.0,551.1208071562575,0.0,0.0,551.1208071562575,0.0,551.1208071562575
35,89,0.0,0.0,358.4726485373871,0.0,0.0,358.4726485373871,0.0,358.4726485373871
35,90,513.11,0.0,481.4795962233576,481.4795962233576,31.630403776642424,0.0,554.7810247947862,554.7810247947862
35,91,0.0,0.0,538.1498484323222,0.0,0.0,538.1498484323222,0.0,511.24270557517934
35,92,226.55,0.0,620.1524435062646,226.55,0.0,393.6024435062646,91.82142857142856,485.42387207769315
35,93,0.0,0.0,466.7013174309867,0.0,0.0,466.7013174309867,0.0,466.7013174309867
35,94,0.0,0.0,408.63408689558224,0.0,0.0,408.63408689558224,0.0,408.63408689558224
35,95,0.0,347.8085714285714,457.9123101565334,0.0,0.0,457.9123101565334,0.0,375.3265958708191
36,0,0.0,0.0,242.40516624054257,0.0,0.0,242.40516624054257,0.0,256.5194519548283
36,1,0.0,0.0,492.50808192811303,0.0,0.0,492.50808192811303,0.0,351.8537962138273
36,2,0.0,0.0,670.7069216924428,0.0,0.0,670.7069216924428,0.0,670.7069216924428
36,3,0.0,0.0,267.2735305643938,0.0,0.0,267.2735305643938,0.0,267.2735305643938
36,4,0.0,0.0,426.20708909093247,0.0,0.0,426.20708909093247,0.0,519.1570890909325
36,5,0.0,0.0,370.33652597066794,0.0,0.0,370.33652597066794,0.0,265.3065259706679
36,6,0.0,0.0,501.11927373761154,0.0,0.0,501.11927373761154,0.0,385.4521308804687
36,7,0.0,0.0,332.95795102038494,0.0,0.0,332.95795102038494,0.0,332.95795102038494
36,8,0.0,0.0,446.5510487361232,0.0,0.0,446.5510487361232,0.0,409.7467630218375
36,9,402.12,0.0,15.346349076567776,15.346349076567776,386.7736509234322,0.0,72.79206336228214,555.649206219425
36,10,0.0,0.0,624.6591587713206,0.0,0.0,624.6591587713206,0.0,543.9505873427491
36,11,0.0,0.0,427.81044582436414,0.0,0.0,427.81044582436414,0.0,306.9190172529356
36,12,0.0,0.0,432.1616737758087,0.0,0.0,432.1616737758087,0.0,432.1616737758087
36,13,516.47,0.0,499.1120714872016,499.1120714872016,17.357928512798424,0.0,572.8935000586301,572.8935000586301
36,14,0.0,0.0,698.8711438036075,0.0,0.0,698.8711438036075,0.0,389.86114380360743
36,15,0.0,0.0,0.0,0.0,0.0,0.0,0.0,315.8022046267208
36,16,0.0,0.0,475.62961876404984,0.0,0.0,475.62961876404984,0.0,475.62961876404984
36,17,0.0,0.0,450.22052414460586,0.0,0.0,450.22052414460586,0.0,426.973381287463
36,18,0.0,0.0,535.5450046425495,0.0,0.0,535.5450046425495,0.0,439.4292903568353
36,19,135.87,0.0,167.79509515223842,135.87,0.0,31.925095152238413,155.28,289.5093808665241
36,20,145.58,0.0,532.4300790532412,145.58,0.0,386.8500790532412,0.0,337.80150762466985
36,21,0.0,0.0,640.2742883357055,0.0,0.0,640.2742883357055,0.0,342.3171454785627
36,22,0.0,0.0,800.2445132225414,0.0,0.0,800.2445132225414,0.0,738.17594179397
36,23,0.0,0.0,446.40414575760684,0.0,0.0,446.40414575760684,0.0,446.40414575760684
36,24,0.0,0.0,293.6116679946295,0.0,0.0,293.6116679946295,0.0,293.6116679946295
36,25,0.0,0.0,465.95878537649105,0.0,0.0,465.95878537649105,0.0,555.285928233634
36,26,0.0,0.0,692.371868014478,0.0,0.0,692.371868014478,0.0,515.5390108716208
36,27,0.0,0.0,360.3767624802143,0.0,0.0,360.3767624802143,0.0,360.3767624802143
36,28,0.0,0.0,459.43511158306285,0.0,0.0,459.43511158306285,0.0,459.43511158306285
36,29,0.0,0.0,131.61512919039137,0.0,0.0,131.61512919039137,0.0,353.7922720475342
36,30,329.76,0.0,461.29501802596576,329.76,0.0,131.53501802596577,315.57142857142856,447.1064465973943
36,31,0.0,0.0,604.5425532664549,0.0,0.0,604.5425532664549,0.0,573.5354104093121
36,32,0.0,0.0,731.6638187541605,0.0,0.0,731.6638187541605,0.0,659.7509616113034
36,33,325.52,0.0,387.6046854422369,325.52,0.0,62.084685442236946,372.0228571428571,434.10754258509405
36,34,0.0,0.0,341.8265828677995,0.0,0.0,341.8265828677995,0.0,341.8265828677995
36,35,0.0,0.0,555.4187688238021,0.0,0.0,555.4187688238021,0.0,473.57305453808783
36,36,0.0,0.0,533.5777968875105,0.0,0.0,533.5777968875105,0.0,465.0377968875106
36,37,126.81,0.0,531.5765751956624,126.81,0.0,404.76657519566237,112.4185714285714,517.1851466242338
36,38,0.0,0.0,472.45952311495296,0.0,0.0,472.45952311495296,0.0,472.45952311495296
36,39,0.0,0.0,477.2820600370111,0.0,0.0,477.2820600370111,0.0,361.01777432272536
36,40,0.0,0.0,436.34456550509617,0.0,0.0,436.34456550509617,0.0,333.35885121938185
36,41,0.0,0.0,443.69926382868096,0.0,0.0,443.69926382868096,0.0,401.6978352572524
36,42,162.99,0.0,575.7007616010708,162.99,0.0,412.71076160107077,79.6314285714285,492.3421901724993
36,43,0.0,0.0,144.44677548007326,0.0,0.0,144.44677548007326,0.0,615.6467754800733
36,44,0.0,0.0,0.0,0.0,0.0,0.0,0.0,442.9801839701053
36,45,0.0,0.0,128.40395289989368,0.0,0.0,128.40395289989368,0.0,644.3582386141794
36,46,0.0,0.0,443.02372387621017,0.0,0.0,443.02372387621017,0.0,443.02372387621017
36,47,0.0,0.0,519.8640457198017,0.0,0.0,519.8640457198017,0.0,441.26261714837307
36,48,0.0,0.0,717.2304117578415,0.0,0.0,717.2304117578415,0.0,571.6275546149843
36,49,0.0,0.0,220.71526632892045,0.0,0.0,220.71526632892045,0.0,525.0581234717777
36,50,0.0,0.0,601.2159572061618,0.0,0.0,601.2159572061618,0.0,507.8759572061618
36,51,0.0,0.0,40.51267158478868,0.0,0.0,40.51267158478868,0.0,309.9026715847887
36,52,465.37,0.0,380.7615989786771,380.7615989786771,84.60840102132289,0.0,447.2430275501057,447.2430275501057
36,53,0.0,0.0,318.1697980913675,0.0,0.0,318.1697980913675,0.0,258.1640838056532
36,54,0.0,0.0,501.63266082476866,0.0,0.0,501.63266082476866,0.0,501.63266082476866
36,55,0.0,0.0,451.9792779737844,0.0,0.0,451.9792779737844,0.0,400.0764208309273
36,56,0.0,0.0,429.8090103605885,0.0,0.0,429.8090103605885,0.0,314.01615321773136
36,57,0.0,0.0,659.6195999601068,0.0,0.0,659.6195999601068,0.0,630.8653142458211
36,58,0.0,0.0,531.8916570891947,0.0,0.0,531.8916570891947,0.0,409.6545142320519
36,59,0.0,0.0,457.5037363877819,0.0,0.0,457.5037363877819,0.0,430.3294506734961
36,60,0.0,0.0,491.6463170063927,0.0,0.0,491.6463170063927,0.0,410.202031292107
36,61,0.0,0.0,473.35788191754955,0.0,0.0,473.35788191754955,0.0,396.926453346121
36,62,156.68,0.0,539.3348136174634,156.68,0.0,382.6548136174634,105.6028571428572,488.2576707603206
36,63,0.0,0.0,622.6951124396414,0.0,0.0,622.6951124396414,0.0,576.2179695824985
36,64,0.0,0.0,498.090891665591,0.0,0.0,498.090891665591,0.0,343.3537488084482
36,65,0.0,0.0,518.1437441040448,0.0,0.0,518.1437441040448,0.0,335.8808869611877
36,66,0.0,0.0,773.3012969262788,0.0,0.0,773.3012969262788,0.0,773.3012969262788
36,67,0.0,0.0,388.8420066926587,0.0,0.0,388.8420066926587,0.0,388.8420066926587
36,68,0.0,0.0,341.89315843956047,0.0,0.0,341.89315843956047,0.0,295.44458701098904
36,69,0.0,0.0,285.7337288527044,0.0,0.0,285.7337288527044,0.0,402.15515742413294
36,70,240.77,0.0,734.7827613384617,240.77,0.0,494.0127613384617,0.0,444.82561848131877
36,71,0.0,0.0,321.018512836418,0.0,0.0,321.018512836418,0.0,321.018512836418
36,72,0.0,0.0,458.1880906829639,0.0,0.0,458.1880906829639,0.0,369.6952335401067
36,73,0.0,0.0,387.8642473709285,0.0,0.0,387.8642473709285,0.0,350.02424737092855
36,74,0.0,0.0,568.3604415274482,0.0,0.0,568.3604415274482,0.0,461.3690129560197
36,75,0.0,0.0,463.044545073087,0.0,0.0,463.044545073087,0.0,430.2988307873727
36,76,0.0,0.0,622.1741256360528,0.0,0.0,622.1741256360528,0.0,366.95698277891006
36,77,0.0,0.0,488.5443386592498,0.0,0.0,488.5443386592498,0.0,357.05576723067827
36,78,0.0,0.0,523.9077911882896,0.0,0.0,523.9077911882896,0.0,348.8549340454325
36,79,0.0,0.0,330.1576369863013,0.0,0.0,330.1576369863013,0.0,219.56369550267294
36,80,0.0,0.0,437.34355086721325,0.0,0.0,437.34355086721325,0.0,301.297836581499
36,81,0.0,0.0,17.932147263876573,0.0,0.0,17.932147263876573,0.0,632.9607186924479
36,82,0.0,0.0,330.8777314713692,0.0,0.0,330.8777314713692,0.0,420.8734457570836
36,83,0.0,0.0,567.6039562124582,0.0,0.0,567.6039562124582,0.0,483.7196704981725
36,84,156.29,0.0,440.1155801951785,156.29,0.0,283.82558019517853,78.23714285714283,362.06272305232136
36,85,0.0,0.0,365.19946409893384,0.0,0.0,365.19946409893384,0.0,365.19946409893384
36,86,186.29,0.0,498.010571251955,186.29,0.0,311.720571251955,186.18000000000006,497.90057125195506
36,87,0.0,0.0,435.78799906816175,0.0,0.0,435.78799906816175,0.0,240.37942763959035
36,88,0.0,0.0,551.1208071562575,0.0,0.0,551.1208071562575,0.0,551.1208071562575
36,89,0.0,0.0,358.4726485373871,0.0,0.0,358.4726485373871,0.0,358.4726485373871
36,90,0.0,0.0,0.0,0.0,0.0,0.0,0.0,554.7810247947862
36,91,0.0,0.0,538.1498484323222,0.0,0.0,538.1498484323222,0.0,511.24270557517934
36,92,0.0,0.0,393.6024435062646,0.0,0.0,393.6024435062646,0.0,485.42387207769315
36,93,0.0,0.0,466.7013174309867,0.0,0.0,466.7013174309867,0.0,466.7013174309867
36,94,0.0,0.0,408.63408689558224,0.0,0.0,408.63408689558224,0.0,408.63408689558224
36,95,0.0,0.0,457.9123101565334,0.0,0.0,457.9123101565334,0.0,375.3265958708191
37,0,0.0,14.114285714285728,256.5194519548283,0.0,0.0,256.5194519548283,0.0,256.5194519548283
37,1,0.0,0.0,492.50808192811303,0.0,0.0,492.50808192811303,0.0,351.8537962138273
37,2,0.0,0.0,670.7069216924428,0.0,0.0,670.7069216924428,0.0,588.7569216924428
37,3,0.0,0.0,267.2735305643938,0.0,0.0,267.2735305643938,0.0,267.2735305643938
37,4,0.0,92.94999999999999,519.1570890909325,0.0,0.0,519.1570890909325,0.0,519.1570890909325
37,5,0.0,0.0,370.33652597066794,0.0,0.0,370.33652597066794,0.0,265.3065259706679
37,6,0.0,0.0,501.11927373761154,0.0,0.0,501.11927373761154,0.0,337.9707023090401
37,7,0.0,0.0,332.95795102038494,0.0,0.0,332.95795102038494,0.0,332.95795102038494
37,8,987.04,0.0,446.5510487361232,446.5510487361232,540.4889512638767,0.0,550.7524773075518,550.7524773075518
37,9,0.0,482.85714285714283,482.85714285714283,0.0,0.0,482.85714285714283,0.0,555.649206219425
37,10,0.0,0.0,624.6591587713206,0.0,0.0,624.6591587713206,0.0,543.9505873427491
37,11,0.0,0.0,427.81044582436414,0.0,0.0,427.81044582436414,0.0,306.9190172529356
37,12,828.93,0.0,432.1616737758087,432.1616737758087,396.76832622419124,0.0,531.4102452043801,531.4102452043801
37,13,0.0,0.0,0.0,0.0,0.0,0.0,0.0,572.8935000586301
37,14,0.0,0.0,698.8711438036075,0.0,0.0,698.8711438036075,0.0,389.86114380360743
37,15,0.0,315.8022046267208,315.8022046267208,0.0,0.0,315.8022046267208,0.0,315.8022046267208
37,16,0.0,0.0,475.62961876404984,0.0,0.0,475.62961876404984,0.0,475.62961876404984
37,17,413.46,0.0,450.22052414460586,413.46,0.0,36.76052414460588,428.71714285714285,465.4776670017487
37,18,0.0,0.0,535.5450046425495,0.0,0.0,535.5450046425495,0.0,439.4292903568353
37,19,0.0,102.30428571428567,134.22938086652408,0.0,0.0,134.22938086652408,2.842170943040401e-14,289.5093808665241
37,20,0.0,0.0,386.8500790532412,0.0,0.0,386.8500790532412,0.0,337.80150762466985
37,21,0.0,0.0,640.2742883357055,0.0,0.0,640.2742883357055,0.0,342.3171454785627
37,22,0.0,0.0,800.2445132225414,0.0,0.0,800.2445132225414,0.0,709.418798936827
37,23,341.2,0.0,446.40414575760684,341.2,0.0,105.20414575760685,389.9428571428572,495.14700290046403
37,24,0.0,0.0,293.6116679946295,0.0,0.0,293.6116679946295,0.0,293.6116679946295
37,25,0.0,89.32714285714292,555.285928233634,0.0,0.0,555.285928233634,0.0,555.285928233634
37,26,312.54,0.0,692.371868014478,312.54,0.0,379.83186801447795,180.35571428571433,560.1875823001923
37,27,0.0,0.0,360.3767624802143,0.0,0.0,360.3767624802143,0.0,360.3767624802143
37,28,0.0,0.0,459.43511158306285,0.0,0.0,459.43511158306285,0.0,423.13511158306284
37,29,0.0,222.17714285714283,353.7922720475342,0.0,0.0,353.7922720475342,0.0,353.7922720475342
37,30,373.49,0.0,131.53501802596577,131.53501802596577,241.95498197403424,0.0,138.95644659739435,454.5278751688229
37,31,0.0,0.0,604.5425532664549,0.0,0.0,604.5425532664549,0.0,573.5354104093121
37,32,0.0,0.0,731.6638187541605,0.0,0.0,731.6638187541605,0.0,591.0938187541606
37,33,0.0,0.0,62.084685442236946,0.0,0.0,62.084685442236946,0.0,434.10754258509405
37,34,0.0,0.0,341.8265828677995,0.0,0.0,341.8265828677995,0.0,341.8265828677995
37,35,0.0,0.0,555.4187688238021,0.0,0.0,555.4187688238021,0.0,473.57305453808783
37,36,0.0,0.0,533.5777968875105,0.0,0.0,533.5777968875105,0.0,465.0377968875106
37,37,0.0,0.0,404.76657519566237,0.0,0.0,404.76657519566237,0.0,517.1851466242338
37,38,462.31,0.0,472.45952311495296,462.31,0.0,10.149523114952956,528.3542857142857,538.5038088292387
37,39,0.0,0.0,477.2820600370111,0.0,0.0,477.2820600370111,0.0,315.02777432272535
37,40,0.0,0.0,436.34456550509617,0.0,0.0,436.34456550509617,0.0,333.35885121938185
37,41,0.0,0.0,443.69926382868096,0.0,0.0,443.69926382868096,0.0,401.6978352572524
37,42,531.12,0.0,412.71076160107077,412.71076160107077,118.40923839892923,0.0,422.2979044582137,501.9293330296422
37,43,0.0,553.4171428571431,697.8639183372163,0.0,0.0,697.8639183372163,0.0,552.0510611943591
37,44,374.61,442.9801839701053,442.9801839701053,374.61,0.0,68.3701839701053,428.1257142857143,496.4958982558196
37,45,0.0,515.9542857142858,644.3582386141795,0.0,0.0,644.3582386141795,0.0,644.3582386141794
37,46,486.5,0.0,443.02372387621017,443.02372387621017,43.47627612378983,0.0,512.5237238762102,512.5237238762102
37,47,0.0,0.0,519.8640457198017,0.0,0.0,519.8640457198017,0.0,441.26261714837307
37,48,0.0,0.0,717.2304117578415,0.0,0.0,717.2304117578415,0.0,549.2546974721271
37,49,0.0,304.3428571428572,525.0581234717777,0.0,0.0,525.0581234717777,0.0,525.0581234717777
37,50,0.0,0.0,601.2159572061618,0.0,0.0,601.2159572061618,0.0,507.8759572061618
37,51,0.0,269.39000000000004,309.9026715847887,0.0,0.0,309.9026715847887,0.0,309.9026715847887
37,52,198.89,0.0,0.0,0.0,198.89,0.0,0.0,407.43731326439143
37,53,0.0,0.0,318.1697980913675,0.0,0.0,318.1697980913675,0.0,258.1640838056532
37,54,0.0,0.0,501.63266082476866,0.0,0.0,501.63266082476866,0.0,501.63266082476866
37,55,0.0,0.0,451.9792779737844,0.0,0.0,451.9792779737844,0.0,400.0764208309273
37,56,0.0,0.0,429.8090103605885,0.0,0.0,429.8090103605885,0.0,314.01615321773136
37,57,188.23,0.0,659.6195999601068,188.23,0.0,471.3895999601068,186.36571428571415,657.755314245821
37,58,0.0,0.0,531.8916570891947,0.0,0.0,531.8916570891947,0.0,409.6545142320519
37,59,0.0,0.0,457.5037363877819,0.0,0.0,457.5037363877819,0.0,430.3294506734961
37,60,0.0,0.0,491.6463170063927,0.0,0.0,491.6463170063927,0.0,410.202031292107
37,61,0.0,0.0,473.35788191754955,0.0,0.0,473.35788191754955,0.0,396.926453346121
37,62,0.0,0.0,382.6548136174634,0.0,0.0,382.6548136174634,0.0,488.2576707603206
37,63,0.0,0.0,622.6951124396414,0.0,0.0,622.6951124396414,0.0,576.2179695824985
37,64,0.0,0.0,498.090891665591,0.0,0.0,498.090891665591,0.0,343.3537488084482
37,65,0.0,0.0,518.1437441040448,0.0,0.0,518.1437441040448,0.0,335.8808869611877
37,66,0.0,0.0,773.3012969262788,0.0,0.0,773.3012969262788,0.0,691.4755826405645
37,67,0.0,0.0,388.8420066926587,0.0,0.0,388.8420066926587,0.0,388.8420066926587
37,68,0.0,0.0,341.89315843956047,0.0,0.0,341.89315843956047,0.0,295.44458701098904
37,69,0.0,116.42142857142852,402.15515742413294,0.0,0.0,402.15515742413294,0.0,402.15515742413294
37,70,0.0,0.0,494.0127613384617,0.0,0.0,494.0127613384617,0.0,444.82561848131877
37,71,0.0,0.0,321.018512836418,0.0,0.0,321.018512836418,0.0,321.018512836418
37,72,0.0,0.0,458.1880906829639,0.0,0.0,458.1880906829639,0.0,369.6952335401067
37,73,0.0,0.0,387.8642473709285,0.0,0.0,387.8642473709285,0.0,350.02424737092855
37,74,0.0,0.0,568.3604415274482,0.0,0.0,568.3604415274482,0.0,377.4090129560197
37,75,0.0,0.0,463.044545073087,0.0,0.0,463.044545073087,0.0,430.2988307873727
37,76,0.0,0.0,622.1741256360528,0.0,0.0,622.1741256360528,0.0,366.95698277891006
37,77,497.67,0.0,488.5443386592498,488.5443386592498,9.125661340750241,0.0,428.15148151639255,428.15148151639255
37,78,0.0,0.0,523.9077911882896,0.0,0.0,523.9077911882896,0.0,348.8549340454325
37,79,0.0,0.0,330.1576369863013,0.0,0.0,330.1576369863013,0.0,219.56369550267294
37,80,496.83,0.0,437.34355086721325,437.34355086721325,59.48644913278673,0.0,372.27355086721326,372.27355086721326
37,81,0.0,615.0285714285714,632.9607186924479,0.0,0.0,632.9607186924479,0.0,632.9607186924479
37,82,0.0,89.99571428571437,420.8734457570836,0.0,0.0,420.8734457570836,0.0,420.8734457570836
37,83,0.0,0.0,567.6039562124582,0.0,0.0,567.6039562124582,0.0,483.7196704981725
37,84,0.0,0.0,283.82558019517853,0.0,0.0,283.82558019517853,0.0,362.06272305232136
37,85,0.0,0.0,365.19946409893384,0.0,0.0,365.19946409893384,0.0,365.19946409893384
37,86,0.0,0.0,311.720571251955,0.0,0.0,311.720571251955,0.0,497.90057125195506
37,87,0.0,0.0,435.78799906816175,0.0,0.0,435.78799906816175,0.0,240.37942763959035
37,88,0.0,0.0,551.1208071562575,0.0,0.0,551.1208071562575,0.0,551.1208071562575
37,89,0.0,0.0,358.4726485373871,0.0,0.0,358.4726485373871,0.0,358.4726485373871
37,90,222.72,554.7810247947862,554.7810247947862,222.72,0.0,332.06102479478614,254.53714285714295,586.5981676519291
37,91,109.8,0.0,538.1498484323222,109.8,0.0,428.3498484323222,71.17000000000002,499.5198484323222
37,92,0.0,91.82142857142856,485.42387207769315,0.0,0.0,485.42387207769315,0.0,485.42387207769315
37,93,0.0,0.0,466.7013174309867,0.0,0.0,466.7013174309867,0.0,466.7013174309867
37,94,0.0,0.0,408.63408689558224,0.0,0.0,408.63408689558224,0.0,408.63408689558224
37,95,0.0,0.0,457.9123101565334,0.0,0.0,457.9123101565334,0.0,375.3265958708191
38,0,0.0,0.0,256.5194519548283,0.0,0.0,256.5194519548283,0.0,256.5194519548283
38,1,0.0,0.0,492.50808192811303,0.0,0.0,492.50808192811303,0.0,351.8537962138273
38,2,0.0,0.0,670.7069216924428,0.0,0.0,670.7069216924428,0.0,588.7569216924428
38,3,0.0,0.0,267.2735305643938,0.0,0.0,267.2735305643938,0.0,267.2735305643938
38,4,0.0,0.0,519.1570890909325,0.0,0.0,519.1570890909325,0.0,519.1570890909325
38,5,0.0,0.0,370.33652597066794,0.0,0.0,370.33652597066794,0.0,265.3065259706679
38,6,0.0,0.0,501.11927373761154,0.0,0.0,501.11927373761154,0.0,337.9707023090401
38,7,0.0,0.0,332.95795102038494,0.0,0.0,332.95795102038494,0.0,332.95795102038494
38,8,0.0,0.0,0.0,0.0,0.0,0.0,0.0,550.7524773075518
38,9,0.0,72.79206336228214,555.649206219425,0.0,0.0,555.649206219425,0.0,555.649206219425
38,10,0.0,0.0,624.6591587713206,0.0,0.0,624.6591587713206,0.0,463.3848730570349
38,11,0.0,0.0,427.81044582436414,0.0,0.0,427.81044582436414,0.0,306.9190172529356
38,12,0.0,0.0,0.0,0.0,0.0,0.0,0.0,531.4102452043801
38,13,286.26,572.8935000586301,572.8935000586301,286.26,0.0,286.63350005863015,327.1542857142857,613.7877857729159
38,14,550.97,0.0,698.8711438036075,550.97,0.0,147.9011438036075,276.15,424.0511438036075
38,15,0.0,0.0,315.8022046267208,0.0,0.0,315.8022046267208,0.0,315.8022046267208
38,16,0.0,0.0,475.62961876404984,0.0,0.0,475.62961876404984,0.0,475.62961876404984
38,17,0.0,0.0,36.76052414460588,0.0,0.0,36.76052414460588,0.0,465.4776670017487
38,18,0.0,0.0,535.5450046425495,0.0,0.0,535.5450046425495,0.0,439.4292903568353
38,19,598.89,155.28,289.5093808665241,289.5093808665241,309.3806191334759,0.0,375.0650951522383,375.06509515223837
38,20,0.0,0.0,386.8500790532412,0.0,0.0,386.8500790532412,0.0,337.80150762466985
38,21,0.0,0.0,640.2742883357055,0.0,0.0,640.2742883357055,0.0,342.3171454785627
38,22,384.05,0.0,800.2445132225414,384.05,0.0,416.1945132225414,348.08857142857136,764.2830846511127
38,23,0.0,0.0,105.20414575760685,0.0,0.0,105.20414575760685,0.0,418.2727171861783
38,24,0.0,0.0,293.6116679946295,0.0,0.0,293.6116679946295,0.0,293.6116679946295
38,25,0.0,0.0,555.285928233634,0.0,0.0,555.285928233634,0.0,555.285928233634
38,26,0.0,0.0,379.83186801447795,0.0,0.0,379.83186801447795,0.0,511.0347251573352
38,27,219.72,0.0,360.3767624802143,219.72,0.0,140.65676248021433,251.10857142857142,391.76533390878575
38,28,0.0,0.0,459.43511158306285,0.0,0.0,459.43511158306285,0.0,423.13511158306284
38,29,0.0,0.0,353.7922720475342,0.0,0.0,353.7922720475342,0.0,339.19941490467704
38,30,0.0,315.57142857142856,315.57142857142856,0.0,0.0,315.57142857142856,0.0,454.5278751688229
38,31,0.0,0.0,604.5425532664549,0.0,0.0,604.5425532664549,0.0,573.5354104093121
38,32,0.0,0.0,731.6638187541605,0.0,0.0,731.6638187541605,0.0,591.0938187541606
38,33,0.0,372.0228571428571,434.10754258509405,0.0,0.0,434.10754258509405,0.0,434.10754258509405
38,34,0.0,0.0,341.8265828677995,0.0,0.0,341.8265828677995,0.0,262.9537257249424
38,35,0.0,0.0,555.4187688238021,0.0,0.0,555.4187688238021,0.0,473.57305453808783
38,36,360.96,0.0,533.5777968875105,360.96,0.0,172.61779688751056,343.9857142857143,516.6035111732249
38,37,176.85,112.4185714285714,517.1851466242338,176.85,0.0,340.33514662423374,137.03857142857146,477.3737180528052
38,38,0.0,0.0,10.149523114952956,0.0,0.0,10.149523114952956,0.0,538.5038088292387
38,39,0.0,0.0,477.2820600370111,0.0,0.0,477.2820600370111,0.0,315.02777432272535
38,40,0.0,0.0,436.34456550509617,0.0,0.0,436.34456550509617,0.0,333.35885121938185
38,41,0.0,0.0,443.69926382868096,0.0,0.0,443.69926382868096,0.0,401.6978352572524
38,42,0.0,79.6314285714285,79.6314285714285,0.0,0.0,79.6314285714285,0.0,456.3850473153565
38,43,0.0,0.0,697.8639183372163,0.0,0.0,697.8639183372163,0.0,552.0510611943591
38,44,0.0,0.0,68.3701839701053,0.0,0.0,68.3701839701053,0.0,496.4958982558196
38,45,0.0,0.0,644.3582386141795,0.0,0.0,644.3582386141795,0.0,644.3582386141794
38,46,574.68,0.0,0.0,0.0,574.68,0.0,82.09714285714279,594.620866733353
38,47,0.0,0.0,519.8640457198017,0.0,0.0,519.8640457198017,0.0,441.26261714837307
38,48,0.0,0.0,717.2304117578415,0.0,0.0,717.2304117578415,0.0,549.2546974721271
38,49,0.0,0.0,525.0581234717777,0.0,0.0,525.0581234717777,0.0,525.0581234717777
38,50,0.0,0.0,601.2159572061618,0.0,0.0,601.2159572061618,0.0,507.8759572061618
38,51,188.32,0.0,309.9026715847887,188.32,0.0,121.58267158478873,215.22285714285715,336.8055287276459
38,52,0.0,447.2430275501057,447.2430275501057,0.0,0.0,447.2430275501057,0.0,407.43731326439143
38,53,0.0,0.0,318.1697980913675,0.0,0.0,318.1697980913675,0.0,258.1640838056532
38,54,0.0,0.0,501.63266082476866,0.0,0.0,501.63266082476866,0.0,422.12980368191154
38,55,0.0,0.0,451.9792779737844,0.0,0.0,451.9792779737844,0.0,400.0764208309273
38,56,152.75,0.0,429.8090103605885,152.75,0.0,277.0590103605885,58.77857142857141,335.8375817891599
38,57,0.0,0.0,471.3895999601068,0.0,0.0,471.3895999601068,0.0,657.755314245821
38,58,0.0,0.0,531.8916570891947,0.0,0.0,531.8916570891947,0.0,409.6545142320519
38,59,0.0,0.0,457.5037363877819,0.0,0.0,457.5037363877819,0.0,430.3294506734961
38,60,0.0,0.0,491.6463170063927,0.0,0.0,491.6463170063927,0.0,410.202031292107
38,61,211.98,0.0,473.35788191754955,211.98,0.0,261.37788191754953,165.83142857142866,427.2093104889782
38,62,502.32,105.6028571428572,488.2576707603206,488.2576707603206,14.0623292396794,0.0,560.0176707603206,560.0176707603206
38,63,0.0,0.0,622.6951124396414,0.0,0.0,622.6951124396414,0.0,490.5393981539272
38,64,550.87,0.0,498.090891665591,498.090891665591,52.77910833440899,0.0,422.0494630941625,422.0494630941625
38,65,0.0,0.0,518.1437441040448,0.0,0.0,518.1437441040448,0.0,335.8808869611877
38,66,0.0,0.0,773.3012969262788,0.0,0.0,773.3012969262788,0.0,691.4755826405645
38,67,125.94,0.0,388.8420066926587,125.94,0.0,262.9020066926587,143.93142857142857,406.83343526408726
38,68,235.81,0.0,341.89315843956047,235.81,0.0,106.08315843956046,223.04857142857145,329.1317298681319
38,69,0.0,0.0,402.15515742413294,0.0,0.0,402.15515742413294,0.0,381.56515742413296
38,70,0.0,0.0,494.0127613384617,0.0,0.0,494.0127613384617,0.0,444.82561848131877
38,71,0.0,0.0,321.018512836418,0.0,0.0,321.018512836418,0.0,321.018512836418
38,72,0.0,0.0,458.1880906829639,0.0,0.0,458.1880906829639,0.0,369.6952335401067
38,73,0.0,0.0,387.8642473709285,0.0,0.0,387.8642473709285,0.0,350.02424737092855
38,74,0.0,0.0,568.3604415274482,0.0,0.0,568.3604415274482,0.0,377.4090129560197
38,75,0.0,0.0,463.044545073087,0.0,0.0,463.044545073087,0.0,430.2988307873727
38,76,0.0,0.0,622.1741256360528,0.0,0.0,622.1741256360528,0.0,366.95698277891006
38,77,0.0,0.0,0.0,0.0,0.0,0.0,0.0,428.15148151639255
38,78,0.0,0.0,523.9077911882896,0.0,0.0,523.9077911882896,0.0,282.91779118828964
38,79,0.0,0.0,330.1576369863013,0.0,0.0,330.1576369863013,0.0,219.56369550267294
38,80,0.0,0.0,0.0,0.0,0.0,0.0,0.0,372.27355086721326
38,81,0.0,0.0,632.9607186924479,0.0,0.0,632.9607186924479,0.0,632.9607186924479
38,82,0.0,0.0,420.8734457570836,0.0,0.0,420.8734457570836,0.0,420.8734457570836
38,83,0.0,0.0,567.6039562124582,0.0,0.0,567.6039562124582,0.0,483.7196704981725
38,84,0.0,78.23714285714283,362.06272305232136,0.0,0.0,362.06272305232136,0.0,362.06272305232136
38,85,0.0,0.0,365.19946409893384,0.0,0.0,365.19946409893384,0.0,365.19946409893384
38,86,0.0,186.18000000000006,497.90057125195506,0.0,0.0,497.90057125195506,0.0,478.82485696624076
38,87,0.0,0.0,435.78799906816175,0.0,0.0,435.78799906816175,0.0,240.37942763959035
38,88,0.0,0.0,551.1208071562575,0.0,0.0,551.1208071562575,0.0,551.1208071562575
38,89,0.0,0.0,358.4726485373871,0.0,0.0,358.4726485373871,0.0,358.4726485373871
38,90,0.0,0.0,332.06102479478614,0.0,0.0,332.06102479478614,0.0,586.5981676519291
38,91,514.35,0.0,428.3498484323222,428.3498484323222,86.00015156767785,0.0,485.1698484323221,556.3398484323221
38,92,486.78,0.0,485.42387207769315,485.42387207769315,1.3561279223068254,0.0,554.9638720776932,554.9638720776932
38,93,402.43,0.0,466.7013174309867,402.43,0.0,64.2713174309867,459.92,524.1913174309867
38,94,0.0,0.0,408.63408689558224,0.0,0.0,408.63408689558224,0.0,408.63408689558224
38,95,0.0,0.0,457.9123101565334,0.0,0.0,457.9123101565334,0.0,375.3265958708191
39,0,0.0,0.0,256.5194519548283,0.0,0.0,256.5194519548283,0.0,256.5194519548283
39,1,0.0,0.0,492.50808192811303,0.0,0.0,492.50808192811303,0.0,351.8537962138273
39,2,0.0,0.0,670.7069216924428,0.0,0.0,670.7069216924428,0.0,588.7569216924428
39,3,0.0,0.0,267.2735305643938,0.0,0.0,267.2735305643938,0.0,267.2735305643938
39,4,0.0,0.0,519.1570890909325,0.0,0.0,519.1570890909325,0.0,519.1570890909325
39,5,0.0,0.0,370.33652597066794,0.0,0.0,370.33652597066794,0.0,265.3065259706679
39,6,0.0,0.0,501.11927373761154,0.0,0.0,501.11927373761154,0.0,337.9707023090401
39,7,0.0,0.0,332.95795102038494,0.0,0.0,332.95795102038494,0.0,265.74223673467066
39,8,134.89,550.7524773075518,550.7524773075518,134.89,0.0,415.8624773075518,154.15999999999997,570.0224773075518
39,9,0.0,0.0,555.649206219425,0.0,0.0,555.649206219425,0.0,527.732063362282
39,10,0.0,0.0,624.6591587713206,0.0,0.0,624.6591587713206,0.0,463.3848730570349
39,11,0.0,0.0,427.81044582436414,0.0,0.0,427.81044582436414,0.0,306.9190172529356
39,12,0.0,531.4102452043801,531.4102452043801,0.0,0.0,531.4102452043801,0.0,531.4102452043801
39,13,0.0,0.0,286.63350005863015,0.0,0.0,286.63350005863015,0.0,613.7877857729159
39,14,0.0,0.0,147.9011438036075,0.0,0.0,147.9011438036075,0.0,424.0511438036075
39,15,399.62,0.0,315.8022046267208,315.8022046267208,83.81779537327918,0.0,372.8907760552923,372.8907760552923
39,16,0.0,0.0,475.62961876404984,0.0,0.0,475.62961876404984,0.0,475.62961876404984
39,17,0.0,428.71714285714285,465.4776670017487,0.0,0.0,465.4776670017487,0.0,421.2790955731773
39,18,0.0,0.0,535.5450046425495,0.0,0.0,535.5450046425495,0.0,439.4292903568353
39,19,0.0,2.842170943040401e-14,2.842170943040401e-14,0.0,0.0,2.842170943040401e-14,0.0,375.06509515223837
39,20,133.35,0.0,386.8500790532412,133.35,0.0,253.5000790532412,103.35142857142861,356.8515076246698
39,21,0.0,0.0,640.2742883357055,0.0,0.0,640.2742883357055,0.0,304.8957169071341
39,22,0.0,0.0,416.1945132225414,0.0,0.0,416.1945132225414,0.0,764.2830846511127
39,23,0.0,389.9428571428572,495.14700290046403,0.0,0.0,495.14700290046403,0.0,418.2727171861783
39,24,0.0,0.0,293.6116679946295,0.0,0.0,293.6116679946295,0.0,293.6116679946295
39,25,0.0,0.0,555.285928233634,0.0,0.0,555.285928233634,0.0,555.285928233634
39,26,0.0,180.35571428571433,560.1875823001923,0.0,0.0,560.1875823001923,0.0,511.0347251573352
39,27,0.0,0.0,140.65676248021433,0.0,0.0,140.65676248021433,0.0,391.76533390878575
39,28,0.0,0.0,459.43511158306285,0.0,0.0,459.43511158306285,0.0,423.13511158306284
39,29,0.0,0.0,353.7922720475342,0.0,0.0,353.7922720475342,0.0,339.19941490467704
39,30,0.0,138.95644659739435,454.5278751688229,0.0,0.0,454.5278751688229,0.0,454.5278751688229
39,31,190.48,0.0,604.5425532664549,190.48,0.0,414.06255326645487,186.6842857142858,600.7468389807407
39,32,0.0,0.0,731.6638187541605,0.0,0.0,731.6638187541605,0.0,591.0938187541606
39,33,0.0,0.0,434.10754258509405,0.0,0.0,434.10754258509405,0.0,389.40754258509406
39,34,0.0,0.0,341.8265828677995,0.0,0.0,341.8265828677995,0.0,262.9537257249424
39,35,0.0,0.0,555.4187688238021,0.0,0.0,555.4187688238021,0.0,473.57305453808783
39,36,0.0,0.0,172.61779688751056,0.0,0.0,172.61779688751056,0.0,516.6035111732249
39,37,0.0,0.0,340.33514662423374,0.0,0.0,340.33514662423374,0.0,477.3737180528052
39,38,0.0,528.3542857142857,538.5038088292386,0.0,0.0,538.5038088292386,0.0,461.23952311495293
39,39,0.0,0.0,477.2820600370111,0.0,0.0,477.2820600370111,0.0,315.02777432272535
39,40,0.0,0.0,436.34456550509617,0.0,0.0,436.34456550509617,0.0,333.35885121938185
39,41,0.0,0.0,443.69926382868096,0.0,0.0,443.69926382868096,0.0,380.2064066858238
39,42,0.0,422.2979044582137,501.9293330296422,0.0,0.0,501.9293330296422,0.0,456.3850473153565
39,43,0.0,0.0,697.8639183372163,0.0,0.0,697.8639183372163,0.0,552.0510611943591
39,44,363.94,428.1257142857143,496.4958982558196,363.94,0.0,132.5558982558196,415.9314285714285,548.4873268272481
39,45,0.0,0.0,644.3582386141795,0.0,0.0,644.3582386141795,0.0,644.3582386141794
39,46,0.0,512.5237238762102,512.5237238762102,0.0,0.0,512.5237238762102,0.0,594.620866733353
39,47,208.35,0.0,519.8640457198017,208.35,0.0,311.51404571980163,159.51285714285711,471.02690286265874
39,48,0.0,0.0,717.2304117578415,0.0,0.0,717.2304117578415,0.0,483.2046974721271
39,49,0.0,0.0,525.0581234717777,0.0,0.0,525.0581234717777,0.0,525.0581234717777
39,50,0.0,0.0,601.2159572061618,0.0,0.0,601.2159572061618,0.0,507.8759572061618
39,51,0.0,0.0,121.58267158478873,0.0,0.0,121.58267158478873,0.0,336.8055287276459
39,52,0.0,0.0,447.2430275501057,0.0,0.0,447.2430275501057,0.0,407.43731326439143
39,53,0.0,0.0,318.1697980913675,0.0,0.0,318.1697980913675,0.0,258.1640838056532
39,54,0.0,0.0,501.63266082476866,0.0,0.0,501.63266082476866,0.0,422.12980368191154
39,55,295.78,0.0,451.9792779737844,295.78,0.0,156.19927797378443,286.13142857142856,442.330706545213
39,56,0.0,0.0,277.0590103605885,0.0,0.0,277.0590103605885,0.0,335.8375817891599
39,57,0.0,186.36571428571415,657.755314245821,0.0,0.0,657.755314245821,0.0,587.7010285315353
39,58,0.0,0.0,531.8916570891947,0.0,0.0,531.8916570891947,0.0,409.6545142320519
39,59,0.0,0.0,457.5037363877819,0.0,0.0,457.5037363877819,0.0,430.3294506734961
39,60,0.0,0.0,491.6463170063927,0.0,0.0,491.6463170063927,0.0,340.14345986353555
39,61,0.0,0.0,261.37788191754953,0.0,0.0,261.37788191754953,0.0,427.2093104889782
39,62,0.0,0.0,0.0,0.0,0.0,0.0,0.0,513.7190993317491
39,63,195.56,0.0,622.6951124396414,195.56,0.0,427.13511243964143,91.3414285714286,518.47654101107
39,64,0.0,0.0,0.0,0.0,0.0,0.0,0.0,422.0494630941625
39,65,0.0,0.0,518.1437441040448,0.0,0.0,518.1437441040448,0.0,335.8808869611877
39,66,0.0,0.0,773.3012969262788,0.0,0.0,773.3012969262788,0.0,606.8284397834217
39,67,0.0,0.0,262.9020066926587,0.0,0.0,262.9020066926587,0.0,406.83343526408726
39,68,0.0,0.0,106.08315843956046,0.0,0.0,106.08315843956046,0.0,291.37172986813187
39,69,0.0,0.0,402.15515742413294,0.0,0.0,402.15515742413294,0.0,381.56515742413296
39,70,0.0,0.0,494.0127613384617,0.0,0.0,494.0127613384617,0.0,444.82561848131877
39,71,0.0,0.0,321.018512836418,0.0,0.0,321.018512836418,0.0,321.018512836418
39,72,520.51,0.0,458.1880906829639,458.1880906829639,62.3219093170361,0.0,444.05380496867815,444.05380496867815
39,73,0.0,0.0,387.8642473709285,0.0,0.0,387.8642473709285,0.0,350.02424737092855
39,74,0.0,0.0,568.3604415274482,0.0,0.0,568.3604415274482,0.0,377.4090129560197
39,75,216.72,0.0,463.044545073087,216.72,0.0,246.32454507308702,214.93428571428572,461.25883078737274
39,76,0.0,0.0,622.1741256360528,0.0,0.0,622.1741256360528,0.0,366.95698277891006
39,77,0.0,428.15148151639255,428.15148151639255,0.0,0.0,428.15148151639255,0.0,401.15148151639255
39,78,0.0,0.0,523.9077911882896,0.0,0.0,523.9077911882896,0.0,282.91779118828964
39,79,0.0,0.0,330.1576369863013,0.0,0.0,330.1576369863013,0.0,219.56369550267294
39,80,0.0,372.27355086721326,372.27355086721326,0.0,0.0,372.27355086721326,0.0,372.27355086721326
39,81,0.0,0.0,632.9607186924479,0.0,0.0,632.9607186924479,0.0,581.2078615495908
39,82,0.0,0.0,420.8734457570836,0.0,0.0,420.8734457570836,0.0,420.8734457570836
39,83,0.0,0.0,567.6039562124582,0.0,0.0,567.6039562124582,0.0,483.7196704981725
39,84,0.0,0.0,362.06272305232136,0.0,0.0,362.06272305232136,0.0,362.06272305232136
39,85,0.0,0.0,365.19946409893384,0.0,0.0,365.19946409893384,0.0,335.3366069560767
39,86,358.29,0.0,497.90057125195506,358.29,0.0,139.61057125195504,390.3985714285714,530.0091426805265
39,87,393.47,0.0,435.78799906816175,393.47,0.0,42.317999068161726,254.2714285714286,296.5894276395903
39,88,0.0,0.0,551.1208071562575,0.0,0.0,551.1208071562575,0.0,527.962235727686
39,89,0.0,0.0,358.4726485373871,0.0,0.0,358.4726485373871,0.0,358.4726485373871
39,90,468.55,254.53714285714295,586.5981676519291,468.55,0.0,118.04816765192908,535.4857142857143,653.5338819376433
39,91,0.0,71.17000000000002,71.17000000000002,0.0,0.0,71.17000000000002,0.0,556.3398484323221
39,92,0.0,0.0,0.0,0.0,0.0,0.0,0.0,554.9638720776932
39,93,0.0,0.0,64.2713174309867,0.0,0.0,64.2713174309867,0.0,524.1913174309867
39,94,0.0,0.0,408.63408689558224,0.0,0.0,408.63408689558224,0.0,408.63408689558224
39,95,283.23,0.0,457.9123101565334,283.23,0.0,174.6823101565334,241.10571428571433,415.7880244422477
40,0,0.0,0.0,256.5194519548283,0.0,0.0,256.5194519548283,0.0,256.5194519548283
40,1,0.0,0.0,492.50808192811303,0.0,0.0,492.50808192811303,0.0,351.8537962138273
40,2,0.0,0.0,670.7069216924428,0.0,0.0,670.7069216924428,0.0,588.7569216924428
40,3,0.0,0.0,267.2735305643938,0.0,0.0,267.2735305643938,0.0,267.2735305643938
40,4,0.0,0.0,519.1570890909325,0.0,0.0,519.1570890909325,0.0,519.1570890909325
40,5,0.0,0.0,370.33652597066794,0.0,0.0,370.33652597066794,0.0,265.3065259706679
40,6,370.98,0.0,501.11927373761154,370.98,0.0,130.13927373761152,260.8285714285715,390.967845166183
40,7,0.0,0.0,332.95795102038494,0.0,0.0,332.95795102038494,0.0,265.74223673467066
40,8,0.0,0.0,415.8624773075518,0.0,0.0,415.8624773075518,0.0,570.0224773075518
40,9,0.0,0.0,555.649206219425,0.0,0.0,555.649206219425,0.0,527.732063362282
40,10,459.61,0.0,624.6591587713206,459.61,0.0,165.04915877132055,334.2900000000001,499.3391587713206
40,11,0.0,0.0,427.81044582436414,0.0,0.0,427.81044582436414,0.0,306.9190172529356
40,12,0.0,0.0,531.4102452043801,0.0,0.0,531.4102452043801,0.0,531.4102452043801
40,13,0.0,327.1542857142857,613.7877857729159,0.0,0.0,613.7877857729159,0.0,613.7877857729159
40,14,0.0,276.15,424.0511438036075,0.0,0.0,424.0511438036075,0.0,424.0511438036075
40,15,166.85,0.0,0.0,0.0,166.85,0.0,23.83571428571429,396.7264903410066
40,16,0.0,0.0,475.62961876404984,0.0,0.0,475.62961876404984,0.0,475.62961876404984
40,17,0.0,0.0,465.4776670017487,0.0,0.0,465.4776670017487,0.0,421.2790955731773
40,18,0.0,0.0,535.5450046425495,0.0,0.0,535.5450046425495,0.0,439.4292903568353
40,19,0.0,375.0650951522383,375.0650951522383,0.0,0.0,375.0650951522383,5.684341886080802e-14,375.06509515223837
40,20,0.0,0.0,253.5000790532412,0.0,0.0,253.5000790532412,0.0,356.8515076246698
40,21,0.0,0.0,640.2742883357055,0.0,0.0,640.2742883357055,0.0,231.64571690713407
40,22,493.03,348.08857142857136,764.2830846511127,493.03,0.0,271.2530846511128,535.8214285714286,807.0745132225413
40,23,0.0,0.0,495.14700290046403,0.0,0.0,495.14700290046403,0.0,418.2727171861783
40,24,0.0,0.0,293.6116679946295,0.0,0.0,293.6116679946295,0.0,293.6116679946295
40,25,0.0,0.0,555.285928233634,0.0,0.0,555.285928233634,0.0,495.48021394791965
40,26,0.0,0.0,560.1875823001923,0.0,0.0,560.1875823001923,0.0,511.0347251573352
40,27,112.94,251.10857142857142,391.76533390878575,112.94,0.0,278.82533390878575,129.07428571428568,407.89961962307143
40,28,232.33,0.0,459.43511158306285,232.33,0.0,227.10511158306284,229.22,456.32511158306284
40,29,0.0,0.0,353.7922720475342,0.0,0.0,353.7922720475342,0.0,339.19941490467704
40,30,0.0,0.0,454.5278751688229,0.0,0.0,454.5278751688229,0.0,431.63073231168005
40,31,434.71,0.0,414.06255326645487,414.06255326645487,20.64744673354511,0.0,476.1639818378834,662.8482675521692
40,32,0.0,0.0,731.6638187541605,0.0,0.0,731.6638187541605,0.0,508.4695330398748
40,33,216.73,0.0,434.10754258509405,216.73,0.0,217.37754258509406,202.99142857142854,420.3689711565226
40,34,0.0,0.0,341.8265828677995,0.0,0.0,341.8265828677995,0.0,262.9537257249424
40,35,0.0,0.0,555.4187688238021,0.0,0.0,555.4187688238021,0.0,473.57305453808783
40,36,0.0,343.9857142857143,516.6035111732249,0.0,0.0,516.6035111732249,0.0,516.6035111732249
40,37,0.0,137.03857142857146,477.3737180528052,0.0,0.0,477.3737180528052,0.0,477.3737180528052
40,38,0.0,0.0,538.5038088292386,0.0,0.0,538.5038088292386,0.0,461.23952311495293
40,39,0.0,0.0,477.2820600370111,0.0,0.0,477.2820600370111,0.0,254.55348860843966
40,40,495.93,0.0,436.34456550509617,436.34456550509617,59.585434494903836,0.0,404.2059940765247,404.2059940765247
40,41,0.0,0.0,443.69926382868096,0.0,0.0,443.69926382868096,0.0,365.13640668582383
40,42,0.0,0.0,501.9293330296422,0.0,0.0,501.9293330296422,0.0,456.3850473153565
40,43,0.0,0.0,697.8639183372163,0.0,0.0,697.8639183372163,0.0,493.54248976578765
40,44,0.0,0.0,132.5558982558196,0.0,0.0,132.5558982558196,0.0,548.4873268272481
40,45,0.0,0.0,644.3582386141795,0.0,0.0,644.3582386141795,0.0,644.3582386141794
40,46,0.0,82.09714285714279,594.620866733353,0.0,0.0,594.620866733353,0.0,594.620866733353
40,47,0.0,0.0,311.51404571980163,0.0,0.0,311.51404571980163,0.0,471.02690286265874
40,48,0.0,0.0,717.2304117578415,0.0,0.0,717.2304117578415,0.0,483.2046974721271
40,49,0.0,0.0,525.0581234717777,0.0,0.0,525.0581234717777,0.0,525.0581234717777
40,50,394.2,0.0,601.2159572061618,394.2,0.0,207.01595720616177,357.17428571428576,564.1902429204475
40,51,0.0,215.22285714285715,336.8055287276459,0.0,0.0,336.8055287276459,0.0,336.8055287276459
40,52,0.0,0.0,447.2430275501057,0.0,0.0,447.2430275501057,0.0,407.43731326439143
40,53,489.99,0.0,318.1697980913675,318.1697980913675,171.8202019086325,0.0,328.16265523422464,328.16265523422464
40,54,0.0,0.0,501.63266082476866,0.0,0.0,501.63266082476866,0.0,422.12980368191154
40,55,0.0,0.0,156.19927797378443,0.0,0.0,156.19927797378443,0.0,442.330706545213
40,56,0.0,58.77857142857141,335.8375817891599,0.0,0.0,335.8375817891599,0.0,335.8375817891599
40,57,0.0,0.0,657.755314245821,0.0,0.0,657.755314245821,0.0,570.8667428172496
40,58,0.0,0.0,531.8916570891947,0.0,0.0,531.8916570891947,0.0,409.6545142320519
40,59,596.46,0.0,457.5037363877819,457.5037363877819,138.95626361221815,0.0,515.5380221020675,515.5380221020675
40,60,0.0,0.0,491.6463170063927,0.0,0.0,491.6463170063927,0.0,340.14345986353555
40,61,0.0,165.83142857142866,427.2093104889782,0.0,0.0,427.2093104889782,0.0,427.2093104889782
40,62,0.0,560.0176707603206,560.0176707603206,0.0,0.0,560.0176707603206,0.0,513.7190993317491
40,63,0.0,0.0,427.13511243964143,0.0,0.0,427.13511243964143,0.0,447.89654101107004
40,64,106.32,422.0494630941625,422.0494630941625,106.32,0.0,315.7294630941625,121.50857142857143,437.2380345227339
40,65,0.0,0.0,518.1437441040448,0.0,0.0,518.1437441040448,0.0,335.8808869611877
40,66,0.0,0.0,773.3012969262788,0.0,0.0,773.3012969262788,0.0,522.7384397834217
40,67,0.0,143.93142857142857,406.83343526408726,0.0,0.0,406.83343526408726,0.0,406.83343526408726
40,68,0.0,223.04857142857145,329.1317298681319,0.0,0.0,329.1317298681319,0.0,291.37172986813187
40,69,0.0,0.0,402.15515742413294,0.0,0.0,402.15515742413294,0.0,381.56515742413296
40,70,0.0,0.0,494.0127613384617,0.0,0.0,494.0127613384617,0.0,444.82561848131877
40,71,0.0,0.0,321.018512836418,0.0,0.0,321.018512836418,0.0,321.018512836418
40,72,129.79,0.0,0.0,0.0,129.79,0.0,18.541428571428526,462.5952335401067
40,73,0.0,0.0,387.8642473709285,0.0,0.0,387.8642473709285,0.0,350.02424737092855
40,74,0.0,0.0,568.3604415274482,0.0,0.0,568.3604415274482,0.0,377.4090129560197
40,75,0.0,0.0,246.32454507308702,0.0,0.0,246.32454507308702,0.0,461.25883078737274
40,76,0.0,0.0,622.1741256360528,0.0,0.0,622.1741256360528,0.0,366.95698277891006
40,77,0.0,0.0,428.15148151639255,0.0,0.0,428.15148151639255,0.0,401.15148151639255
40,78,0.0,0.0,523.9077911882896,0.0,0.0,523.9077911882896,0.0,282.91779118828964
40,79,549.3,0.0,330.1576369863013,330.1576369863013,219.14236301369863,0.0,298.03512407410153,298.03512407410153
40,80,0.0,0.0,372.27355086721326,0.0,0.0,372.27355086721326,0.0,372.27355086721326
40,81,0.0,0.0,632.9607186924479,0.0,0.0,632.9607186924479,0.0,581.2078615495908
40,82,0.0,0.0,420.8734457570836,0.0,0.0,420.8734457570836,0.0,420.8734457570836
40,83,506.03,0.0,567.6039562124582,506.03,0.0,61.573956212458256,494.4357142857142,556.0096704981725
40,84,0.0,0.0,362.06272305232136,0.0,0.0,362.06272305232136,0.0,362.06272305232136
40,85,0.0,0.0,365.19946409893384,0.0,0.0,365.19946409893384,0.0,271.40517838464814
40,86,0.0,0.0,139.61057125195504,0.0,0.0,139.61057125195504,0.0,530.0091426805265
40,87,0.0,0.0,42.317999068161726,0.0,0.0,42.317999068161726,0.0,296.5894276395903
40,88,0.0,0.0,551.1208071562575,0.0,0.0,551.1208071562575,0.0,527.962235727686
40,89,0.0,0.0,358.4726485373871,0.0,0.0,358.4726485373871,0.0,358.4726485373871
40,90,0.0,0.0,118.04816765192908,0.0,0.0,118.04816765192908,0.0,653.5338819376433
40,91,0.0,485.1698484323221,556.3398484323221,0.0,0.0,556.3398484323221,0.0,511.646991289465
40,92,0.0,554.9638720776932,554.9638720776932,0.0,0.0,554.9638720776932,0.0,554.9638720776932
40,93,0.0,459.92,524.1913174309867,0.0,0.0,524.1913174309867,0.0,491.817031716701
40,94,0.0,0.0,408.63408689558224,0.0,0.0,408.63408689558224,0.0,408.63408689558224
40,95,0.0,0.0,174.6823101565334,0.0,0.0,174.6823101565334,0.0,415.7880244422477
41,0,0.0,0.0,256.5194519548283,0.0,0.0,256.5194519548283,0.0,256.5194519548283
41,1,447.39,0.0,492.50808192811303,447.39,0.0,45.11808192811304,370.6485714285714,415.76665335668446
41,2,250.5,0.0,670.7069216924428,250.5,0.0,420.20692169244285,171.22142857142853,591.4283502638714
41,3,0.0,0.0,267.2735305643938,0.0,0.0,267.2735305643938,0.0,267.2735305643938
41,4,0.0,0.0,519.1570890909325,0.0,0.0,519.1570890909325,0.0,519.1570890909325
41,5,0.0,0.0,370.33652597066794,0.0,0.0,370.33652597066794,0.0,265.3065259706679
41,6,0.0,0.0,130.13927373761152,0.0,0.0,130.13927373761152,0.0,390.967845166183
41,7,0.0,0.0,332.95795102038494,0.0,0.0,332.95795102038494,0.0,265.74223673467066
41,8,0.0,154.15999999999997,570.0224773075518,0.0,0.0,570.0224773075518,0.0,570.0224773075518
41,9,0.0,0.0,555.649206219425,0.0,0.0,555.649206219425,0.0,527.732063362282
41,10,0.0,0.0,165.04915877132055,0.0,0.0,165.04915877132055,0.0,415.30201591417773
41,11,0.0,0.0,427.81044582436414,0.0,0.0,427.81044582436414,0.0,306.9190172529356
41,12,421.43,0.0,531.4102452043801,421.43,0.0,109.98024520438008,481.6342857142858,591.6145309186659
41,13,451.28,0.0,613.7877857729159,451.28,0.0,162.5077857729159,515.7485714285714,678.2563572014873
41,14,0.0,0.0,424.0511438036075,0.0,0.0,424.0511438036075,0.0,424.0511438036075
41,15,0.0,372.8907760552923,372.8907760552923,0.0,0.0,372.8907760552923,0.0,396.7264903410066
41,16,0.0,0.0,475.62961876404984,0.0,0.0,475.62961876404984,0.0,434.50247590690697
41,17,0.0,0.0,465.4776670017487,0.0,0.0,465.4776670017487,0.0,421.2790955731773
41,18,0.0,0.0,535.5450046425495,0.0,0.0,535.5450046425495,0.0,360.89214749969244
41,19,0.0,0.0,375.0650951522383,0.0,0.0,375.0650951522383,0.0,375.06509515223837
41,20,0.0,103.35142857142861,356.8515076246698,0.0,0.0,356.8515076246698,0.0,356.8515076246698
41,21,100.27,0.0,640.2742883357055,100.27,0.0,540.0042883357055,0.0,245.97000262141978
41,22,0.0,0.0,271.2530846511128,0.0,0.0,271.2530846511128,0.0,807.0745132225413
41,23,0.0,0.0,495.14700290046403,0.0,0.0,495.14700290046403,0.0,418.2727171861783
41,24,0.0,0.0,293.6116679946295,0.0,0.0,293.6116679946295,0.0,293.6116679946295
41,25,443.99,0.0,555.285928233634,443.99,0.0,111.29592823363396,447.61142857142863,558.9073568050626
41,26,0.0,0.0,560.1875823001923,0.0,0.0,560.1875823001923,0.0,511.0347251573352
41,27,0.0,0.0,278.82533390878575,0.0,0.0,278.82533390878575,0.0,407.89961962307143
41,28,0.0,0.0,227.10511158306284,0.0,0.0,227.10511158306284,0.0,456.32511158306284
41,29,114.57,0.0,353.7922720475342,114.57,0.0,239.2222720475342,116.34428571428572,355.5665577618199
41,30,0.0,0.0,454.5278751688229,0.0,0.0,454.5278751688229,0.0,431.63073231168005
41,31,0.0,186.6842857142858,186.6842857142858,0.0,0.0,186.6842857142858,0.0,662.8482675521692
41,32,0.0,0.0,731.6638187541605,0.0,0.0,731.6638187541605,0.0,508.4695330398748
41,33,0.0,0.0,217.37754258509406,0.0,0.0,217.37754258509406,0.0,420.3689711565226
41,34,0.0,0.0,341.8265828677995,0.0,0.0,341.8265828677995,0.0,262.9537257249424
41,35,0.0,0.0,555.4187688238021,0.0,0.0,555.4187688238021,0.0,473.57305453808783
41,36,324.05,0.0,516.6035111732249,324.05,0.0,192.55351117322488,370.3428571428571,562.896368316082
41,37,0.0,0.0,477.3737180528052,0.0,0.0,477.3737180528052,0.0,477.3737180528052
41,38,0.0,0.0,538.5038088292386,0.0,0.0,538.5038088292386,0.0,461.23952311495293
41,39,599.08,0.0,477.2820600370111,477.2820600370111,121.79793996298895,0.0,340.1363457512968,340.1363457512968
41,40,0.0,0.0,0.0,0.0,0.0,0.0,0.0,404.2059940765247
41,41,563.25,0.0,443.69926382868096,443.69926382868096,119.55073617131904,0.0,445.60069240010955,445.60069240010955
41,42,0.0,0.0,501.9293330296422,0.0,0.0,501.9293330296422,0.0,456.3850473153565
41,43,0.0,0.0,697.8639183372163,0.0,0.0,697.8639183372163,0.0,493.54248976578765
41,44,0.0,415.9314285714285,548.4873268272481,0.0,0.0,548.4873268272481,0.0,508.094469684391
41,45,0.0,0.0,644.3582386141795,0.0,0.0,644.3582386141795,0.0,614.8353814713223
41,46,302.94,0.0,594.620866733353,302.94,0.0,291.68086673335296,346.21714285714285,637.8980095904958
41,47,0.0,159.51285714285711,471.02690286265874,0.0,0.0,471.02690286265874,0.0,471.02690286265874
41,48,0.0,0.0,717.2304117578415,0.0,0.0,717.2304117578415,0.0,483.2046974721271
41,49,202.39,0.0,525.0581234717777,202.39,0.0,322.6681234717777,231.30285714285708,553.9709806146348
41,50,0.0,0.0,207.01595720616177,0.0,0.0,207.01595720616177,0.0,564.1902429204475
41,51,0.0,0.0,336.8055287276459,0.0,0.0,336.8055287276459,0.0,336.8055287276459
41,52,0.0,0.0,447.2430275501057,0.0,0.0,447.2430275501057,0.0,407.43731326439143
41,53,0.0,0.0,0.0,0.0,0.0,0.0,0.0,328.16265523422464
41,54,0.0,0.0,501.63266082476866,0.0,0.0,501.63266082476866,0.0,422.12980368191154
41,55,0.0,286.13142857142856,442.330706545213,0.0,0.0,442.330706545213,0.0,412.8692779737844
41,56,0.0,0.0,335.8375817891599,0.0,0.0,335.8375817891599,0.0,335.8375817891599
41,57,0.0,0.0,657.755314245821,0.0,0.0,657.755314245821,0.0,570.8667428172496
41,58,0.0,0.0,531.8916570891947,0.0,0.0,531.8916570891947,0.0,391.4516570891947
41,59,0.0,0.0,0.0,0.0,0.0,0.0,0.0,515.5380221020675
41,60,0.0,0.0,491.6463170063927,0.0,0.0,491.6463170063927,0.0,340.14345986353555
41,61,0.0,0.0,427.2093104889782,0.0,0.0,427.2093104889782,0.0,427.2093104889782
41,62,0.0,0.0,560.0176707603206,0.0,0.0,560.0176707603206,0.0,513.7190993317491
41,63,514.37,91.3414285714286,518.47654101107,514.37,0.0,4.106541011070021,517.2714285714286,521.3779695824986
41,64,0.0,0.0,315.7294630941625,0.0,0.0,315.7294630941625,0.0,437.2380345227339
41,65,0.0,0.0,518.1437441040448,0.0,0.0,518.1437441040448,0.0,335.8808869611877
41,66,447.22,0.0,773.3012969262788,447.22,0.0,326.0812969262788,260.5457142857143,586.6270112119931
41,67,0.0,0.0,406.83343526408726,0.0,0.0,406.83343526408726,0.0,363.17914954980154
41,68,262.16,0.0,329.1317298681319,262.16,0.0,66.97172986813189,261.8514285714286,328.8231584395605
41,69,0.0,0.0,402.15515742413294,0.0,0.0,402.15515742413294,0.0,381.56515742413296
41,70,0.0,0.0,494.0127613384617,0.0,0.0,494.0127613384617,0.0,444.82561848131877
41,71,0.0,0.0,321.018512836418,0.0,0.0,321.018512836418,0.0,321.018512836418
41,72,0.0,444.05380496867815,444.05380496867815,0.0,0.0,444.05380496867815,0.0,462.5952335401067
41,73,0.0,0.0,387.8642473709285,0.0,0.0,387.8642473709285,0.0,350.02424737092855
41,74,0.0,0.0,568.3604415274482,0.0,0.0,568.3604415274482,0.0,350.61044152744824
41,75,0.0,214.93428571428572,461.25883078737274,0.0,0.0,461.25883078737274,0.0,461.25883078737274
41,76,0.0,0.0,622.1741256360528,0.0,0.0,622.1741256360528,0.0,366.95698277891006
41,77,0.0,0.0,428.15148151639255,0.0,0.0,428.15148151639255,0.0,401.15148151639255
41,78,0.0,0.0,523.9077911882896,0.0,0.0,523.9077911882896,0.0,201.56636261686106
41,79,0.0,0.0,0.0,0.0,0.0,0.0,0.0,298.03512407410153
41,80,0.0,0.0,372.27355086721326,0.0,0.0,372.27355086721326,0.0,372.27355086721326
41,81,375.19,0.0,632.9607186924479,375.19,0.0,257.77071869244793,377.0357142857143,634.8064329781622
41,82,483.27,0.0,420.8734457570836,420.8734457570836,62.39655424291641,0.0,489.9120171856549,489.9120171856549
41,83,0.0,0.0,61.573956212458256,0.0,0.0,61.573956212458256,0.0,556.0096704981725
41,84,0.0,0.0,362.06272305232136,0.0,0.0,362.06272305232136,0.0,323.55272305232137
41,85,0.0,0.0,365.19946409893384,0.0,0.0,365.19946409893384,0.0,271.40517838464814
41,86,0.0,390.3985714285714,530.0091426805265,0.0,0.0,530.0091426805265,0.0,475.2677141090979
41,87,0.0,254.2714285714286,296.5894276395903,0.0,0.0,296.5894276395903,0.0,296.5894276395903
41,88,0.0,0.0,551.1208071562575,0.0,0.0,551.1208071562575,0.0,527.962235727686
41,89,0.0,0.0,358.4726485373871,0.0,0.0,358.4726485373871,0.0,358.4726485373871
41,90,0.0,535.4857142857143,653.5338819376434,0.0,0.0,653.5338819376434,0.0,653.5338819376433
41,91,0.0,0.0,556.3398484323221,0.0,0.0,556.3398484323221,0.0,511.646991289465
41,92,0.0,0.0,554.9638720776932,0.0,0.0,554.9638720776932,0.0,554.9638720776932
41,93,468.1,0.0,524.1913174309867,468.1,0.0,56.09131743098669,502.5971428571429,558.6884602881296
41,94,0.0,0.0,408.63408689558224,0.0,0.0,408.63408689558224,0.0,408.63408689558224
41,95,0.0,241.10571428571433,415.7880244422477,0.0,0.0,415.7880244422477,0.0,383.3580244422477
42,0,0.0,0.0,256.5194519548283,0.0,0.0,256.5194519548283,0.0,182.633737669114
42,1,0.0,0.0,45.11808192811304,0.0,0.0,45.11808192811304,0.0,415.76665335668446
42,2,0.0,0.0,420.20692169244285,0.0,0.0,420.20692169244285,0.0,591.4283502638714
42,3,0.0,0.0,267.2735305643938,0.0,0.0,267.2735305643938,0.0,267.2735305643938
42,4,113.21,0.0,519.1570890909325,113.21,0.0,405.9470890909325,129.38285714285718,535.3299462337897
42,5,0.0,0.0,370.33652597066794,0.0,0.0,370.33652597066794,0.0,265.3065259706679
42,6,0.0,260.8285714285715,390.967845166183,0.0,0.0,390.967845166183,0.0,390.967845166183
42,7,0.0,0.0,332.95795102038494,0.0,0.0,332.95795102038494,0.0,265.74223673467066
42,8,0.0,0.0,570.0224773075518,0.0,0.0,570.0224773075518,0.0,519.1339058789804
42,9,0.0,0.0,555.649206219425,0.0,0.0,555.649206219425,0.0,527.732063362282
42,10,411.97,334.2900000000001,499.3391587713206,411.97,0.0,87.3691587713206,386.7857142857143,474.1548730570349
42,11,0.0,0.0,427.81044582436414,0.0,0.0,427.81044582436414,0.0,306.9190172529356
42,12,0.0,0.0,109.98024520438008,0.0,0.0,109.98024520438008,0.0,591.6145309186659
42,13,0.0,0.0,162.5077857729159,0.0,0.0,162.5077857729159,0.0,678.2563572014873
42,14,0.0,0.0,424.0511438036075,0.0,0.0,424.0511438036075,0.0,424.0511438036075
42,15,574.61,23.83571428571429,396.7264903410066,396.7264903410066,177.88350965899343,0.0,478.81363319814943,478.81363319814943
42,16,0.0,0.0,475.62961876404984,0.0,0.0,475.62961876404984,0.0,434.50247590690697
42,17,0.0,0.0,465.4776670017487,0.0,0.0,465.4776670017487,0.0,421.2790955731773
42,18,0.0,0.0,535.5450046425495,0.0,0.0,535.5450046425495,0.0,360.89214749969244
42,19,544.37,5.684341886080802e-14,375.06509515223837,375.06509515223837,169.30490484776163,0.0,452.8322380093813,452.8322380093813
42,20,0.0,0.0,356.8515076246698,0.0,0.0,356.8515076246698,0.0,356.8515076246698
42,21,0.0,0.0,540.0042883357055,0.0,0.0,540.0042883357055,0.0,245.97000262141978
42,22,0.0,535.8214285714286,807.0745132225413,0.0,0.0,807.0745132225413,0.0,725.7630846511126
42,23,0.0,0.0,495.14700290046403,0.0,0.0,495.14700290046403,0.0,418.2727171861783
42,24,0.0,0.0,293.6116679946295,0.0,0.0,293.6116679946295,0.0,293.6116679946295
42,25,0.0,0.0,111.29592823363396,0.0,0.0,111.29592823363396,0.0,505.55449966220544
42,26,0.0,0.0,560.1875823001923,0.0,0.0,560.1875823001923,0.0,511.0347251573352
42,27,0.0,129.07428571428568,407.89961962307143,0.0,0.0,407.89961962307143,0.0,407.89961962307143
42,28,0.0,229.22,456.32511158306284,0.0,0.0,456.32511158306284,0.0,456.32511158306284
42,29,0.0,0.0,239.2222720475342,0.0,0.0,239.2222720475342,0.0,355.5665577618199
42,30,179.96,0.0,454.5278751688229,179.96,0.0,274.56787516882287,182.7714285714286,457.33930374025147
42,31,0.0,476.1639818378834,662.8482675521692,0.0,0.0,662.8482675521692,0.0,662.8482675521692
42,32,0.0,0.0,731.6638187541605,0.0,0.0,731.6638187541605,0.0,508.4695330398748
42,33,0.0,202.99142857142854,420.3689711565226,0.0,0.0,420.3689711565226,0.0,420.3689711565226
42,34,0.0,0.0,341.8265828677995,0.0,0.0,341.8265828677995,0.0,262.9537257249424
42,35,0.0,0.0,555.4187688238021,0.0,0.0,555.4187688238021,0.0,473.57305453808783
42,36,243.56,0.0,192.55351117322488,192.55351117322488,51.006488826775126,0.0,227.34779688751058,597.6906540303677
42,37,0.0,0.0,477.3737180528052,0.0,0.0,477.3737180528052,0.0,399.4465751956624
42,38,0.0,0.0,538.5038088292386,0.0,0.0,538.5038088292386,0.0,385.0252374006672
42,39,0.0,0.0,0.0,0.0,0.0,0.0,0.0,340.1363457512968
42,40,0.0,404.2059940765247,404.2059940765247,0.0,0.0,404.2059940765247,0.0,404.2059940765247
42,41,0.0,0.0,0.0,0.0,0.0,0.0,0.0,413.6949781143952
42,42,0.0,0.0,501.9293330296422,0.0,0.0,501.9293330296422,0.0,456.3850473153565
42,43,0.0,0.0,697.8639183372163,0.0,0.0,697.8639183372163,0.0,493.54248976578765
42,44,0.0,0.0,548.4873268272481,0.0,0.0,548.4873268272481,0.0,508.094469684391
42,45,0.0,0.0,644.3582386141795,0.0,0.0,644.3582386141795,0.0,614.8353814713223
42,46,0.0,0.0,291.68086673335296,0.0,0.0,291.68086673335296,0.0,589.5422953047816
42,47,413.25,0.0,471.02690286265874,413.25,0.0,57.776902862658744,472.28571428571433,530.0626171483731
42,48,0.0,0.0,717.2304117578415,0.0,0.0,717.2304117578415,0.0,437.65326890069855
42,49,0.0,0.0,322.6681234717777,0.0,0.0,322.6681234717777,0.0,498.1081234717776
42,50,0.0,357.17428571428576,564.1902429204475,0.0,0.0,564.1902429204475,0.0,564.1902429204475
42,51,0.0,0.0,336.8055287276459,0.0,0.0,336.8055287276459,0.0,336.8055287276459
42,52,0.0,0.0,447.2430275501057,0.0,0.0,447.2430275501057,0.0,407.43731326439143
42,53,0.0,328.16265523422464,328.16265523422464,0.0,0.0,328.16265523422464,0.0,328.16265523422464
42,54,0.0,0.0,501.63266082476866,0.0,0.0,501.63266082476866,0.0,422.12980368191154
42,55,0.0,0.0,442.330706545213,0.0,0.0,442.330706545213,0.0,412.8692779737844
42,56,0.0,0.0,335.8375817891599,0.0,0.0,335.8375817891599,0.0,335.8375817891599
42,57,0.0,0.0,657.755314245821,0.0,0.0,657.755314245821,0.0,570.8667428172496
42,58,0.0,0.0,531.8916570891947,0.0,0.0,531.8916570891947,0.0,391.4516570891947
42,59,0.0,515.5380221020675,515.5380221020675,0.0,0.0,515.5380221020675,0.0,515.5380221020675
42,60,0.0,0.0,491.6463170063927,0.0,0.0,491.6463170063927,0.0,340.14345986353555
42,61,221.37,0.0,427.2093104889782,221.37,0.0,205.83931048897819,252.99428571428564,458.8335962032638
42,62,0.0,0.0,560.0176707603206,0.0,0.0,560.0176707603206,0.0,449.79767076032056
42,63,514.34,0.0,4.106541011070021,4.106541011070021,510.23345898893,0.0,77.5836838682128,594.8551124396414
42,64,0.0,121.50857142857143,437.2380345227339,0.0,0.0,437.2380345227339,0.0,437.2380345227339
42,65,0.0,0.0,518.1437441040448,0.0,0.0,518.1437441040448,0.0,335.8808869611877
42,66,0.0,0.0,326.0812969262788,0.0,0.0,326.0812969262788,0.0,586.6270112119931
42,67,0.0,0.0,406.83343526408726,0.0,0.0,406.83343526408726,0.0,363.17914954980154
42,68,194.96,0.0,66.97172986813189,66.97172986813189,127.98827013186812,0.0,56.3474441538462,318.1988727252748
42,69,0.0,0.0,402.15515742413294,0.0,0.0,402.15515742413294,0.0,381.56515742413296
42,70,0.0,0.0,494.0127613384617,0.0,0.0,494.0127613384617,0.0,444.82561848131877
42,71,0.0,0.0,321.018512836418,0.0,0.0,321.018512836418,0.0,321.018512836418
42,72,421.23,18.541428571428526,462.5952335401067,421.23,0.0,41.36523354010666,481.4057142857143,522.7709478258209
42,73,0.0,0.0,387.8642473709285,0.0,0.0,387.8642473709285,0.0,350.02424737092855
42,74,0.0,0.0,568.3604415274482,0.0,0.0,568.3604415274482,0.0,350.61044152744824
42,75,0.0,0.0,461.25883078737274,0.0,0.0,461.25883078737274,0.0,461.25883078737274
42,76,0.0,0.0,622.1741256360528,0.0,0.0,622.1741256360528,0.0,366.95698277891006
42,77,0.0,0.0,428.15148151639255,0.0,0.0,428.15148151639255,0.0,401.15148151639255
42,78,0.0,0.0,523.9077911882896,0.0,0.0,523.9077911882896,0.0,201.56636261686106
42,79,481.4,298.03512407410153,298.03512407410153,298.03512407410153,183.36487592589845,0.0,366.80655264553,366.80655264553
42,80,0.0,0.0,372.27355086721326,0.0,0.0,372.27355086721326,0.0,372.27355086721326
42,81,0.0,0.0,257.77071869244793,0.0,0.0,257.77071869244793,0.0,522.333575835305
42,82,0.0,0.0,0.0,0.0,0.0,0.0,0.0,471.6577314713693
42,83,0.0,494.4357142857142,556.0096704981725,0.0,0.0,556.0096704981725,0.0,556.0096704981725
42,84,0.0,0.0,362.06272305232136,0.0,0.0,362.06272305232136,0.0,323.55272305232137
42,85,0.0,0.0,365.19946409893384,0.0,0.0,365.19946409893384,0.0,271.40517838464814
42,86,439.55,0.0,530.0091426805265,439.55,0.0,90.45914268052644,447.6014285714286,538.060571251955
42,87,0.0,0.0,296.5894276395903,0.0,0.0,296.5894276395903,0.0,296.5894276395903
42,88,0.0,0.0,551.1208071562575,0.0,0.0,551.1208071562575,0.0,527.962235727686
42,89,0.0,0.0,358.4726485373871,0.0,0.0,358.4726485373871,0.0,358.4726485373871
42,90,0.0,0.0,653.5338819376434,0.0,0.0,653.5338819376434,0.0,653.5338819376433
42,91,0.0,0.0,556.3398484323221,0.0,0.0,556.3398484323221,0.0,511.646991289465
42,92,0.0,0.0,554.9638720776932,0.0,0.0,554.9638720776932,0.0,554.9638720776932
42,93,0.0,0.0,56.09131743098669,0.0,0.0,56.09131743098669,0.0,558.6884602881296
42,94,0.0,0.0,408.63408689558224,0.0,0.0,408.63408689558224,0.0,408.63408689558224
42,95,410.18,0.0,415.7880244422477,410.18,0.0,5.608024442247711,436.3471428571429,441.9551672993906
43,0,0.0,0.0,256.5194519548283,0.0,0.0,256.5194519548283,0.0,182.633737669114
43,1,0.0,370.6485714285714,415.76665335668446,0.0,0.0,415.76665335668446,0.0,415.76665335668446
43,2,287.17,171.22142857142853,591.4283502638714,287.17,0.0,304.25835026387136,328.19428571428574,632.4526359781571
43,3,0.0,0.0,267.2735305643938,0.0,0.0,267.2735305643938,0.0,267.2735305643938
43,4,0.0,0.0,405.9470890909325,0.0,0.0,405.9470890909325,0.0,518.1742319480753
43,5,0.0,0.0,370.33652597066794,0.0,0.0,370.33652597066794,0.0,265.3065259706679
43,6,214.98,0.0,390.967845166183,214.98,0.0,175.987845166183,245.69142857142853,421.67927373761154
43,7,0.0,0.0,332.95795102038494,0.0,0.0,332.95795102038494,0.0,265.74223673467066
43,8,454.75,0.0,570.0224773075518,454.75,0.0,115.27247730755175,468.8257142857143,584.098191593266
43,9,0.0,0.0,555.649206219425,0.0,0.0,555.649206219425,0.0,527.732063362282
43,10,0.0,0.0,87.3691587713206,0.0,0.0,87.3691587713206,0.0,420.48487305703486
43,11,0.0,0.0,427.81044582436414,0.0,0.0,427.81044582436414,0.0,306.9190172529356
43,12,0.0,481.6342857142858,591.6145309186659,0.0,0.0,591.6145309186659,0.0,585.0102452043801
43,13,0.0,515.7485714285714,678.2563572014873,0.0,0.0,678.2563572014873,0.0,678.2563572014873
43,14,0.0,0.0,424.0511438036075,0.0,0.0,424.0511438036075,0.0,424.0511438036075
43,15,0.0,0.0,0.0,0.0,0.0,0.0,0.0,478.81363319814943
43,16,0.0,0.0,475.62961876404984,0.0,0.0,475.62961876404984,0.0,434.50247590690697
43,17,0.0,0.0,465.4776670017487,0.0,0.0,465.4776670017487,0.0,421.2790955731773
43,18,0.0,0.0,535.5450046425495,0.0,0.0,535.5450046425495,0.0,308.10071892826386
43,19,0.0,0.0,0.0,0.0,0.0,0.0,0.0,452.8322380093813
43,20,0.0,0.0,356.8515076246698,0.0,0.0,356.8515076246698,0.0,356.8515076246698
43,21,0.0,0.0,540.0042883357055,0.0,0.0,540.0042883357055,0.0,245.97000262141978
43,22,0.0,0.0,807.0745132225413,0.0,0.0,807.0745132225413,0.0,660.3459417939698
43,23,0.0,0.0,495.14700290046403,0.0,0.0,495.14700290046403,0.0,418.2727171861783
43,24,0.0,0.0,293.6116679946295,0.0,0.0,293.6116679946295,0.0,293.6116679946295
43,25,0.0,447.61142857142863,558.9073568050626,0.0,0.0,558.9073568050626,0.0,505.55449966220544
43,26,0.0,0.0,560.1875823001923,0.0,0.0,560.1875823001923,0.0,511.0347251573352
43,27,122.48,0.0,407.89961962307143,122.48,0.0,285.4196196230714,139.9771428571429,425.3967624802143
43,28,146.88,0.0,456.32511158306284,146.88,0.0,309.44511158306284,167.86285714285714,477.30796872592
43,29,422.25,116.34428571428572,355.5665577618199,355.5665577618199,66.68344223818008,0.0,415.8879863332485,415.8879863332485
43,30,0.0,0.0,274.56787516882287,0.0,0.0,274.56787516882287,0.0,457.33930374025147
43,31,280.2,0.0,662.8482675521692,280.2,0.0,382.6482675521692,320.22857142857146,702.8768389807407
43,32,253.08,0.0,731.6638187541605,253.08,0.0,478.58381875416046,66.04000000000008,544.6238187541605
43,33,0.0,0.0,420.3689711565226,0.0,0.0,420.3689711565226,0.0,420.3689711565226
43,34,0.0,0.0,341.8265828677995,0.0,0.0,341.8265828677995,0.0,262.9537257249424
43,35,0.0,0.0,555.4187688238021,0.0,0.0,555.4187688238021,0.0,473.57305453808783
43,36,0.0,370.3428571428571,370.3428571428571,0.0,0.0,370.3428571428571,0.0,553.8177968875106
43,37,107.4,0.0,477.3737180528052,107.4,0.0,369.9737180528052,0.0,348.9808609099481
43,38,0.0,0.0,538.5038088292386,0.0,0.0,538.5038088292386,0.0,385.0252374006672
43,39,0.0,340.1363457512968,340.1363457512968,0.0,0.0,340.1363457512968,0.0,340.1363457512968
43,40,0.0,0.0,404.2059940765247,0.0,0.0,404.2059940765247,0.0,404.2059940765247
43,41,0.0,445.60069240010955,445.60069240010955,0.0,0.0,445.60069240010955,0.0,413.6949781143952
43,42,0.0,0.0,501.9293330296422,0.0,0.0,501.9293330296422,0.0,436.6850473153564
43,43,0.0,0.0,697.8639183372163,0.0,0.0,697.8639183372163,0.0,493.54248976578765
43,44,0.0,0.0,548.4873268272481,0.0,0.0,548.4873268272481,0.0,508.094469684391
43,45,0.0,0.0,644.3582386141795,0.0,0.0,644.3582386141795,0.0,572.0668100427508
43,46,0.0,346.21714285714285,637.8980095904958,0.0,0.0,637.8980095904958,0.0,589.5422953047816
43,47,0.0,0.0,57.776902862658744,0.0,0.0,57.776902862658744,0.0,530.0626171483731
43,48,0.0,0.0,717.2304117578415,0.0,0.0,717.2304117578415,0.0,437.65326890069855
43,49,0.0,231.30285714285708,553.9709806146348,0.0,0.0,553.9709806146348,0.0,498.1081234717776
43,50,0.0,0.0,564.1902429204475,0.0,0.0,564.1902429204475,0.0,564.1902429204475
43,51,0.0,0.0,336.8055287276459,0.0,0.0,336.8055287276459,0.0,336.8055287276459
43,52,0.0,0.0,447.2430275501057,0.0,0.0,447.2430275501057,0.0,407.43731326439143
43,53,0.0,0.0,328.16265523422464,0.0,0.0,328.16265523422464,0.0,328.16265523422464
43,54,400.22,0.0,501.63266082476866,400.22,0.0,101.41266082476864,377.89142857142866,479.3040893961973
43,55,0.0,0.0,442.330706545213,0.0,0.0,442.330706545213,0.0,398.31356368807013
43,56,189.47,0.0,335.8375817891599,189.47,0.0,146.3675817891599,216.53714285714287,362.9047246463028
43,57,0.0,0.0,657.755314245821,0.0,0.0,657.755314245821,0.0,570.8667428172496
43,58,0.0,0.0,531.8916570891947,0.0,0.0,531.8916570891947,0.0,322.93165708919474
43,59,0.0,0.0,515.5380221020675,0.0,0.0,515.5380221020675,0.0,515.5380221020675
43,60,0.0,0.0,491.6463170063927,0.0,0.0,491.6463170063927,0.0,340.14345986353555
43,61,0.0,0.0,205.83931048897819,0.0,0.0,205.83931048897819,0.0,387.82502477469245
43,62,185.34,0.0,560.0176707603206,185.34,0.0,374.67767076032055,101.5971428571429,476.27481361746345
43,63,0.0,517.2714285714286,517.2714285714286,0.0,0.0,517.2714285714286,0.0,525.0279695824986
43,64,0.0,0.0,437.2380345227339,0.0,0.0,437.2380345227339,0.0,437.2380345227339
43,65,0.0,0.0,518.1437441040448,0.0,0.0,518.1437441040448,0.0,335.8808869611877
43,66,0.0,260.5457142857143,586.6270112119931,0.0,0.0,586.6270112119931,0.0,510.96415406913604
43,67,0.0,0.0,406.83343526408726,0.0,0.0,406.83343526408726,0.0,363.17914954980154
43,68,0.0,261.8514285714286,261.8514285714286,0.0,0.0,261.8514285714286,0.0,318.1988727252748
43,69,0.0,0.0,402.15515742413294,0.0,0.0,402.15515742413294,0.0,329.7108717098472
43,70,0.0,0.0,494.0127613384617,0.0,0.0,494.0127613384617,0.0,444.82561848131877
43,71,567.6,0.0,321.018512836418,321.018512836418,246.58148716358204,0.0,402.10422712213233,402.10422712213233
43,72,0.0,0.0,41.36523354010666,0.0,0.0,41.36523354010666,0.0,522.7709478258209
43,73,0.0,0.0,387.8642473709285,0.0,0.0,387.8642473709285,0.0,350.02424737092855
43,74,0.0,0.0,568.3604415274482,0.0,0.0,568.3604415274482,0.0,350.61044152744824
43,75,0.0,0.0,461.25883078737274,0.0,0.0,461.25883078737274,0.0,461.25883078737274
43,76,0.0,0.0,622.1741256360528,0.0,0.0,622.1741256360528,0.0,366.95698277891006
43,77,0.0,0.0,428.15148151639255,0.0,0.0,428.15148151639255,0.0,356.9857672306783
43,78,0.0,0.0,523.9077911882896,0.0,0.0,523.9077911882896,0.0,201.56636261686106
43,79,217.3,0.0,0.0,0.0,217.3,0.0,31.0428571428572,397.8494097883872
43,80,0.0,0.0,372.27355086721326,0.0,0.0,372.27355086721326,0.0,372.27355086721326
43,81,0.0,377.0357142857143,634.8064329781622,0.0,0.0,634.8064329781622,0.0,522.333575835305
43,82,0.0,489.9120171856549,489.9120171856549,0.0,0.0,489.9120171856549,0.0,471.6577314713693
43,83,0.0,0.0,556.0096704981725,0.0,0.0,556.0096704981725,0.0,556.0096704981725
43,84,0.0,0.0,362.06272305232136,0.0,0.0,362.06272305232136,0.0,323.55272305232137
43,85,0.0,0.0,365.19946409893384,0.0,0.0,365.19946409893384,0.0,271.40517838464814
43,86,113.86,0.0,90.45914268052644,90.45914268052644,23.40085731947356,0.0,106.72485696624068,554.3262855376693
43,87,0.0,0.0,296.5894276395903,0.0,0.0,296.5894276395903,0.0,296.5894276395903
43,88,0.0,0.0,551.1208071562575,0.0,0.0,551.1208071562575,0.0,527.962235727686
43,89,0.0,0.0,358.4726485373871,0.0,0.0,358.4726485373871,0.0,358.4726485373871
43,90,0.0,0.0,653.5338819376434,0.0,0.0,653.5338819376434,0.0,653.5338819376433
43,91,0.0,0.0,556.3398484323221,0.0,0.0,556.3398484323221,0.0,511.646991289465
43,92,0.0,0.0,554.9638720776932,0.0,0.0,554.9638720776932,0.0,554.9638720776932
43,93,0.0,502.5971428571429,558.6884602881296,0.0,0.0,558.6884602881296,0.0,474.2141745738439
43,94,0.0,0.0,408.63408689558224,0.0,0.0,408.63408689558224,0.0,340.9198011812965
43,95,371.03,0.0,5.608024442247711,5.608024442247711,365.42197555775226,0.0,58.612310156533454,494.95945301367635
44,0,0.0,0.0,256.5194519548283,0.0,0.0,256.5194519548283,0.0,182.633737669114
44,1,253.14,0.0,415.76665335668446,253.14,0.0,162.62665335668447,289.30285714285714,451.9295104995416
44,2,124.88,0.0,304.25835026387136,124.88,0.0,179.37835026387137,142.72000000000003,650.2926359781571
44,3,0.0,0.0,267.2735305643938,0.0,0.0,267.2735305643938,0.0,267.2735305643938
44,4,0.0,129.38285714285718,535.3299462337897,0.0,0.0,535.3299462337897,0.0,494.6599462337896
44,5,0.0,0.0,370.33652597066794,0.0,0.0,370.33652597066794,0.0,265.3065259706679
44,6,0.0,0.0,175.987845166183,0.0,0.0,175.987845166183,0.0,421.67927373761154
44,7,0.0,0.0,332.95795102038494,0.0,0.0,332.95795102038494,0.0,265.74223673467066
44,8,0.0,0.0,115.27247730755175,0.0,0.0,115.27247730755175,0.0,584.098191593266
44,9,0.0,0.0,555.649206219425,0.0,0.0,555.649206219425,0.0,471.3234919337106
44,10,0.0,386.7857142857143,474.1548730570349,0.0,0.0,474.1548730570349,0.0,420.48487305703486
44,11,0.0,0.0,427.81044582436414,0.0,0.0,427.81044582436414,0.0,306.9190172529356
44,12,0.0,0.0,591.6145309186659,0.0,0.0,591.6145309186659,0.0,585.0102452043801
44,13,0.0,0.0,678.2563572014873,0.0,0.0,678.2563572014873,0.0,594.7235000586302
44,14,0.0,0.0,424.0511438036075,0.0,0.0,424.0511438036075,0.0,424.0511438036075
44,15,0.0,478.81363319814943,478.81363319814943,0.0,0.0,478.81363319814943,0.0,478.81363319814943
44,16,0.0,0.0,475.62961876404984,0.0,0.0,475.62961876404984,0.0,434.50247590690697
44,17,212.22,0.0,465.4776670017487,212.22,0.0,253.25766700174873,198.33857142857138,451.5962384303201
44,18,0.0,0.0,535.5450046425495,0.0,0.0,535.5450046425495,0.0,308.10071892826386
44,19,0.0,452.8322380093813,452.8322380093813,0.0,0.0,452.8322380093813,0.0,452.8322380093813
44,20,0.0,0.0,356.8515076246698,0.0,0.0,356.8515076246698,0.0,356.8515076246698
44,21,0.0,0.0,540.0042883357055,0.0,0.0,540.0042883357055,0.0,245.97000262141978
44,22,0.0,0.0,807.0745132225413,0.0,0.0,807.0745132225413,0.0,578.7416560796842
44,23,0.0,0.0,495.14700290046403,0.0,0.0,495.14700290046403,0.0,418.2727171861783
44,24,0.0,0.0,293.6116679946295,0.0,0.0,293.6116679946295,0.0,208.8373822803438
44,25,0.0,0.0,558.9073568050626,0.0,0.0,558.9073568050626,0.0,505.55449966220544
44,26,0.0,0.0,560.1875823001923,0.0,0.0,560.1875823001923,0.0,511.0347251573352
44,27,0.0,0.0,285.4196196230714,0.0,0.0,285.4196196230714,0.0,359.70819105164287
44,28,74.02,0.0,309.44511158306284,74.02,0.0,235.42511158306286,84.59428571428572,487.8822544402057
44,29,130.34,0.0,0.0,0.0,130.34,0.0,18.620000000000005,434.5079863332485
44,30,0.0,182.7714285714286,457.33930374025147,0.0,0.0,457.33930374025147,0.0,457.33930374025147
44,31,0.0,0.0,382.6482675521692,0.0,0.0,382.6482675521692,0.0,657.9382675521692
44,32,173.92,0.0,478.58381875416046,173.92,0.0,304.6638187541605,163.25857142857137,533.962390182732
44,33,0.0,0.0,420.3689711565226,0.0,0.0,420.3689711565226,0.0,386.47754258509406
44,34,0.0,0.0,341.8265828677995,0.0,0.0,341.8265828677995,0.0,262.9537257249424
44,35,0.0,0.0,555.4187688238021,0.0,0.0,555.4187688238021,0.0,473.57305453808783
44,36,389.49,227.34779688751058,597.6906540303677,389.49,0.0,208.20065403036767,401.2585714285715,609.4592254589392
44,37,0.0,0.0,369.9737180528052,0.0,0.0,369.9737180528052,0.0,348.9808609099481
44,38,0.0,0.0,538.5038088292386,0.0,0.0,538.5038088292386,0.0,385.0252374006672
44,39,0.0,0.0,340.1363457512968,0.0,0.0,340.1363457512968,0.0,340.1363457512968
44,40,0.0,0.0,404.2059940765247,0.0,0.0,404.2059940765247,0.0,404.2059940765247
44,41,0.0,0.0,445.60069240010955,0.0,0.0,445.60069240010955,0.0,413.6949781143952
44,42,0.0,0.0,501.9293330296422,0.0,0.0,501.9293330296422,0.0,403.14647588678497
44,43,0.0,0.0,697.8639183372163,0.0,0.0,697.8639183372163,0.0,493.54248976578765
44,44,0.0,0.0,548.4873268272481,0.0,0.0,548.4873268272481,0.0,482.58589825581964
44,45,0.0,0.0,644.3582386141795,0.0,0.0,644.3582386141795,0.0,572.0668100427508
44,46,0.0,0.0,637.8980095904958,0.0,0.0,637.8980095904958,0.0,589.5422953047816
44,47,0.0,472.28571428571433,530.0626171483731,0.0,0.0,530.0626171483731,0.0,530.0626171483731
44,48,0.0,0.0,717.2304117578415,0.0,0.0,717.2304117578415,0.0,437.65326890069855
44,49,0.0,0.0,553.9709806146348,0.0,0.0,553.9709806146348,0.0,498.1081234717776
44,50,249.8,0.0,564.1902429204475,249.8,0.0,314.3902429204475,285.4857142857142,599.8759572061617
44,51,0.0,0.0,336.8055287276459,0.0,0.0,336.8055287276459,0.0,336.8055287276459
44,52,0.0,0.0,447.2430275501057,0.0,0.0,447.2430275501057,0.0,407.43731326439143
44,53,283.46,0.0,328.16265523422464,283.46,0.0,44.702655234224665,323.9542857142857,368.65694094851034
44,54,0.0,0.0,101.41266082476864,0.0,0.0,101.41266082476864,0.0,479.3040893961973
44,55,0.0,0.0,442.330706545213,0.0,0.0,442.330706545213,0.0,382.98356368807015
44,56,0.0,0.0,146.3675817891599,0.0,0.0,146.3675817891599,0.0,362.9047246463028
44,57,0.0,0.0,657.755314245821,0.0,0.0,657.755314245821,0.0,494.6281713886782
44,58,0.0,0.0,531.8916570891947,0.0,0.0,531.8916570891947,0.0,322.93165708919474
44,59,110.11,0.0,515.5380221020675,110.11,0.0,405.42802210206753,125.84000000000003,531.2680221020676
44,60,0.0,0.0,491.6463170063927,0.0,0.0,491.6463170063927,0.0,340.14345986353555
44,61,0.0,252.99428571428564,458.8335962032638,0.0,0.0,458.8335962032638,0.0,361.7535962032639
44,62,0.0,0.0,374.67767076032055,0.0,0.0,374.67767076032055,0.0,458.4733850460349
44,63,0.0,77.5836838682128,594.8551124396414,0.0,0.0,594.8551124396414,0.0,525.0279695824986
44,64,0.0,0.0,437.2380345227339,0.0,0.0,437.2380345227339,0.0,437.2380345227339
44,65,0.0,0.0,518.1437441040448,0.0,0.0,518.1437441040448,0.0,335.8808869611877
44,66,0.0,0.0,586.6270112119931,0.0,0.0,586.6270112119931,0.0,510.96415406913604
44,67,0.0,0.0,406.83343526408726,0.0,0.0,406.83343526408726,0.0,363.17914954980154
44,68,0.0,56.3474441538462,318.1988727252748,0.0,0.0,318.1988727252748,0.0,318.1988727252748
44,69,0.0,0.0,402.15515742413294,0.0,0.0,402.15515742413294,0.0,329.7108717098472
44,70,0.0,0.0,494.0127613384617,0.0,0.0,494.0127613384617,0.0,444.82561848131877
44,71,0.0,0.0,0.0,0.0,0.0,0.0,0.0,402.10422712213233
44,72,0.0,481.4057142857143,522.7709478258209,0.0,0.0,522.7709478258209,0.0,522.7709478258209
44,73,0.0,0.0,387.8642473709285,0.0,0.0,387.8642473709285,0.0,350.02424737092855
44,74,952.32,0.0,568.3604415274482,568.3604415274482,383.95955847255186,0.0,486.6561558131625,486.6561558131625
44,75,0.0,0.0,461.25883078737274,0.0,0.0,461.25883078737274,0.0,399.2159736445156
44,76,0.0,0.0,622.1741256360528,0.0,0.0,622.1741256360528,0.0,366.95698277891006
44,77,0.0,0.0,428.15148151639255,0.0,0.0,428.15148151639255,0.0,356.9857672306783
44,78,0.0,0.0,523.9077911882896,0.0,0.0,523.9077911882896,0.0,201.56636261686106
44,79,0.0,366.80655264553,366.80655264553,0.0,0.0,366.80655264553,0.0,397.8494097883872
44,80,0.0,0.0,372.27355086721326,0.0,0.0,372.27355086721326,0.0,372.27355086721326
44,81,0.0,0.0,634.8064329781622,0.0,0.0,634.8064329781622,0.0,522.333575835305
44,82,0.0,0.0,489.9120171856549,0.0,0.0,489.9120171856549,0.0,471.6577314713693
44,83,0.0,0.0,556.0096704981725,0.0,0.0,556.0096704981725,0.0,556.0096704981725
44,84,0.0,0.0,362.06272305232136,0.0,0.0,362.06272305232136,0.0,299.3298659094642
44,85,0.0,0.0,365.19946409893384,0.0,0.0,365.19946409893384,0.0,271.40517838464814
44,86,557.46,447.6014285714286,447.6014285714286,447.6014285714286,109.85857142857145,0.0,493.33714285714296,600.0619998233836
44,87,0.0,0.0,296.5894276395903,0.0,0.0,296.5894276395903,0.0,296.5894276395903
44,88,0.0,0.0,551.1208071562575,0.0,0.0,551.1208071562575,0.0,527.962235727686
44,89,0.0,0.0,358.4726485373871,0.0,0.0,358.4726485373871,0.0,358.4726485373871
44,90,172.85,0.0,653.5338819376434,172.85,0.0,480.6838819376434,116.90999999999997,597.5938819376433
44,91,0.0,0.0,556.3398484323221,0.0,0.0,556.3398484323221,0.0,511.646991289465
44,92,0.0,0.0,554.9638720776932,0.0,0.0,554.9638720776932,0.0,554.9638720776932
44,93,0.0,0.0,558.6884602881296,0.0,0.0,558.6884602881296,0.0,474.2141745738439
44,94,314.47,0.0,408.63408689558224,314.47,0.0,94.16408689558222,291.68,385.8440868955822
44,95,0.0,436.3471428571429,436.3471428571429,0.0,0.0,436.3471428571429,0.0,426.21659587081916
45,0,0.0,0.0,256.5194519548283,0.0,0.0,256.5194519548283,0.0,182.633737669114
45,1,0.0,0.0,162.62665335668447,0.0,0.0,162.62665335668447,0.0,451.9295104995416
45,2,0.0,328.19428571428574,507.5726359781571,0.0,0.0,507.5726359781571,0.0,650.2926359781571
45,3,0.0,0.0,267.2735305643938,0.0,0.0,267.2735305643938,0.0,267.2735305643938
45,4,0.0,0.0,535.3299462337897,0.0,0.0,535.3299462337897,0.0,494.6599462337896
45,5,0.0,0.0,370.33652597066794,0.0,0.0,370.33652597066794,0.0,265.3065259706679
45,6,137.56,245.69142857142853,421.67927373761154,137.56,0.0,284.11927373761154,157.2114285714286,441.33070230904013
45,7,0.0,0.0,332.95795102038494,0.0,0.0,332.95795102038494,0.0,265.74223673467066
45,8,0.0,468.8257142857143,584.098191593266,0.0,0.0,584.098191593266,0.0,584.098191593266
45,9,0.0,0.0,555.649206219425,0.0,0.0,555.649206219425,0.0,471.3234919337106
45,10,253.15,0.0,474.1548730570349,253.15,0.0,221.00487305703487,235.6442857142857,456.6491587713206
45,11,0.0,0.0,427.81044582436414,0.0,0.0,427.81044582436414,0.0,306.9190172529356
45,12,0.0,0.0,591.6145309186659,0.0,0.0,591.6145309186659,0.0,585.0102452043801
45,13,0.0,0.0,678.2563572014873,0.0,0.0,678.2563572014873,0.0,563.5192143443444
45,14,0.0,0.0,424.0511438036075,0.0,0.0,424.0511438036075,0.0,424.0511438036075
45,15,578.59,0.0,478.81363319814943,478.81363319814943,99.7763668018506,0.0,539.0136331981495,539.0136331981495
45,16,288.35,0.0,475.62961876404984,288.35,0.0,187.27961876404981,288.41571428571433,475.69533304976414
45,17,469.01,0.0,253.25766700174873,253.25766700174873,215.75233299825126,0.0,320.2590955731773,518.5976670017487
45,18,0.0,0.0,535.5450046425495,0.0,0.0,535.5450046425495,0.0,308.10071892826386
45,19,0.0,0.0,452.8322380093813,0.0,0.0,452.8322380093813,0.0,452.8322380093813
45,20,0.0,0.0,356.8515076246698,0.0,0.0,356.8515076246698,0.0,356.8515076246698
45,21,0.0,0.0,540.0042883357055,0.0,0.0,540.0042883357055,0.0,245.97000262141978
45,22,0.0,0.0,807.0745132225413,0.0,0.0,807.0745132225413,0.0,524.0630846511127
45,23,0.0,0.0,495.14700290046403,0.0,0.0,495.14700290046403,0.0,418.2727171861783
45,24,0.0,0.0,293.6116679946295,0.0,0.0,293.6116679946295,0.0,208.8373822803438
45,25,0.0,0.0,558.9073568050626,0.0,0.0,558.9073568050626,0.0,505.55449966220544
45,26,0.0,0.0,560.1875823001923,0.0,0.0,560.1875823001923,0.0,432.721868014478
45,27,0.0,139.9771428571429,425.3967624802143,0.0,0.0,425.3967624802143,0.0,359.70819105164287
45,28,0.0,167.86285714285714,403.28796872592,0.0,0.0,403.28796872592,0.0,487.8822544402057
45,29,0.0,415.8879863332485,415.8879863332485,0.0,0.0,415.8879863332485,0.0,434.5079863332485
45,30,0.0,0.0,457.33930374025147,0.0,0.0,457.33930374025147,0.0,457.33930374025147
45,31,0.0,320.22857142857146,702.8768389807407,0.0,0.0,702.8768389807407,0.0,591.3939818378835
45,32,161.34,66.04000000000008,370.7038187541606,161.34,0.0,209.36381875416058,184.38857142857148,557.0109616113034
45,33,0.0,0.0,420.3689711565226,0.0,0.0,420.3689711565226,0.0,386.47754258509406
45,34,0.0,0.0,341.8265828677995,0.0,0.0,341.8265828677995,0.0,262.9537257249424
45,35,0.0,0.0,555.4187688238021,0.0,0.0,555.4187688238021,0.0,401.4230545380878
45,36,0.0,0.0,208.20065403036767,0.0,0.0,208.20065403036767,0.0,609.4592254589392
45,37,0.0,0.0,369.9737180528052,0.0,0.0,369.9737180528052,0.0,348.9808609099481
45,38,0.0,0.0,538.5038088292386,0.0,0.0,538.5038088292386,0.0,370.1809516863815
45,39,0.0,0.0,340.1363457512968,0.0,0.0,340.1363457512968,0.0,340.1363457512968
45,40,183.93,0.0,404.2059940765247,183.93,0.0,220.27599407652468,210.2057142857143,430.481708362239
45,41,0.0,0.0,445.60069240010955,0.0,0.0,445.60069240010955,0.0,413.6949781143952
45,42,0.0,0.0,501.9293330296422,0.0,0.0,501.9293330296422,0.0,403.14647588678497
45,43,433.68,0.0,697.8639183372163,433.68,0.0,264.1839183372163,235.73285714285709,499.9167754800734
45,44,0.0,0.0,548.4873268272481,0.0,0.0,548.4873268272481,0.0,482.58589825581964
45,45,0.0,0.0,644.3582386141795,0.0,0.0,644.3582386141795,0.0,572.0668100427508
45,46,0.0,0.0,637.8980095904958,0.0,0.0,637.8980095904958,0.0,589.5422953047816
45,47,294.0,0.0,530.0626171483731,294.0,0.0,236.06261714837308,264.64,500.70261714837306
45,48,0.0,0.0,717.2304117578415,0.0,0.0,717.2304117578415,0.0,437.65326890069855
45,49,0.0,0.0,553.9709806146348,0.0,0.0,553.9709806146348,0.0,498.1081234717776
45,50,0.0,0.0,314.3902429204475,0.0,0.0,314.3902429204475,0.0,530.7159572061618
45,51,0.0,0.0,336.8055287276459,0.0,0.0,336.8055287276459,0.0,336.8055287276459
45,52,0.0,0.0,447.2430275501057,0.0,0.0,447.2430275501057,0.0,407.43731326439143
45,53,0.0,0.0,44.702655234224665,0.0,0.0,44.702655234224665,0.0,368.65694094851034
45,54,585.47,377.89142857142866,479.3040893961973,479.3040893961973,106.16591060380273,0.0,562.9426608247687,562.9426608247687
45,55,0.0,0.0,442.330706545213,0.0,0.0,442.330706545213,0.0,382.98356368807015
45,56,460.69,216.53714285714287,362.9047246463028,362.9047246463028,97.78527535369722,0.0,428.7175817891599,428.7175817891599
45,57,0.0,0.0,657.755314245821,0.0,0.0,657.755314245821,0.0,422.7467428172496
45,58,0.0,0.0,531.8916570891947,0.0,0.0,531.8916570891947,0.0,322.93165708919474
45,59,299.69,0.0,405.42802210206753,299.69,0.0,105.73802210206753,269.22285714285715,500.8008792449247
45,60,0.0,0.0,491.6463170063927,0.0,0.0,491.6463170063927,0.0,340.14345986353555
45,61,0.0,0.0,458.8335962032638,0.0,0.0,458.8335962032638,0.0,291.67931048897816
45,62,0.0,101.5971428571429,476.27481361746345,0.0,0.0,476.27481361746345,0.0,458.4733850460349
45,63,0.0,0.0,594.8551124396414,0.0,0.0,594.8551124396414,0.0,525.0279695824986
45,64,0.0,0.0,437.2380345227339,0.0,0.0,437.2380345227339,0.0,437.2380345227339
45,65,0.0,0.0,518.1437441040448,0.0,0.0,518.1437441040448,0.0,335.8808869611877
45,66,0.0,0.0,586.6270112119931,0.0,0.0,586.6270112119931,0.0,510.96415406913604
45,67,0.0,0.0,406.83343526408726,0.0,0.0,406.83343526408726,0.0,363.17914954980154
45,68,0.0,0.0,318.1988727252748,0.0,0.0,318.1988727252748,0.0,318.1988727252748
45,69,108.73,0.0,402.15515742413294,108.73,0.0,293.4251574241329,51.81857142857143,345.24372885270435
45,70,0.0,0.0,494.0127613384617,0.0,0.0,494.0127613384617,0.0,444.82561848131877
45,71,0.0,402.10422712213233,402.10422712213233,0.0,0.0,402.10422712213233,0.0,336.77565569356085
45,72,0.0,0.0,522.7709478258209,0.0,0.0,522.7709478258209,0.0,522.7709478258209
45,73,0.0,0.0,387.8642473709285,0.0,0.0,387.8642473709285,0.0,350.02424737092855
45,74,542.69,0.0,0.0,0.0,542.69,0.0,51.654285714285834,538.3104415274483
45,75,0.0,0.0,461.25883078737274,0.0,0.0,461.25883078737274,0.0,399.2159736445156
45,76,0.0,0.0,622.1741256360528,0.0,0.0,622.1741256360528,0.0,366.95698277891006
45,77,0.0,0.0,428.15148151639255,0.0,0.0,428.15148151639255,0.0,271.5357672306783
45,78,402.25,0.0,523.9077911882896,402.25,0.0,121.6577911882896,137.37285714285719,259.0306483311468
45,79,0.0,31.0428571428572,397.8494097883872,0.0,0.0,397.8494097883872,0.0,397.8494097883872
45,80,0.0,0.0,372.27355086721326,0.0,0.0,372.27355086721326,0.0,372.27355086721326
45,81,0.0,0.0,634.8064329781622,0.0,0.0,634.8064329781622,0.0,522.333575835305
45,82,0.0,0.0,489.9120171856549,0.0,0.0,489.9120171856549,0.0,471.6577314713693
45,83,0.0,0.0,556.0096704981725,0.0,0.0,556.0096704981725,0.0,499.3096704981725
45,84,274.57,0.0,362.06272305232136,274.57,0.0,87.49272305232137,251.06142857142856,338.55415162374993
45,85,0.0,0.0,365.19946409893384,0.0,0.0,365.19946409893384,0.0,271.40517838464814
45,86,0.0,106.72485696624068,106.72485696624068,0.0,0.0,106.72485696624068,0.0,600.0619998233836
45,87,0.0,0.0,296.5894276395903,0.0,0.0,296.5894276395903,0.0,296.5894276395903
45,88,0.0,0.0,551.1208071562575,0.0,0.0,551.1208071562575,0.0,497.41223572768604
45,89,0.0,0.0,358.4726485373871,0.0,0.0,358.4726485373871,0.0,358.4726485373871
45,90,309.37,0.0,480.6838819376434,309.37,0.0,171.31388193764337,353.5657142857143,641.7895962233576
45,91,0.0,0.0,556.3398484323221,0.0,0.0,556.3398484323221,0.0,474.3084198608936
45,92,0.0,0.0,554.9638720776932,0.0,0.0,554.9638720776932,0.0,554.9638720776932
45,93,0.0,0.0,558.6884602881296,0.0,0.0,558.6884602881296,0.0,474.2141745738439
45,94,0.0,0.0,94.16408689558222,0.0,0.0,94.16408689558222,0.0,319.02408689558223
45,95,0.0,58.612310156533454,494.95945301367635,0.0,0.0,494.95945301367635,0.0,426.21659587081916
46,0,0.0,0.0,256.5194519548283,0.0,0.0,256.5194519548283,0.0,182.633737669114
46,1,0.0,289.30285714285714,451.9295104995416,0.0,0.0,451.9295104995416,0.0,451.9295104995416
46,2,0.0,142.72000000000003,650.2926359781571,0.0,0.0,650.2926359781571,0.0,595.3140645495857
46,3,0.0,0.0,267.2735305643938,0.0,0.0,267.2735305643938,0.0,267.2735305643938
46,4,0.0,0.0,535.3299462337897,0.0,0.0,535.3299462337897,0.0,463.2699462337896
46,5,461.74,0.0,370.33652597066794,370.33652597066794,91.40347402933207,0.0,331.26938311352507,331.26938311352507
46,6,0.0,0.0,284.11927373761154,0.0,0.0,284.11927373761154,0.0,441.33070230904013
46,7,0.0,0.0,332.95795102038494,0.0,0.0,332.95795102038494,0.0,265.74223673467066
46,8,0.0,0.0,584.098191593266,0.0,0.0,584.098191593266,0.0,558.2667630218375
46,9,0.0,0.0,555.649206219425,0.0,0.0,555.649206219425,0.0,471.3234919337106
46,10,0.0,0.0,221.00487305703487,0.0,0.0,221.00487305703487,0.0,456.6491587713206
46,11,0.0,0.0,427.81044582436414,0.0,0.0,427.81044582436414,0.0,306.9190172529356
46,12,0.0,0.0,591.6145309186659,0.0,0.0,591.6145309186659,0.0,585.0102452043801
46,13,1069.03,0.0,678.2563572014873,678.2563572014873,390.7736427985127,0.0,716.2377857729159,716.2377857729159
46,14,0.0,0.0,424.0511438036075,0.0,0.0,424.0511438036075,0.0,424.0511438036075
46,15,0.0,0.0,0.0,0.0,0.0,0.0,0.0,539.0136331981495
46,16,0.0,0.0,187.27961876404981,0.0,0.0,187.27961876404981,0.0,460.9153330497641
46,17,432.06,198.33857142857138,198.33857142857138,198.33857142857138,233.72142857142862,0.0,260.06142857142856,580.3205241446059
46,18,0.0,0.0,535.5450046425495,0.0,0.0,535.5450046425495,0.0,308.10071892826386
46,19,164.59,0.0,452.8322380093813,164.59,0.0,288.24223800938125,188.10285714285715,476.3450951522384
46,20,0.0,0.0,356.8515076246698,0.0,0.0,356.8515076246698,0.0,356.8515076246698
46,21,0.0,0.0,540.0042883357055,0.0,0.0,540.0042883357055,0.0,245.97000262141978
46,22,0.0,0.0,807.0745132225413,0.0,0.0,807.0745132225413,0.0,524.0630846511127
46,23,0.0,0.0,495.14700290046403,0.0,0.0,495.14700290046403,0.0,418.2727171861783
46,24,0.0,0.0,293.6116679946295,0.0,0.0,293.6116679946295,0.0,200.38452513748666
46,25,0.0,0.0,558.9073568050626,0.0,0.0,558.9073568050626,0.0,505.55449966220544
46,26,0.0,0.0,560.1875823001923,0.0,0.0,560.1875823001923,0.0,432.721868014478
46,27,0.0,0.0,425.3967624802143,0.0,0.0,425.3967624802143,0.0,359.70819105164287
46,28,0.0,84.59428571428572,487.8822544402057,0.0,0.0,487.8822544402057,0.0,487.8822544402057
46,29,0.0,18.620000000000005,434.5079863332485,0.0,0.0,434.5079863332485,0.0,434.5079863332485
46,30,0.0,0.0,457.33930374025147,0.0,0.0,457.33930374025147,0.0,457.33930374025147
46,31,312.9,0.0,702.8768389807407,312.9,0.0,389.9768389807407,246.11714285714277,636.0939818378835
46,32,0.0,163.25857142857137,372.6223901827319,0.0,0.0,372.6223901827319,0.0,484.4952473255891
46,33,0.0,0.0,420.3689711565226,0.0,0.0,420.3689711565226,0.0,370.27897115652263
46,34,0.0,0.0,341.8265828677995,0.0,0.0,341.8265828677995,0.0,262.9537257249424
46,35,0.0,0.0,555.4187688238021,0.0,0.0,555.4187688238021,0.0,401.4230545380878
46,36,0.0,401.2585714285715,609.4592254589392,0.0,0.0,609.4592254589392,0.0,609.4592254589392
46,37,0.0,0.0,369.9737180528052,0.0,0.0,369.9737180528052,0.0,348.9808609099481
46,38,0.0,0.0,538.5038088292386,0.0,0.0,538.5038088292386,0.0,370.1809516863815
46,39,0.0,0.0,340.1363457512968,0.0,0.0,340.1363457512968,0.0,340.1363457512968
46,40,279.2,0.0,220.27599407652468,220.27599407652468,58.924005923475306,0.0,260.161708362239,470.3674226479533
46,41,0.0,0.0,445.60069240010955,0.0,0.0,445.60069240010955,0.0,413.6949781143952
46,42,0.0,0.0,501.9293330296422,0.0,0.0,501.9293330296422,0.0,403.14647588678497
46,43,0.0,0.0,264.1839183372163,0.0,0.0,264.1839183372163,0.0,499.9167754800734
46,44,367.63,0.0,548.4873268272481,367.63,0.0,180.85732682724813,354.2471428571429,535.104469684391
46,45,288.39,0.0,644.3582386141795,288.39,0.0,355.96823861417954,257.2971428571427,613.2653814713223
46,46,0.0,0.0,637.8980095904958,0.0,0.0,637.8980095904958,0.0,589.5422953047816
46,47,108.32,0.0,236.06261714837308,108.32,0.0,127.74261714837309,123.79428571428576,516.1769028626588
46,48,0.0,0.0,717.2304117578415,0.0,0.0,717.2304117578415,0.0,437.65326890069855
46,49,0.0,0.0,553.9709806146348,0.0,0.0,553.9709806146348,0.0,498.1081234717776
46,50,0.0,285.4857142857142,599.8759572061617,0.0,0.0,599.8759572061617,0.0,483.52595720616176
46,51,0.0,0.0,336.8055287276459,0.0,0.0,336.8055287276459,0.0,336.8055287276459
46,52,0.0,0.0,447.2430275501057,0.0,0.0,447.2430275501057,0.0,407.43731326439143
46,53,0.0,323.9542857142857,368.65694094851034,0.0,0.0,368.65694094851034,0.0,368.65694094851034
46,54,0.0,0.0,0.0,0.0,0.0,0.0,0.0,562.9426608247687
46,55,583.95,0.0,442.330706545213,442.330706545213,141.61929345478705,0.0,400.2821351166416,400.2821351166416
46,56,0.0,0.0,0.0,0.0,0.0,0.0,0.0,428.7175817891599
46,57,114.28,0.0,657.755314245821,114.28,0.0,543.475314245821,0.0,439.0724571029639
46,58,0.0,0.0,531.8916570891947,0.0,0.0,531.8916570891947,0.0,322.93165708919474
46,59,252.46,125.84000000000003,231.57802210206756,231.57802210206756,20.881977897932444,0.0,267.6437363877818,536.866593530639
46,60,0.0,0.0,491.6463170063927,0.0,0.0,491.6463170063927,0.0,340.14345986353555
46,61,0.0,0.0,458.8335962032638,0.0,0.0,458.8335962032638,0.0,291.67931048897816
46,62,0.0,0.0,476.27481361746345,0.0,0.0,476.27481361746345,0.0,458.4733850460349
46,63,522.31,0.0,594.8551124396414,522.31,0.0,72.54511243964146,527.0985714285714,599.6436838682129
46,64,0.0,0.0,437.2380345227339,0.0,0.0,437.2380345227339,0.0,437.2380345227339
46,65,0.0,0.0,518.1437441040448,0.0,0.0,518.1437441040448,0.0,335.8808869611877
46,66,0.0,0.0,586.6270112119931,0.0,0.0,586.6270112119931,0.0,510.96415406913604
46,67,0.0,0.0,406.83343526408726,0.0,0.0,406.83343526408726,0.0,363.17914954980154
46,68,0.0,0.0,318.1988727252748,0.0,0.0,318.1988727252748,0.0,318.1988727252748
46,69,0.0,0.0,293.4251574241329,0.0,0.0,293.4251574241329,0.0,345.24372885270435
46,70,329.64,0.0,494.0127613384617,329.64,0.0,164.37276133846171,327.5442857142856,491.9170470527473
46,71,0.0,0.0,402.10422712213233,0.0,0.0,402.10422712213233,0.0,336.77565569356085
46,72,0.0,0.0,522.7709478258209,0.0,0.0,522.7709478258209,0.0,522.7709478258209
46,73,511.41,0.0,387.8642473709285,387.8642473709285,123.5457526290715,0.0,349.1613902280714,349.1613902280714
46,74,0.0,486.6561558131625,486.6561558131625,0.0,0.0,486.6561558131625,0.0,538.3104415274483
46,75,0.0,0.0,461.25883078737274,0.0,0.0,461.25883078737274,0.0,382.5302593588013
46,76,0.0,0.0,622.1741256360528,0.0,0.0,622.1741256360528,0.0,366.95698277891006
46,77,0.0,0.0,428.15148151639255,0.0,0.0,428.15148151639255,0.0,271.5357672306783
46,78,0.0,0.0,121.6577911882896,0.0,0.0,121.6577911882896,0.0,259.0306483311468
46,79,0.0,0.0,397.8494097883872,0.0,0.0,397.8494097883872,0.0,397.8494097883872
46,80,0.0,0.0,372.27355086721326,0.0,0.0,372.27355086721326,0.0,372.27355086721326
46,81,0.0,0.0,634.8064329781622,0.0,0.0,634.8064329781622,0.0,522.333575835305
46,82,0.0,0.0,489.9120171856549,0.0,0.0,489.9120171856549,0.0,408.3963028999407
46,83,377.7,0.0,556.0096704981725,377.7,0.0,178.30967049817247,374.95714285714286,553.2668133553153
46,84,0.0,0.0,87.49272305232137,0.0,0.0,87.49272305232137,0.0,338.55415162374993
46,85,0.0,0.0,365.19946409893384,0.0,0.0,365.19946409893384,0.0,271.40517838464814
46,86,0.0,493.33714285714296,600.0619998233836,0.0,0.0,600.0619998233836,0.0,600.0619998233836
46,87,0.0,0.0,296.5894276395903,0.0,0.0,296.5894276395903,0.0,296.5894276395903
46,88,142.66,0.0,551.1208071562575,142.66,0.0,408.4608071562575,42.802857142857135,451.2636642991146
46,89,0.0,0.0,358.4726485373871,0.0,0.0,358.4726485373871,0.0,358.4726485373871
46,90,0.0,116.90999999999997,288.22388193764334,0.0,0.0,288.22388193764334,0.0,641.7895962233576
46,91,0.0,0.0,556.3398484323221,0.0,0.0,556.3398484323221,0.0,474.3084198608936
46,92,0.0,0.0,554.9638720776932,0.0,0.0,554.9638720776932,0.0,554.9638720776932
46,93,127.74,0.0,558.6884602881296,127.74,0.0,430.9484602881296,61.514285714285734,492.4627460024153
46,94,0.0,291.68,385.8440868955822,0.0,0.0,385.8440868955822,0.0,319.02408689558223
46,95,0.0,0.0,494.95945301367635,0.0,0.0,494.95945301367635,0.0,426.21659587081916
47,0,480.21,0.0,256.5194519548283,256.5194519548283,223.69054804517168,0.0,251.23516624054258,251.23516624054258
47,1,0.0,0.0,451.9295104995416,0.0,0.0,451.9295104995416,0.0,451.9295104995416
47,2,0.0,0.0,650.2926359781571,0.0,0.0,650.2926359781571,0.0,595.3140645495857
47,3,0.0,0.0,267.2735305643938,0.0,0.0,267.2735305643938,0.0,267.2735305643938
47,4,0.0,0.0,535.3299462337897,0.0,0.0,535.3299462337897,0.0,463.2699462337896
47,5,0.0,0.0,0.0,0.0,0.0,0.0,0.0,331.26938311352507
47,6,0.0,157.2114285714286,441.33070230904013,0.0,0.0,441.33070230904013,0.0,441.33070230904013
47,7,0.0,0.0,332.95795102038494,0.0,0.0,332.95795102038494,0.0,265.74223673467066
47,8,0.0,0.0,584.098191593266,0.0,0.0,584.098191593266,0.0,558.2667630218375
47,9,0.0,0.0,555.649206219425,0.0,0.0,555.649206219425,0.0,471.3234919337106
47,10,0.0,235.6442857142857,456.6491587713206,0.0,0.0,456.6491587713206,0.0,456.6491587713206
47,11,0.0,0.0,427.81044582436414,0.0,0.0,427.81044582436414,0.0,306.9190172529356
47,12,0.0,0.0,591.6145309186659,0.0,0.0,591.6145309186659,0.0,585.0102452043801
47,13,0.0,0.0,0.0,0.0,0.0,0.0,0.0,716.2377857729159
47,14,0.0,0.0,424.0511438036075,0.0,0.0,424.0511438036075,0.0,424.0511438036075
47,15,0.0,539.0136331981495,539.0136331981495,0.0,0.0,539.0136331981495,0.0,507.0593474838637
47,16,0.0,288.41571428571433,475.69533304976414,0.0,0.0,475.69533304976414,0.0,460.9153330497641
47,17,0.0,320.2590955731773,320.2590955731773,0.0,0.0,320.2590955731773,0.0,580.3205241446059
47,18,0.0,0.0,535.5450046425495,0.0,0.0,535.5450046425495,0.0,308.10071892826386
47,19,0.0,0.0,288.24223800938125,0.0,0.0,288.24223800938125,0.0,476.3450951522384
47,20,271.42,0.0,356.8515076246698,271.42,0.0,85.43150762466979,310.19428571428574,395.62579333895553
47,21,0.0,0.0,540.0042883357055,0.0,0.0,540.0042883357055,0.0,245.97000262141978
47,22,0.0,0.0,807.0745132225413,0.0,0.0,807.0745132225413,0.0,499.9430846511127
47,23,0.0,0.0,495.14700290046403,0.0,0.0,495.14700290046403,0.0,374.3427171861783
47,24,0.0,0.0,293.6116679946295,0.0,0.0,293.6116679946295,0.0,200.38452513748666
47,25,226.85,0.0,558.9073568050626,226.85,0.0,332.05735680506257,122.31571428571431,454.3730710907769
47,26,0.0,0.0,560.1875823001923,0.0,0.0,560.1875823001923,0.0,432.721868014478
47,27,0.0,0.0,425.3967624802143,0.0,0.0,425.3967624802143,0.0,359.70819105164287
47,28,0.0,0.0,487.8822544402057,0.0,0.0,487.8822544402057,0.0,487.8822544402057
47,29,0.0,0.0,434.5079863332485,0.0,0.0,434.5079863332485,0.0,434.5079863332485
47,30,0.0,0.0,457.33930374025147,0.0,0.0,457.33930374025147,0.0,457.33930374025147
47,31,0.0,0.0,389.9768389807407,0.0,0.0,389.9768389807407,0.0,636.0939818378835
47,32,0.0,184.38857142857148,557.0109616113034,0.0,0.0,557.0109616113034,0.0,484.4952473255891
47,33,0.0,0.0,420.3689711565226,0.0,0.0,420.3689711565226,0.0,370.27897115652263
47,34,0.0,0.0,341.8265828677995,0.0,0.0,341.8265828677995,0.0,262.9537257249424
47,35,0.0,0.0,555.4187688238021,0.0,0.0,555.4187688238021,0.0,401.4230545380878
47,36,0.0,0.0,609.4592254589392,0.0,0.0,609.4592254589392,0.0,609.4592254589392
47,37,0.0,0.0,369.9737180528052,0.0,0.0,369.9737180528052,0.0,348.9808609099481
47,38,0.0,0.0,538.5038088292386,0.0,0.0,538.5038088292386,0.0,370.1809516863815
47,39,134.35,0.0,340.1363457512968,134.35,0.0,205.7863457512968,153.54285714285717,359.329202894154
47,40,0.0,210.2057142857143,210.2057142857143,0.0,0.0,210.2057142857143,0.0,470.3674226479533
47,41,0.0,0.0,445.60069240010955,0.0,0.0,445.60069240010955,0.0,359.57497811439526
47,42,476.39,0.0,501.9293330296422,476.39,0.0,25.539333029642194,445.6628571428571,471.2021901724993
47,43,492.64,235.73285714285709,499.9167754800734,492.64,0.0,7.276775480073411,563.0171428571427,570.2939183372162
47,44,0.0,0.0,180.85732682724813,0.0,0.0,180.85732682724813,0.0,535.104469684391
47,45,0.0,0.0,355.96823861417954,0.0,0.0,355.96823861417954,0.0,544.0182386141794
47,46,0.0,0.0,637.8980095904958,0.0,0.0,637.8980095904958,0.0,521.4165810190673
47,47,0.0,264.64,392.3826171483731,0.0,0.0,392.3826171483731,0.0,516.1769028626588
47,48,0.0,0.0,717.2304117578415,0.0,0.0,717.2304117578415,0.0,437.65326890069855
47,49,0.0,0.0,553.9709806146348,0.0,0.0,553.9709806146348,0.0,454.9181234717776
47,50,534.38,0.0,599.8759572061617,534.38,0.0,65.49595720616173,494.37,559.8659572061617
47,51,442.91,0.0,336.8055287276459,336.8055287276459,106.10447127235415,0.0,400.078385870503,400.078385870503
47,52,0.0,0.0,447.2430275501057,0.0,0.0,447.2430275501057,0.0,407.43731326439143
47,53,0.0,0.0,368.65694094851034,0.0,0.0,368.65694094851034,0.0,368.65694094851034
47,54,0.0,562.9426608247687,562.9426608247687,0.0,0.0,562.9426608247687,0.0,512.5169465390544
47,55,0.0,0.0,0.0,0.0,0.0,0.0,0.0,400.2821351166416
47,56,0.0,428.7175817891599,428.7175817891599,0.0,0.0,428.7175817891599,0.0,428.7175817891599
47,57,0.0,0.0,543.475314245821,0.0,0.0,543.475314245821,0.0,439.0724571029639
47,58,0.0,0.0,531.8916570891947,0.0,0.0,531.8916570891947,0.0,322.93165708919474
47,59,176.67,269.22285714285715,269.22285714285715,176.67,0.0,92.55285714285716,201.90857142857146,562.1051649592105
47,60,0.0,0.0,491.6463170063927,0.0,0.0,491.6463170063927,0.0,340.14345986353555
47,61,387.82,0.0,458.8335962032638,387.82,0.0,71.01359620326383,276.0685714285715,347.0821676318353
47,62,0.0,0.0,476.27481361746345,0.0,0.0,476.27481361746345,0.0,458.4733850460349
47,63,0.0,0.0,72.54511243964146,0.0,0.0,72.54511243964146,0.0,599.6436838682129
47,64,0.0,0.0,437.2380345227339,0.0,0.0,437.2380345227339,0.0,437.2380345227339
47,65,0.0,0.0,518.1437441040448,0.0,0.0,518.1437441040448,0.0,335.8808869611877
47,66,0.0,0.0,586.6270112119931,0.0,0.0,586.6270112119931,0.0,450.40129692627886
47,67,0.0,0.0,406.83343526408726,0.0,0.0,406.83343526408726,0.0,347.78914954980155
47,68,0.0,0.0,318.1988727252748,0.0,0.0,318.1988727252748,0.0,318.1988727252748
47,69,0.0,51.81857142857143,345.24372885270435,0.0,0.0,345.24372885270435,0.0,345.24372885270435
47,70,534.95,0.0,164.37276133846171,164.37276133846171,370.57723866153833,0.0,240.7941899098903,568.3384756241759
47,71,0.0,0.0,402.10422712213233,0.0,0.0,402.10422712213233,0.0,336.77565569356085
47,72,0.0,0.0,522.7709478258209,0.0,0.0,522.7709478258209,0.0,522.7709478258209
47,73,280.36,0.0,0.0,0.0,280.36,0.0,40.05142857142857,389.2128187995
47,74,0.0,51.654285714285834,538.3104415274483,0.0,0.0,538.3104415274483,0.0,538.3104415274483
47,75,0.0,0.0,461.25883078737274,0.0,0.0,461.25883078737274,0.0,382.5302593588013
47,76,0.0,0.0,622.1741256360528,0.0,0.0,622.1741256360528,0.0,366.95698277891006
47,77,0.0,0.0,428.15148151639255,0.0,0.0,428.15148151639255,0.0,187.5857672306783
47,78,0.0,137.37285714285719,259.0306483311468,0.0,0.0,259.0306483311468,0.0,259.0306483311468
47,79,0.0,0.0,397.8494097883872,0.0,0.0,397.8494097883872,0.0,397.8494097883872
47,80,354.39,0.0,372.27355086721326,354.39,0.0,17.883550867213273,405.01714285714286,422.90069372435613
47,81,0.0,0.0,634.8064329781622,0.0,0.0,634.8064329781622,0.0,503.54929012101934
47,82,370.12,0.0,489.9120171856549,370.12,0.0,119.79201718565491,341.4785714285715,461.2705886142264
47,83,428.03,0.0,178.30967049817247,178.30967049817247,249.7203295018275,0.0,239.45681335531532,614.4139562124582
47,84,300.55,251.06142857142856,338.55415162374993,300.55,0.0,38.00415162374992,343.4857142857143,381.48986590946424
47,85,0.0,0.0,365.19946409893384,0.0,0.0,365.19946409893384,0.0,198.3080355275053
47,86,0.0,0.0,600.0619998233836,0.0,0.0,600.0619998233836,0.0,600.0619998233836
47,87,0.0,0.0,296.5894276395903,0.0,0.0,296.5894276395903,0.0,296.5894276395903
47,88,0.0,0.0,408.4608071562575,0.0,0.0,408.4608071562575,0.0,451.2636642991146
47,89,0.0,0.0,358.4726485373871,0.0,0.0,358.4726485373871,0.0,358.4726485373871
47,90,0.0,353.5657142857143,641.7895962233576,0.0,0.0,641.7895962233576,0.0,641.7895962233576
47,91,0.0,0.0,556.3398484323221,0.0,0.0,556.3398484323221,0.0,474.3084198608936
47,92,0.0,0.0,554.9638720776932,0.0,0.0,554.9638720776932,0.0,554.9638720776932
47,93,0.0,0.0,430.9484602881296,0.0,0.0,430.9484602881296,0.0,492.4627460024153
47,94,0.0,0.0,385.8440868955822,0.0,0.0,385.8440868955822,0.0,319.02408689558223
47,95,0.0,0.0,494.95945301367635,0.0,0.0,494.95945301367635,0.0,374.75231015653344
48,0,504.45,0.0,0.0,0.0,504.45,0.0,72.06428571428569,323.29945195482827
48,1,385.4,0.0,451.9295104995416,385.4,0.0,66.52951049954163,440.4571428571428,506.9866533566844
48,2,0.0,0.0,650.2926359781571,0.0,0.0,650.2926359781571,0.0,595.3140645495857
48,3,0.0,0.0,267.2735305643938,0.0,0.0,267.2735305643938,0.0,267.2735305643938
48,4,0.0,0.0,535.3299462337897,0.0,0.0,535.3299462337897,0.0,463.2699462337896
48,5,0.0,331.26938311352507,331.26938311352507,0.0,0.0,331.26938311352507,0.0,331.26938311352507
48,6,0.0,0.0,441.33070230904013,0.0,0.0,441.33070230904013,0.0,441.33070230904013
48,7,0.0,0.0,332.95795102038494,0.0,0.0,332.95795102038494,0.0,265.74223673467066
48,8,213.76,0.0,584.098191593266,213.76,0.0,370.33819159326606,218.46571428571428,588.8039058789803
48,9,0.0,0.0,555.649206219425,0.0,0.0,555.649206219425,0.0,471.3234919337106
48,10,0.0,0.0,456.6491587713206,0.0,0.0,456.6491587713206,0.0,456.6491587713206
48,11,0.0,0.0,427.81044582436414,0.0,0.0,427.81044582436414,0.0,306.9190172529356
48,12,0.0,0.0,591.6145309186659,0.0,0.0,591.6145309186659,0.0,585.0102452043801
48,13,0.0,716.2377857729159,716.2377857729159,0.0,0.0,716.2377857729159,0.0,716.2377857729159
48,14,0.0,0.0,424.0511438036075,0.0,0.0,424.0511438036075,0.0,424.0511438036075
48,15,0.0,0.0,539.0136331981495,0.0,0.0,539.0136331981495,0.0,507.0593474838637
48,16,0.0,0.0,475.69533304976414,0.0,0.0,475.69533304976414,0.0,460.9153330497641
48,17,0.0,260.06142857142856,580.3205241446059,0.0,0.0,580.3205241446059,0.0,580.3205241446059
48,18,0.0,0.0,535.5450046425495,0.0,0.0,535.5450046425495,0.0,308.10071892826386
48,19,0.0,188.10285714285715,476.3450951522384,0.0,0.0,476.3450951522384,0.0,476.3450951522384
48,20,0.0,0.0,85.43150762466979,0.0,0.0,85.43150762466979,0.0,395.62579333895553
48,21,0.0,0.0,540.0042883357055,0.0,0.0,540.0042883357055,0.0,245.97000262141978
48,22,380.23,0.0,807.0745132225413,380.23,0.0,426.8445132225413,127.41714285714284,554.2616560796841
48,23,0.0,0.0,495.14700290046403,0.0,0.0,495.14700290046403,0.0,374.3427171861783
48,24,0.0,0.0,293.6116679946295,0.0,0.0,293.6116679946295,0.0,200.38452513748666
48,25,0.0,0.0,332.05735680506257,0.0,0.0,332.05735680506257,0.0,454.3730710907769
48,26,466.06,0.0,560.1875823001923,466.06,0.0,94.12758230019227,405.17428571428576,499.30186801447803
48,27,0.0,0.0,425.3967624802143,0.0,0.0,425.3967624802143,0.0,359.70819105164287
48,28,0.0,0.0,487.8822544402057,0.0,0.0,487.8822544402057,0.0,487.8822544402057
48,29,0.0,0.0,434.5079863332485,0.0,0.0,434.5079863332485,0.0,434.5079863332485
48,30,0.0,0.0,457.33930374025147,0.0,0.0,457.33930374025147,0.0,457.33930374025147
48,31,0.0,246.11714285714277,636.0939818378835,0.0,0.0,636.0939818378835,0.0,636.0939818378835
48,32,0.0,0.0,557.0109616113034,0.0,0.0,557.0109616113034,0.0,484.4952473255891
48,33,0.0,0.0,420.3689711565226,0.0,0.0,420.3689711565226,0.0,370.27897115652263
48,34,0.0,0.0,341.8265828677995,0.0,0.0,341.8265828677995,0.0,262.9537257249424
48,35,0.0,0.0,555.4187688238021,0.0,0.0,555.4187688238021,0.0,401.4230545380878
48,36,0.0,0.0,609.4592254589392,0.0,0.0,609.4592254589392,0.0,609.4592254589392
48,37,0.0,0.0,369.9737180528052,0.0,0.0,369.9737180528052,0.0,348.9808609099481
48,38,0.0,0.0,538.5038088292386,0.0,0.0,538.5038088292386,0.0,370.1809516863815
48,39,0.0,0.0,205.7863457512968,0.0,0.0,205.7863457512968,0.0,359.329202894154
48,40,0.0,260.161708362239,470.3674226479533,0.0,0.0,470.3674226479533,0.0,470.3674226479533
48,41,0.0,0.0,445.60069240010955,0.0,0.0,445.60069240010955,0.0,359.57497811439526
48,42,172.85,0.0,25.539333029642194,25.539333029642194,147.3106669703578,0.0,50.232190172499315,495.8950473153564
48,43,0.0,0.0,7.276775480073411,0.0,0.0,7.276775480073411,0.0,570.2939183372162
48,44,0.0,354.2471428571429,535.104469684391,0.0,0.0,535.104469684391,0.0,535.104469684391
48,45,0.0,257.2971428571427,613.2653814713223,0.0,0.0,613.2653814713223,0.0,544.0182386141794
48,46,278.89,0.0,637.8980095904958,278.89,0.0,359.0080095904958,202.25,561.2580095904958
48,47,0.0,123.79428571428576,516.1769028626588,0.0,0.0,516.1769028626588,0.0,516.1769028626588
48,48,153.07,0.0,717.2304117578415,153.07,0.0,564.1604117578415,0.0,459.52041175784143
48,49,176.2,0.0,553.9709806146348,176.2,0.0,377.77098061463477,102.31857142857143,480.0895520432062
48,50,0.0,0.0,65.49595720616173,0.0,0.0,65.49595720616173,0.0,559.8659572061617
48,51,0.0,0.0,0.0,0.0,0.0,0.0,0.0,400.078385870503
48,52,0.0,0.0,447.2430275501057,0.0,0.0,447.2430275501057,0.0,407.43731326439143
48,53,207.4,0.0,368.65694094851034,207.4,0.0,161.25694094851033,237.02857142857144,398.2855123770818
48,54,0.0,0.0,562.9426608247687,0.0,0.0,562.9426608247687,0.0,512.5169465390544
48,55,0.0,400.2821351166416,400.2821351166416,0.0,0.0,400.2821351166416,0.0,400.2821351166416
48,56,0.0,0.0,428.7175817891599,0.0,0.0,428.7175817891599,0.0,428.7175817891599
48,57,0.0,0.0,543.475314245821,0.0,0.0,543.475314245821,0.0,439.0724571029639
48,58,0.0,0.0,531.8916570891947,0.0,0.0,531.8916570891947,0.0,322.93165708919474
48,59,0.0,267.6437363877818,360.196593530639,0.0,0.0,360.196593530639,0.0,562.1051649592105
48,60,0.0,0.0,491.6463170063927,0.0,0.0,491.6463170063927,0.0,340.14345986353555
48,61,0.0,0.0,71.01359620326383,0.0,0.0,71.01359620326383,0.0,347.0821676318353
48,62,0.0,0.0,476.27481361746345,0.0,0.0,476.27481361746345,0.0,458.4733850460349
48,63,0.0,527.0985714285714,599.6436838682129,0.0,0.0,599.6436838682129,0.0,599.6436838682129
48,64,0.0,0.0,437.2380345227339,0.0,0.0,437.2380345227339,0.0,437.2380345227339
48,65,0.0,0.0,518.1437441040448,0.0,0.0,518.1437441040448,0.0,335.8808869611877
48,66,0.0,0.0,586.6270112119931,0.0,0.0,586.6270112119931,0.0,450.40129692627886
48,67,0.0,0.0,406.83343526408726,0.0,0.0,406.83343526408726,0.0,347.78914954980155
48,68,0.0,0.0,318.1988727252748,0.0,0.0,318.1988727252748,0.0,318.1988727252748
48,69,0.0,0.0,345.24372885270435,0.0,0.0,345.24372885270435,0.0,345.24372885270435
48,70,373.94,327.5442857142856,327.5442857142856,327.5442857142856,46.395714285714405,0.0,380.96428571428567,621.758475624176
48,71,0.0,0.0,402.10422712213233,0.0,0.0,402.10422712213233,0.0,336.77565569356085
48,72,0.0,0.0,522.7709478258209,0.0,0.0,522.7709478258209,0.0,522.7709478258209
48,73,0.0,349.1613902280714,349.1613902280714,0.0,0.0,349.1613902280714,0.0,389.2128187995
48,74,0.0,0.0,538.3104415274483,0.0,0.0,538.3104415274483,0.0,538.3104415274483
48,75,332.73,0.0,461.25883078737274,332.73,0.0,128.52883078737273,301.5342857142857,430.06311650165844
48,76,0.0,0.0,622.1741256360528,0.0,0.0,622.1741256360528,0.0,366.95698277891006
48,77,0.0,0.0,428.15148151639255,0.0,0.0,428.15148151639255,0.0,187.5857672306783
48,78,483.36,0.0,259.0306483311468,259.0306483311468,224.32935166885323,0.0,328.08207690257535,328.08207690257535
48,79,0.0,0.0,397.8494097883872,0.0,0.0,397.8494097883872,0.0,397.8494097883872
48,80,0.0,0.0,17.883550867213273,0.0,0.0,17.883550867213273,0.0,422.90069372435613
48,81,0.0,0.0,634.8064329781622,0.0,0.0,634.8064329781622,0.0,503.54929012101934
48,82,0.0,0.0,119.79201718565491,0.0,0.0,119.79201718565491,0.0,461.2705886142264
48,83,0.0,374.95714285714286,374.95714285714286,0.0,0.0,374.95714285714286,0.0,614.4139562124582
48,84,0.0,0.0,38.00415162374992,0.0,0.0,38.00415162374992,0.0,381.48986590946424
48,85,0.0,0.0,365.19946409893384,0.0,0.0,365.19946409893384,0.0,198.3080355275053
48,86,598.95,0.0,600.0619998233836,598.95,0.0,1.1119998233835986,684.5142857142857,685.6262855376693
48,87,0.0,0.0,296.5894276395903,0.0,0.0,296.5894276395903,0.0,296.5894276395903
48,88,498.85,42.802857142857135,451.2636642991146,451.2636642991146,47.5863357008854,0.0,522.5279500134003,522.5279500134003
48,89,0.0,0.0,358.4726485373871,0.0,0.0,358.4726485373871,0.0,358.4726485373871
48,90,0.0,0.0,641.7895962233576,0.0,0.0,641.7895962233576,0.0,641.7895962233576
48,91,0.0,0.0,556.3398484323221,0.0,0.0,556.3398484323221,0.0,474.3084198608936
48,92,0.0,0.0,554.9638720776932,0.0,0.0,554.9638720776932,0.0,554.9638720776932
48,93,0.0,61.514285714285734,492.4627460024153,0.0,0.0,492.4627460024153,0.0,492.4627460024153
48,94,13.73,0.0,385.8440868955822,13.73,0.0,372.1140868955822,0.0,320.9855154670108
48,95,0.0,0.0,494.95945301367635,0.0,0.0,494.95945301367635,0.0,374.75231015653344
49,0,0.0,251.23516624054258,251.23516624054258,0.0,0.0,251.23516624054258,0.0,303.4194519548283
49,1,0.0,0.0,66.52951049954163,0.0,0.0,66.52951049954163,0.0,506.9866533566844
49,2,0.0,0.0,650.2926359781571,0.0,0.0,650.2926359781571,0.0,595.3140645495857
49,3,0.0,0.0,267.2735305643938,0.0,0.0,267.2735305643938,0.0,267.2735305643938
49,4,0.0,0.0,535.3299462337897,0.0,0.0,535.3299462337897,0.0,443.4399462337896
49,5,0.0,0.0,331.26938311352507,0.0,0.0,331.26938311352507,0.0,331.26938311352507
49,6,0.0,0.0,441.33070230904013,0.0,0.0,441.33070230904013,0.0,441.33070230904013
49,7,126.54,0.0,332.95795102038494,126.54,0.0,206.41795102038492,77.4014285714286,283.8193795918135
49,8,0.0,0.0,370.33819159326606,0.0,0.0,370.33819159326606,0.0,588.8039058789803
49,9,0.0,0.0,555.649206219425,0.0,0.0,555.649206219425,0.0,410.9663490765678
49,10,181.11,0.0,456.6491587713206,181.11,0.0,275.53915877132056,206.9828571428572,482.52201591417776
49,11,0.0,0.0,427.81044582436414,0.0,0.0,427.81044582436414,0.0,306.9190172529356
49,12,0.0,0.0,591.6145309186659,0.0,0.0,591.6145309186659,0.0,585.0102452043801
49,13,401.37,0.0,716.2377857729159,401.37,0.0,314.8677857729159,458.7085714285714,773.5763572014873
49,14,0.0,0.0,424.0511438036075,0.0,0.0,424.0511438036075,0.0,424.0511438036075
49,15,0.0,0.0,539.0136331981495,0.0,0.0,539.0136331981495,0.0,429.3993474838637
49,16,0.0,0.0,475.69533304976414,0.0,0.0,475.69533304976414,0.0,460.9153330497641
49,17,403.75,0.0,580.3205241446059,403.75,0.0,176.57052414460588,461.42857142857144,637.9990955731773
49,18,381.27,0.0,535.5450046425495,381.27,0.0,154.27500464254956,208.29285714285714,362.5678617854067
49,19,0.0,0.0,476.3450951522384,0.0,0.0,476.3450951522384,0.0,454.73223800938126
49,20,0.0,310.19428571428574,395.62579333895553,0.0,0.0,395.62579333895553,0.0,395.62579333895553
49,21,0.0,0.0,540.0042883357055,0.0,0.0,540.0042883357055,0.0,245.97000262141978
49,22,0.0,0.0,426.8445132225413,0.0,0.0,426.8445132225413,0.0,554.2616560796841
49,23,0.0,0.0,495.14700290046403,0.0,0.0,495.14700290046403,0.0,374.3427171861783
49,24,0.0,0.0,293.6116679946295,0.0,0.0,293.6116679946295,0.0,200.38452513748666
49,25,0.0,122.31571428571431,454.3730710907769,0.0,0.0,454.3730710907769,0.0,434.34307109077685
49,26,0.0,0.0,94.12758230019227,0.0,0.0,94.12758230019227,0.0,499.30186801447803
49,27,0.0,0.0,425.3967624802143,0.0,0.0,425.3967624802143,0.0,359.70819105164287
49,28,0.0,0.0,487.8822544402057,0.0,0.0,487.8822544402057,0.0,487.8822544402057
49,29,0.0,0.0,434.5079863332485,0.0,0.0,434.5079863332485,0.0,384.1022720475342
49,30,0.0,0.0,457.33930374025147,0.0,0.0,457.33930374025147,0.0,457.33930374025147
49,31,0.0,0.0,636.0939818378835,0.0,0.0,636.0939818378835,0.0,636.0939818378835
49,32,0.0,0.0,557.0109616113034,0.0,0.0,557.0109616113034,0.0,484.4952473255891
49,33,0.0,0.0,420.3689711565226,0.0,0.0,420.3689711565226,0.0,370.27897115652263
49,34,0.0,0.0,341.8265828677995,0.0,0.0,341.8265828677995,0.0,262.9537257249424
49,35,0.0,0.0,555.4187688238021,0.0,0.0,555.4187688238021,0.0,401.4230545380878
49,36,459.02,0.0,609.4592254589392,459.02,0.0,150.43922545893918,524.5942857142857,675.0335111732248
49,37,0.0,0.0,369.9737180528052,0.0,0.0,369.9737180528052,0.0,348.9808609099481
49,38,0.0,0.0,538.5038088292386,0.0,0.0,538.5038088292386,0.0,370.1809516863815
49,39,0.0,153.54285714285717,359.329202894154,0.0,0.0,359.329202894154,0.0,359.329202894154
49,40,0.0,0.0,470.3674226479533,0.0,0.0,470.3674226479533,0.0,470.3674226479533
49,41,0.0,0.0,445.60069240010955,0.0,0.0,445.60069240010955,0.0,359.57497811439526
49,42,0.0,445.6628571428571,445.6628571428571,0.0,0.0,445.6628571428571,0.0,495.8950473153564
49,43,0.0,563.0171428571427,570.2939183372162,0.0,0.0,570.2939183372162,0.0,501.11677548007333
49,44,0.0,0.0,535.104469684391,0.0,0.0,535.104469684391,0.0,450.69732682724816
49,45,355.77,0.0,613.2653814713223,355.77,0.0,257.4953814713223,272.85285714285715,530.3482386141794
49,46,0.0,0.0,359.0080095904958,0.0,0.0,359.0080095904958,0.0,561.2580095904958
49,47,207.15,0.0,516.1769028626588,207.15,0.0,309.02690286265886,236.74285714285713,545.769760005516
49,48,0.0,0.0,564.1604117578415,0.0,0.0,564.1604117578415,0.0,459.52041175784143
49,49,0.0,0.0,377.77098061463477,0.0,0.0,377.77098061463477,0.0,442.04669490034905
49,50,0.0,494.37,559.8659572061617,0.0,0.0,559.8659572061617,0.0,559.8659572061617
49,51,0.0,400.078385870503,400.078385870503,0.0,0.0,400.078385870503,0.0,349.3841001562173
49,52,0.0,0.0,447.2430275501057,0.0,0.0,447.2430275501057,0.0,407.43731326439143
49,53,0.0,0.0,161.25694094851033,0.0,0.0,161.25694094851033,0.0,398.2855123770818
49,54,526.05,0.0,562.9426608247687,526.05,0.0,36.89266082476877,550.7742857142856,587.6669465390544
49,55,0.0,0.0,400.2821351166416,0.0,0.0,400.2821351166416,0.0,400.2821351166416
49,56,0.0,0.0,428.7175817891599,0.0,0.0,428.7175817891599,0.0,428.7175817891599
49,57,213.17,0.0,543.475314245821,213.17,0.0,330.305314245821,139.22000000000003,469.52531424582105
49,58,0.0,0.0,531.8916570891947,0.0,0.0,531.8916570891947,0.0,322.93165708919474
49,59,0.0,201.90857142857146,562.1051649592105,0.0,0.0,562.1051649592105,0.0,562.1051649592105
49,60,0.0,0.0,491.6463170063927,0.0,0.0,491.6463170063927,0.0,340.14345986353555
49,61,0.0,276.0685714285715,347.0821676318353,0.0,0.0,347.0821676318353,0.0,347.0821676318353
49,62,0.0,0.0,476.27481361746345,0.0,0.0,476.27481361746345,0.0,458.4733850460349
49,63,0.0,0.0,599.6436838682129,0.0,0.0,599.6436838682129,0.0,599.6436838682129
49,64,0.0,0.0,437.2380345227339,0.0,0.0,437.2380345227339,0.0,437.2380345227339
49,65,0.0,0.0,518.1437441040448,0.0,0.0,518.1437441040448,0.0,335.8808869611877
49,66,249.14,0.0,586.6270112119931,249.14,0.0,337.48701121199315,148.5057142857143,485.99272549770745
49,67,0.0,0.0,406.83343526408726,0.0,0.0,406.83343526408726,0.0,347.78914954980155
49,68,0.0,0.0,318.1988727252748,0.0,0.0,318.1988727252748,0.0,318.1988727252748
49,69,0.0,0.0,345.24372885270435,0.0,0.0,345.24372885270435,0.0,323.78372885270437
49,70,0.0,240.7941899098903,240.7941899098903,0.0,0.0,240.7941899098903,0.0,621.758475624176
49,71,0.0,0.0,402.10422712213233,0.0,0.0,402.10422712213233,0.0,336.77565569356085
49,72,0.0,0.0,522.7709478258209,0.0,0.0,522.7709478258209,0.0,522.7709478258209
49,73,0.0,40.05142857142857,389.2128187995,0.0,0.0,389.2128187995,0.0,389.2128187995
49,74,532.39,0.0,538.3104415274483,532.39,0.0,5.920441527448361,608.4457142857142,614.3661558131625
49,75,0.0,0.0,128.52883078737273,0.0,0.0,128.52883078737273,0.0,430.06311650165844
49,76,0.0,0.0,622.1741256360528,0.0,0.0,622.1741256360528,0.0,366.95698277891006
49,77,0.0,0.0,428.15148151639255,0.0,0.0,428.15148151639255,0.0,187.5857672306783
49,78,0.0,0.0,0.0,0.0,0.0,0.0,0.0,328.08207690257535
49,79,0.0,0.0,397.8494097883872,0.0,0.0,397.8494097883872,0.0,397.8494097883872
49,80,0.0,405.01714285714286,422.90069372435613,0.0,0.0,422.90069372435613,0.0,422.90069372435613
49,81,0.0,0.0,634.8064329781622,0.0,0.0,634.8064329781622,0.0,426.6707186924479
49,82,0.0,341.4785714285715,461.2705886142264,0.0,0.0,461.2705886142264,0.0,439.55773147136927
49,83,0.0,239.45681335531532,614.4139562124582,0.0,0.0,614.4139562124582,0.0,614.4139562124582
49,84,0.0,343.4857142857143,381.48986590946424,0.0,0.0,381.48986590946424,0.0,381.48986590946424
49,85,0.0,0.0,365.19946409893384,0.0,0.0,365.19946409893384,0.0,198.3080355275053
49,86,0.0,0.0,1.1119998233835986,0.0,0.0,1.1119998233835986,0.0,685.6262855376693
49,87,0.0,0.0,296.5894276395903,0.0,0.0,296.5894276395903,0.0,296.5894276395903
49,88,0.0,0.0,0.0,0.0,0.0,0.0,0.0,522.5279500134003
49,89,0.0,0.0,358.4726485373871,0.0,0.0,358.4726485373871,0.0,358.4726485373871
49,90,0.0,0.0,641.7895962233576,0.0,0.0,641.7895962233576,0.0,568.4881676519291
49,91,0.0,0.0,556.3398484323221,0.0,0.0,556.3398484323221,0.0,474.3084198608936
49,92,0.0,0.0,554.9638720776932,0.0,0.0,554.9638720776932,0.0,522.5995863634074
49,93,214.11,0.0,492.4627460024153,214.11,0.0,278.3527460024153,244.69714285714292,523.0498888595582
49,94,0.0,0.0,372.1140868955822,0.0,0.0,372.1140868955822,0.0,320.9855154670108
49,95,0.0,0.0,494.95945301367635,0.0,0.0,494.95945301367635,0.0,374.75231015653344
50,0,0.0,72.06428571428569,323.29945195482827,0.0,0.0,323.29945195482827,0.0,303.4194519548283
50,1,0.0,440.4571428571428,506.9866533566844,0.0,0.0,506.9866533566844,0.0,506.9866533566844
50,2,275.74,0.0,650.2926359781571,275.74,0.0,374.5526359781571,260.1528571428572,634.7054931210143
50,3,0.0,0.0,267.2735305643938,0.0,0.0,267.2735305643938,0.0,267.2735305643938
50,4,579.33,0.0,535.3299462337897,535.3299462337897,44.000053766210385,0.0,526.2013748052182,526.2013748052182
50,5,0.0,0.0,331.26938311352507,0.0,0.0,331.26938311352507,0.0,331.26938311352507
50,6,0.0,0.0,441.33070230904013,0.0,0.0,441.33070230904013,0.0,441.33070230904013
50,7,420.5,0.0,206.41795102038492,206.41795102038492,214.08204897961508,0.0,266.4893795918135,343.89080816324207
50,8,0.0,218.46571428571428,588.8039058789803,0.0,0.0,588.8039058789803,0.0,588.8039058789803
50,9,0.0,0.0,555.649206219425,0.0,0.0,555.649206219425,0.0,353.5206347908535
50,10,0.0,0.0,275.53915877132056,0.0,0.0,275.53915877132056,0.0,482.52201591417776
50,11,0.0,0.0,427.81044582436414,0.0,0.0,427.81044582436414,0.0,306.9190172529356
50,12,0.0,0.0,591.6145309186659,0.0,0.0,591.6145309186659,0.0,585.0102452043801
50,13,169.75,0.0,314.8677857729159,169.75,0.0,145.1177857729159,120.21857142857141,724.0449286300587
50,14,0.0,0.0,424.0511438036075,0.0,0.0,424.0511438036075,0.0,424.0511438036075
50,15,0.0,0.0,539.0136331981495,0.0,0.0,539.0136331981495,0.0,429.3993474838637
50,16,0.0,0.0,475.69533304976414,0.0,0.0,475.69533304976414,0.0,460.9153330497641
50,17,0.0,0.0,176.57052414460588,0.0,0.0,176.57052414460588,0.0,637.9990955731773
50,18,418.8,0.0,154.27500464254956,154.27500464254956,264.52499535745045,0.0,214.10357607112098,422.3964332139781
50,19,0.0,0.0,476.3450951522384,0.0,0.0,476.3450951522384,0.0,435.3222380093812
50,20,0.0,0.0,395.62579333895553,0.0,0.0,395.62579333895553,0.0,374.8286504818127
50,21,0.0,0.0,540.0042883357055,0.0,0.0,540.0042883357055,0.0,245.97000262141978
50,22,100.88,127.41714285714284,554.2616560796841,100.88,0.0,453.38165607968415,115.29142857142858,568.6730846511127
50,23,0.0,0.0,495.14700290046403,0.0,0.0,495.14700290046403,0.0,374.3427171861783
50,24,0.0,0.0,293.6116679946295,0.0,0.0,293.6116679946295,0.0,200.38452513748666
50,25,0.0,0.0,454.3730710907769,0.0,0.0,454.3730710907769,0.0,434.34307109077685
50,26,0.0,405.17428571428576,499.30186801447803,0.0,0.0,499.30186801447803,0.0,499.30186801447803
50,27,0.0,0.0,425.3967624802143,0.0,0.0,425.3967624802143,0.0,359.70819105164287
50,28,0.0,0.0,487.8822544402057,0.0,0.0,487.8822544402057,0.0,487.8822544402057
50,29,0.0,0.0,434.5079863332485,0.0,0.0,434.5079863332485,0.0,384.1022720475342
50,30,0.0,0.0,457.33930374025147,0.0,0.0,457.33930374025147,0.0,410.2307323116801
50,31,0.0,0.0,636.0939818378835,0.0,0.0,636.0939818378835,0.0,636.0939818378835
50,32,0.0,0.0,557.0109616113034,0.0,0.0,557.0109616113034,0.0,484.4952473255891
50,33,0.0,0.0,420.3689711565226,0.0,0.0,420.3689711565226,0.0,323.7761140136655
50,34,0.0,0.0,341.8265828677995,0.0,0.0,341.8265828677995,0.0,262.9537257249424
50,35,0.0,0.0,555.4187688238021,0.0,0.0,555.4187688238021,0.0,401.4230545380878
50,36,427.38,0.0,150.43922545893918,150.43922545893918,276.9407745410608,0.0,211.493511173225,736.0877968875106
50,37,0.0,0.0,369.9737180528052,0.0,0.0,369.9737180528052,0.0,330.8651466242338
50,38,199.4,0.0,538.5038088292386,199.4,0.0,339.1038088292386,59.56285714285718,398.66666597209576
50,39,0.0,0.0,359.329202894154,0.0,0.0,359.329202894154,0.0,359.329202894154
50,40,0.0,0.0,470.3674226479533,0.0,0.0,470.3674226479533,0.0,470.3674226479533
50,41,0.0,0.0,445.60069240010955,0.0,0.0,445.60069240010955,0.0,359.57497811439526
50,42,0.0,50.232190172499315,495.8950473153564,0.0,0.0,495.8950473153564,0.0,472.6107616010707
50,43,0.0,0.0,570.2939183372162,0.0,0.0,570.2939183372162,0.0,501.11677548007333
50,44,0.0,0.0,535.104469684391,0.0,0.0,535.104469684391,0.0,450.69732682724816
50,45,0.0,0.0,257.4953814713223,0.0,0.0,257.4953814713223,0.0,530.3482386141794
50,46,0.0,202.25,561.2580095904958,0.0,0.0,561.2580095904958,0.0,561.2580095904958
50,47,0.0,0.0,309.02690286265886,0.0,0.0,309.02690286265886,0.0,545.769760005516
50,48,0.0,0.0,564.1604117578415,0.0,0.0,564.1604117578415,0.0,459.52041175784143
50,49,0.0,102.31857142857143,480.0895520432062,0.0,0.0,480.0895520432062,0.0,442.04669490034905
50,50,0.0,0.0,559.8659572061617,0.0,0.0,559.8659572061617,0.0,559.8659572061617
50,51,0.0,0.0,400.078385870503,0.0,0.0,400.078385870503,0.0,349.3841001562173
50,52,0.0,0.0,447.2430275501057,0.0,0.0,447.2430275501057,0.0,340.95588469296285
50,53,0.0,237.02857142857144,398.2855123770818,0.0,0.0,398.2855123770818,0.0,398.2855123770818
50,54,477.61,0.0,36.89266082476877,36.89266082476877,440.71733917523125,0.0,105.12266082476879,655.8969465390544
50,55,0.0,0.0,400.2821351166416,0.0,0.0,400.2821351166416,0.0,400.2821351166416
50,56,543.65,0.0,428.7175817891599,428.7175817891599,114.93241821084007,0.0,506.3818675034456,506.3818675034456
50,57,0.0,0.0,330.305314245821,0.0,0.0,330.305314245821,0.0,469.52531424582105
50,58,0.0,0.0,531.8916570891947,0.0,0.0,531.8916570891947,0.0,322.93165708919474
50,59,0.0,0.0,562.1051649592105,0.0,0.0,562.1051649592105,0.0,562.1051649592105
50,60,0.0,0.0,491.6463170063927,0.0,0.0,491.6463170063927,0.0,340.14345986353555
50,61,0.0,0.0,347.0821676318353,0.0,0.0,347.0821676318353,0.0,347.0821676318353
50,62,0.0,0.0,476.27481361746345,0.0,0.0,476.27481361746345,0.0,436.09052790317776
50,63,0.0,0.0,599.6436838682129,0.0,0.0,599.6436838682129,0.0,599.6436838682129
50,64,0.0,0.0,437.2380345227339,0.0,0.0,437.2380345227339,0.0,437.2380345227339
50,65,0.0,0.0,518.1437441040448,0.0,0.0,518.1437441040448,0.0,335.8808869611877
50,66,372.79,0.0,337.48701121199315,337.48701121199315,35.30298878800687,0.0,390.74272549770745,539.2484397834218
50,67,0.0,0.0,406.83343526408726,0.0,0.0,406.83343526408726,0.0,347.78914954980155
50,68,0.0,0.0,318.1988727252748,0.0,0.0,318.1988727252748,0.0,318.1988727252748
50,69,103.94,0.0,345.24372885270435,103.94,0.0,241.30372885270435,97.32857142857142,338.6323002812758
50,70,0.0,380.96428571428567,621.758475624176,0.0,0.0,621.758475624176,0.0,587.3627613384616
50,71,0.0,0.0,402.10422712213233,0.0,0.0,402.10422712213233,0.0,336.77565569356085
50,72,0.0,0.0,522.7709478258209,0.0,0.0,522.7709478258209,0.0,522.7709478258209
50,73,0.0,0.0,389.2128187995,0.0,0.0,389.2128187995,0.0,389.2128187995
50,74,0.0,0.0,5.920441527448361,0.0,0.0,5.920441527448361,0.0,614.3661558131625
50,75,163.83,301.5342857142857,430.06311650165844,163.83,0.0,266.2331165016584,187.23428571428576,453.46740221594416
50,76,0.0,0.0,622.1741256360528,0.0,0.0,622.1741256360528,0.0,366.95698277891006
50,77,376.04,0.0,428.15148151639255,376.04,0.0,52.11148151639253,189.19428571428574,241.30576723067827
50,78,0.0,328.08207690257535,328.08207690257535,0.0,0.0,328.08207690257535,0.0,328.08207690257535
50,79,0.0,0.0,397.8494097883872,0.0,0.0,397.8494097883872,0.0,397.8494097883872
50,80,0.0,0.0,422.90069372435613,0.0,0.0,422.90069372435613,0.0,422.90069372435613
50,81,0.0,0.0,634.8064329781622,0.0,0.0,634.8064329781622,0.0,426.6707186924479
50,82,0.0,0.0,461.2705886142264,0.0,0.0,461.2705886142264,0.0,439.55773147136927
50,83,0.0,0.0,614.4139562124582,0.0,0.0,614.4139562124582,0.0,614.4139562124582
50,84,0.0,0.0,381.48986590946424,0.0,0.0,381.48986590946424,0.0,359.1627230523213
50,85,0.0,0.0,365.19946409893384,0.0,0.0,365.19946409893384,0.0,198.3080355275053
50,86,276.47,684.5142857142857,685.6262855376693,276.47,0.0,409.1562855376693,289.35285714285715,698.5091426805265
50,87,0.0,0.0,296.5894276395903,0.0,0.0,296.5894276395903,0.0,296.5894276395903
50,88,0.0,522.5279500134003,522.5279500134003,0.0,0.0,522.5279500134003,0.0,522.5279500134003
50,89,0.0,0.0,358.4726485373871,0.0,0.0,358.4726485373871,0.0,358.4726485373871
50,90,0.0,0.0,641.7895962233576,0.0,0.0,641.7895962233576,0.0,568.4881676519291
50,91,0.0,0.0,556.3398484323221,0.0,0.0,556.3398484323221,0.0,474.3084198608936
50,92,0.0,0.0,554.9638720776932,0.0,0.0,554.9638720776932,0.0,522.5995863634074
50,93,0.0,0.0,278.3527460024153,0.0,0.0,278.3527460024153,0.0,523.0498888595582
50,94,0.0,0.0,372.1140868955822,0.0,0.0,372.1140868955822,0.0,320.9855154670108
50,95,528.9,0.0,494.95945301367635,494.95945301367635,33.940546986323625,0.0,450.3094530136763,450.3094530136763
51,0,130.5,0.0,323.29945195482827,130.5,0.0,192.79945195482827,129.26285714285717,322.06230909768544
51,1,323.19,0.0,506.9866533566844,323.19,0.0,183.79665335668443,369.36000000000007,553.1566533566845
51,2,0.0,0.0,374.5526359781571,0.0,0.0,374.5526359781571,0.0,634.7054931210143
51,3,0.0,0.0,267.2735305643938,0.0,0.0,267.2735305643938,0.0,267.2735305643938
51,4,0.0,0.0,0.0,0.0,0.0,0.0,0.0,526.2013748052182
51,5,0.0,0.0,331.26938311352507,0.0,0.0,331.26938311352507,0.0,331.26938311352507
51,6,0.0,0.0,441.33070230904013,0.0,0.0,441.33070230904013,0.0,441.33070230904013
51,7,0.0,77.4014285714286,77.4014285714286,0.0,0.0,77.4014285714286,0.0,343.89080816324207
51,8,286.67,0.0,588.8039058789803,286.67,0.0,302.13390587898033,186.61714285714288,488.7510487361232
51,9,0.0,0.0,555.649206219425,0.0,0.0,555.649206219425,0.0,353.5206347908535
51,10,0.0,206.9828571428572,482.52201591417776,0.0,0.0,482.52201591417776,0.0,482.52201591417776
51,11,0.0,0.0,427.81044582436414,0.0,0.0,427.81044582436414,0.0,306.9190172529356
51,12,0.0,0.0,591.6145309186659,0.0,0.0,591.6145309186659,0.0,466.5916737758087
51,13,0.0,458.7085714285714,603.8263572014873,0.0,0.0,603.8263572014873,0.0,724.0449286300587
51,14,0.0,0.0,424.0511438036075,0.0,0.0,424.0511438036075,0.0,424.0511438036075
51,15,0.0,0.0,539.0136331981495,0.0,0.0,539.0136331981495,0.0,429.3993474838637
51,16,0.0,0.0,475.69533304976414,0.0,0.0,475.69533304976414,0.0,460.9153330497641
51,17,0.0,461.42857142857144,637.9990955731773,0.0,0.0,637.9990955731773,0.0,578.933381287463
51,18,0.0,208.29285714285714,208.29285714285714,0.0,0.0,208.29285714285714,0.0,422.3964332139781
51,19,0.0,0.0,476.3450951522384,0.0,0.0,476.3450951522384,0.0,435.3222380093812
51,20,0.0,0.0,395.62579333895553,0.0,0.0,395.62579333895553,0.0,374.8286504818127
51,21,0.0,0.0,540.0042883357055,0.0,0.0,540.0042883357055,0.0,245.97000262141978
51,22,0.0,0.0,453.38165607968415,0.0,0.0,453.38165607968415,0.0,568.6730846511127
51,23,0.0,0.0,495.14700290046403,0.0,0.0,495.14700290046403,0.0,325.59986004332114
51,24,0.0,0.0,293.6116679946295,0.0,0.0,293.6116679946295,0.0,200.38452513748666
51,25,0.0,0.0,454.3730710907769,0.0,0.0,454.3730710907769,0.0,434.34307109077685
51,26,0.0,0.0,499.30186801447803,0.0,0.0,499.30186801447803,0.0,454.65329658590656
51,27,308.83,0.0,425.3967624802143,308.83,0.0,116.56676248021432,287.26,403.8267624802143
51,28,0.0,0.0,487.8822544402057,0.0,0.0,487.8822544402057,0.0,487.8822544402057
51,29,0.0,0.0,434.5079863332485,0.0,0.0,434.5079863332485,0.0,384.1022720475342
51,30,0.0,0.0,457.33930374025147,0.0,0.0,457.33930374025147,0.0,356.87501802596574
51,31,0.0,0.0,636.0939818378835,0.0,0.0,636.0939818378835,0.0,636.0939818378835
51,32,137.43,0.0,557.0109616113034,137.43,0.0,419.5809616113034,84.54714285714283,504.1281044684462
51,33,502.67,0.0,420.3689711565226,420.3689711565226,82.30102884347741,0.0,395.58611401366545,395.58611401366545
51,34,0.0,0.0,341.8265828677995,0.0,0.0,341.8265828677995,0.0,262.9537257249424
51,35,0.0,0.0,555.4187688238021,0.0,0.0,555.4187688238021,0.0,401.4230545380878
51,36,0.0,524.5942857142857,524.5942857142857,0.0,0.0,524.5942857142857,0.0,736.0877968875106
51,37,0.0,0.0,369.9737180528052,0.0,0.0,369.9737180528052,0.0,330.8651466242338
51,38,0.0,0.0,339.1038088292386,0.0,0.0,339.1038088292386,0.0,332.62238025781005
51,39,0.0,0.0,359.329202894154,0.0,0.0,359.329202894154,0.0,359.329202894154
51,40,0.0,0.0,470.3674226479533,0.0,0.0,470.3674226479533,0.0,470.3674226479533
51,41,0.0,0.0,445.60069240010955,0.0,0.0,445.60069240010955,0.0,359.57497811439526
51,42,0.0,0.0,495.8950473153564,0.0,0.0,495.8950473153564,0.0,396.736475886785
51,43,0.0,0.0,570.2939183372162,0.0,0.0,570.2939183372162,0.0,501.11677548007333
51,44,0.0,0.0,535.104469684391,0.0,0.0,535.104469684391,0.0,397.18161254153387
51,45,0.0,272.85285714285715,530.3482386141794,0.0,0.0,530.3482386141794,0.0,530.3482386141794
51,46,0.0,0.0,561.2580095904958,0.0,0.0,561.2580095904958,0.0,491.7580095904958
51,47,0.0,236.74285714285713,545.769760005516,0.0,0.0,545.769760005516,0.0,545.769760005516
51,48,147.69,0.0,564.1604117578415,147.69,0.0,416.47041175784153,64.1485714285713,480.61898318641283
51,49,0.0,0.0,480.0895520432062,0.0,0.0,480.0895520432062,0.0,442.04669490034905
51,50,0.0,0.0,559.8659572061617,0.0,0.0,559.8659572061617,0.0,559.8659572061617
51,51,0.0,0.0,400.078385870503,0.0,0.0,400.078385870503,0.0,349.3841001562173
51,52,0.0,0.0,447.2430275501057,0.0,0.0,447.2430275501057,0.0,312.5430275501057
51,53,0.0,0.0,398.2855123770818,0.0,0.0,398.2855123770818,0.0,398.2855123770818
51,54,0.0,550.7742857142856,550.7742857142856,0.0,0.0,550.7742857142856,0.0,655.8969465390544
51,55,0.0,0.0,400.2821351166416,0.0,0.0,400.2821351166416,0.0,400.2821351166416
51,56,0.0,0.0,0.0,0.0,0.0,0.0,0.0,506.3818675034456
51,57,0.0,139.22000000000003,469.52531424582105,0.0,0.0,469.52531424582105,0.0,442.635314245821
51,58,0.0,0.0,531.8916570891947,0.0,0.0,531.8916570891947,0.0,322.93165708919474
51,59,0.0,0.0,562.1051649592105,0.0,0.0,562.1051649592105,0.0,562.1051649592105
51,60,162.28,0.0,491.6463170063927,162.28,0.0,329.3663170063927,33.95999999999998,363.3263170063927
51,61,0.0,0.0,347.0821676318353,0.0,0.0,347.0821676318353,0.0,347.0821676318353
51,62,0.0,0.0,476.27481361746345,0.0,0.0,476.27481361746345,0.0,436.09052790317776
51,63,0.0,0.0,599.6436838682129,0.0,0.0,599.6436838682129,0.0,599.6436838682129
51,64,0.0,0.0,437.2380345227339,0.0,0.0,437.2380345227339,0.0,437.2380345227339
51,65,0.0,0.0,518.1437441040448,0.0,0.0,518.1437441040448,0.0,335.8808869611877
51,66,0.0,148.5057142857143,148.5057142857143,0.0,0.0,148.5057142857143,0.0,539.2484397834218
51,67,0.0,0.0,406.83343526408726,0.0,0.0,406.83343526408726,0.0,347.78914954980155
51,68,0.0,0.0,318.1988727252748,0.0,0.0,318.1988727252748,0.0,318.1988727252748
51,69,178.0,0.0,241.30372885270435,178.0,0.0,63.30372885270435,203.42857142857144,364.0608717098472
51,70,0.0,0.0,621.758475624176,0.0,0.0,621.758475624176,0.0,587.3627613384616
51,71,0.0,0.0,402.10422712213233,0.0,0.0,402.10422712213233,0.0,336.77565569356085
51,72,414.88,0.0,522.7709478258209,414.88,0.0,107.89094782582094,474.1485714285715,582.0395192543924
51,73,0.0,0.0,389.2128187995,0.0,0.0,389.2128187995,0.0,389.2128187995
51,74,0.0,608.4457142857142,614.3661558131625,0.0,0.0,614.3661558131625,0.0,614.3661558131625
51,75,0.0,0.0,266.2331165016584,0.0,0.0,266.2331165016584,0.0,453.46740221594416
51,76,0.0,0.0,622.1741256360528,0.0,0.0,622.1741256360528,0.0,366.95698277891006
51,77,555.8,0.0,52.11148151639253,52.11148151639253,503.6885184836074,0.0,60.41576723067823,249.61005294496397
51,78,186.02,0.0,328.08207690257535,186.02,0.0,142.06207690257534,212.59428571428575,354.6563626168611
51,79,0.0,0.0,397.8494097883872,0.0,0.0,397.8494097883872,0.0,397.8494097883872
51,80,473.61,0.0,422.90069372435613,422.90069372435613,50.70930627564388,0.0,419.58355086721326,419.58355086721326
51,81,563.21,0.0,634.8064329781622,563.21,0.0,71.59643297816217,435.5328571428572,507.1292901210194
51,82,0.0,0.0,461.2705886142264,0.0,0.0,461.2705886142264,0.0,439.55773147136927
51,83,0.0,0.0,614.4139562124582,0.0,0.0,614.4139562124582,0.0,614.4139562124582
51,84,0.0,0.0,381.48986590946424,0.0,0.0,381.48986590946424,0.0,359.1627230523213
51,85,0.0,0.0,365.19946409893384,0.0,0.0,365.19946409893384,0.0,198.3080355275053
51,86,0.0,0.0,409.1562855376693,0.0,0.0,409.1562855376693,0.0,698.5091426805265
51,87,0.0,0.0,296.5894276395903,0.0,0.0,296.5894276395903,0.0,296.5894276395903
51,88,0.0,0.0,522.5279500134003,0.0,0.0,522.5279500134003,0.0,522.5279500134003
51,89,0.0,0.0,358.4726485373871,0.0,0.0,358.4726485373871,0.0,358.4726485373871
51,90,154.29,0.0,641.7895962233576,154.29,0.0,487.4995962233577,71.21285714285705,558.7124533662147
51,91,0.0,0.0,556.3398484323221,0.0,0.0,556.3398484323221,0.0,458.62270557517934
51,92,0.0,0.0,554.9638720776932,0.0,0.0,554.9638720776932,0.0,522.5995863634074
51,93,0.0,244.69714285714292,523.0498888595582,0.0,0.0,523.0498888595582,0.0,523.0498888595582
51,94,0.0,0.0,372.1140868955822,0.0,0.0,372.1140868955822,0.0,320.9855154670108
51,95,0.0,0.0,0.0,0.0,0.0,0.0,0.0,450.3094530136763
52,0,0.0,0.0,192.79945195482827,0.0,0.0,192.79945195482827,0.0,322.06230909768544
52,1,0.0,0.0,183.79665335668443,0.0,0.0,183.79665335668443,0.0,553.1566533566845
52,2,0.0,260.1528571428572,634.7054931210143,0.0,0.0,634.7054931210143,0.0,634.7054931210143
52,3,0.0,0.0,267.2735305643938,0.0,0.0,267.2735305643938,0.0,267.2735305643938
52,4,245.76,526.2013748052182,526.2013748052182,245.76,0.0,280.4413748052182,280.8685714285714,561.3099462337896
52,5,0.0,0.0,331.26938311352507,0.0,0.0,331.26938311352507,0.0,331.26938311352507
52,6,0.0,0.0,441.33070230904013,0.0,0.0,441.33070230904013,0.0,441.33070230904013
52,7,0.0,266.4893795918135,343.89080816324207,0.0,0.0,343.89080816324207,0.0,343.89080816324207
52,8,0.0,0.0,302.13390587898033,0.0,0.0,302.13390587898033,0.0,488.7510487361232
52,9,228.2,0.0,555.649206219425,228.2,0.0,327.449206219425,58.67142857142852,386.1206347908535
52,10,0.0,0.0,482.52201591417776,0.0,0.0,482.52201591417776,0.0,482.52201591417776
52,11,0.0,0.0,427.81044582436414,0.0,0.0,427.81044582436414,0.0,306.9190172529356
52,12,389.43,0.0,591.6145309186659,389.43,0.0,202.18453091866587,320.04,522.2245309186659
52,13,0.0,120.21857142857141,724.0449286300587,0.0,0.0,724.0449286300587,0.0,683.150642915773
52,14,0.0,0.0,424.0511438036075,0.0,0.0,424.0511438036075,0.0,345.34114380360745
52,15,269.96,0.0,539.0136331981495,269.96,0.0,269.0536331981495,198.91142857142853,467.965061769578
52,16,0.0,0.0,475.69533304976414,0.0,0.0,475.69533304976414,0.0,460.9153330497641
52,17,0.0,0.0,637.9990955731773,0.0,0.0,637.9990955731773,0.0,578.933381287463
52,18,0.0,214.10357607112098,422.3964332139781,0.0,0.0,422.3964332139781,0.0,422.3964332139781
52,19,0.0,0.0,476.3450951522384,0.0,0.0,476.3450951522384,0.0,349.766523723667
52,20,228.66,0.0,395.62579333895553,228.66,0.0,166.96579333895554,240.52857142857144,407.494364767527
52,21,0.0,0.0,540.0042883357055,0.0,0.0,540.0042883357055,0.0,245.97000262141978
52,22,0.0,115.29142857142858,568.6730846511127,0.0,0.0,568.6730846511127,0.0,513.8087989368271
52,23,0.0,0.0,495.14700290046403,0.0,0.0,495.14700290046403,0.0,325.59986004332114
52,24,0.0,0.0,293.6116679946295,0.0,0.0,293.6116679946295,0.0,200.38452513748666
52,25,0.0,0.0,454.3730710907769,0.0,0.0,454.3730710907769,0.0,434.34307109077685
52,26,0.0,0.0,499.30186801447803,0.0,0.0,499.30186801447803,0.0,454.65329658590656
52,27,0.0,0.0,116.56676248021432,0.0,0.0,116.56676248021432,0.0,372.4381910516429
52,28,136.03,0.0,487.8822544402057,136.03,0.0,351.8522544402057,155.46285714285716,507.31511158306284
52,29,331.4,0.0,434.5079863332485,331.4,0.0,103.1079863332485,328.3371428571428,431.4451291903913
52,30,0.0,0.0,457.33930374025147,0.0,0.0,457.33930374025147,0.0,356.87501802596574
52,31,0.0,0.0,636.0939818378835,0.0,0.0,636.0939818378835,0.0,636.0939818378835
52,32,340.37,0.0,419.5809616113034,340.37,0.0,79.21096161130339,388.9942857142857,552.7523901827319
52,33,116.9,0.0,0.0,0.0,116.9,0.0,16.700000000000045,412.2861140136655
52,34,0.0,0.0,341.8265828677995,0.0,0.0,341.8265828677995,0.0,262.9537257249424
52,35,0.0,0.0,555.4187688238021,0.0,0.0,555.4187688238021,0.0,401.4230545380878
52,36,0.0,211.493511173225,736.0877968875106,0.0,0.0,736.0877968875106,0.0,684.5220826017962
52,37,0.0,0.0,369.9737180528052,0.0,0.0,369.9737180528052,0.0,305.6008609099481
52,38,0.0,59.56285714285718,398.66666597209576,0.0,0.0,398.66666597209576,0.0,332.62238025781005
52,39,0.0,0.0,359.329202894154,0.0,0.0,359.329202894154,0.0,359.329202894154
52,40,0.0,0.0,470.3674226479533,0.0,0.0,470.3674226479533,0.0,470.3674226479533
52,41,0.0,0.0,445.60069240010955,0.0,0.0,445.60069240010955,0.0,359.57497811439526
52,42,368.47,0.0,495.8950473153564,368.47,0.0,127.42504731535638,321.95000000000005,449.3750473153564
52,43,0.0,0.0,570.2939183372162,0.0,0.0,570.2939183372162,0.0,501.11677548007333
52,44,519.95,0.0,535.104469684391,519.95,0.0,15.15446968439096,456.3057142857143,471.4601839701053
52,45,0.0,0.0,530.3482386141794,0.0,0.0,530.3482386141794,0.0,530.3482386141794
52,46,0.0,0.0,561.2580095904958,0.0,0.0,561.2580095904958,0.0,409.66086673335303
52,47,0.0,0.0,545.769760005516,0.0,0.0,545.769760005516,0.0,545.769760005516
52,48,0.0,0.0,416.47041175784153,0.0,0.0,416.47041175784153,0.0,480.61898318641283
52,49,0.0,0.0,480.0895520432062,0.0,0.0,480.0895520432062,0.0,442.04669490034905
52,50,0.0,0.0,559.8659572061617,0.0,0.0,559.8659572061617,0.0,559.8659572061617
52,51,0.0,0.0,400.078385870503,0.0,0.0,400.078385870503,0.0,322.48124301336014
52,52,186.65,0.0,447.2430275501057,186.65,0.0,260.5930275501057,78.6142857142857,339.2073132643914
52,53,0.0,0.0,398.2855123770818,0.0,0.0,398.2855123770818,0.0,398.2855123770818
52,54,0.0,105.12266082476879,655.8969465390544,0.0,0.0,655.8969465390544,0.0,655.8969465390544
52,55,0.0,0.0,400.2821351166416,0.0,0.0,400.2821351166416,0.0,400.2821351166416
52,56,0.0,506.3818675034456,506.3818675034456,0.0,0.0,506.3818675034456,0.0,484.56043893201706
52,57,0.0,0.0,469.52531424582105,0.0,0.0,469.52531424582105,0.0,442.635314245821
52,58,426.82,0.0,531.8916570891947,426.82,0.0,105.07165708919473,278.8342857142857,383.90594280348046
52,59,0.0,0.0,562.1051649592105,0.0,0.0,562.1051649592105,0.0,562.1051649592105
52,60,0.0,0.0,329.3663170063927,0.0,0.0,329.3663170063927,0.0,363.3263170063927
52,61,0.0,0.0,347.0821676318353,0.0,0.0,347.0821676318353,0.0,316.79931048897816
52,62,0.0,0.0,476.27481361746345,0.0,0.0,476.27481361746345,0.0,364.3305279031777
52,63,0.0,0.0,599.6436838682129,0.0,0.0,599.6436838682129,0.0,599.6436838682129
52,64,0.0,0.0,437.2380345227339,0.0,0.0,437.2380345227339,0.0,358.5423202370196
52,65,599.77,0.0,518.1437441040448,518.1437441040448,81.62625589595518,0.0,421.56231553261625,421.56231553261625
52,66,0.0,390.74272549770745,539.2484397834218,0.0,0.0,539.2484397834218,0.0,539.2484397834218
52,67,0.0,0.0,406.83343526408726,0.0,0.0,406.83343526408726,0.0,329.797720978373
52,68,0.0,0.0,318.1988727252748,0.0,0.0,318.1988727252748,0.0,284.5117298681319
52,69,0.0,97.32857142857142,160.63230028127577,0.0,0.0,160.63230028127577,0.0,364.0608717098472
52,70,0.0,0.0,621.758475624176,0.0,0.0,621.758475624176,0.0,587.3627613384616
52,71,0.0,0.0,402.10422712213233,0.0,0.0,402.10422712213233,0.0,336.77565569356085
52,72,0.0,0.0,107.89094782582094,0.0,0.0,107.89094782582094,0.0,582.0395192543924
52,73,0.0,0.0,389.2128187995,0.0,0.0,389.2128187995,0.0,389.2128187995
52,74,0.0,0.0,614.3661558131625,0.0,0.0,614.3661558131625,0.0,614.3661558131625
52,75,0.0,187.23428571428576,453.46740221594416,0.0,0.0,453.46740221594416,0.0,453.46740221594416
52,76,0.0,0.0,622.1741256360528,0.0,0.0,622.1741256360528,0.0,366.95698277891006
52,77,0.0,189.19428571428574,189.19428571428574,0.0,0.0,189.19428571428574,0.0,249.61005294496397
52,78,0.0,0.0,142.06207690257534,0.0,0.0,142.06207690257534,0.0,354.6563626168611
52,79,366.65,0.0,397.8494097883872,366.65,0.0,31.199409788387243,419.02857142857135,450.2279812169586
52,80,0.0,0.0,0.0,0.0,0.0,0.0,0.0,419.58355086721326
52,81,0.0,0.0,71.59643297816217,0.0,0.0,71.59643297816217,0.0,507.1292901210194
52,82,0.0,0.0,461.2705886142264,0.0,0.0,461.2705886142264,0.0,439.55773147136927
52,83,0.0,0.0,614.4139562124582,0.0,0.0,614.4139562124582,0.0,614.4139562124582
52,84,590.28,0.0,381.48986590946424,381.48986590946424,208.79013409053573,0.0,443.4884373380356,443.4884373380356
52,85,0.0,0.0,365.19946409893384,0.0,0.0,365.19946409893384,0.0,198.3080355275053
52,86,0.0,289.35285714285715,698.5091426805265,0.0,0.0,698.5091426805265,0.0,698.5091426805265
52,87,0.0,0.0,296.5894276395903,0.0,0.0,296.5894276395903,0.0,296.5894276395903
52,88,0.0,0.0,522.5279500134003,0.0,0.0,522.5279500134003,0.0,522.5279500134003
52,89,0.0,0.0,358.4726485373871,0.0,0.0,358.4726485373871,0.0,358.4726485373871
52,90,0.0,0.0,487.4995962233577,0.0,0.0,487.4995962233577,0.0,558.7124533662147
52,91,0.0,0.0,556.3398484323221,0.0,0.0,556.3398484323221,0.0,385.1441341466079
52,92,596.0,0.0,554.9638720776932,554.9638720776932,41.03612792230683,0.0,538.2024435062646,538.2024435062646
52,93,0.0,0.0,523.0498888595582,0.0,0.0,523.0498888595582,0.0,465.55988885955816
52,94,0.0,0.0,372.1140868955822,0.0,0.0,372.1140868955822,0.0,320.9855154670108
52,95,0.0,450.3094530136763,450.3094530136763,0.0,0.0,450.3094530136763,0.0,450.3094530136763
53,0,0.0,129.26285714285717,322.06230909768544,0.0,0.0,322.06230909768544,0.0,322.06230909768544
53,1,0.0,369.36000000000007,553.1566533566845,0.0,0.0,553.1566533566845,0.0,553.1566533566845
53,2,513.52,0.0,634.7054931210143,513.52,0.0,121.18549312101436,586.8799999999999,708.0654931210142
53,3,0.0,0.0,267.2735305643938,0.0,0.0,267.2735305643938,0.0,267.2735305643938
53,4,0.0,0.0,280.4413748052182,0.0,0.0,280.4413748052182,0.0,561.3099462337896
53,5,0.0,0.0,331.26938311352507,0.0,0.0,331.26938311352507,0.0,331.26938311352507
53,6,0.0,0.0,441.33070230904013,0.0,0.0,441.33070230904013,0.0,441.33070230904013
53,7,0.0,0.0,343.89080816324207,0.0,0.0,343.89080816324207,0.0,343.89080816324207
53,8,0.0,186.61714285714288,488.7510487361232,0.0,0.0,488.7510487361232,0.0,469.4810487361232
53,9,0.0,0.0,327.449206219425,0.0,0.0,327.449206219425,0.0,386.1206347908535
53,10,0.0,0.0,482.52201591417776,0.0,0.0,482.52201591417776,0.0,482.52201591417776
53,11,0.0,0.0,427.81044582436414,0.0,0.0,427.81044582436414,0.0,306.9190172529356
53,12,0.0,0.0,202.18453091866587,0.0,0.0,202.18453091866587,0.0,522.2245309186659
53,13,0.0,0.0,724.0449286300587,0.0,0.0,724.0449286300587,0.0,683.150642915773
53,14,0.0,0.0,424.0511438036075,0.0,0.0,424.0511438036075,0.0,345.34114380360745
53,15,0.0,0.0,269.0536331981495,0.0,0.0,269.0536331981495,0.0,410.8764903410066
53,16,0.0,0.0,475.69533304976414,0.0,0.0,475.69533304976414,0.0,460.9153330497641
53,17,0.0,0.0,637.9990955731773,0.0,0.0,637.9990955731773,0.0,578.933381287463
53,18,0.0,0.0,422.3964332139781,0.0,0.0,422.3964332139781,0.0,422.3964332139781
53,19,0.0,0.0,476.3450951522384,0.0,0.0,476.3450951522384,0.0,349.766523723667
53,20,316.13,0.0,166.96579333895554,166.96579333895554,149.16420666104446,0.0,193.0772219103841,433.60579333895555
53,21,0.0,0.0,540.0042883357055,0.0,0.0,540.0042883357055,0.0,245.97000262141978
53,22,537.56,0.0,568.6730846511127,537.56,0.0,31.113084651112786,559.4899999999999,590.6030846511127
53,23,0.0,0.0,495.14700290046403,0.0,0.0,495.14700290046403,0.0,325.59986004332114
53,24,0.0,0.0,293.6116679946295,0.0,0.0,293.6116679946295,0.0,200.38452513748666
53,25,428.02,0.0,454.3730710907769,428.02,0.0,26.353071090776893,469.13571428571424,495.48878537649114
53,26,0.0,0.0,499.30186801447803,0.0,0.0,499.30186801447803,0.0,454.65329658590656
53,27,0.0,287.26,403.8267624802143,0.0,0.0,403.8267624802143,0.0,372.4381910516429
53,28,0.0,0.0,351.8522544402057,0.0,0.0,351.8522544402057,0.0,507.31511158306284
53,29,0.0,0.0,103.1079863332485,0.0,0.0,103.1079863332485,0.0,431.4451291903913
53,30,0.0,0.0,457.33930374025147,0.0,0.0,457.33930374025147,0.0,356.87501802596574
53,31,422.21,0.0,636.0939818378835,422.21,0.0,213.88398183788348,455.31428571428575,669.1982675521692
53,32,0.0,84.54714285714283,163.75810446844622,0.0,0.0,163.75810446844622,0.0,552.7523901827319
53,33,0.0,395.58611401366545,395.58611401366545,0.0,0.0,395.58611401366545,0.0,412.2861140136655
53,34,0.0,0.0,341.8265828677995,0.0,0.0,341.8265828677995,0.0,262.9537257249424
53,35,0.0,0.0,555.4187688238021,0.0,0.0,555.4187688238021,0.0,401.4230545380878
53,36,0.0,0.0,736.0877968875106,0.0,0.0,736.0877968875106,0.0,684.5220826017962
53,37,413.06,0.0,369.9737180528052,369.9737180528052,43.08628194719478,0.0,364.6094323385195,364.6094323385195
53,38,0.0,0.0,398.66666597209576,0.0,0.0,398.66666597209576,0.0,332.62238025781005
53,39,0.0,0.0,359.329202894154,0.0,0.0,359.329202894154,0.0,359.329202894154
53,40,0.0,0.0,470.3674226479533,0.0,0.0,470.3674226479533,0.0,470.3674226479533
53,41,0.0,0.0,445.60069240010955,0.0,0.0,445.60069240010955,0.0,359.57497811439526
53,42,0.0,0.0,127.42504731535638,0.0,0.0,127.42504731535638,0.0,449.3750473153564
53,43,0.0,0.0,570.2939183372162,0.0,0.0,570.2939183372162,0.0,501.11677548007333
53,44,0.0,0.0,15.15446968439096,0.0,0.0,15.15446968439096,0.0,419.46875539867676
53,45,0.0,0.0,530.3482386141794,0.0,0.0,530.3482386141794,0.0,530.3482386141794
53,46,0.0,0.0,561.2580095904958,0.0,0.0,561.2580095904958,0.0,409.66086673335303
53,47,554.41,0.0,545.769760005516,545.769760005516,8.640239994483977,0.0,595.2069028626588,595.2069028626588
53,48,0.0,64.1485714285713,480.61898318641283,0.0,0.0,480.61898318641283,0.0,480.61898318641283
53,49,0.0,0.0,480.0895520432062,0.0,0.0,480.0895520432062,0.0,442.04669490034905
53,50,0.0,0.0,559.8659572061617,0.0,0.0,559.8659572061617,0.0,559.8659572061617
53,51,0.0,0.0,400.078385870503,0.0,0.0,400.078385870503,0.0,322.48124301336014
53,52,0.0,0.0,260.5930275501057,0.0,0.0,260.5930275501057,0.0,339.2073132643914
53,53,0.0,0.0,398.2855123770818,0.0,0.0,398.2855123770818,0.0,398.2855123770818
53,54,158.77,0.0,655.8969465390544,158.77,0.0,497.1269465390544,181.45142857142855,678.578375110483
53,55,0.0,0.0,400.2821351166416,0.0,0.0,400.2821351166416,0.0,358.02784940235586
53,56,0.0,0.0,506.3818675034456,0.0,0.0,506.3818675034456,0.0,484.56043893201706
53,57,595.63,0.0,469.52531424582105,469.52531424582105,126.10468575417894,0.0,527.725314245821,527.725314245821
53,58,0.0,0.0,105.07165708919473,0.0,0.0,105.07165708919473,0.0,383.90594280348046
53,59,0.0,0.0,562.1051649592105,0.0,0.0,562.1051649592105,0.0,562.1051649592105
53,60,196.23,33.95999999999998,363.3263170063927,196.23,0.0,167.0963170063927,224.26285714285714,391.35917414924984
53,61,0.0,0.0,347.0821676318353,0.0,0.0,347.0821676318353,0.0,316.79931048897816
53,62,117.73,0.0,476.27481361746345,117.73,0.0,358.54481361746343,22.60428571428571,381.14909933174914
53,63,0.0,0.0,599.6436838682129,0.0,0.0,599.6436838682129,0.0,571.70654101107
53,64,0.0,0.0,437.2380345227339,0.0,0.0,437.2380345227339,0.0,358.5423202370196
53,65,571.46,0.0,0.0,0.0,571.46,0.0,81.63714285714286,503.1994583897591
53,66,100.05,0.0,539.2484397834218,100.05,0.0,439.19843978342175,114.3428571428571,553.5412969262788
53,67,0.0,0.0,406.83343526408726,0.0,0.0,406.83343526408726,0.0,329.797720978373
53,68,0.0,0.0,318.1988727252748,0.0,0.0,318.1988727252748,0.0,284.5117298681319
53,69,0.0,203.42857142857144,364.0608717098472,0.0,0.0,364.0608717098472,0.0,364.0608717098472
53,70,369.64,0.0,621.758475624176,369.64,0.0,252.11847562417597,388.04999999999995,640.1684756241759
53,71,0.0,0.0,402.10422712213233,0.0,0.0,402.10422712213233,0.0,336.77565569356085
53,72,0.0,474.1485714285715,582.0395192543924,0.0,0.0,582.0395192543924,0.0,507.680947825821
53,73,0.0,0.0,389.2128187995,0.0,0.0,389.2128187995,0.0,389.2128187995
53,74,341.12,0.0,614.3661558131625,341.12,0.0,273.24615581316255,389.8514285714285,663.0975843845911
53,75,0.0,0.0,453.46740221594416,0.0,0.0,453.46740221594416,0.0,422.5074022159442
53,76,0.0,0.0,622.1741256360528,0.0,0.0,622.1741256360528,0.0,366.95698277891006
53,77,0.0,60.41576723067823,249.61005294496397,0.0,0.0,249.61005294496397,0.0,249.61005294496397
53,78,0.0,212.59428571428575,354.6563626168611,0.0,0.0,354.6563626168611,0.0,354.6563626168611
53,79,0.0,0.0,31.199409788387243,0.0,0.0,31.199409788387243,0.0,450.2279812169586
53,80,0.0,419.58355086721326,419.58355086721326,0.0,0.0,419.58355086721326,0.0,419.58355086721326
53,81,0.0,435.5328571428572,507.1292901210194,0.0,0.0,507.1292901210194,0.0,507.1292901210194
53,82,255.23,0.0,461.2705886142264,255.23,0.0,206.04058861422644,269.9785714285714,476.0191600427978
53,83,144.48,0.0,614.4139562124582,144.48,0.0,469.93395621245816,165.12,635.0539562124582
53,84,0.0,0.0,0.0,0.0,0.0,0.0,0.0,443.4884373380356
53,85,0.0,0.0,365.19946409893384,0.0,0.0,365.19946409893384,0.0,198.3080355275053
53,86,0.0,0.0,698.5091426805265,0.0,0.0,698.5091426805265,0.0,647.3248569662408
53,87,0.0,0.0,296.5894276395903,0.0,0.0,296.5894276395903,0.0,240.37942763959035
53,88,564.5,0.0,522.5279500134003,522.5279500134003,41.9720499865997,0.0,603.1708071562575,603.1708071562575
53,89,0.0,0.0,358.4726485373871,0.0,0.0,358.4726485373871,0.0,358.4726485373871
53,90,0.0,71.21285714285705,558.7124533662147,0.0,0.0,558.7124533662147,0.0,491.7767390805005
53,91,0.0,0.0,556.3398484323221,0.0,0.0,556.3398484323221,0.0,385.1441341466079
53,92,0.0,0.0,0.0,0.0,0.0,0.0,0.0,538.2024435062646
53,93,0.0,0.0,523.0498888595582,0.0,0.0,523.0498888595582,0.0,465.55988885955816
53,94,0.0,0.0,372.1140868955822,0.0,0.0,372.1140868955822,0.0,320.9855154670108
53,95,0.0,0.0,450.3094530136763,0.0,0.0,450.3094530136763,0.0,409.8480244422477
54,0,0.0,0.0,322.06230909768544,0.0,0.0,322.06230909768544,0.0,322.06230909768544
54,1,0.0,0.0,553.1566533566845,0.0,0.0,553.1566533566845,0.0,553.1566533566845
54,2,0.0,0.0,121.18549312101436,0.0,0.0,121.18549312101436,0.0,708.0654931210142
54,3,0.0,0.0,267.2735305643938,0.0,0.0,267.2735305643938,0.0,267.2735305643938
54,4,246.17,280.8685714285714,561.3099462337896,246.17,0.0,315.1399462337896,281.3371428571429,596.4770890909325
54,5,0.0,0.0,331.26938311352507,0.0,0.0,331.26938311352507,0.0,331.26938311352507
54,6,0.0,0.0,441.33070230904013,0.0,0.0,441.33070230904013,0.0,388.33355945189726
54,7,380.92,0.0,343.89080816324207,343.89080816324207,37.029191836757946,0.0,398.30795102038496,398.30795102038496
54,8,0.0,0.0,488.7510487361232,0.0,0.0,488.7510487361232,0.0,469.4810487361232
54,9,0.0,58.67142857142852,386.1206347908535,0.0,0.0,386.1206347908535,0.0,386.1206347908535
54,10,526.95,0.0,482.52201591417776,482.52201591417776,44.42798408582229,0.0,492.1420159141777,492.1420159141777
54,11,0.0,0.0,427.81044582436414,0.0,0.0,427.81044582436414,0.0,306.9190172529356
54,12,0.0,320.04,522.2245309186659,0.0,0.0,522.2245309186659,0.0,522.2245309186659
54,13,0.0,0.0,724.0449286300587,0.0,0.0,724.0449286300587,0.0,683.150642915773
54,14,0.0,0.0,424.0511438036075,0.0,0.0,424.0511438036075,0.0,345.34114380360745
54,15,0.0,198.91142857142853,467.965061769578,0.0,0.0,467.965061769578,0.0,387.0407760552923
54,16,0.0,0.0,475.69533304976414,0.0,0.0,475.69533304976414,0.0,460.9153330497641
54,17,0.0,0.0,637.9990955731773,0.0,0.0,637.9990955731773,0.0,578.933381287463
54,18,0.0,0.0,422.3964332139781,0.0,0.0,422.3964332139781,0.0,422.3964332139781
54,19,0.0,0.0,476.3450951522384,0.0,0.0,476.3450951522384,0.0,349.766523723667
54,20,0.0,240.52857142857144,240.52857142857144,0.0,0.0,240.52857142857144,0.0,433.60579333895555
54,21,0.0,0.0,540.0042883357055,0.0,0.0,540.0042883357055,0.0,245.97000262141978
54,22,0.0,0.0,31.113084651112786,0.0,0.0,31.113084651112786,0.0,520.1702275082556
54,23,511.13,0.0,495.14700290046403,495.14700290046403,15.982997099535964,0.0,398.61843147189256,398.61843147189256
54,24,0.0,0.0,293.6116679946295,0.0,0.0,293.6116679946295,0.0,200.38452513748666
54,25,462.8,0.0,26.353071090776893,26.353071090776893,436.4469289092231,0.0,92.46735680506265,561.6030710907769
54,26,0.0,0.0,499.30186801447803,0.0,0.0,499.30186801447803,0.0,454.65329658590656
54,27,740.96,0.0,403.8267624802143,403.8267624802143,337.1332375197857,0.0,462.15533390878574,462.15533390878574
54,28,0.0,155.46285714285716,507.31511158306284,0.0,0.0,507.31511158306284,0.0,474.12511158306285
54,29,0.0,328.3371428571428,431.4451291903913,0.0,0.0,431.4451291903913,0.0,431.4451291903913
54,30,0.0,0.0,457.33930374025147,0.0,0.0,457.33930374025147,0.0,356.87501802596574
54,31,1118.28,0.0,213.88398183788348,213.88398183788348,904.3960181621164,0.0,311.5368389807406,766.8511246950263
54,32,0.0,388.9942857142857,552.7523901827319,0.0,0.0,552.7523901827319,0.0,552.7523901827319
54,33,0.0,16.700000000000045,412.2861140136655,0.0,0.0,412.2861140136655,0.0,381.3246854422369
54,34,0.0,0.0,341.8265828677995,0.0,0.0,341.8265828677995,0.0,262.9537257249424
54,35,0.0,0.0,555.4187688238021,0.0,0.0,555.4187688238021,0.0,401.4230545380878
54,36,0.0,0.0,736.0877968875106,0.0,0.0,736.0877968875106,0.0,684.5220826017962
54,37,0.0,0.0,0.0,0.0,0.0,0.0,0.0,364.6094323385195
54,38,0.0,0.0,398.66666597209576,0.0,0.0,398.66666597209576,0.0,332.62238025781005
54,39,0.0,0.0,359.329202894154,0.0,0.0,359.329202894154,0.0,359.329202894154
54,40,0.0,0.0,470.3674226479533,0.0,0.0,470.3674226479533,0.0,399.52027979081043
54,41,0.0,0.0,445.60069240010955,0.0,0.0,445.60069240010955,0.0,359.57497811439526
54,42,0.0,321.95000000000005,449.3750473153564,0.0,0.0,449.3750473153564,0.0,449.3750473153564
54,43,0.0,0.0,570.2939183372162,0.0,0.0,570.2939183372162,0.0,501.11677548007333
54,44,52.81,456.3057142857143,471.4601839701053,52.81,0.0,418.6501839701053,8.362857142857195,427.01304111296247
54,45,0.0,0.0,530.3482386141794,0.0,0.0,530.3482386141794,0.0,530.3482386141794
54,46,468.15,0.0,561.2580095904958,468.15,0.0,93.10800959049584,383.43142857142857,476.5394381619244
54,47,0.0,0.0,0.0,0.0,0.0,0.0,0.0,595.2069028626588
54,48,0.0,0.0,480.61898318641283,0.0,0.0,480.61898318641283,0.0,480.61898318641283
54,49,340.5,0.0,480.0895520432062,340.5,0.0,139.5895520432062,351.09999999999997,490.68955204320616
54,50,0.0,0.0,559.8659572061617,0.0,0.0,559.8659572061617,0.0,503.55167149187605
54,51,0.0,0.0,400.078385870503,0.0,0.0,400.078385870503,0.0,322.48124301336014
54,52,0.0,78.6142857142857,339.2073132643914,0.0,0.0,339.2073132643914,0.0,339.2073132643914
54,53,0.0,0.0,398.2855123770818,0.0,0.0,398.2855123770818,0.0,328.28694094851033
54,54,167.54,0.0,497.1269465390544,167.54,0.0,329.58694653905445,191.47428571428566,702.5126608247687
54,55,0.0,0.0,400.2821351166416,0.0,0.0,400.2821351166416,0.0,358.02784940235586
54,56,0.0,0.0,506.3818675034456,0.0,0.0,506.3818675034456,0.0,484.56043893201706
54,57,0.0,0.0,0.0,0.0,0.0,0.0,0.0,527.725314245821
54,58,0.0,278.8342857142857,383.90594280348046,0.0,0.0,383.90594280348046,0.0,383.90594280348046
54,59,0.0,0.0,562.1051649592105,0.0,0.0,562.1051649592105,0.0,476.896593530639
54,60,585.25,0.0,167.0963170063927,167.0963170063927,418.1536829936073,0.0,250.70345986353558,474.9663170063927
54,61,0.0,0.0,347.0821676318353,0.0,0.0,347.0821676318353,0.0,316.79931048897816
54,62,0.0,0.0,358.54481361746343,0.0,0.0,358.54481361746343,0.0,381.14909933174914
54,63,328.95,0.0,599.6436838682129,328.95,0.0,270.6936838682129,348.0057142857143,618.6993981539272
54,64,0.0,0.0,437.2380345227339,0.0,0.0,437.2380345227339,0.0,343.3537488084482
54,65,0.0,421.56231553261625,421.56231553261625,0.0,0.0,421.56231553261625,0.0,503.1994583897591
54,66,0.0,0.0,439.19843978342175,0.0,0.0,439.19843978342175,0.0,553.5412969262788
54,67,580.68,0.0,406.83343526408726,406.83343526408726,173.8465647359127,0.0,412.7520066926587,412.7520066926587
54,68,0.0,0.0,318.1988727252748,0.0,0.0,318.1988727252748,0.0,284.5117298681319
54,69,0.0,0.0,364.0608717098472,0.0,0.0,364.0608717098472,0.0,364.0608717098472
54,70,0.0,0.0,252.11847562417597,0.0,0.0,252.11847562417597,0.0,640.1684756241759
54,71,0.0,0.0,402.10422712213233,0.0,0.0,402.10422712213233,0.0,336.77565569356085
54,72,0.0,0.0,582.0395192543924,0.0,0.0,582.0395192543924,0.0,489.13951925439244
54,73,0.0,0.0,389.2128187995,0.0,0.0,389.2128187995,0.0,389.2128187995
54,74,522.56,0.0,273.24615581316255,273.24615581316255,249.3138441868374,0.0,347.89758438459114,737.7490129560197
54,75,517.48,0.0,453.46740221594416,453.46740221594416,64.01259778405586,0.0,496.43311650165845,496.43311650165845
54,76,0.0,0.0,622.1741256360528,0.0,0.0,622.1741256360528,0.0,366.95698277891006
54,77,214.02,0.0,249.61005294496397,214.02,0.0,35.59005294496396,244.59428571428575,280.1843386592497
54,78,0.0,0.0,354.6563626168611,0.0,0.0,354.6563626168611,0.0,354.6563626168611
54,79,0.0,419.02857142857135,450.2279812169586,0.0,0.0,450.2279812169586,0.0,371.75655264553006
54,80,0.0,0.0,419.58355086721326,0.0,0.0,419.58355086721326,0.0,419.58355086721326
54,81,0.0,0.0,507.1292901210194,0.0,0.0,507.1292901210194,0.0,507.1292901210194
54,82,0.0,0.0,206.04058861422644,0.0,0.0,206.04058861422644,0.0,476.0191600427978
54,83,215.83,0.0,469.93395621245816,215.83,0.0,254.10395621245814,174.37285714285724,593.5968133553154
54,84,536.8,443.4884373380356,443.4884373380356,443.4884373380356,93.31156266196433,0.0,520.1741516237499,520.1741516237499
54,85,0.0,0.0,365.19946409893384,0.0,0.0,365.19946409893384,0.0,198.3080355275053
54,86,0.0,0.0,698.5091426805265,0.0,0.0,698.5091426805265,0.0,647.3248569662408
54,87,0.0,0.0,296.5894276395903,0.0,0.0,296.5894276395903,0.0,240.37942763959035
54,88,0.0,0.0,0.0,0.0,0.0,0.0,0.0,603.1708071562575
54,89,0.0,0.0,358.4726485373871,0.0,0.0,358.4726485373871,0.0,358.4726485373871
54,90,0.0,0.0,558.7124533662147,0.0,0.0,558.7124533662147,0.0,491.7767390805005
54,91,0.0,0.0,556.3398484323221,0.0,0.0,556.3398484323221,0.0,385.1441341466079
54,92,0.0,538.2024435062646,538.2024435062646,0.0,0.0,538.2024435062646,0.0,538.2024435062646
54,93,596.89,0.0,523.0498888595582,523.0498888595582,73.84011114044176,0.0,550.8298888595582,550.8298888595582
54,94,0.0,0.0,372.1140868955822,0.0,0.0,372.1140868955822,0.0,320.9855154670108
54,95,314.52,0.0,450.3094530136763,314.52,0.0,135.78945301367634,318.98999999999995,454.7794530136763
55,0,0.0,0.0,322.06230909768544,0.0,0.0,322.06230909768544,0.0,322.06230909768544
55,1,0.0,0.0,553.1566533566845,0.0,0.0,553.1566533566845,0.0,489.2437962138273
55,2,0.0,586.8799999999999,708.0654931210142,0.0,0.0,708.0654931210142,0.0,672.2797788353
55,3,0.0,0.0,267.2735305643938,0.0,0.0,267.2735305643938,0.0,267.2735305643938
55,4,0.0,0.0,315.1399462337896,0.0,0.0,315.1399462337896,0.0,596.4770890909325
55,5,431.99,0.0,331.26938311352507,331.26938311352507,100.72061688647494,0.0,392.98224025638217,392.98224025638217
55,6,0.0,0.0,441.33070230904013,0.0,0.0,441.33070230904013,0.0,388.33355945189726
55,7,0.0,0.0,0.0,0.0,0.0,0.0,0.0,398.30795102038496
55,8,0.0,0.0,488.7510487361232,0.0,0.0,488.7510487361232,0.0,469.4810487361232
55,9,102.39,0.0,386.1206347908535,102.39,0.0,283.7306347908535,117.0171428571428,400.7477776479963
55,10,0.0,0.0,0.0,0.0,0.0,0.0,0.0,492.1420159141777
55,11,0.0,0.0,427.81044582436414,0.0,0.0,427.81044582436414,0.0,306.9190172529356
55,12,0.0,0.0,522.2245309186659,0.0,0.0,522.2245309186659,0.0,462.0202452043801
55,13,0.0,0.0,724.0449286300587,0.0,0.0,724.0449286300587,0.0,618.6820714872016
55,14,0.0,0.0,424.0511438036075,0.0,0.0,424.0511438036075,0.0,345.34114380360745
55,15,182.91,0.0,467.965061769578,182.91,0.0,285.05506176957806,128.11571428571426,413.1707760552923
55,16,0.0,0.0,475.69533304976414,0.0,0.0,475.69533304976414,0.0,460.9153330497641
55,17,0.0,0.0,637.9990955731773,0.0,0.0,637.9990955731773,0.0,578.933381287463
55,18,0.0,0.0,422.3964332139781,0.0,0.0,422.3964332139781,0.0,422.3964332139781
55,19,0.0,0.0,476.3450951522384,0.0,0.0,476.3450951522384,0.0,349.766523723667
55,20,0.0,193.0772219103841,433.60579333895555,0.0,0.0,433.60579333895555,0.0,433.60579333895555
55,21,0.0,0.0,540.0042883357055,0.0,0.0,540.0042883357055,0.0,231.64571690713407
55,22,0.0,559.4899999999999,590.6030846511127,0.0,0.0,590.6030846511127,0.0,520.1702275082556
55,23,0.0,0.0,0.0,0.0,0.0,0.0,0.0,398.61843147189256
55,24,0.0,0.0,293.6116679946295,0.0,0.0,293.6116679946295,0.0,200.38452513748666
55,25,0.0,469.13571428571424,469.13571428571424,0.0,0.0,469.13571428571424,0.0,498.17592823363395
55,26,0.0,0.0,499.30186801447803,0.0,0.0,499.30186801447803,0.0,454.65329658590656
55,27,273.1,0.0,0.0,0.0,273.1,0.0,39.01428571428568,501.1696196230714
55,28,0.0,0.0,507.31511158306284,0.0,0.0,507.31511158306284,0.0,474.12511158306285
55,29,167.81,0.0,431.4451291903913,167.81,0.0,263.6351291903913,175.41571428571427,439.05084347610557
55,30,0.0,0.0,457.33930374025147,0.0,0.0,457.33930374025147,0.0,356.87501802596574
55,31,269.05,455.31428571428575,455.31428571428575,269.05,0.0,186.26428571428573,307.4857142857143,805.2868389807406
55,32,0.0,0.0,552.7523901827319,0.0,0.0,552.7523901827319,0.0,552.7523901827319
55,33,0.0,0.0,412.2861140136655,0.0,0.0,412.2861140136655,0.0,381.3246854422369
55,34,0.0,0.0,341.8265828677995,0.0,0.0,341.8265828677995,0.0,262.9537257249424
55,35,0.0,0.0,555.4187688238021,0.0,0.0,555.4187688238021,0.0,401.4230545380878
55,36,0.0,0.0,736.0877968875106,0.0,0.0,736.0877968875106,0.0,638.2292254589391
55,37,532.62,364.6094323385195,364.6094323385195,364.6094323385195,168.01056766148048,0.0,440.69800376709094,440.69800376709094
55,38,554.74,0.0,398.66666597209576,398.66666597209576,156.07333402790425,0.0,411.8709516863815,411.8709516863815
55,39,0.0,0.0,359.329202894154,0.0,0.0,359.329202894154,0.0,273.7463457512968
55,40,0.0,0.0,470.3674226479533,0.0,0.0,470.3674226479533,0.0,399.52027979081043
55,41,126.67,0.0,445.60069240010955,126.67,0.0,318.93069240010954,0.0,297.2064066858238
55,42,0.0,0.0,449.3750473153564,0.0,0.0,449.3750473153564,0.0,449.3750473153564
55,43,530.8,0.0,570.2939183372162,530.8,0.0,39.4939183372162,537.4514285714286,576.9453469086448
55,44,0.0,0.0,418.6501839701053,0.0,0.0,418.6501839701053,0.0,427.01304111296247
55,45,0.0,0.0,530.3482386141794,0.0,0.0,530.3482386141794,0.0,530.3482386141794
55,46,0.0,0.0,93.10800959049584,0.0,0.0,93.10800959049584,0.0,433.26229530478156
55,47,0.0,595.2069028626588,595.2069028626588,0.0,0.0,595.2069028626588,0.0,595.2069028626588
55,48,0.0,0.0,480.61898318641283,0.0,0.0,480.61898318641283,0.0,480.61898318641283
55,49,0.0,0.0,139.5895520432062,0.0,0.0,139.5895520432062,0.0,461.77669490034907
55,50,0.0,0.0,559.8659572061617,0.0,0.0,559.8659572061617,0.0,503.55167149187605
55,51,0.0,0.0,400.078385870503,0.0,0.0,400.078385870503,0.0,322.48124301336014
55,52,0.0,0.0,339.2073132643914,0.0,0.0,339.2073132643914,0.0,339.2073132643914
55,53,0.0,0.0,398.2855123770818,0.0,0.0,398.2855123770818,0.0,328.28694094851033
55,54,0.0,181.45142857142855,511.038375110483,0.0,0.0,511.038375110483,0.0,702.5126608247687
55,55,567.17,0.0,400.2821351166416,400.2821351166416,166.88786488335836,0.0,439.0521351166416,439.0521351166416
55,56,0.0,0.0,506.3818675034456,0.0,0.0,506.3818675034456,0.0,484.56043893201706
55,57,162.5,527.725314245821,527.725314245821,162.5,0.0,365.225314245821,185.71428571428578,550.9395999601068
55,58,0.0,0.0,383.90594280348046,0.0,0.0,383.90594280348046,0.0,383.90594280348046
55,59,0.0,0.0,562.1051649592105,0.0,0.0,562.1051649592105,0.0,476.896593530639
55,60,0.0,224.26285714285714,224.26285714285714,0.0,0.0,224.26285714285714,0.0,474.9663170063927
55,61,342.12,0.0,347.0821676318353,342.12,0.0,4.962167631835314,360.71142857142854,365.67359620326386
55,62,427.24,22.60428571428571,381.14909933174914,381.14909933174914,46.09090066825087,0.0,442.18338504603486,442.18338504603486
55,63,0.0,0.0,270.6936838682129,0.0,0.0,270.6936838682129,0.0,545.2179695824987
55,64,0.0,0.0,437.2380345227339,0.0,0.0,437.2380345227339,0.0,343.3537488084482
55,65,0.0,81.63714285714286,503.1994583897591,0.0,0.0,503.1994583897591,0.0,503.1994583897591
55,66,129.34,114.3428571428571,553.5412969262788,129.34,0.0,424.2012969262788,83.9285714285715,508.1298683548503
55,67,0.0,0.0,0.0,0.0,0.0,0.0,0.0,412.7520066926587
55,68,0.0,0.0,318.1988727252748,0.0,0.0,318.1988727252748,0.0,247.06030129670333
55,69,128.38,0.0,364.0608717098472,128.38,0.0,235.68087170984722,146.71999999999997,382.4008717098472
55,70,155.99,388.04999999999995,640.1684756241759,155.99,0.0,484.1784756241759,178.27428571428572,662.4527613384616
55,71,0.0,0.0,402.10422712213233,0.0,0.0,402.10422712213233,0.0,336.77565569356085
55,72,0.0,0.0,582.0395192543924,0.0,0.0,582.0395192543924,0.0,489.13951925439244
55,73,535.0,0.0,389.2128187995,389.2128187995,145.78718120050002,0.0,465.6413902280714,465.6413902280714
55,74,0.0,389.8514285714285,389.8514285714285,0.0,0.0,389.8514285714285,0.0,737.7490129560197
55,75,0.0,0.0,0.0,0.0,0.0,0.0,0.0,496.43311650165845
55,76,0.0,0.0,622.1741256360528,0.0,0.0,622.1741256360528,0.0,366.95698277891006
55,77,0.0,0.0,35.59005294496396,0.0,0.0,35.59005294496396,0.0,280.1843386592497
55,78,0.0,0.0,354.6563626168611,0.0,0.0,354.6563626168611,0.0,354.6563626168611
55,79,0.0,0.0,450.2279812169586,0.0,0.0,450.2279812169586,0.0,371.75655264553006
55,80,0.0,0.0,419.58355086721326,0.0,0.0,419.58355086721326,0.0,419.58355086721326
55,81,0.0,0.0,507.1292901210194,0.0,0.0,507.1292901210194,0.0,453.5307186924479
55,82,0.0,269.9785714285714,476.0191600427978,0.0,0.0,476.0191600427978,0.0,406.9805886142264
55,83,262.68,165.12,419.2239562124581,262.68,0.0,156.5439562124581,300.20571428571424,631.1225276410296
55,84,0.0,0.0,0.0,0.0,0.0,0.0,0.0,520.1741516237499
55,85,0.0,0.0,365.19946409893384,0.0,0.0,365.19946409893384,0.0,198.3080355275053
55,86,0.0,0.0,698.5091426805265,0.0,0.0,698.5091426805265,0.0,647.3248569662408
55,87,0.0,0.0,296.5894276395903,0.0,0.0,296.5894276395903,0.0,240.37942763959035
55,88,0.0,603.1708071562575,603.1708071562575,0.0,0.0,603.1708071562575,0.0,603.1708071562575
55,89,0.0,0.0,358.4726485373871,0.0,0.0,358.4726485373871,0.0,358.4726485373871
55,90,0.0,0.0,558.7124533662147,0.0,0.0,558.7124533662147,0.0,491.7767390805005
55,91,0.0,0.0,556.3398484323221,0.0,0.0,556.3398484323221,0.0,385.1441341466079
55,92,0.0,0.0,538.2024435062646,0.0,0.0,538.2024435062646,0.0,538.2024435062646
55,93,0.0,0.0,0.0,0.0,0.0,0.0,0.0,483.9584602881296
55,94,0.0,0.0,372.1140868955822,0.0,0.0,372.1140868955822,0.0,320.9855154670108
55,95,191.99,0.0,135.78945301367634,135.78945301367634,56.20054698632367,0.0,163.21659587081916,482.2065958708191
56,0,0.0,0.0,322.06230909768544,0.0,0.0,322.06230909768544,0.0,322.06230909768544
56,1,0.0,0.0,553.1566533566845,0.0,0.0,553.1566533566845,0.0,489.2437962138273
56,2,0.0,0.0,708.0654931210142,0.0,0.0,708.0654931210142,0.0,672.2797788353
56,3,0.0,0.0,267.2735305643938,0.0,0.0,267.2735305643938,0.0,267.2735305643938
56,4,256.96,281.3371428571429,596.4770890909325,256.96,0.0,339.51708909093253,277.4957142857142,617.0128033766467
56,5,0.0,0.0,0.0,0.0,0.0,0.0,0.0,392.98224025638217
56,6,0.0,0.0,441.33070230904013,0.0,0.0,441.33070230904013,0.0,388.33355945189726
56,7,0.0,398.30795102038496,398.30795102038496,0.0,0.0,398.30795102038496,0.0,398.30795102038496
56,8,296.29,0.0,488.7510487361232,296.29,0.0,192.4610487361232,319.3471428571429,511.8081915932661
56,9,0.0,0.0,283.7306347908535,0.0,0.0,283.7306347908535,0.0,400.7477776479963
56,10,0.0,492.1420159141777,492.1420159141777,0.0,0.0,492.1420159141777,0.0,433.28915877132056
56,11,0.0,0.0,427.81044582436414,0.0,0.0,427.81044582436414,0.0,306.9190172529356
56,12,0.0,0.0,522.2245309186659,0.0,0.0,522.2245309186659,0.0,462.0202452043801
56,13,0.0,0.0,724.0449286300587,0.0,0.0,724.0449286300587,0.0,618.6820714872016
56,14,0.0,0.0,424.0511438036075,0.0,0.0,424.0511438036075,0.0,345.34114380360745
56,15,172.99,0.0,285.05506176957806,172.99,0.0,112.06506176957805,115.61571428571426,355.7964903410066
56,16,215.73,0.0,475.69533304976414,215.73,0.0,259.9653330497641,231.76857142857148,491.7339044783356
56,17,239.36,0.0,637.9990955731773,239.36,0.0,398.6390955731773,214.4885714285714,613.1276670017487
56,18,0.0,0.0,422.3964332139781,0.0,0.0,422.3964332139781,0.0,422.3964332139781
56,19,0.0,0.0,476.3450951522384,0.0,0.0,476.3450951522384,0.0,271.9993808665241
56,20,0.0,0.0,433.60579333895555,0.0,0.0,433.60579333895555,0.0,433.60579333895555
56,21,0.0,0.0,540.0042883357055,0.0,0.0,540.0042883357055,0.0,231.64571690713407
56,22,0.0,0.0,590.6030846511127,0.0,0.0,590.6030846511127,0.0,520.1702275082556
56,23,0.0,398.61843147189256,398.61843147189256,0.0,0.0,398.61843147189256,0.0,398.61843147189256
56,24,0.0,0.0,293.6116679946295,0.0,0.0,293.6116679946295,0.0,200.38452513748666
56,25,0.0,92.46735680506265,561.6030710907769,0.0,0.0,561.6030710907769,0.0,498.17592823363395
56,26,0.0,0.0,499.30186801447803,0.0,0.0,499.30186801447803,0.0,454.65329658590656
56,27,0.0,462.15533390878574,462.15533390878574,0.0,0.0,462.15533390878574,0.0,501.1696196230714
56,28,0.0,0.0,507.31511158306284,0.0,0.0,507.31511158306284,0.0,474.12511158306285
56,29,0.0,0.0,263.6351291903913,0.0,0.0,263.6351291903913,0.0,439.05084347610557
56,30,128.53,0.0,457.33930374025147,128.53,0.0,328.8093037402515,20.71857142857141,349.5278751688229
56,31,0.0,311.5368389807406,497.8011246950263,0.0,0.0,497.8011246950263,0.0,805.2868389807406
56,32,556.53,0.0,552.7523901827319,552.7523901827319,3.7776098172680577,0.0,632.2566758970177,632.2566758970177
56,33,0.0,0.0,412.2861140136655,0.0,0.0,412.2861140136655,0.0,381.3246854422369
56,34,0.0,0.0,341.8265828677995,0.0,0.0,341.8265828677995,0.0,262.9537257249424
56,35,0.0,0.0,555.4187688238021,0.0,0.0,555.4187688238021,0.0,401.4230545380878
56,36,0.0,0.0,736.0877968875106,0.0,0.0,736.0877968875106,0.0,603.4349397446534
56,37,0.0,0.0,0.0,0.0,0.0,0.0,0.0,440.69800376709094
56,38,0.0,0.0,0.0,0.0,0.0,0.0,0.0,411.8709516863815
56,39,173.61,0.0,359.329202894154,173.61,0.0,185.71920289415397,112.82857142857142,298.5477743227254
56,40,0.0,0.0,470.3674226479533,0.0,0.0,470.3674226479533,0.0,399.52027979081043
56,41,0.0,0.0,318.93069240010954,0.0,0.0,318.93069240010954,0.0,297.2064066858238
56,42,0.0,0.0,449.3750473153564,0.0,0.0,449.3750473153564,0.0,449.3750473153564
56,43,0.0,0.0,39.4939183372162,0.0,0.0,39.4939183372162,0.0,576.9453469086448
56,44,0.0,8.362857142857195,427.01304111296247,0.0,0.0,427.01304111296247,0.0,427.01304111296247
56,45,0.0,0.0,530.3482386141794,0.0,0.0,530.3482386141794,0.0,530.3482386141794
56,46,122.37,383.43142857142857,476.5394381619244,122.37,0.0,354.1694381619244,96.57428571428574,450.74372387621014
56,47,0.0,0.0,595.2069028626588,0.0,0.0,595.2069028626588,0.0,536.1711885769445
56,48,0.0,0.0,480.61898318641283,0.0,0.0,480.61898318641283,0.0,480.61898318641283
56,49,0.0,351.09999999999997,490.68955204320616,0.0,0.0,490.68955204320616,0.0,461.77669490034907
56,50,0.0,0.0,559.8659572061617,0.0,0.0,559.8659572061617,0.0,503.55167149187605
56,51,0.0,0.0,400.078385870503,0.0,0.0,400.078385870503,0.0,322.48124301336014
56,52,0.0,0.0,339.2073132643914,0.0,0.0,339.2073132643914,0.0,339.2073132643914
56,53,0.0,0.0,398.2855123770818,0.0,0.0,398.2855123770818,0.0,328.28694094851033
56,54,416.3,191.47428571428566,702.5126608247687,416.3,0.0,286.21266082476865,475.77142857142866,761.9840893961973
56,55,502.13,0.0,0.0,0.0,502.13,0.0,71.73285714285714,510.7849922594987
56,56,0.0,0.0,506.3818675034456,0.0,0.0,506.3818675034456,0.0,484.56043893201706
56,57,494.94,0.0,365.225314245821,365.225314245821,129.71468575417902,0.0,435.9310285315353,621.645314245821
56,58,0.0,0.0,383.90594280348046,0.0,0.0,383.90594280348046,0.0,383.90594280348046
56,59,0.0,0.0,562.1051649592105,0.0,0.0,562.1051649592105,0.0,476.896593530639
56,60,0.0,250.70345986353558,474.9663170063927,0.0,0.0,474.9663170063927,0.0,474.9663170063927
56,61,0.0,0.0,4.962167631835314,0.0,0.0,4.962167631835314,0.0,334.04931048897816
56,62,0.0,0.0,0.0,0.0,0.0,0.0,0.0,442.18338504603486
56,63,0.0,348.0057142857143,618.6993981539272,0.0,0.0,618.6993981539272,0.0,471.74082672535576
56,64,700.57,0.0,437.2380345227339,437.2380345227339,263.3319654772661,0.0,443.4351773798768,443.4351773798768
56,65,0.0,0.0,503.1994583897591,0.0,0.0,503.1994583897591,0.0,503.1994583897591
56,66,0.0,0.0,424.2012969262788,0.0,0.0,424.2012969262788,0.0,508.1298683548503
56,67,0.0,412.7520066926587,412.7520066926587,0.0,0.0,412.7520066926587,0.0,412.7520066926587
56,68,853.21,0.0,318.1988727252748,318.1988727252748,535.0111272747253,0.0,341.09601558241764,341.09601558241764
56,69,0.0,0.0,235.68087170984722,0.0,0.0,235.68087170984722,0.0,382.4008717098472
56,70,0.0,0.0,484.1784756241759,0.0,0.0,484.1784756241759,0.0,662.4527613384616
56,71,0.0,0.0,402.10422712213233,0.0,0.0,402.10422712213233,0.0,336.77565569356085
56,72,0.0,0.0,582.0395192543924,0.0,0.0,582.0395192543924,0.0,428.9638049686781
56,73,360.6,0.0,0.0,0.0,360.6,0.0,51.514285714285734,517.1556759423571
56,74,0.0,347.89758438459114,737.7490129560197,0.0,0.0,737.7490129560197,0.0,737.7490129560197
56,75,0.0,496.43311650165845,496.43311650165845,0.0,0.0,496.43311650165845,0.0,496.43311650165845
56,76,0.0,0.0,622.1741256360528,0.0,0.0,622.1741256360528,0.0,366.95698277891006
56,77,0.0,244.59428571428575,280.1843386592497,0.0,0.0,280.1843386592497,0.0,280.1843386592497
56,78,1126.0,0.0,354.6563626168611,354.6563626168611,771.3436373831389,0.0,515.513505474004,515.513505474004
56,79,0.0,0.0,450.2279812169586,0.0,0.0,450.2279812169586,0.0,302.9851240741015
56,80,0.0,0.0,419.58355086721326,0.0,0.0,419.58355086721326,0.0,419.58355086721326
56,81,0.0,0.0,507.1292901210194,0.0,0.0,507.1292901210194,0.0,453.5307186924479
56,82,499.21,0.0,476.0191600427978,476.0191600427978,23.190839957202172,0.0,478.29630289994066,478.29630289994066
56,83,0.0,174.37285714285724,330.91681335531536,0.0,0.0,330.91681335531536,0.0,631.1225276410296
56,84,237.35,520.1741516237499,520.1741516237499,237.35,0.0,282.8241516237499,271.25714285714287,554.0812944808928
56,85,0.0,0.0,365.19946409893384,0.0,0.0,365.19946409893384,0.0,198.3080355275053
56,86,211.27,0.0,698.5091426805265,211.27,0.0,487.23914268052647,127.47428571428566,614.7134283948121
56,87,0.0,0.0,296.5894276395903,0.0,0.0,296.5894276395903,0.0,240.37942763959035
56,88,0.0,0.0,603.1708071562575,0.0,0.0,603.1708071562575,0.0,603.1708071562575
56,89,0.0,0.0,358.4726485373871,0.0,0.0,358.4726485373871,0.0,358.4726485373871
56,90,0.0,0.0,558.7124533662147,0.0,0.0,558.7124533662147,0.0,491.7767390805005
56,91,0.0,0.0,556.3398484323221,0.0,0.0,556.3398484323221,0.0,385.1441341466079
56,92,0.0,0.0,538.2024435062646,0.0,0.0,538.2024435062646,0.0,538.2024435062646
56,93,0.0,550.8298888595582,550.8298888595582,0.0,0.0,550.8298888595582,0.0,483.9584602881296
56,94,0.0,0.0,372.1140868955822,0.0,0.0,372.1140868955822,0.0,320.9855154670108
56,95,0.0,318.98999999999995,318.98999999999995,0.0,0.0,318.98999999999995,0.0,423.6094530136763
57,0,160.78,0.0,322.06230909768544,160.78,0.0,161.28230909768544,183.7485714285714,345.03088052625685
57,1,0.0,0.0,553.1566533566845,0.0,0.0,553.1566533566845,0.0,489.2437962138273
57,2,0.0,0.0,708.0654931210142,0.0,0.0,708.0654931210142,0.0,631.2554931210143
57,3,0.0,0.0,267.2735305643938,0.0,0.0,267.2735305643938,0.0,267.2735305643938
57,4,0.0,0.0,339.51708909093253,0.0,0.0,339.51708909093253,0.0,617.0128033766467
57,5,553.66,392.98224025638217,392.98224025638217,392.98224025638217,160.6777597436178,0.0,472.0765259706679,472.0765259706679
57,6,0.0,0.0,441.33070230904013,0.0,0.0,441.33070230904013,0.0,357.6221308804687
57,7,0.0,0.0,398.30795102038496,0.0,0.0,398.30795102038496,0.0,398.30795102038496
57,8,0.0,0.0,192.4610487361232,0.0,0.0,192.4610487361232,0.0,446.84390587898037
57,9,0.0,117.0171428571428,400.7477776479963,0.0,0.0,400.7477776479963,0.0,400.7477776479963
57,10,0.0,0.0,492.1420159141777,0.0,0.0,492.1420159141777,0.0,433.28915877132056
57,11,0.0,0.0,427.81044582436414,0.0,0.0,427.81044582436414,0.0,306.9190172529356
57,12,0.0,0.0,522.2245309186659,0.0,0.0,522.2245309186659,0.0,462.0202452043801
57,13,0.0,0.0,724.0449286300587,0.0,0.0,724.0449286300587,0.0,618.6820714872016
57,14,468.75,0.0,424.0511438036075,424.0511438036075,44.69885619639251,0.0,412.3054295178932,412.3054295178932
57,15,0.0,128.11571428571426,240.1807760552923,0.0,0.0,240.1807760552923,0.0,355.7964903410066
57,16,0.0,0.0,259.9653330497641,0.0,0.0,259.9653330497641,0.0,491.7339044783356
57,17,0.0,0.0,398.6390955731773,0.0,0.0,398.6390955731773,0.0,613.1276670017487
57,18,705.05,0.0,422.3964332139781,422.3964332139781,282.6535667860218,0.0,523.1178617854067,523.1178617854067
57,19,0.0,0.0,476.3450951522384,0.0,0.0,476.3450951522384,0.0,271.9993808665241
57,20,0.0,0.0,433.60579333895555,0.0,0.0,433.60579333895555,0.0,433.60579333895555
57,21,0.0,0.0,540.0042883357055,0.0,0.0,540.0042883357055,0.0,231.64571690713407
57,22,0.0,0.0,590.6030846511127,0.0,0.0,590.6030846511127,0.0,520.1702275082556
57,23,0.0,0.0,398.61843147189256,0.0,0.0,398.61843147189256,0.0,398.61843147189256
57,24,0.0,0.0,293.6116679946295,0.0,0.0,293.6116679946295,0.0,200.38452513748666
57,25,0.0,0.0,561.6030710907769,0.0,0.0,561.6030710907769,0.0,498.17592823363395
57,26,0.0,0.0,499.30186801447803,0.0,0.0,499.30186801447803,0.0,454.65329658590656
57,27,0.0,39.01428571428568,501.1696196230714,0.0,0.0,501.1696196230714,0.0,483.6724767659286
57,28,0.0,0.0,507.31511158306284,0.0,0.0,507.31511158306284,0.0,453.1422544402057
57,29,0.0,175.41571428571427,439.05084347610557,0.0,0.0,439.05084347610557,0.0,378.729414904677
57,30,0.0,0.0,328.8093037402515,0.0,0.0,328.8093037402515,0.0,349.5278751688229
57,31,0.0,307.4857142857143,805.2868389807406,0.0,0.0,805.2868389807406,0.0,765.2582675521692
57,32,0.0,0.0,0.0,0.0,0.0,0.0,0.0,596.1023901827319
57,33,193.93,0.0,412.2861140136655,193.93,0.0,218.3561140136655,190.67285714285714,409.02897115652263
57,34,237.71,0.0,341.8265828677995,237.71,0.0,104.11658286779951,192.7957142857143,296.9122971535138
57,35,0.0,0.0,555.4187688238021,0.0,0.0,555.4187688238021,0.0,401.4230545380878
57,36,0.0,0.0,736.0877968875106,0.0,0.0,736.0877968875106,0.0,603.4349397446534
57,37,0.0,440.69800376709094,440.69800376709094,0.0,0.0,440.69800376709094,0.0,425.35514662423384
57,38,0.0,411.8709516863815,411.8709516863815,0.0,0.0,411.8709516863815,0.0,411.8709516863815
57,39,0.0,0.0,185.71920289415397,0.0,0.0,185.71920289415397,0.0,298.5477743227254
57,40,0.0,0.0,470.3674226479533,0.0,0.0,470.3674226479533,0.0,399.52027979081043
57,41,0.0,0.0,318.93069240010954,0.0,0.0,318.93069240010954,0.0,297.2064066858238
57,42,0.0,0.0,449.3750473153564,0.0,0.0,449.3750473153564,0.0,449.3750473153564
57,43,0.0,537.4514285714286,576.9453469086448,0.0,0.0,576.9453469086448,0.0,576.9453469086448
57,44,0.0,0.0,427.01304111296247,0.0,0.0,427.01304111296247,0.0,427.01304111296247
57,45,0.0,0.0,530.3482386141794,0.0,0.0,530.3482386141794,0.0,530.3482386141794
57,46,0.0,0.0,354.1694381619244,0.0,0.0,354.1694381619244,0.0,450.74372387621014
57,47,0.0,0.0,595.2069028626588,0.0,0.0,595.2069028626588,0.0,536.1711885769445
57,48,100.93,0.0,480.61898318641283,100.93,0.0,379.6889831864128,115.34857142857146,495.0375546149843
57,49,537.36,0.0,490.68955204320616,490.68955204320616,46.67044795679385,0.0,538.5424091860633,538.5424091860633
57,50,0.0,0.0,559.8659572061617,0.0,0.0,559.8659572061617,0.0,503.55167149187605
57,51,0.0,0.0,400.078385870503,0.0,0.0,400.078385870503,0.0,322.48124301336014
57,52,0.0,0.0,339.2073132643914,0.0,0.0,339.2073132643914,0.0,339.2073132643914
57,53,0.0,0.0,398.2855123770818,0.0,0.0,398.2855123770818,0.0,328.28694094851033
57,54,0.0,0.0,286.21266082476865,0.0,0.0,286.21266082476865,0.0,704.8098036819116
57,55,0.0,439.0521351166416,439.0521351166416,0.0,0.0,439.0521351166416,0.0,510.7849922594987
57,56,0.0,0.0,506.3818675034456,0.0,0.0,506.3818675034456,0.0,457.4932960748742
57,57,0.0,185.71428571428578,185.71428571428578,0.0,0.0,185.71428571428578,0.0,621.645314245821
57,58,0.0,0.0,383.90594280348046,0.0,0.0,383.90594280348046,0.0,383.90594280348046
57,59,0.0,0.0,562.1051649592105,0.0,0.0,562.1051649592105,0.0,476.896593530639
57,60,165.16,0.0,474.9663170063927,165.16,0.0,309.80631700639276,188.75428571428563,498.5606027206784
57,61,0.0,360.71142857142854,365.67359620326386,0.0,0.0,365.67359620326386,0.0,334.04931048897816
57,62,0.0,442.18338504603486,442.18338504603486,0.0,0.0,442.18338504603486,0.0,415.706242188892
57,63,0.0,0.0,618.6993981539272,0.0,0.0,618.6993981539272,0.0,471.74082672535576
57,64,0.0,0.0,0.0,0.0,0.0,0.0,0.0,443.4351773798768
57,65,0.0,0.0,503.1994583897591,0.0,0.0,503.1994583897591,0.0,503.1994583897591
57,66,0.0,83.9285714285715,508.1298683548503,0.0,0.0,508.1298683548503,0.0,508.1298683548503
57,67,0.0,0.0,412.7520066926587,0.0,0.0,412.7520066926587,0.0,412.7520066926587
57,68,0.0,0.0,0.0,0.0,0.0,0.0,0.0,341.09601558241764
57,69,0.0,146.71999999999997,382.4008717098472,0.0,0.0,382.4008717098472,0.0,382.4008717098472
57,70,0.0,178.27428571428572,662.4527613384616,0.0,0.0,662.4527613384616,0.0,662.4527613384616
57,71,0.0,0.0,402.10422712213233,0.0,0.0,402.10422712213233,0.0,255.68994140784656
57,72,0.0,0.0,582.0395192543924,0.0,0.0,582.0395192543924,0.0,428.9638049686781
57,73,261.47,465.6413902280714,465.6413902280714,261.47,0.0,204.17139022807135,298.8228571428572,554.5085330852143
57,74,0.0,0.0,737.7490129560197,0.0,0.0,737.7490129560197,0.0,737.7490129560197
57,75,0.0,0.0,496.43311650165845,0.0,0.0,496.43311650165845,0.0,496.43311650165845
57,76,0.0,0.0,622.1741256360528,0.0,0.0,622.1741256360528,0.0,366.95698277891006
57,77,324.01,0.0,280.1843386592497,280.1843386592497,43.82566134075029,0.0,326.47148151639254,326.47148151639254
57,78,98.72,0.0,0.0,0.0,98.72,0.0,14.102857142857147,529.6163626168611
57,79,0.0,0.0,450.2279812169586,0.0,0.0,450.2279812169586,0.0,271.9422669312444
57,80,0.0,0.0,419.58355086721326,0.0,0.0,419.58355086721326,0.0,419.58355086721326
57,81,0.0,0.0,507.1292901210194,0.0,0.0,507.1292901210194,0.0,453.5307186924479
57,82,0.0,0.0,0.0,0.0,0.0,0.0,0.0,478.29630289994066
57,83,416.43,300.20571428571424,631.1225276410296,416.43,0.0,214.69252764102959,475.92,690.6125276410296
57,84,0.0,0.0,282.8241516237499,0.0,0.0,282.8241516237499,0.0,554.0812944808928
57,85,0.0,0.0,365.19946409893384,0.0,0.0,365.19946409893384,0.0,198.3080355275053
57,86,0.0,0.0,487.23914268052647,0.0,0.0,487.23914268052647,0.0,598.4477141090979
57,87,0.0,0.0,296.5894276395903,0.0,0.0,296.5894276395903,0.0,240.37942763959035
57,88,0.0,0.0,603.1708071562575,0.0,0.0,603.1708071562575,0.0,603.1708071562575
57,89,0.0,0.0,358.4726485373871,0.0,0.0,358.4726485373871,0.0,358.4726485373871
57,90,121.82,0.0,558.7124533662147,121.82,0.0,436.89245336621474,72.2871428571429,509.17959622335763
57,91,0.0,0.0,556.3398484323221,0.0,0.0,556.3398484323221,0.0,385.1441341466079
57,92,0.0,0.0,538.2024435062646,0.0,0.0,538.2024435062646,0.0,538.2024435062646
57,93,487.82,0.0,550.8298888595582,487.82,0.0,63.0098888595582,490.6371428571428,553.647031716701
57,94,0.0,0.0,372.1140868955822,0.0,0.0,372.1140868955822,0.0,320.9855154670108
57,95,0.0,163.21659587081916,482.2065958708191,0.0,0.0,482.2065958708191,0.0,370.6051672993906
58,0,0.0,0.0,161.28230909768544,0.0,0.0,161.28230909768544,0.0,345.03088052625685
58,1,0.0,0.0,553.1566533566845,0.0,0.0,553.1566533566845,0.0,453.08093907097015
58,2,0.0,0.0,708.0654931210142,0.0,0.0,708.0654931210142,0.0,613.4154931210143
58,3,0.0,0.0,267.2735305643938,0.0,0.0,267.2735305643938,0.0,267.2735305643938
58,4,0.0,277.4957142857142,617.0128033766467,0.0,0.0,617.0128033766467,0.0,617.0128033766467
58,5,518.9,0.0,0.0,0.0,518.9,0.0,74.12857142857143,546.2050973992393
58,6,314.19,0.0,441.33070230904013,314.19,0.0,127.14070230904014,275.36571428571426,402.5064165947544
58,7,0.0,0.0,398.30795102038496,0.0,0.0,398.30795102038496,0.0,398.30795102038496
58,8,0.0,319.3471428571429,511.8081915932661,0.0,0.0,511.8081915932661,0.0,446.84390587898037
58,9,416.72,0.0,400.7477776479963,400.7477776479963,15.972222352003712,0.0,460.2792062194249,460.2792062194249
58,10,0.0,0.0,492.1420159141777,0.0,0.0,492.1420159141777,0.0,433.28915877132056
58,11,0.0,0.0,427.81044582436414,0.0,0.0,427.81044582436414,0.0,306.9190172529356
58,12,0.0,0.0,522.2245309186659,0.0,0.0,522.2245309186659,0.0,462.0202452043801
58,13,0.0,0.0,724.0449286300587,0.0,0.0,724.0449286300587,0.0,618.6820714872016
58,14,0.0,0.0,0.0,0.0,0.0,0.0,0.0,412.3054295178932
58,15,451.66,115.61571428571426,355.7964903410066,355.7964903410066,95.86350965899345,0.0,420.31934748386374,420.31934748386374
58,16,0.0,231.76857142857148,491.7339044783356,0.0,0.0,491.7339044783356,0.0,491.7339044783356
58,17,0.0,214.4885714285714,613.1276670017487,0.0,0.0,613.1276670017487,0.0,582.8105241446058
58,18,0.0,0.0,0.0,0.0,0.0,0.0,0.0,523.1178617854067
58,19,0.0,0.0,476.3450951522384,0.0,0.0,476.3450951522384,0.0,271.9993808665241
58,20,0.0,0.0,433.60579333895555,0.0,0.0,433.60579333895555,0.0,433.60579333895555
58,21,0.0,0.0,540.0042883357055,0.0,0.0,540.0042883357055,0.0,231.64571690713407
58,22,0.0,0.0,590.6030846511127,0.0,0.0,590.6030846511127,0.0,520.1702275082556
58,23,575.55,0.0,398.61843147189256,398.61843147189256,176.9315685281074,0.0,480.8398600433211,480.8398600433211
58,24,0.0,0.0,293.6116679946295,0.0,0.0,293.6116679946295,0.0,200.38452513748666
58,25,0.0,0.0,561.6030710907769,0.0,0.0,561.6030710907769,0.0,498.17592823363395
58,26,203.45,0.0,499.30186801447803,203.45,0.0,295.85186801447804,187.86571428571426,483.7175823001923
58,27,0.0,0.0,501.1696196230714,0.0,0.0,501.1696196230714,0.0,483.6724767659286
58,28,0.0,0.0,507.31511158306284,0.0,0.0,507.31511158306284,0.0,442.56796872591997
58,29,0.0,0.0,439.05084347610557,0.0,0.0,439.05084347610557,0.0,360.109414904677
58,30,0.0,20.71857142857141,349.5278751688229,0.0,0.0,349.5278751688229,0.0,349.5278751688229
58,31,0.0,0.0,805.2868389807406,0.0,0.0,805.2868389807406,0.0,765.2582675521692
58,32,0.0,632.2566758970177,632.2566758970177,0.0,0.0,632.2566758970177,0.0,571.2566758970177
58,33,0.0,0.0,218.3561140136655,0.0,0.0,218.3561140136655,0.0,409.02897115652263
58,34,0.0,0.0,104.11658286779951,0.0,0.0,104.11658286779951,0.0,296.9122971535138
58,35,0.0,0.0,555.4187688238021,0.0,0.0,555.4187688238021,0.0,401.4230545380878
58,36,0.0,0.0,736.0877968875106,0.0,0.0,736.0877968875106,0.0,547.7935111732248
58,37,0.0,0.0,440.69800376709094,0.0,0.0,440.69800376709094,0.0,425.35514662423384
58,38,350.14,0.0,411.8709516863815,350.14,0.0,61.7309516863815,400.16,461.8909516863815
58,39,227.7,112.82857142857142,298.5477743227254,227.7,0.0,70.8477743227254,260.2285714285714,331.0763457512968
58,40,0.0,0.0,470.3674226479533,0.0,0.0,470.3674226479533,0.0,399.52027979081043
58,41,0.0,0.0,318.93069240010954,0.0,0.0,318.93069240010954,0.0,297.2064066858238
58,42,0.0,0.0,449.3750473153564,0.0,0.0,449.3750473153564,0.0,449.3750473153564
58,43,204.13,0.0,576.9453469086448,204.13,0.0,372.81534690864476,233.29142857142858,606.1067754800733
58,44,0.0,0.0,427.01304111296247,0.0,0.0,427.01304111296247,0.0,427.01304111296247
58,45,0.0,0.0,530.3482386141794,0.0,0.0,530.3482386141794,0.0,530.3482386141794
58,46,538.09,96.57428571428574,450.74372387621014,450.74372387621014,87.34627612378989,0.0,527.6137238762102,527.6137238762102
58,47,0.0,0.0,595.2069028626588,0.0,0.0,595.2069028626588,0.0,536.1711885769445
58,48,0.0,0.0,379.6889831864128,0.0,0.0,379.6889831864128,0.0,495.0375546149843
58,49,591.95,0.0,0.0,0.0,591.95,0.0,84.56428571428569,623.106694900349
58,50,0.0,0.0,559.8659572061617,0.0,0.0,559.8659572061617,0.0,467.86595720616174
58,51,0.0,0.0,400.078385870503,0.0,0.0,400.078385870503,0.0,322.48124301336014
58,52,0.0,0.0,339.2073132643914,0.0,0.0,339.2073132643914,0.0,339.2073132643914
58,53,0.0,0.0,398.2855123770818,0.0,0.0,398.2855123770818,0.0,287.79265523422464
58,54,0.0,475.77142857142866,761.9840893961973,0.0,0.0,761.9840893961973,0.0,704.8098036819116
58,55,0.0,71.73285714285714,510.7849922594987,0.0,0.0,510.7849922594987,0.0,510.7849922594987
58,56,0.0,0.0,506.3818675034456,0.0,0.0,506.3818675034456,0.0,457.4932960748742
58,57,0.0,435.9310285315353,621.645314245821,0.0,0.0,621.645314245821,0.0,621.645314245821
58,58,0.0,0.0,383.90594280348046,0.0,0.0,383.90594280348046,0.0,383.90594280348046
58,59,0.0,0.0,562.1051649592105,0.0,0.0,562.1051649592105,0.0,461.16659353063903
58,60,0.0,0.0,309.80631700639276,0.0,0.0,309.80631700639276,0.0,498.5606027206784
58,61,567.63,0.0,365.67359620326386,365.67359620326386,201.95640379673614,0.0,415.1393104889782,415.1393104889782
58,62,0.0,0.0,442.18338504603486,0.0,0.0,442.18338504603486,0.0,415.706242188892
58,63,272.53,0.0,618.6993981539272,272.53,0.0,346.1693981539272,164.50428571428563,510.67368386821283
58,64,0.0,443.4351773798768,443.4351773798768,0.0,0.0,443.4351773798768,0.0,443.4351773798768
58,65,0.0,0.0,503.1994583897591,0.0,0.0,503.1994583897591,0.0,503.1994583897591
58,66,0.0,0.0,508.1298683548503,0.0,0.0,508.1298683548503,0.0,508.1298683548503
58,67,0.0,0.0,412.7520066926587,0.0,0.0,412.7520066926587,0.0,412.7520066926587
58,68,245.92,341.09601558241764,341.09601558241764,245.92,0.0,95.17601558241765,281.0514285714286,376.2274441538462
58,69,0.0,0.0,382.4008717098472,0.0,0.0,382.4008717098472,0.0,382.4008717098472
58,70,0.0,0.0,662.4527613384616,0.0,0.0,662.4527613384616,0.0,662.4527613384616
58,71,0.0,0.0,402.10422712213233,0.0,0.0,402.10422712213233,0.0,255.68994140784656
58,72,420.44,0.0,582.0395192543924,420.44,0.0,161.59951925439242,327.4271428571428,489.02666211153525
58,73,0.0,51.514285714285734,255.68567594235708,0.0,0.0,255.68567594235708,0.0,554.5085330852143
58,74,0.0,0.0,737.7490129560197,0.0,0.0,737.7490129560197,0.0,601.7032986703053
58,75,0.0,0.0,496.43311650165845,0.0,0.0,496.43311650165845,0.0,496.43311650165845
58,76,0.0,0.0,622.1741256360528,0.0,0.0,622.1741256360528,0.0,366.95698277891006
58,77,0.0,0.0,0.0,0.0,0.0,0.0,0.0,326.47148151639254
58,78,0.0,515.513505474004,515.513505474004,0.0,0.0,515.513505474004,0.0,529.6163626168611
58,79,522.01,0.0,450.2279812169586,450.2279812169586,71.7820187830414,0.0,346.5151240741015,346.5151240741015
58,80,0.0,0.0,419.58355086721326,0.0,0.0,419.58355086721326,0.0,419.58355086721326
58,81,119.71,0.0,507.1292901210194,119.71,0.0,387.4192901210194,83.2128571428571,470.6321472638765
58,82,0.0,478.29630289994066,478.29630289994066,0.0,0.0,478.29630289994066,0.0,478.29630289994066
58,83,0.0,0.0,214.69252764102959,0.0,0.0,214.69252764102959,0.0,690.6125276410296
58,84,0.0,271.25714285714287,554.0812944808928,0.0,0.0,554.0812944808928,0.0,554.0812944808928
58,85,0.0,0.0,365.19946409893384,0.0,0.0,365.19946409893384,0.0,198.3080355275053
58,86,0.0,127.47428571428566,614.7134283948121,0.0,0.0,614.7134283948121,0.0,518.810571251955
58,87,0.0,0.0,296.5894276395903,0.0,0.0,296.5894276395903,0.0,240.37942763959035
58,88,0.0,0.0,603.1708071562575,0.0,0.0,603.1708071562575,0.0,603.1708071562575
58,89,0.0,0.0,358.4726485373871,0.0,0.0,358.4726485373871,0.0,358.4726485373871
58,90,172.52,0.0,436.89245336621474,172.52,0.0,264.3724533662147,172.47285714285715,509.13245336621475
58,91,0.0,0.0,556.3398484323221,0.0,0.0,556.3398484323221,0.0,385.1441341466079
58,92,0.0,0.0,538.2024435062646,0.0,0.0,538.2024435062646,0.0,538.2024435062646
58,93,0.0,0.0,63.0098888595582,0.0,0.0,63.0098888595582,0.0,553.647031716701
58,94,0.0,0.0,372.1140868955822,0.0,0.0,372.1140868955822,0.0,276.0612297527251
58,95,0.0,0.0,482.2065958708191,0.0,0.0,482.2065958708191,0.0,370.6051672993906
59,0,186.47,183.7485714285714,345.03088052625685,186.47,0.0,158.56088052625685,213.10857142857142,371.6694519548283
59,1,0.0,0.0,553.1566533566845,0.0,0.0,553.1566533566845,0.0,453.08093907097015
59,2,0.0,0.0,708.0654931210142,0.0,0.0,708.0654931210142,0.0,613.4154931210143
59,3,0.0,0.0,267.2735305643938,0.0,0.0,267.2735305643938,0.0,267.2735305643938
59,4,291.35,0.0,617.0128033766467,291.35,0.0,325.6628033766467,332.97142857142865,658.6342319480754
59,5,0.0,472.0765259706679,472.0765259706679,0.0,0.0,472.0765259706679,0.0,546.2050973992393
59,6,0.0,0.0,127.14070230904014,0.0,0.0,127.14070230904014,0.0,382.85498802332586
59,7,0.0,0.0,398.30795102038496,0.0,0.0,398.30795102038496,0.0,398.30795102038496
59,8,0.0,0.0,511.8081915932661,0.0,0.0,511.8081915932661,0.0,446.84390587898037
59,9,0.0,0.0,0.0,0.0,0.0,0.0,0.0,460.2792062194249
59,10,0.0,0.0,492.1420159141777,0.0,0.0,492.1420159141777,0.0,397.1248730570349
59,11,0.0,0.0,427.81044582436414,0.0,0.0,427.81044582436414,0.0,306.9190172529356
59,12,0.0,0.0,522.2245309186659,0.0,0.0,522.2245309186659,0.0,462.0202452043801
59,13,0.0,0.0,724.0449286300587,0.0,0.0,724.0449286300587,0.0,618.6820714872016
59,14,0.0,412.3054295178932,412.3054295178932,0.0,0.0,412.3054295178932,0.0,412.3054295178932
59,15,0.0,0.0,0.0,0.0,0.0,0.0,0.0,337.66363319814945
59,16,0.0,0.0,491.7339044783356,0.0,0.0,491.7339044783356,0.0,450.5410473354784
59,17,0.0,0.0,613.1276670017487,0.0,0.0,613.1276670017487,0.0,515.8090955731773
59,18,0.0,523.1178617854067,523.1178617854067,0.0,0.0,523.1178617854067,0.0,523.1178617854067
59,19,0.0,0.0,476.3450951522384,0.0,0.0,476.3450951522384,0.0,271.9993808665241
59,20,523.79,0.0,433.60579333895555,433.60579333895555,90.18420666104441,0.0,508.43293619609835,508.43293619609835
59,21,0.0,0.0,540.0042883357055,0.0,0.0,540.0042883357055,0.0,231.64571690713407
59,22,0.0,0.0,590.6030846511127,0.0,0.0,590.6030846511127,0.0,520.1702275082556
59,23,0.0,0.0,0.0,0.0,0.0,0.0,0.0,480.8398600433211
59,24,0.0,0.0,293.6116679946295,0.0,0.0,293.6116679946295,0.0,200.38452513748666
59,25,295.9,0.0,561.6030710907769,295.9,0.0,265.7030710907769,274.74428571428564,540.4473568050626
59,26,0.0,0.0,295.85186801447804,0.0,0.0,295.85186801447804,0.0,483.7175823001923
59,27,0.0,0.0,501.1696196230714,0.0,0.0,501.1696196230714,0.0,483.6724767659286
59,28,0.0,0.0,507.31511158306284,0.0,0.0,507.31511158306284,0.0,442.56796872591997
59,29,0.0,0.0,439.05084347610557,0.0,0.0,439.05084347610557,0.0,360.109414904677
59,30,0.0,0.0,349.5278751688229,0.0,0.0,349.5278751688229,0.0,349.5278751688229
59,31,0.0,0.0,805.2868389807406,0.0,0.0,805.2868389807406,0.0,765.2582675521692
59,32,0.0,0.0,632.2566758970177,0.0,0.0,632.2566758970177,0.0,548.2081044684462
59,33,0.0,190.67285714285714,409.02897115652263,0.0,0.0,409.02897115652263,0.0,409.02897115652263
59,34,0.0,192.7957142857143,296.9122971535138,0.0,0.0,296.9122971535138,0.0,296.9122971535138
59,35,0.0,0.0,555.4187688238021,0.0,0.0,555.4187688238021,0.0,401.4230545380878
59,36,223.65,0.0,736.0877968875106,223.65,0.0,512.4377968875107,67.3057142857142,579.7435111732249
59,37,0.0,0.0,440.69800376709094,0.0,0.0,440.69800376709094,0.0,425.35514662423384
59,38,0.0,0.0,61.7309516863815,0.0,0.0,61.7309516863815,0.0,461.8909516863815
59,39,0.0,0.0,70.8477743227254,0.0,0.0,70.8477743227254,0.0,331.0763457512968
59,40,594.99,0.0,470.3674226479533,470.3674226479533,124.62257735204673,0.0,458.2431369336676,458.2431369336676
59,41,0.0,0.0,318.93069240010954,0.0,0.0,318.93069240010954,0.0,297.2064066858238
59,42,0.0,0.0,449.3750473153564,0.0,0.0,449.3750473153564,0.0,449.3750473153564
59,43,0.0,0.0,372.81534690864476,0.0,0.0,372.81534690864476,0.0,544.1524897657877
59,44,0.0,0.0,427.01304111296247,0.0,0.0,427.01304111296247,0.0,427.01304111296247
59,45,0.0,0.0,530.3482386141794,0.0,0.0,530.3482386141794,0.0,530.3482386141794
59,46,0.0,0.0,0.0,0.0,0.0,0.0,0.0,527.6137238762102
59,47,0.0,0.0,595.2069028626588,0.0,0.0,595.2069028626588,0.0,494.1711885769445
59,48,0.0,115.34857142857146,495.0375546149843,0.0,0.0,495.0375546149843,0.0,495.0375546149843
59,49,0.0,538.5424091860633,538.5424091860633,0.0,0.0,538.5424091860633,0.0,623.106694900349
59,50,0.0,0.0,559.8659572061617,0.0,0.0,559.8659572061617,0.0,467.86595720616174
59,51,220.23,0.0,400.078385870503,220.23,0.0,179.848385870503,174.0942857142857,353.9426715847887
59,52,0.0,0.0,339.2073132643914,0.0,0.0,339.2073132643914,0.0,339.2073132643914
59,53,0.0,0.0,398.2855123770818,0.0,0.0,398.2855123770818,0.0,287.79265523422464
59,54,0.0,0.0,761.9840893961973,0.0,0.0,761.9840893961973,0.0,621.1712322533401
59,55,0.0,0.0,510.7849922594987,0.0,0.0,510.7849922594987,0.0,510.7849922594987
59,56,0.0,0.0,506.3818675034456,0.0,0.0,506.3818675034456,0.0,391.68043893201707
59,57,0.0,0.0,621.645314245821,0.0,0.0,621.645314245821,0.0,621.645314245821
59,58,0.0,0.0,383.90594280348046,0.0,0.0,383.90594280348046,0.0,383.90594280348046
59,59,0.0,0.0,562.1051649592105,0.0,0.0,562.1051649592105,0.0,418.35373638778185
59,60,0.0,188.75428571428563,498.5606027206784,0.0,0.0,498.5606027206784,0.0,498.5606027206784
59,61,237.68,0.0,0.0,0.0,237.68,0.0,33.95428571428573,449.0935962032639
59,62,258.03,0.0,442.18338504603486,258.03,0.0,184.15338504603488,268.4142857142857,452.5676707603206
59,63,0.0,0.0,346.1693981539272,0.0,0.0,346.1693981539272,0.0,510.67368386821283
59,64,0.0,0.0,443.4351773798768,0.0,0.0,443.4351773798768,0.0,443.4351773798768
59,65,0.0,0.0,503.1994583897591,0.0,0.0,503.1994583897591,0.0,503.1994583897591
59,66,0.0,0.0,508.1298683548503,0.0,0.0,508.1298683548503,0.0,508.1298683548503
59,67,0.0,0.0,412.7520066926587,0.0,0.0,412.7520066926587,0.0,412.7520066926587
59,68,0.0,0.0,95.17601558241765,0.0,0.0,95.17601558241765,0.0,376.2274441538462
59,69,0.0,0.0,382.4008717098472,0.0,0.0,382.4008717098472,0.0,366.8680145669901
59,70,0.0,0.0,662.4527613384616,0.0,0.0,662.4527613384616,0.0,662.4527613384616
59,71,0.0,0.0,402.10422712213233,0.0,0.0,402.10422712213233,0.0,255.68994140784656
59,72,0.0,0.0,161.59951925439242,0.0,0.0,161.59951925439242,0.0,489.02666211153525
59,73,158.19,298.8228571428572,554.5085330852143,158.19,0.0,396.31853308521426,180.7885714285714,577.1071045137857
59,74,0.0,0.0,737.7490129560197,0.0,0.0,737.7490129560197,0.0,524.1761558131625
59,75,0.0,0.0,496.43311650165845,0.0,0.0,496.43311650165845,0.0,496.43311650165845
59,76,0.0,0.0,622.1741256360528,0.0,0.0,622.1741256360528,0.0,366.95698277891006
59,77,223.77,326.47148151639254,326.47148151639254,223.77,0.0,102.70148151639253,255.73714285714286,358.4386243735354
59,78,0.0,14.102857142857147,529.6163626168611,0.0,0.0,529.6163626168611,0.0,472.15207690257535
59,79,0.0,0.0,0.0,0.0,0.0,0.0,0.0,346.5151240741015
59,80,0.0,0.0,419.58355086721326,0.0,0.0,419.58355086721326,0.0,419.58355086721326
59,81,0.0,0.0,387.4192901210194,0.0,0.0,387.4192901210194,0.0,470.6321472638765
59,82,405.34,0.0,478.29630289994066,405.34,0.0,72.95630289994068,463.2457142857143,536.202017185655
59,83,0.0,475.92,690.6125276410296,0.0,0.0,690.6125276410296,0.0,690.6125276410296
59,84,0.0,0.0,554.0812944808928,0.0,0.0,554.0812944808928,0.0,514.857008766607
59,85,0.0,0.0,365.19946409893384,0.0,0.0,365.19946409893384,0.0,198.3080355275053
59,86,391.2,0.0,614.7134283948121,391.2,0.0,223.51342839481214,351.18285714285724,574.6962855376694
59,87,0.0,0.0,296.5894276395903,0.0,0.0,296.5894276395903,0.0,240.37942763959035
59,88,0.0,0.0,603.1708071562575,0.0,0.0,603.1708071562575,0.0,603.1708071562575
59,89,0.0,0.0,358.4726485373871,0.0,0.0,358.4726485373871,0.0,358.4726485373871
59,90,0.0,72.2871428571429,336.6595962233576,0.0,0.0,336.6595962233576,0.0,464.9367390805005
59,91,0.0,0.0,556.3398484323221,0.0,0.0,556.3398484323221,0.0,385.1441341466079
59,92,0.0,0.0,538.2024435062646,0.0,0.0,538.2024435062646,0.0,538.2024435062646
59,93,0.0,490.6371428571428,553.647031716701,0.0,0.0,553.647031716701,0.0,553.647031716701
59,94,0.0,0.0,372.1140868955822,0.0,0.0,372.1140868955822,0.0,276.0612297527251
59,95,0.0,0.0,482.2065958708191,0.0,0.0,482.2065958708191,0.0,370.6051672993906
60,0,0.0,0.0,158.56088052625685,0.0,0.0,158.56088052625685,0.0,371.6694519548283
60,1,0.0,0.0,553.1566533566845,0.0,0.0,553.1566533566845,0.0,453.08093907097015
60,2,287.38,0.0,708.0654931210142,287.38,0.0,420.68549312101425,233.78428571428572,654.4697788353
60,3,0.0,0.0,267.2735305643938,0.0,0.0,267.2735305643938,0.0,267.2735305643938
60,4,278.88,0.0,325.6628033766467,278.88,0.0,46.78280337664671,318.72,698.4742319480754
60,5,0.0,74.12857142857143,546.2050973992393,0.0,0.0,546.2050973992393,0.0,480.24224025638216
60,6,0.0,275.36571428571426,402.5064165947544,0.0,0.0,402.5064165947544,0.0,382.85498802332586
60,7,0.0,0.0,398.30795102038496,0.0,0.0,398.30795102038496,0.0,398.30795102038496
60,8,0.0,0.0,511.8081915932661,0.0,0.0,511.8081915932661,0.0,446.84390587898037
60,9,0.0,460.2792062194249,460.2792062194249,0.0,0.0,460.2792062194249,0.0,460.2792062194249
60,10,582.53,0.0,492.1420159141777,492.1420159141777,90.38798408582227,0.0,480.34344448560637,480.34344448560637
60,11,0.0,0.0,427.81044582436414,0.0,0.0,427.81044582436414,0.0,306.9190172529356
60,12,0.0,0.0,522.2245309186659,0.0,0.0,522.2245309186659,0.0,462.0202452043801
60,13,0.0,0.0,724.0449286300587,0.0,0.0,724.0449286300587,0.0,465.96350005863013
60,14,0.0,0.0,412.3054295178932,0.0,0.0,412.3054295178932,0.0,412.3054295178932
60,15,0.0,420.31934748386374,420.31934748386374,0.0,0.0,420.31934748386374,0.0,337.66363319814945
60,16,245.02,0.0,491.7339044783356,245.02,0.0,246.7139044783356,238.82999999999996,485.54390447833555
60,17,357.54,0.0,613.1276670017487,357.54,0.0,255.58766700174868,249.57571428571435,505.16338128746304
60,18,100.74,0.0,523.1178617854067,100.74,0.0,422.3778617854067,115.1314285714285,537.5092903568352
60,19,461.78,0.0,476.3450951522384,461.78,0.0,14.565095152238428,299.88999999999993,314.45509515223836
60,20,0.0,0.0,0.0,0.0,0.0,0.0,0.0,508.43293619609835
60,21,0.0,0.0,540.0042883357055,0.0,0.0,540.0042883357055,0.0,231.64571690713407
60,22,0.0,0.0,590.6030846511127,0.0,0.0,590.6030846511127,0.0,520.1702275082556
60,23,0.0,480.8398600433211,480.8398600433211,0.0,0.0,480.8398600433211,0.0,480.8398600433211
60,24,0.0,0.0,293.6116679946295,0.0,0.0,293.6116679946295,0.0,200.38452513748666
60,25,0.0,0.0,265.7030710907769,0.0,0.0,265.7030710907769,0.0,540.4473568050626
60,26,0.0,187.86571428571426,483.7175823001923,0.0,0.0,483.7175823001923,0.0,483.7175823001923
60,27,0.0,0.0,501.1696196230714,0.0,0.0,501.1696196230714,0.0,483.6724767659286
60,28,0.0,0.0,507.31511158306284,0.0,0.0,507.31511158306284,0.0,442.56796872591997
60,29,0.0,0.0,439.05084347610557,0.0,0.0,439.05084347610557,0.0,360.109414904677
60,30,0.0,0.0,349.5278751688229,0.0,0.0,349.5278751688229,0.0,349.5278751688229
60,31,0.0,0.0,805.2868389807406,0.0,0.0,805.2868389807406,0.0,720.5582675521692
60,32,0.0,0.0,632.2566758970177,0.0,0.0,632.2566758970177,0.0,548.2081044684462
60,33,503.76,0.0,409.02897115652263,409.02897115652263,94.73102884347736,0.0,480.9946854422369,480.9946854422369
60,34,0.0,0.0,296.9122971535138,0.0,0.0,296.9122971535138,0.0,296.9122971535138
60,35,0.0,0.0,555.4187688238021,0.0,0.0,555.4187688238021,0.0,401.4230545380878
60,36,0.0,0.0,512.4377968875107,0.0,0.0,512.4377968875107,0.0,579.7435111732249
60,37,352.42,0.0,440.69800376709094,352.42,0.0,88.27800376709092,387.4228571428572,475.7008609099481
60,38,0.0,400.16,461.8909516863815,0.0,0.0,461.8909516863815,0.0,461.8909516863815
60,39,0.0,260.2285714285714,331.0763457512968,0.0,0.0,331.0763457512968,0.0,331.0763457512968
60,40,0.0,0.0,0.0,0.0,0.0,0.0,0.0,418.3574226479533
60,41,130.75,0.0,318.93069240010954,130.75,0.0,188.18069240010954,127.70428571428573,315.88497811439527
60,42,0.0,0.0,449.3750473153564,0.0,0.0,449.3750473153564,0.0,449.3750473153564
60,43,0.0,233.29142857142858,606.1067754800733,0.0,0.0,606.1067754800733,0.0,544.1524897657877
60,44,0.0,0.0,427.01304111296247,0.0,0.0,427.01304111296247,0.0,374.494469684391
60,45,0.0,0.0,530.3482386141794,0.0,0.0,530.3482386141794,0.0,489.149667185608
60,46,0.0,527.6137238762102,527.6137238762102,0.0,0.0,527.6137238762102,0.0,527.6137238762102
60,47,0.0,0.0,595.2069028626588,0.0,0.0,595.2069028626588,0.0,478.69690286265876
60,48,353.81,0.0,495.0375546149843,353.81,0.0,141.22755461498429,404.3542857142857,545.58184032927
60,49,0.0,84.56428571428569,623.106694900349,0.0,0.0,623.106694900349,0.0,623.106694900349
60,50,0.0,0.0,559.8659572061617,0.0,0.0,559.8659572061617,0.0,467.86595720616174
60,51,0.0,0.0,179.848385870503,0.0,0.0,179.848385870503,0.0,353.9426715847887
60,52,0.0,0.0,339.2073132643914,0.0,0.0,339.2073132643914,0.0,339.2073132643914
60,53,446.28,0.0,398.2855123770818,398.2855123770818,47.9944876229182,0.0,351.5469409485103,351.5469409485103
60,54,0.0,0.0,761.9840893961973,0.0,0.0,761.9840893961973,0.0,621.1712322533401
60,55,0.0,0.0,510.7849922594987,0.0,0.0,510.7849922594987,0.0,427.36356368807014
60,56,208.42,0.0,506.3818675034456,208.42,0.0,297.96186750344566,123.49285714285713,421.4547246463028
60,57,0.0,0.0,621.645314245821,0.0,0.0,621.645314245821,0.0,605.3195999601068
60,58,0.0,0.0,383.90594280348046,0.0,0.0,383.90594280348046,0.0,383.90594280348046
60,59,0.0,0.0,562.1051649592105,0.0,0.0,562.1051649592105,0.0,382.2880221020676
60,60,0.0,0.0,498.5606027206784,0.0,0.0,498.5606027206784,0.0,498.5606027206784
60,61,0.0,415.1393104889782,415.1393104889782,0.0,0.0,415.1393104889782,0.0,449.0935962032639
60,62,0.0,0.0,184.15338504603488,0.0,0.0,184.15338504603488,0.0,452.5676707603206
60,63,0.0,164.50428571428563,510.67368386821283,0.0,0.0,510.67368386821283,0.0,436.0579695824986
60,64,0.0,0.0,443.4351773798768,0.0,0.0,443.4351773798768,0.0,443.4351773798768
60,65,0.0,0.0,503.1994583897591,0.0,0.0,503.1994583897591,0.0,503.1994583897591
60,66,0.0,0.0,508.1298683548503,0.0,0.0,508.1298683548503,0.0,508.1298683548503
60,67,0.0,0.0,412.7520066926587,0.0,0.0,412.7520066926587,0.0,412.7520066926587
60,68,0.0,281.0514285714286,376.22744415384625,0.0,0.0,376.22744415384625,0.0,376.2274441538462
60,69,0.0,0.0,382.4008717098472,0.0,0.0,382.4008717098472,0.0,366.8680145669901
60,70,0.0,0.0,662.4527613384616,0.0,0.0,662.4527613384616,0.0,615.3613327670331
60,71,0.0,0.0,402.10422712213233,0.0,0.0,402.10422712213233,0.0,255.68994140784656
60,72,0.0,327.4271428571428,489.02666211153525,0.0,0.0,489.02666211153525,0.0,489.02666211153525
60,73,0.0,0.0,396.31853308521426,0.0,0.0,396.31853308521426,0.0,504.0485330852143
60,74,0.0,0.0,737.7490129560197,0.0,0.0,737.7490129560197,0.0,524.1761558131625
60,75,247.42,0.0,496.43311650165845,247.42,0.0,249.01311650165846,282.76571428571424,531.7788307873727
60,76,0.0,0.0,622.1741256360528,0.0,0.0,622.1741256360528,0.0,366.95698277891006
60,77,230.83,0.0,102.70148151639253,102.70148151639253,128.12851848360748,0.0,135.6771958021068,391.41433865924967
60,78,0.0,0.0,529.6163626168611,0.0,0.0,529.6163626168611,0.0,472.15207690257535
60,79,0.0,346.5151240741015,346.5151240741015,0.0,0.0,346.5151240741015,0.0,346.5151240741015
60,80,0.0,0.0,419.58355086721326,0.0,0.0,419.58355086721326,0.0,419.58355086721326
60,81,0.0,83.2128571428571,470.6321472638765,0.0,0.0,470.6321472638765,0.0,470.6321472638765
60,82,0.0,0.0,72.95630289994068,0.0,0.0,72.95630289994068,0.0,536.202017185655
60,83,0.0,0.0,690.6125276410296,0.0,0.0,690.6125276410296,0.0,636.6553847838868
60,84,123.94,0.0,554.0812944808928,123.94,0.0,430.1412944808928,102.42142857142852,532.5627230523213
60,85,0.0,0.0,365.19946409893384,0.0,0.0,365.19946409893384,0.0,198.3080355275053
60,86,0.0,0.0,223.51342839481214,0.0,0.0,223.51342839481214,0.0,574.6962855376694
60,87,0.0,0.0,296.5894276395903,0.0,0.0,296.5894276395903,0.0,240.37942763959035
60,88,0.0,0.0,603.1708071562575,0.0,0.0,603.1708071562575,0.0,582.7908071562574
60,89,0.0,0.0,358.4726485373871,0.0,0.0,358.4726485373871,0.0,358.4726485373871
60,90,0.0,172.47285714285715,509.13245336621475,0.0,0.0,509.13245336621475,0.0,464.9367390805005
60,91,0.0,0.0,556.3398484323221,0.0,0.0,556.3398484323221,0.0,385.1441341466079
60,92,0.0,0.0,538.2024435062646,0.0,0.0,538.2024435062646,0.0,538.2024435062646
60,93,281.1,0.0,553.647031716701,281.1,0.0,272.547031716701,303.0085714285715,575.5556031452725
60,94,0.0,0.0,372.1140868955822,0.0,0.0,372.1140868955822,0.0,276.0612297527251
60,95,0.0,0.0,482.2065958708191,0.0,0.0,482.2065958708191,0.0,370.6051672993906
61,0,0.0,213.10857142857142,371.6694519548283,0.0,0.0,371.6694519548283,0.0,303.0680233833997
61,1,0.0,0.0,553.1566533566845,0.0,0.0,553.1566533566845,0.0,453.08093907097015
61,2,0.0,0.0,420.68549312101425,0.0,0.0,420.68549312101425,0.0,654.4697788353
61,3,0.0,0.0,267.2735305643938,0.0,0.0,267.2735305643938,0.0,267.2735305643938
61,4,0.0,332.97142857142865,379.75423194807536,0.0,0.0,379.75423194807536,0.0,698.4742319480754
61,5,335.57,0.0,546.2050973992393,335.57,0.0,210.63509739923933,317.54571428571427,528.1808116849536
61,6,0.0,0.0,402.5064165947544,0.0,0.0,402.5064165947544,0.0,382.85498802332586
61,7,0.0,0.0,398.30795102038496,0.0,0.0,398.30795102038496,0.0,398.30795102038496
61,8,409.74,0.0,511.8081915932661,409.74,0.0,102.06819159326608,403.31,505.3781915932661
61,9,0.0,0.0,460.2792062194249,0.0,0.0,460.2792062194249,0.0,460.2792062194249
61,10,0.0,0.0,0.0,0.0,0.0,0.0,0.0,480.34344448560637
61,11,0.0,0.0,427.81044582436414,0.0,0.0,427.81044582436414,0.0,306.9190172529356
61,12,0.0,0.0,522.2245309186659,0.0,0.0,522.2245309186659,0.0,462.0202452043801
61,13,0.0,0.0,724.0449286300587,0.0,0.0,724.0449286300587,0.0,465.96350005863013
61,14,0.0,0.0,412.3054295178932,0.0,0.0,412.3054295178932,0.0,412.3054295178932
61,15,0.0,0.0,420.31934748386374,0.0,0.0,420.31934748386374,0.0,337.66363319814945
61,16,0.0,0.0,246.7139044783356,0.0,0.0,246.7139044783356,0.0,485.54390447833555
61,17,0.0,0.0,255.58766700174868,0.0,0.0,255.58766700174868,0.0,505.16338128746304
61,18,0.0,0.0,422.3778617854067,0.0,0.0,422.3778617854067,0.0,537.5092903568352
61,19,0.0,0.0,14.565095152238428,0.0,0.0,14.565095152238428,0.0,314.45509515223836
61,20,0.0,508.43293619609835,508.43293619609835,0.0,0.0,508.43293619609835,0.0,469.65865048181263
61,21,0.0,0.0,540.0042883357055,0.0,0.0,540.0042883357055,0.0,231.64571690713407
61,22,80.59,0.0,590.6030846511127,80.59,0.0,510.01308465111265,21.670000000000073,531.6830846511127
61,23,0.0,0.0,480.8398600433211,0.0,0.0,480.8398600433211,0.0,480.8398600433211
61,24,159.04,0.0,293.6116679946295,159.04,0.0,134.5716679946295,88.53285714285715,223.10452513748666
61,25,0.0,274.74428571428564,540.4473568050626,0.0,0.0,540.4473568050626,0.0,508.04021394791965
61,26,0.0,0.0,483.7175823001923,0.0,0.0,483.7175823001923,0.0,483.7175823001923
61,27,324.93,0.0,501.1696196230714,324.93,0.0,176.2396196230714,353.8514285714286,530.0910481945
61,28,0.0,0.0,507.31511158306284,0.0,0.0,507.31511158306284,0.0,442.56796872591997
61,29,0.0,0.0,439.05084347610557,0.0,0.0,439.05084347610557,0.0,360.109414904677
61,30,0.0,0.0,349.5278751688229,0.0,0.0,349.5278751688229,0.0,349.5278751688229
61,31,0.0,0.0,805.2868389807406,0.0,0.0,805.2868389807406,0.0,720.5582675521692
61,32,0.0,0.0,632.2566758970177,0.0,0.0,632.2566758970177,0.0,548.2081044684462
61,33,0.0,0.0,0.0,0.0,0.0,0.0,0.0,480.9946854422369
61,34,0.0,0.0,296.9122971535138,0.0,0.0,296.9122971535138,0.0,296.9122971535138
61,35,0.0,0.0,555.4187688238021,0.0,0.0,555.4187688238021,0.0,401.4230545380878
61,36,0.0,67.3057142857142,579.7435111732249,0.0,0.0,579.7435111732249,0.0,579.7435111732249
61,37,0.0,0.0,88.27800376709092,0.0,0.0,88.27800376709092,0.0,475.7008609099481
61,38,0.0,0.0,461.8909516863815,0.0,0.0,461.8909516863815,0.0,461.8909516863815
61,39,510.43,0.0,331.0763457512968,331.0763457512968,179.3536542487032,0.0,384.8020600370111,384.8020600370111
61,40,0.0,458.2431369336676,458.2431369336676,0.0,0.0,458.2431369336676,0.0,418.3574226479533
61,41,0.0,0.0,188.18069240010954,0.0,0.0,188.18069240010954,0.0,315.88497811439527
61,42,0.0,0.0,449.3750473153564,0.0,0.0,449.3750473153564,0.0,381.31933302964217
61,43,174.28,0.0,606.1067754800733,174.28,0.0,431.82677548007337,66.84571428571428,498.67248976578765
61,44,0.0,0.0,427.01304111296247,0.0,0.0,427.01304111296247,0.0,374.494469684391
61,45,0.0,0.0,530.3482386141794,0.0,0.0,530.3482386141794,0.0,489.149667185608
61,46,0.0,0.0,527.6137238762102,0.0,0.0,527.6137238762102,0.0,527.6137238762102
61,47,0.0,0.0,595.2069028626588,0.0,0.0,595.2069028626588,0.0,478.69690286265876
61,48,0.0,0.0,141.22755461498429,0.0,0.0,141.22755461498429,0.0,545.58184032927
61,49,0.0,0.0,623.106694900349,0.0,0.0,623.106694900349,0.0,623.106694900349
61,50,0.0,0.0,559.8659572061617,0.0,0.0,559.8659572061617,0.0,391.52595720616176
61,51,0.0,174.0942857142857,353.9426715847887,0.0,0.0,353.9426715847887,0.0,290.6698144419315
61,52,102.6,0.0,339.2073132643914,102.6,0.0,236.60731326439142,117.25714285714284,353.86445612153426
61,53,0.0,0.0,0.0,0.0,0.0,0.0,0.0,351.5469409485103
61,54,0.0,0.0,761.9840893961973,0.0,0.0,761.9840893961973,0.0,621.1712322533401
61,55,0.0,0.0,510.7849922594987,0.0,0.0,510.7849922594987,0.0,427.36356368807014
61,56,0.0,0.0,297.96186750344566,0.0,0.0,297.96186750344566,0.0,421.4547246463028
61,57,0.0,0.0,621.645314245821,0.0,0.0,621.645314245821,0.0,605.3195999601068
61,58,0.0,0.0,383.90594280348046,0.0,0.0,383.90594280348046,0.0,383.90594280348046
61,59,0.0,0.0,562.1051649592105,0.0,0.0,562.1051649592105,0.0,357.04945067349615
61,60,437.32,0.0,498.5606027206784,437.32,0.0,61.240602720678396,499.79428571428576,561.0348884349642
61,61,0.0,33.95428571428573,449.0935962032639,0.0,0.0,449.0935962032639,0.0,393.6907390604067
61,62,393.74,268.4142857142857,452.5676707603206,393.74,0.0,58.827670760320586,449.98857142857145,508.81624218889203
61,63,0.0,0.0,510.67368386821283,0.0,0.0,510.67368386821283,0.0,436.0579695824986
61,64,0.0,0.0,443.4351773798768,0.0,0.0,443.4351773798768,0.0,443.4351773798768
61,65,0.0,0.0,503.1994583897591,0.0,0.0,503.1994583897591,0.0,503.1994583897591
61,66,0.0,0.0,508.1298683548503,0.0,0.0,508.1298683548503,0.0,508.1298683548503
61,67,0.0,0.0,412.7520066926587,0.0,0.0,412.7520066926587,0.0,412.7520066926587
61,68,0.0,0.0,376.22744415384625,0.0,0.0,376.22744415384625,0.0,376.2274441538462
61,69,508.66,0.0,382.4008717098472,382.4008717098472,126.25912829015283,0.0,439.53372885270437,439.53372885270437
61,70,0.0,0.0,662.4527613384616,0.0,0.0,662.4527613384616,0.0,538.9399041956044
61,71,0.0,0.0,402.10422712213233,0.0,0.0,402.10422712213233,0.0,255.68994140784656
61,72,0.0,0.0,489.02666211153525,0.0,0.0,489.02666211153525,0.0,489.02666211153525
61,73,0.0,180.7885714285714,577.1071045137857,0.0,0.0,577.1071045137857,0.0,463.99710451378576
61,74,107.29,0.0,737.7490129560197,107.29,0.0,630.4590129560197,0.0,539.5032986703054
61,75,0.0,0.0,249.01311650165846,0.0,0.0,249.01311650165846,0.0,531.7788307873727
61,76,0.0,0.0,622.1741256360528,0.0,0.0,622.1741256360528,0.0,366.95698277891006
61,77,251.51,255.73714285714286,255.73714285714286,251.51,0.0,4.227142857142866,287.43999999999994,427.3443386592496
61,78,0.0,0.0,529.6163626168611,0.0,0.0,529.6163626168611,0.0,472.15207690257535
61,79,0.0,0.0,346.5151240741015,0.0,0.0,346.5151240741015,0.0,346.5151240741015
61,80,0.0,0.0,419.58355086721326,0.0,0.0,419.58355086721326,0.0,368.9564080100704
61,81,0.0,0.0,470.6321472638765,0.0,0.0,470.6321472638765,0.0,470.6321472638765
61,82,0.0,463.2457142857143,536.202017185655,0.0,0.0,536.202017185655,0.0,483.32773147136925
61,83,0.0,0.0,690.6125276410296,0.0,0.0,690.6125276410296,0.0,575.508241926744
61,84,0.0,0.0,430.1412944808928,0.0,0.0,430.1412944808928,0.0,489.62700876660705
61,85,0.0,0.0,365.19946409893384,0.0,0.0,365.19946409893384,0.0,198.3080355275053
61,86,366.02,351.18285714285724,574.6962855376694,366.02,0.0,208.6762855376694,418.3085714285713,626.9848569662407
61,87,0.0,0.0,296.5894276395903,0.0,0.0,296.5894276395903,0.0,240.37942763959035
61,88,0.0,0.0,603.1708071562575,0.0,0.0,603.1708071562575,0.0,582.7908071562574
61,89,0.0,0.0,358.4726485373871,0.0,0.0,358.4726485373871,0.0,358.4726485373871
61,90,229.8,0.0,509.13245336621475,229.8,0.0,279.33245336621474,218.4328571428572,497.7653105090719
61,91,0.0,0.0,556.3398484323221,0.0,0.0,556.3398484323221,0.0,385.1441341466079
61,92,0.0,0.0,538.2024435062646,0.0,0.0,538.2024435062646,0.0,538.2024435062646
61,93,0.0,0.0,272.547031716701,0.0,0.0,272.547031716701,0.0,575.5556031452725
61,94,0.0,0.0,372.1140868955822,0.0,0.0,372.1140868955822,0.0,276.0612297527251
61,95,0.0,0.0,482.2065958708191,0.0,0.0,482.2065958708191,0.0,370.6051672993906
62,0,0.0,0.0,371.6694519548283,0.0,0.0,371.6694519548283,0.0,231.003737669114
62,1,0.0,0.0,553.1566533566845,0.0,0.0,553.1566533566845,0.0,398.0237962138273
62,2,0.0,233.78428571428572,654.4697788353,0.0,0.0,654.4697788353,0.0,654.4697788353
62,3,0.0,0.0,267.2735305643938,0.0,0.0,267.2735305643938,0.0,267.2735305643938
62,4,0.0,318.72,698.4742319480754,0.0,0.0,698.4742319480754,0.0,698.4742319480754
62,5,399.73,0.0,210.63509739923933,210.63509739923933,189.0949026007607,0.0,267.739383113525,585.2850973992392
62,6,386.2,0.0,402.5064165947544,386.2,0.0,16.30641659475441,421.72,438.02641659475444
62,7,0.0,0.0,398.30795102038496,0.0,0.0,398.30795102038496,0.0,398.30795102038496
62,8,0.0,0.0,102.06819159326608,0.0,0.0,102.06819159326608,0.0,474.8410487361232
62,9,0.0,0.0,460.2792062194249,0.0,0.0,460.2792062194249,0.0,460.2792062194249
62,10,0.0,480.34344448560637,480.34344448560637,0.0,0.0,480.34344448560637,0.0,480.34344448560637
62,11,0.0,0.0,427.81044582436414,0.0,0.0,427.81044582436414,0.0,306.9190172529356
62,12,0.0,0.0,522.2245309186659,0.0,0.0,522.2245309186659,0.0,462.0202452043801
62,13,0.0,0.0,724.0449286300587,0.0,0.0,724.0449286300587,0.0,465.96350005863013
62,14,0.0,0.0,412.3054295178932,0.0,0.0,412.3054295178932,0.0,412.3054295178932
62,15,243.14,0.0,420.31934748386374,243.14,0.0,177.17934748386375,195.21857142857135,372.3979189124351
62,16,0.0,238.82999999999996,485.54390447833555,0.0,0.0,485.54390447833555,0.0,485.54390447833555
62,17,0.0,249.57571428571435,505.16338128746304,0.0,0.0,505.16338128746304,0.0,505.16338128746304
62,18,0.0,115.1314285714285,537.5092903568352,0.0,0.0,537.5092903568352,0.0,537.5092903568352
62,19,0.0,299.88999999999993,314.45509515223836,0.0,0.0,314.45509515223836,0.0,314.45509515223836
62,20,0.0,0.0,508.43293619609835,0.0,0.0,508.43293619609835,0.0,469.65865048181263
62,21,280.73,0.0,540.0042883357055,280.73,0.0,259.2742883357055,12.475714285714332,271.7500026214198
62,22,0.0,0.0,510.01308465111265,0.0,0.0,510.01308465111265,0.0,477.3645132225413
62,23,0.0,0.0,480.8398600433211,0.0,0.0,480.8398600433211,0.0,480.8398600433211
62,24,0.0,0.0,134.5716679946295,0.0,0.0,134.5716679946295,0.0,223.10452513748666
62,25,0.0,0.0,540.4473568050626,0.0,0.0,540.4473568050626,0.0,508.04021394791965
62,26,0.0,0.0,483.7175823001923,0.0,0.0,483.7175823001923,0.0,417.13758230019226
62,27,441.95,0.0,176.2396196230714,176.2396196230714,265.7103803769286,0.0,239.37533390878576,593.2267624802143
62,28,0.0,0.0,507.31511158306284,0.0,0.0,507.31511158306284,0.0,442.56796872591997
62,29,0.0,0.0,439.05084347610557,0.0,0.0,439.05084347610557,0.0,360.109414904677
62,30,0.0,0.0,349.5278751688229,0.0,0.0,349.5278751688229,0.0,349.5278751688229
62,31,0.0,0.0,805.2868389807406,0.0,0.0,805.2868389807406,0.0,720.5582675521692
62,32,0.0,0.0,632.2566758970177,0.0,0.0,632.2566758970177,0.0,548.2081044684462
62,33,0.0,480.9946854422369,480.9946854422369,0.0,0.0,480.9946854422369,0.0,480.9946854422369
62,34,348.76,0.0,296.9122971535138,296.9122971535138,51.847702846486186,0.0,346.735154296371,346.735154296371
62,35,561.06,0.0,555.4187688238021,555.4187688238021,5.641231176197834,0.0,481.57448310951634,481.57448310951634
62,36,0.0,0.0,579.7435111732249,0.0,0.0,579.7435111732249,0.0,579.7435111732249
62,37,0.0,387.4228571428572,475.7008609099481,0.0,0.0,475.7008609099481,0.0,475.7008609099481
62,38,0.0,0.0,461.8909516863815,0.0,0.0,461.8909516863815,0.0,461.8909516863815
62,39,0.0,0.0,0.0,0.0,0.0,0.0,0.0,384.8020600370111
62,40,0.0,0.0,458.2431369336676,0.0,0.0,458.2431369336676,0.0,418.3574226479533
62,41,0.0,127.70428571428573,315.88497811439527,0.0,0.0,315.88497811439527,0.0,315.88497811439527
62,42,0.0,0.0,449.3750473153564,0.0,0.0,449.3750473153564,0.0,356.626475886785
62,43,0.0,0.0,431.82677548007337,0.0,0.0,431.82677548007337,0.0,498.67248976578765
62,44,0.0,0.0,427.01304111296247,0.0,0.0,427.01304111296247,0.0,374.494469684391
62,45,0.0,0.0,530.3482386141794,0.0,0.0,530.3482386141794,0.0,489.149667185608
62,46,0.0,0.0,527.6137238762102,0.0,0.0,527.6137238762102,0.0,487.7722953047816
62,47,0.0,0.0,595.2069028626588,0.0,0.0,595.2069028626588,0.0,478.69690286265876
62,48,0.0,404.3542857142857,545.58184032927,0.0,0.0,545.58184032927,0.0,523.7146974721271
62,49,186.2,0.0,623.106694900349,186.2,0.0,436.906694900349,187.62857142857143,624.5352663289204
62,50,0.0,0.0,559.8659572061617,0.0,0.0,559.8659572061617,0.0,391.52595720616176
62,51,159.03,0.0,353.9426715847887,159.03,0.0,194.91267158478868,118.4757142857143,313.388385870503
62,52,0.0,0.0,236.60731326439142,0.0,0.0,236.60731326439142,0.0,353.86445612153426
62,53,0.0,351.5469409485103,351.5469409485103,0.0,0.0,351.5469409485103,0.0,321.9183695199389
62,54,0.0,0.0,761.9840893961973,0.0,0.0,761.9840893961973,0.0,621.1712322533401
62,55,0.0,0.0,510.7849922594987,0.0,0.0,510.7849922594987,0.0,427.36356368807014
62,56,0.0,123.49285714285713,421.4547246463028,0.0,0.0,421.4547246463028,0.0,421.4547246463028
62,57,0.0,0.0,621.645314245821,0.0,0.0,621.645314245821,0.0,605.3195999601068
62,58,0.0,0.0,383.90594280348046,0.0,0.0,383.90594280348046,0.0,383.90594280348046
62,59,0.0,0.0,562.1051649592105,0.0,0.0,562.1051649592105,0.0,357.04945067349615
62,60,0.0,0.0,61.240602720678396,0.0,0.0,61.240602720678396,0.0,561.0348884349642
62,61,186.98,0.0,449.0935962032639,186.98,0.0,262.1135962032639,158.28857142857146,420.40216763183537
62,62,0.0,0.0,58.827670760320586,0.0,0.0,58.827670760320586,0.0,508.81624218889203
62,63,0.0,0.0,510.67368386821283,0.0,0.0,510.67368386821283,0.0,436.0579695824986
62,64,0.0,0.0,443.4351773798768,0.0,0.0,443.4351773798768,0.0,443.4351773798768
62,65,0.0,0.0,503.1994583897591,0.0,0.0,503.1994583897591,0.0,503.1994583897591
62,66,0.0,0.0,508.1298683548503,0.0,0.0,508.1298683548503,0.0,508.1298683548503
62,67,0.0,0.0,412.7520066926587,0.0,0.0,412.7520066926587,0.0,412.7520066926587
62,68,0.0,0.0,376.22744415384625,0.0,0.0,376.22744415384625,0.0,376.2274441538462
62,69,0.0,0.0,0.0,0.0,0.0,0.0,0.0,439.53372885270437
62,70,0.0,0.0,662.4527613384616,0.0,0.0,662.4527613384616,0.0,485.51990419560445
62,71,0.0,0.0,402.10422712213233,0.0,0.0,402.10422712213233,0.0,255.68994140784656
62,72,418.63,0.0,489.02666211153525,418.63,0.0,70.39666211153525,478.43428571428575,548.830947825821
62,73,0.0,0.0,577.1071045137857,0.0,0.0,577.1071045137857,0.0,463.99710451378576
62,74,0.0,0.0,630.4590129560197,0.0,0.0,630.4590129560197,0.0,539.5032986703054
62,75,301.01,282.76571428571424,531.7788307873727,301.01,0.0,230.76883078737274,296.4785714285714,527.2474022159441
62,76,0.0,0.0,622.1741256360528,0.0,0.0,622.1741256360528,0.0,366.95698277891006
62,77,0.0,135.6771958021068,139.90433865924967,0.0,0.0,139.90433865924967,0.0,427.3443386592496
62,78,0.0,0.0,529.6163626168611,0.0,0.0,529.6163626168611,0.0,403.1006483311468
62,79,0.0,0.0,346.5151240741015,0.0,0.0,346.5151240741015,0.0,346.5151240741015
62,80,0.0,0.0,419.58355086721326,0.0,0.0,419.58355086721326,0.0,368.9564080100704
62,81,0.0,0.0,470.6321472638765,0.0,0.0,470.6321472638765,0.0,470.6321472638765
62,82,0.0,0.0,536.202017185655,0.0,0.0,536.202017185655,0.0,483.32773147136925
62,83,0.0,0.0,690.6125276410296,0.0,0.0,690.6125276410296,0.0,575.508241926744
62,84,0.0,102.42142857142852,532.5627230523213,0.0,0.0,532.5627230523213,0.0,489.62700876660705
62,85,0.0,0.0,365.19946409893384,0.0,0.0,365.19946409893384,0.0,198.3080355275053
62,86,0.0,0.0,208.6762855376694,0.0,0.0,208.6762855376694,0.0,541.420571251955
62,87,0.0,0.0,296.5894276395903,0.0,0.0,296.5894276395903,0.0,240.37942763959035
62,88,179.69,0.0,603.1708071562575,179.69,0.0,423.4808071562575,113.71571428571423,537.1965214419718
62,89,0.0,0.0,358.4726485373871,0.0,0.0,358.4726485373871,0.0,358.4726485373871
62,90,0.0,0.0,279.33245336621474,0.0,0.0,279.33245336621474,0.0,497.7653105090719
62,91,362.14,0.0,556.3398484323221,362.14,0.0,194.19984843232214,242.67857142857144,436.8784198608936
62,92,549.24,0.0,538.2024435062646,538.2024435062646,11.037556493735451,0.0,616.6653006491217,616.6653006491217
62,93,0.0,303.0085714285715,575.5556031452725,0.0,0.0,575.5556031452725,0.0,575.5556031452725
62,94,0.0,0.0,372.1140868955822,0.0,0.0,372.1140868955822,0.0,274.0998011812965
62,95,0.0,0.0,482.2065958708191,0.0,0.0,482.2065958708191,0.0,370.6051672993906
63,0,0.0,0.0,371.6694519548283,0.0,0.0,371.6694519548283,0.0,231.003737669114
63,1,0.0,0.0,553.1566533566845,0.0,0.0,553.1566533566845,0.0,398.0237962138273
63,2,0.0,0.0,654.4697788353,0.0,0.0,654.4697788353,0.0,654.4697788353
63,3,0.0,0.0,267.2735305643938,0.0,0.0,267.2735305643938,0.0,267.2735305643938
63,4,0.0,0.0,698.4742319480754,0.0,0.0,698.4742319480754,0.0,698.4742319480754
63,5,0.0,317.54571428571427,317.54571428571427,0.0,0.0,317.54571428571427,0.0,585.2850973992392
63,6,0.0,0.0,16.30641659475441,0.0,0.0,16.30641659475441,0.0,438.02641659475444
63,7,0.0,0.0,398.30795102038496,0.0,0.0,398.30795102038496,0.0,380.2308081632421
63,8,210.97,403.31,505.3781915932661,210.97,0.0,294.4081915932661,210.57142857142856,504.97962016469467
63,9,0.0,0.0,460.2792062194249,0.0,0.0,460.2792062194249,0.0,460.2792062194249
63,10,0.0,0.0,480.34344448560637,0.0,0.0,480.34344448560637,0.0,454.4705873427491
63,11,0.0,0.0,427.81044582436414,0.0,0.0,427.81044582436414,0.0,306.9190172529356
63,12,28.72,0.0,522.2245309186659,28.72,0.0,493.50453091866586,0.0,466.12310234723725
63,13,0.0,0.0,724.0449286300587,0.0,0.0,724.0449286300587,0.0,408.6249286300587
63,14,0.0,0.0,412.3054295178932,0.0,0.0,412.3054295178932,0.0,412.3054295178932
63,15,0.0,0.0,177.17934748386375,0.0,0.0,177.17934748386375,0.0,372.3979189124351
63,16,321.33,0.0,485.54390447833555,321.33,0.0,164.21390447833556,367.2342857142857,531.4481901926213
63,17,0.0,0.0,505.16338128746304,0.0,0.0,505.16338128746304,0.0,447.4848098588916
63,18,109.2,0.0,537.5092903568352,109.2,0.0,428.3092903568352,70.33285714285722,498.64214749969244
63,19,0.0,0.0,314.45509515223836,0.0,0.0,314.45509515223836,0.0,314.45509515223836
63,20,0.0,0.0,508.43293619609835,0.0,0.0,508.43293619609835,0.0,469.65865048181263
63,21,0.0,0.0,259.2742883357055,0.0,0.0,259.2742883357055,0.0,271.7500026214198
63,22,0.0,21.670000000000073,531.6830846511127,0.0,0.0,531.6830846511127,0.0,477.3645132225413
63,23,0.0,0.0,480.8398600433211,0.0,0.0,480.8398600433211,0.0,480.8398600433211
63,24,499.89,88.53285714285715,223.10452513748666,223.10452513748666,276.7854748625133,0.0,294.5173822803438,294.5173822803438
63,25,0.0,0.0,540.4473568050626,0.0,0.0,540.4473568050626,0.0,508.04021394791965
63,26,0.0,0.0,483.7175823001923,0.0,0.0,483.7175823001923,0.0,417.13758230019226
63,27,0.0,353.8514285714286,353.8514285714286,0.0,0.0,353.8514285714286,0.0,593.2267624802143
63,28,0.0,0.0,507.31511158306284,0.0,0.0,507.31511158306284,0.0,442.56796872591997
63,29,0.0,0.0,439.05084347610557,0.0,0.0,439.05084347610557,0.0,360.109414904677
63,30,0.0,0.0,349.5278751688229,0.0,0.0,349.5278751688229,0.0,349.5278751688229
63,31,0.0,0.0,805.2868389807406,0.0,0.0,805.2868389807406,0.0,720.5582675521692
63,32,0.0,0.0,632.2566758970177,0.0,0.0,632.2566758970177,0.0,548.2081044684462
63,33,0.0,0.0,480.9946854422369,0.0,0.0,480.9946854422369,0.0,480.9946854422369
63,34,0.0,0.0,0.0,0.0,0.0,0.0,0.0,346.735154296371
63,35,0.0,0.0,0.0,0.0,0.0,0.0,0.0,481.57448310951634
63,36,0.0,0.0,579.7435111732249,0.0,0.0,579.7435111732249,0.0,514.1692254589392
63,37,0.0,0.0,475.7008609099481,0.0,0.0,475.7008609099481,0.0,475.7008609099481
63,38,0.0,0.0,461.8909516863815,0.0,0.0,461.8909516863815,0.0,461.8909516863815
63,39,0.0,384.8020600370111,384.8020600370111,0.0,0.0,384.8020600370111,0.0,384.8020600370111
63,40,151.35,0.0,458.2431369336676,151.35,0.0,306.8931369336676,133.08571428571423,439.97885121938185
63,41,0.0,0.0,315.88497811439527,0.0,0.0,315.88497811439527,0.0,315.88497811439527
63,42,0.0,0.0,449.3750473153564,0.0,0.0,449.3750473153564,0.0,356.626475886785
63,43,395.06,66.84571428571428,498.67248976578765,395.06,0.0,103.61248976578764,451.4971428571428,555.1096326229305
63,44,0.0,0.0,427.01304111296247,0.0,0.0,427.01304111296247,0.0,374.494469684391
63,45,0.0,0.0,530.3482386141794,0.0,0.0,530.3482386141794,0.0,438.32538147132226
63,46,0.0,0.0,527.6137238762102,0.0,0.0,527.6137238762102,0.0,487.7722953047816
63,47,344.68,0.0,595.2069028626588,344.68,0.0,250.5269028626588,247.8171428571428,498.3440457198016
63,48,0.0,0.0,545.58184032927,0.0,0.0,545.58184032927,0.0,523.7146974721271
63,49,304.1,0.0,436.906694900349,304.1,0.0,132.806694900349,347.54285714285714,667.9781234717776
63,50,0.0,0.0,559.8659572061617,0.0,0.0,559.8659572061617,0.0,391.52595720616176
63,51,548.57,0.0,194.91267158478868,194.91267158478868,353.6573284152114,0.0,273.27981444193153,391.7555287276458
63,52,0.0,117.25714285714284,353.86445612153426,0.0,0.0,353.86445612153426,0.0,353.86445612153426
63,53,0.0,0.0,351.5469409485103,0.0,0.0,351.5469409485103,0.0,321.9183695199389
63,54,0.0,0.0,761.9840893961973,0.0,0.0,761.9840893961973,0.0,546.0212322533401
63,55,0.0,0.0,510.7849922594987,0.0,0.0,510.7849922594987,0.0,427.36356368807014
63,56,0.0,0.0,421.4547246463028,0.0,0.0,421.4547246463028,0.0,421.4547246463028
63,57,0.0,0.0,621.645314245821,0.0,0.0,621.645314245821,0.0,574.8667428172496
63,58,0.0,0.0,383.90594280348046,0.0,0.0,383.90594280348046,0.0,383.90594280348046
63,59,0.0,0.0,562.1051649592105,0.0,0.0,562.1051649592105,0.0,357.04945067349615
63,60,0.0,499.79428571428576,561.0348884349642,0.0,0.0,561.0348884349642,0.0,561.0348884349642
63,61,0.0,0.0,262.1135962032639,0.0,0.0,262.1135962032639,0.0,420.40216763183537
63,62,0.0,449.98857142857145,508.81624218889203,0.0,0.0,508.81624218889203,0.0,508.81624218889203
63,63,0.0,0.0,510.67368386821283,0.0,0.0,510.67368386821283,0.0,436.0579695824986
63,64,258.11,0.0,443.4351773798768,258.11,0.0,185.32517737987678,294.98285714285714,480.3080345227339
63,65,0.0,0.0,503.1994583897591,0.0,0.0,503.1994583897591,0.0,503.1994583897591
63,66,0.0,0.0,508.1298683548503,0.0,0.0,508.1298683548503,0.0,472.5384397834217
63,67,0.0,0.0,412.7520066926587,0.0,0.0,412.7520066926587,0.0,412.7520066926587
63,68,0.0,0.0,376.22744415384625,0.0,0.0,376.22744415384625,0.0,376.2274441538462
63,69,0.0,439.53372885270437,439.53372885270437,0.0,0.0,439.53372885270437,0.0,439.53372885270437
63,70,0.0,0.0,662.4527613384616,0.0,0.0,662.4527613384616,0.0,485.51990419560445
63,71,0.0,0.0,402.10422712213233,0.0,0.0,402.10422712213233,0.0,255.68994140784656
63,72,0.0,0.0,70.39666211153525,0.0,0.0,70.39666211153525,0.0,548.830947825821
63,73,0.0,0.0,577.1071045137857,0.0,0.0,577.1071045137857,0.0,463.99710451378576
63,74,337.62,0.0,630.4590129560197,337.62,0.0,292.8390129560197,218.83999999999997,511.6790129560197
63,75,0.0,0.0,230.76883078737274,0.0,0.0,230.76883078737274,0.0,527.2474022159441
63,76,0.0,0.0,622.1741256360528,0.0,0.0,622.1741256360528,0.0,366.95698277891006
63,77,0.0,287.43999999999994,427.3443386592496,0.0,0.0,427.3443386592496,0.0,427.3443386592496
63,78,0.0,0.0,529.6163626168611,0.0,0.0,529.6163626168611,0.0,403.1006483311468
63,79,221.79,0.0,346.5151240741015,221.79,0.0,124.7251240741015,253.47428571428574,378.19940978838724
63,80,0.0,0.0,419.58355086721326,0.0,0.0,419.58355086721326,0.0,368.9564080100704
63,81,298.07,0.0,470.6321472638765,298.07,0.0,172.5621472638765,340.65142857142854,513.213575835305
63,82,0.0,0.0,536.202017185655,0.0,0.0,536.202017185655,0.0,483.32773147136925
63,83,351.11,0.0,690.6125276410296,351.11,0.0,339.5025276410296,286.1642857142858,625.6668133553154
63,84,0.0,0.0,532.5627230523213,0.0,0.0,532.5627230523213,0.0,489.62700876660705
63,85,0.0,0.0,365.19946409893384,0.0,0.0,365.19946409893384,0.0,198.3080355275053
63,86,0.0,418.3085714285713,626.9848569662407,0.0,0.0,626.9848569662407,0.0,541.420571251955
63,87,0.0,0.0,296.5894276395903,0.0,0.0,296.5894276395903,0.0,240.37942763959035
63,88,0.0,0.0,423.4808071562575,0.0,0.0,423.4808071562575,0.0,537.1965214419718
63,89,0.0,0.0,358.4726485373871,0.0,0.0,358.4726485373871,0.0,358.4726485373871
63,90,0.0,218.4328571428572,497.7653105090719,0.0,0.0,497.7653105090719,0.0,497.7653105090719
63,91,0.0,0.0,194.19984843232214,0.0,0.0,194.19984843232214,0.0,436.8784198608936
63,92,0.0,0.0,0.0,0.0,0.0,0.0,0.0,616.6653006491217
63,93,0.0,0.0,575.5556031452725,0.0,0.0,575.5556031452725,0.0,544.9684602881296
63,94,0.0,0.0,372.1140868955822,0.0,0.0,372.1140868955822,0.0,274.0998011812965
63,95,0.0,0.0,482.2065958708191,0.0,0.0,482.2065958708191,0.0,370.6051672993906
64,0,0.0,0.0,371.6694519548283,0.0,0.0,371.6694519548283,0.0,231.003737669114
64,1,517.0,0.0,553.1566533566845,517.0,0.0,36.1566533566845,435.72428571428566,471.88093907097016
64,2,0.0,0.0,654.4697788353,0.0,0.0,654.4697788353,0.0,615.0783502638715
64,3,0.0,0.0,267.2735305643938,0.0,0.0,267.2735305643938,0.0,267.2735305643938
64,4,0.0,0.0,698.4742319480754,0.0,0.0,698.4742319480754,0.0,615.7128033766468
64,5,0.0,267.739383113525,585.2850973992392,0.0,0.0,585.2850973992392,0.0,585.2850973992392
64,6,0.0,421.72,438.02641659475444,0.0,0.0,438.02641659475444,0.0,438.02641659475444
64,7,581.16,0.0,398.30795102038496,398.30795102038496,182.852048979615,0.0,403.18223673467065,403.18223673467065
64,8,0.0,0.0,294.4081915932661,0.0,0.0,294.4081915932661,0.0,504.97962016469467
64,9,0.0,0.0,460.2792062194249,0.0,0.0,460.2792062194249,0.0,460.2792062194249
64,10,500.0,0.0,480.34344448560637,480.34344448560637,19.65655551439363,0.0,525.8991587713206,525.8991587713206
64,11,0.0,0.0,427.81044582436414,0.0,0.0,427.81044582436414,0.0,306.9190172529356
64,12,0.0,0.0,493.50453091866586,0.0,0.0,493.50453091866586,0.0,466.12310234723725
64,13,266.69,0.0,724.0449286300587,266.69,0.0,457.35492863005874,0.0,422.4735000586301
64,14,0.0,0.0,412.3054295178932,0.0,0.0,412.3054295178932,0.0,412.3054295178932
64,15,0.0,195.21857142857135,372.3979189124351,0.0,0.0,372.3979189124351,0.0,372.3979189124351
64,16,0.0,0.0,164.21390447833556,0.0,0.0,164.21390447833556,0.0,531.4481901926213
64,17,166.88,0.0,505.16338128746304,166.88,0.0,338.28338128746304,133.04142857142853,471.32480985889157
64,18,0.0,0.0,428.3092903568352,0.0,0.0,428.3092903568352,0.0,438.813576071121
64,19,0.0,0.0,314.45509515223836,0.0,0.0,314.45509515223836,0.0,314.45509515223836
64,20,0.0,0.0,508.43293619609835,0.0,0.0,508.43293619609835,0.0,469.65865048181263
64,21,938.99,12.475714285714332,271.7500026214198,271.7500026214198,667.2399973785803,0.0,405.89143119284836,405.89143119284836
64,22,0.0,0.0,531.6830846511127,0.0,0.0,531.6830846511127,0.0,462.9530846511127
64,23,0.0,0.0,480.8398600433211,0.0,0.0,480.8398600433211,0.0,480.8398600433211
64,24,0.0,0.0,0.0,0.0,0.0,0.0,0.0,294.5173822803438
64,25,934.85,0.0,540.4473568050626,540.4473568050626,394.40264319493747,0.0,641.5902139479197,641.5902139479197
64,26,0.0,0.0,483.7175823001923,0.0,0.0,483.7175823001923,0.0,417.13758230019226
64,27,0.0,239.37533390878576,593.2267624802143,0.0,0.0,593.2267624802143,0.0,593.2267624802143
64,28,0.0,0.0,507.31511158306284,0.0,0.0,507.31511158306284,0.0,442.56796872591997
64,29,0.0,0.0,439.05084347610557,0.0,0.0,439.05084347610557,0.0,360.109414904677
64,30,0.0,0.0,349.5278751688229,0.0,0.0,349.5278751688229,0.0,349.5278751688229
64,31,0.0,0.0,805.2868389807406,0.0,0.0,805.2868389807406,0.0,720.5582675521692
64,32,0.0,0.0,632.2566758970177,0.0,0.0,632.2566758970177,0.0,548.2081044684462
64,33,0.0,0.0,480.9946854422369,0.0,0.0,480.9946854422369,0.0,480.9946854422369
64,34,327.64,346.735154296371,346.735154296371,327.64,0.0,19.095154296370993,374.44571428571425,393.54086858208524
64,35,0.0,481.57448310951634,481.57448310951634,0.0,0.0,481.57448310951634,0.0,481.57448310951634
64,36,0.0,0.0,579.7435111732249,0.0,0.0,579.7435111732249,0.0,453.11493974465344
64,37,0.0,0.0,475.7008609099481,0.0,0.0,475.7008609099481,0.0,475.7008609099481
64,38,0.0,0.0,461.8909516863815,0.0,0.0,461.8909516863815,0.0,433.4052374006672
64,39,0.0,0.0,384.8020600370111,0.0,0.0,384.8020600370111,0.0,384.8020600370111
64,40,0.0,0.0,306.8931369336676,0.0,0.0,306.8931369336676,0.0,439.97885121938185
64,41,0.0,0.0,315.88497811439527,0.0,0.0,315.88497811439527,0.0,315.88497811439527
64,42,0.0,0.0,449.3750473153564,0.0,0.0,449.3750473153564,0.0,356.626475886785
64,43,236.15,0.0,103.61248976578764,103.61248976578764,132.53751023421236,0.0,137.34820405150202,588.8453469086448
64,44,0.0,0.0,427.01304111296247,0.0,0.0,427.01304111296247,0.0,374.494469684391
64,45,325.25,0.0,530.3482386141794,325.25,0.0,205.09823861417942,279.69142857142856,484.789667185608
64,46,0.0,0.0,527.6137238762102,0.0,0.0,527.6137238762102,0.0,487.7722953047816
64,47,0.0,0.0,250.5269028626588,0.0,0.0,250.5269028626588,0.0,498.3440457198016
64,48,0.0,0.0,545.58184032927,0.0,0.0,545.58184032927,0.0,523.7146974721271
64,49,0.0,187.62857142857143,320.4352663289204,0.0,0.0,320.4352663289204,5.684341886080802e-14,667.9781234717776
64,50,0.0,0.0,559.8659572061617,0.0,0.0,559.8659572061617,0.0,391.52595720616176
64,51,0.0,118.4757142857143,118.4757142857143,0.0,0.0,118.4757142857143,0.0,391.7555287276458
64,52,0.0,0.0,353.86445612153426,0.0,0.0,353.86445612153426,0.0,353.86445612153426
64,53,0.0,0.0,351.5469409485103,0.0,0.0,351.5469409485103,0.0,321.9183695199389
64,54,269.17,0.0,761.9840893961973,269.17,0.0,492.8140893961973,23.430000000000007,516.2440893961973
64,55,0.0,0.0,510.7849922594987,0.0,0.0,510.7849922594987,0.0,427.36356368807014
64,56,0.0,0.0,421.4547246463028,0.0,0.0,421.4547246463028,0.0,343.7904389320171
64,57,0.0,0.0,621.645314245821,0.0,0.0,621.645314245821,0.0,574.8667428172496
64,58,130.11,0.0,383.90594280348046,130.11,0.0,253.79594280348044,148.69714285714286,402.4930856606233
64,59,0.0,0.0,562.1051649592105,0.0,0.0,562.1051649592105,0.0,357.04945067349615
64,60,0.0,0.0,561.0348884349642,0.0,0.0,561.0348884349642,0.0,561.0348884349642
64,61,0.0,158.28857142857146,420.40216763183537,0.0,0.0,420.40216763183537,0.0,420.40216763183537
64,62,0.0,0.0,508.81624218889203,0.0,0.0,508.81624218889203,0.0,508.81624218889203
64,63,0.0,0.0,510.67368386821283,0.0,0.0,510.67368386821283,0.0,436.0579695824986
64,64,0.0,0.0,185.32517737987678,0.0,0.0,185.32517737987678,0.0,480.3080345227339
64,65,0.0,0.0,503.1994583897591,0.0,0.0,503.1994583897591,0.0,503.1994583897591
64,66,0.0,0.0,508.1298683548503,0.0,0.0,508.1298683548503,0.0,419.2827254977074
64,67,0.0,0.0,412.7520066926587,0.0,0.0,412.7520066926587,0.0,412.7520066926587
64,68,0.0,0.0,376.22744415384625,0.0,0.0,376.22744415384625,0.0,376.2274441538462
64,69,0.0,0.0,439.53372885270437,0.0,0.0,439.53372885270437,0.0,424.6851574241329
64,70,0.0,0.0,662.4527613384616,0.0,0.0,662.4527613384616,0.0,485.51990419560445
64,71,0.0,0.0,402.10422712213233,0.0,0.0,402.10422712213233,0.0,255.68994140784656
64,72,200.43,478.43428571428575,548.830947825821,200.43,0.0,348.400947825821,229.06285714285713,577.4638049686781
64,73,0.0,0.0,577.1071045137857,0.0,0.0,577.1071045137857,0.0,463.99710451378576
64,74,0.0,0.0,292.8390129560197,0.0,0.0,292.8390129560197,0.0,511.6790129560197
64,75,0.0,296.4785714285714,527.2474022159441,0.0,0.0,527.2474022159441,0.0,503.8431165016584
64,76,0.0,0.0,622.1741256360528,0.0,0.0,622.1741256360528,0.0,366.95698277891006
64,77,0.0,0.0,427.3443386592496,0.0,0.0,427.3443386592496,0.0,373.6243386592497
64,78,0.0,0.0,529.6163626168611,0.0,0.0,529.6163626168611,0.0,403.1006483311468
64,79,284.44,0.0,124.7251240741015,124.7251240741015,159.7148759258985,0.0,165.35940978838724,418.833695502673
64,80,0.0,0.0,419.58355086721326,0.0,0.0,419.58355086721326,0.0,368.9564080100704
64,81,0.0,0.0,172.5621472638765,0.0,0.0,172.5621472638765,0.0,513.213575835305
64,82,0.0,0.0,536.202017185655,0.0,0.0,536.202017185655,0.0,483.32773147136925
64,83,0.0,0.0,339.5025276410296,0.0,0.0,339.5025276410296,0.0,625.6668133553154
64,84,0.0,0.0,532.5627230523213,0.0,0.0,532.5627230523213,0.0,489.62700876660705
64,85,0.0,0.0,365.19946409893384,0.0,0.0,365.19946409893384,0.0,198.3080355275053
64,86,395.97,0.0,626.9848569662407,395.97,0.0,231.0148569662407,327.4771428571429,558.4919998233836
64,87,0.0,0.0,296.5894276395903,0.0,0.0,296.5894276395903,0.0,240.37942763959035
64,88,0.0,113.71571428571423,537.1965214419718,0.0,0.0,537.1965214419718,0.0,537.1965214419718
64,89,0.0,0.0,358.4726485373871,0.0,0.0,358.4726485373871,0.0,358.4726485373871
64,90,0.0,0.0,497.7653105090719,0.0,0.0,497.7653105090719,0.0,497.7653105090719
64,91,0.0,242.67857142857144,436.8784198608936,0.0,0.0,436.8784198608936,0.0,436.8784198608936
64,92,0.0,616.6653006491217,616.6653006491217,0.0,0.0,616.6653006491217,0.0,616.6653006491217
64,93,0.0,0.0,575.5556031452725,0.0,0.0,575.5556031452725,0.0,544.9684602881296
64,94,0.0,0.0,372.1140868955822,0.0,0.0,372.1140868955822,0.0,274.0998011812965
64,95,365.93,0.0,482.2065958708191,365.93,0.0,116.27659587081911,231.0471428571429,347.323738727962
65,0,0.0,0.0,371.6694519548283,0.0,0.0,371.6694519548283,0.0,212.36088052625686
65,1,0.0,0.0,36.1566533566845,0.0,0.0,36.1566533566845,0.0,425.7109390709702
65,2,0.0,0.0,654.4697788353,0.0,0.0,654.4697788353,0.0,615.0783502638715
65,3,0.0,0.0,267.2735305643938,0.0,0.0,267.2735305643938,0.0,267.2735305643938
65,4,0.0,0.0,698.4742319480754,0.0,0.0,698.4742319480754,0.0,615.7128033766468
65,5,0.0,0.0,585.2850973992392,0.0,0.0,585.2850973992392,0.0,585.2850973992392
65,6,0.0,0.0,438.02641659475444,0.0,0.0,438.02641659475444,0.0,438.02641659475444
65,7,0.0,0.0,0.0,0.0,0.0,0.0,0.0,403.18223673467065
65,8,0.0,210.57142857142856,504.97962016469467,0.0,0.0,504.97962016469467,0.0,464.0267630218375
65,9,0.0,0.0,460.2792062194249,0.0,0.0,460.2792062194249,0.0,460.2792062194249
65,10,255.12,0.0,0.0,0.0,255.12,0.0,36.4457142857143,562.3448730570349
65,11,0.0,0.0,427.81044582436414,0.0,0.0,427.81044582436414,0.0,306.9190172529356
65,12,0.0,0.0,493.50453091866586,0.0,0.0,493.50453091866586,0.0,466.12310234723725
65,13,0.0,0.0,457.35492863005874,0.0,0.0,457.35492863005874,0.0,422.4735000586301
65,14,0.0,0.0,412.3054295178932,0.0,0.0,412.3054295178932,0.0,412.3054295178932
65,15,0.0,0.0,372.3979189124351,0.0,0.0,372.3979189124351,0.0,372.3979189124351
65,16,0.0,367.2342857142857,531.4481901926213,0.0,0.0,531.4481901926213,0.0,531.4481901926213
65,17,0.0,0.0,338.28338128746304,0.0,0.0,338.28338128746304,0.0,471.32480985889157
65,18,323.05,70.33285714285722,498.64214749969244,323.05,0.0,175.59214749969243,309.37142857142857,484.963576071121
65,19,0.0,0.0,314.45509515223836,0.0,0.0,314.45509515223836,0.0,314.45509515223836
65,20,0.0,0.0,508.43293619609835,0.0,0.0,508.43293619609835,0.0,469.65865048181263
65,21,480.28,0.0,0.0,0.0,480.28,0.0,68.61142857142858,474.50285976427693
65,22,0.0,0.0,531.6830846511127,0.0,0.0,531.6830846511127,0.0,462.9530846511127
65,23,0.0,0.0,480.8398600433211,0.0,0.0,480.8398600433211,0.0,480.8398600433211
65,24,0.0,294.5173822803438,294.5173822803438,0.0,0.0,294.5173822803438,0.0,294.5173822803438
65,25,0.0,0.0,0.0,0.0,0.0,0.0,0.0,641.5902139479197
65,26,0.0,0.0,483.7175823001923,0.0,0.0,483.7175823001923,0.0,417.13758230019226
65,27,120.81,0.0,593.2267624802143,120.81,0.0,472.41676248021435,93.94999999999999,566.3667624802143
65,28,0.0,0.0,507.31511158306284,0.0,0.0,507.31511158306284,0.0,442.56796872591997
65,29,0.0,0.0,439.05084347610557,0.0,0.0,439.05084347610557,0.0,360.109414904677
65,30,0.0,0.0,349.5278751688229,0.0,0.0,349.5278751688229,0.0,349.5278751688229
65,31,0.0,0.0,805.2868389807406,0.0,0.0,805.2868389807406,0.0,720.5582675521692
65,32,0.0,0.0,632.2566758970177,0.0,0.0,632.2566758970177,0.0,528.5752473255891
65,33,0.0,0.0,480.9946854422369,0.0,0.0,480.9946854422369,0.0,409.1846854422369
65,34,0.0,0.0,19.095154296370993,0.0,0.0,19.095154296370993,0.0,393.54086858208524
65,35,0.0,0.0,481.57448310951634,0.0,0.0,481.57448310951634,0.0,481.57448310951634
65,36,0.0,0.0,579.7435111732249,0.0,0.0,579.7435111732249,0.0,453.11493974465344
65,37,0.0,0.0,475.7008609099481,0.0,0.0,475.7008609099481,0.0,475.7008609099481
65,38,0.0,0.0,461.8909516863815,0.0,0.0,461.8909516863815,0.0,433.4052374006672
65,39,497.3,0.0,384.8020600370111,384.8020600370111,112.49793996298894,0.0,455.8449171798682,455.8449171798682
65,40,0.0,133.08571428571423,439.97885121938185,0.0,0.0,439.97885121938185,0.0,439.97885121938185
65,41,506.03,0.0,315.88497811439527,315.88497811439527,190.1450218856047,0.0,388.17497811439523,388.17497811439523
65,42,0.0,0.0,449.3750473153564,0.0,0.0,449.3750473153564,0.0,356.626475886785
65,43,0.0,451.4971428571428,451.4971428571428,0.0,0.0,451.4971428571428,0.0,588.8453469086448
65,44,0.0,0.0,427.01304111296247,0.0,0.0,427.01304111296247,0.0,374.494469684391
65,45,0.0,0.0,205.09823861417942,0.0,0.0,205.09823861417942,0.0,484.789667185608
65,46,0.0,0.0,527.6137238762102,0.0,0.0,527.6137238762102,0.0,487.7722953047816
65,47,228.74,247.8171428571428,498.3440457198016,228.74,0.0,269.6040457198016,261.4171428571429,531.0211885769445
65,48,0.0,0.0,545.58184032927,0.0,0.0,545.58184032927,0.0,502.6161260435557
65,49,0.0,347.54285714285714,667.9781234717775,0.0,0.0,667.9781234717775,5.684341886080802e-14,667.9781234717776
65,50,0.0,0.0,559.8659572061617,0.0,0.0,559.8659572061617,0.0,391.52595720616176
65,51,0.0,273.27981444193153,391.7555287276458,0.0,0.0,391.7555287276458,0.0,391.7555287276458
65,52,0.0,0.0,353.86445612153426,0.0,0.0,353.86445612153426,0.0,353.86445612153426
65,53,0.0,0.0,351.5469409485103,0.0,0.0,351.5469409485103,0.0,321.9183695199389
65,54,0.0,0.0,492.8140893961973,0.0,0.0,492.8140893961973,0.0,516.2440893961973
65,55,0.0,0.0,510.7849922594987,0.0,0.0,510.7849922594987,0.0,427.36356368807014
65,56,0.0,0.0,421.4547246463028,0.0,0.0,421.4547246463028,0.0,343.7904389320171
65,57,477.52,0.0,621.645314245821,477.52,0.0,144.12531424582107,498.9585714285713,643.0838856743924
65,58,0.0,0.0,253.79594280348044,0.0,0.0,253.79594280348044,0.0,402.4930856606233
65,59,0.0,0.0,562.1051649592105,0.0,0.0,562.1051649592105,0.0,357.04945067349615
65,60,0.0,0.0,561.0348884349642,0.0,0.0,561.0348884349642,0.0,537.852031292107
65,61,515.51,0.0,420.40216763183537,420.40216763183537,95.10783236816462,0.0,494.04645334612104,494.04645334612104
65,62,264.54,0.0,508.81624218889203,264.54,0.0,244.276242188892,302.3314285714286,546.6076707603206
65,63,0.0,0.0,510.67368386821283,0.0,0.0,510.67368386821283,0.0,436.0579695824986
65,64,0.0,294.98285714285714,480.3080345227339,0.0,0.0,480.3080345227339,0.0,480.3080345227339
65,65,0.0,0.0,503.1994583897591,0.0,0.0,503.1994583897591,0.0,503.1994583897591
65,66,165.18,0.0,508.1298683548503,165.18,0.0,342.9498683548503,99.93,442.8798683548503
65,67,335.22,0.0,412.7520066926587,335.22,0.0,77.53200669265868,383.1085714285714,460.6405781212301
65,68,0.0,0.0,376.22744415384625,0.0,0.0,376.22744415384625,0.0,376.2274441538462
65,69,0.0,0.0,439.53372885270437,0.0,0.0,439.53372885270437,0.0,399.2565859955615
65,70,0.0,0.0,662.4527613384616,0.0,0.0,662.4527613384616,0.0,485.51990419560445
65,71,0.0,0.0,402.10422712213233,0.0,0.0,402.10422712213233,0.0,255.68994140784656
65,72,0.0,0.0,348.400947825821,0.0,0.0,348.400947825821,0.0,518.1952335401068
65,73,0.0,0.0,577.1071045137857,0.0,0.0,577.1071045137857,0.0,463.99710451378576
65,74,0.0,218.83999999999997,511.6790129560197,0.0,0.0,511.6790129560197,0.0,511.6790129560197
65,75,0.0,0.0,527.2474022159441,0.0,0.0,527.2474022159441,0.0,503.8431165016584
65,76,0.0,0.0,622.1741256360528,0.0,0.0,622.1741256360528,0.0,366.95698277891006
65,77,0.0,0.0,427.3443386592496,0.0,0.0,427.3443386592496,0.0,294.2243386592497
65,78,0.0,0.0,529.6163626168611,0.0,0.0,529.6163626168611,0.0,376.5263626168611
65,79,0.0,253.47428571428574,253.47428571428574,0.0,0.0,253.47428571428574,0.0,418.833695502673
65,80,119.85,0.0,419.58355086721326,119.85,0.0,299.73355086721324,18.68571428571431,318.41926515292755
65,81,0.0,340.65142857142854,513.213575835305,0.0,0.0,513.213575835305,0.0,432.75500440673363
65,82,360.34,0.0,536.202017185655,360.34,0.0,175.86201718565502,358.9428571428571,534.8048743285121
65,83,0.0,286.1642857142858,625.6668133553154,0.0,0.0,625.6668133553154,0.0,625.6668133553154
65,84,0.0,0.0,532.5627230523213,0.0,0.0,532.5627230523213,0.0,489.62700876660705
65,85,0.0,0.0,365.19946409893384,0.0,0.0,365.19946409893384,0.0,198.3080355275053
65,86,0.0,0.0,231.0148569662407,0.0,0.0,231.0148569662407,0.0,558.4919998233836
65,87,0.0,0.0,296.5894276395903,0.0,0.0,296.5894276395903,0.0,240.37942763959035
65,88,0.0,0.0,537.1965214419718,0.0,0.0,537.1965214419718,0.0,537.1965214419718
65,89,0.0,0.0,358.4726485373871,0.0,0.0,358.4726485373871,0.0,358.4726485373871
65,90,0.0,0.0,497.7653105090719,0.0,0.0,497.7653105090719,0.0,475.72388193764334
65,91,0.0,0.0,436.8784198608936,0.0,0.0,436.8784198608936,0.0,436.8784198608936
65,92,0.0,0.0,616.6653006491217,0.0,0.0,616.6653006491217,0.0,616.6653006491217
65,93,0.0,0.0,575.5556031452725,0.0,0.0,575.5556031452725,0.0,544.9684602881296
65,94,0.0,0.0,372.1140868955822,0.0,0.0,372.1140868955822,0.0,274.0998011812965
65,95,0.0,0.0,116.27659587081911,0.0,0.0,116.27659587081911,0.0,347.323738727962
66,0,0.0,0.0,371.6694519548283,0.0,0.0,371.6694519548283,0.0,212.36088052625686
66,1,0.0,435.72428571428566,471.88093907097016,0.0,0.0,471.88093907097016,0.0,425.7109390709702
66,2,0.0,0.0,654.4697788353,0.0,0.0,654.4697788353,0.0,615.0783502638715
66,3,0.0,0.0,267.2735305643938,0.0,0.0,267.2735305643938,0.0,267.2735305643938
66,4,0.0,0.0,698.4742319480754,0.0,0.0,698.4742319480754,0.0,580.6042319480754
66,5,0.0,0.0,585.2850973992392,0.0,0.0,585.2850973992392,0.0,585.2850973992392
66,6,0.0,0.0,438.02641659475444,0.0,0.0,438.02641659475444,0.0,438.02641659475444
66,7,0.0,403.18223673467065,403.18223673467065,0.0,0.0,403.18223673467065,0.0,403.18223673467065
66,8,0.0,0.0,504.97962016469467,0.0,0.0,504.97962016469467,0.0,464.0267630218375
66,9,0.0,0.0,460.2792062194249,0.0,0.0,460.2792062194249,0.0,427.67920621942494
66,10,0.0,525.8991587713206,525.8991587713206,0.0,0.0,525.8991587713206,0.0,562.3448730570349
66,11,0.0,0.0,427.81044582436414,0.0,0.0,427.81044582436414,0.0,306.9190172529356
66,12,0.0,0.0,493.50453091866586,0.0,0.0,493.50453091866586,0.0,410.49024520438013
66,13,0.0,0.0,457.35492863005874,0.0,0.0,457.35492863005874,0.0,422.4735000586301
66,14,0.0,0.0,412.3054295178932,0.0,0.0,412.3054295178932,0.0,412.3054295178932
66,15,0.0,0.0,372.3979189124351,0.0,0.0,372.3979189124351,0.0,333.8322046267208
66,16,0.0,0.0,531.4481901926213,0.0,0.0,531.4481901926213,0.0,531.4481901926213
66,17,0.0,133.04142857142853,471.32480985889157,0.0,0.0,471.32480985889157,0.0,471.32480985889157
66,18,0.0,0.0,175.59214749969243,0.0,0.0,175.59214749969243,0.0,484.963576071121
66,19,0.0,0.0,314.45509515223836,0.0,0.0,314.45509515223836,0.0,314.45509515223836
66,20,0.0,0.0,508.43293619609835,0.0,0.0,508.43293619609835,0.0,436.9929361960984
66,21,0.0,405.89143119284836,405.89143119284836,0.0,0.0,405.89143119284836,0.0,474.50285976427693
66,22,0.0,0.0,531.6830846511127,0.0,0.0,531.6830846511127,0.0,462.9530846511127
66,23,0.0,0.0,480.8398600433211,0.0,0.0,480.8398600433211,0.0,480.8398600433211
66,24,0.0,0.0,294.5173822803438,0.0,0.0,294.5173822803438,0.0,294.5173822803438
66,25,0.0,641.5902139479197,641.5902139479197,0.0,0.0,641.5902139479197,0.0,641.5902139479197
66,26,0.0,0.0,483.7175823001923,0.0,0.0,483.7175823001923,0.0,417.13758230019226
66,27,0.0,0.0,472.41676248021435,0.0,0.0,472.41676248021435,0.0,566.3667624802143
66,28,0.0,0.0,507.31511158306284,0.0,0.0,507.31511158306284,0.0,423.13511158306284
66,29,0.0,0.0,439.05084347610557,0.0,0.0,439.05084347610557,0.0,312.7665577618199
66,30,0.0,0.0,349.5278751688229,0.0,0.0,349.5278751688229,0.0,349.5278751688229
66,31,0.0,0.0,805.2868389807406,0.0,0.0,805.2868389807406,0.0,720.5582675521692
66,32,0.0,0.0,632.2566758970177,0.0,0.0,632.2566758970177,0.0,479.95096161130334
66,33,0.0,0.0,480.9946854422369,0.0,0.0,480.9946854422369,0.0,392.4846854422369
66,34,0.0,374.44571428571425,393.54086858208524,0.0,0.0,393.54086858208524,0.0,393.54086858208524
66,35,0.0,0.0,481.57448310951634,0.0,0.0,481.57448310951634,0.0,481.57448310951634
66,36,0.0,0.0,579.7435111732249,0.0,0.0,579.7435111732249,0.0,453.11493974465344
66,37,0.0,0.0,475.7008609099481,0.0,0.0,475.7008609099481,0.0,475.7008609099481
66,38,0.0,0.0,461.8909516863815,0.0,0.0,461.8909516863815,0.0,433.4052374006672
66,39,0.0,0.0,0.0,0.0,0.0,0.0,0.0,455.8449171798682
66,40,0.0,0.0,439.97885121938185,0.0,0.0,439.97885121938185,0.0,439.97885121938185
66,41,0.0,0.0,0.0,0.0,0.0,0.0,0.0,388.17497811439523
66,42,0.0,0.0,449.3750473153564,0.0,0.0,449.3750473153564,0.0,303.98790445821356
66,43,0.0,137.34820405150202,588.8453469086448,0.0,0.0,588.8453469086448,0.0,588.8453469086448
66,44,0.0,0.0,427.01304111296247,0.0,0.0,427.01304111296247,0.0,300.2158982558196
66,45,0.0,279.69142857142856,484.789667185608,0.0,0.0,484.789667185608,0.0,484.789667185608
66,46,0.0,0.0,527.6137238762102,0.0,0.0,527.6137238762102,0.0,487.7722953047816
66,47,0.0,0.0,269.6040457198016,0.0,0.0,269.6040457198016,0.0,531.0211885769445
66,48,0.0,0.0,545.58184032927,0.0,0.0,545.58184032927,0.0,502.6161260435557
66,49,0.0,5.684341886080802e-14,667.9781234717775,0.0,0.0,667.9781234717775,5.684341886080802e-14,667.9781234717776
66,50,0.0,0.0,559.8659572061617,0.0,0.0,559.8659572061617,0.0,391.52595720616176
66,51,0.0,0.0,391.7555287276458,0.0,0.0,391.7555287276458,0.0,391.7555287276458
66,52,0.0,0.0,353.86445612153426,0.0,0.0,353.86445612153426,0.0,327.20017040724855
66,53,0.0,0.0,351.5469409485103,0.0,0.0,351.5469409485103,0.0,321.9183695199389
66,54,0.0,23.430000000000007,516.2440893961973,0.0,0.0,516.2440893961973,0.0,516.2440893961973
66,55,0.0,0.0,510.7849922594987,0.0,0.0,510.7849922594987,0.0,427.36356368807014
66,56,0.0,0.0,421.4547246463028,0.0,0.0,421.4547246463028,0.0,343.7904389320171
66,57,0.0,0.0,144.12531424582107,0.0,0.0,144.12531424582107,0.0,643.0838856743924
66,58,0.0,148.69714285714286,402.4930856606233,0.0,0.0,402.4930856606233,0.0,341.5187999463376
66,59,0.0,0.0,562.1051649592105,0.0,0.0,562.1051649592105,0.0,357.04945067349615
66,60,0.0,0.0,561.0348884349642,0.0,0.0,561.0348884349642,0.0,537.852031292107
66,61,0.0,0.0,0.0,0.0,0.0,0.0,0.0,494.04645334612104
66,62,0.0,0.0,244.276242188892,0.0,0.0,244.276242188892,0.0,546.6076707603206
66,63,0.0,0.0,510.67368386821283,0.0,0.0,510.67368386821283,0.0,436.0579695824986
66,64,0.0,0.0,480.3080345227339,0.0,0.0,480.3080345227339,0.0,480.3080345227339
66,65,0.0,0.0,503.1994583897591,0.0,0.0,503.1994583897591,0.0,417.51802981833055
66,66,0.0,0.0,342.9498683548503,0.0,0.0,342.9498683548503,0.0,442.8798683548503
66,67,0.0,0.0,77.53200669265868,0.0,0.0,77.53200669265868,0.0,460.6405781212301
66,68,0.0,0.0,376.22744415384625,0.0,0.0,376.22744415384625,0.0,376.2274441538462
66,69,0.0,0.0,439.53372885270437,0.0,0.0,439.53372885270437,0.0,399.2565859955615
66,70,0.0,0.0,662.4527613384616,0.0,0.0,662.4527613384616,0.0,485.51990419560445
66,71,0.0,0.0,402.10422712213233,0.0,0.0,402.10422712213233,0.0,255.68994140784656
66,72,0.0,229.06285714285713,577.4638049686781,0.0,0.0,577.4638049686781,0.0,518.1952335401068
66,73,0.0,0.0,577.1071045137857,0.0,0.0,577.1071045137857,0.0,463.99710451378576
66,74,0.0,0.0,511.6790129560197,0.0,0.0,511.6790129560197,0.0,511.6790129560197
66,75,0.0,0.0,527.2474022159441,0.0,0.0,527.2474022159441,0.0,503.8431165016584
66,76,0.0,0.0,622.1741256360528,0.0,0.0,622.1741256360528,0.0,366.95698277891006
66,77,0.0,0.0,427.3443386592496,0.0,0.0,427.3443386592496,0.0,294.2243386592497
66,78,0.0,0.0,529.6163626168611,0.0,0.0,529.6163626168611,0.0,376.5263626168611
66,79,0.0,165.35940978838724,418.833695502673,0.0,0.0,418.833695502673,0.0,366.4551240741015
66,80,0.0,0.0,299.73355086721324,0.0,0.0,299.73355086721324,0.0,318.41926515292755
66,81,0.0,0.0,513.213575835305,0.0,0.0,513.213575835305,0.0,432.75500440673363
66,82,0.0,0.0,175.86201718565502,0.0,0.0,175.86201718565502,0.0,534.8048743285121
66,83,0.0,0.0,625.6668133553154,0.0,0.0,625.6668133553154,0.0,625.6668133553154
66,84,0.0,0.0,532.5627230523213,0.0,0.0,532.5627230523213,0.0,405.3012944808928
66,85,0.0,0.0,365.19946409893384,0.0,0.0,365.19946409893384,0.0,198.3080355275053
66,86,0.0,327.4771428571429,558.4919998233836,0.0,0.0,558.4919998233836,0.0,558.4919998233836
66,87,0.0,0.0,296.5894276395903,0.0,0.0,296.5894276395903,0.0,240.37942763959035
66,88,0.0,0.0,537.1965214419718,0.0,0.0,537.1965214419718,0.0,537.1965214419718
66,89,0.0,0.0,358.4726485373871,0.0,0.0,358.4726485373871,0.0,358.4726485373871
66,90,0.0,0.0,497.7653105090719,0.0,0.0,497.7653105090719,0.0,475.72388193764334
66,91,0.0,0.0,436.8784198608936,0.0,0.0,436.8784198608936,0.0,436.8784198608936
66,92,0.0,0.0,616.6653006491217,0.0,0.0,616.6653006491217,0.0,531.5224435062646
66,93,0.0,0.0,575.5556031452725,0.0,0.0,575.5556031452725,0.0,544.9684602881296
66,94,0.0,0.0,372.1140868955822,0.0,0.0,372.1140868955822,0.0,274.0998011812965
66,95,0.0,231.0471428571429,347.323738727962,0.0,0.0,347.323738727962,0.0,347.323738727962
67,0,0.0,0.0,371.6694519548283,0.0,0.0,371.6694519548283,0.0,212.36088052625686
67,1,0.0,0.0,471.88093907097016,0.0,0.0,471.88093907097016,0.0,425.7109390709702
67,2,0.0,0.0,654.4697788353,0.0,0.0,654.4697788353,0.0,541.7183502638715
67,3,0.0,0.0,267.2735305643938,0.0,0.0,267.2735305643938,0.0,267.2735305643938
67,4,0.0,0.0,698.4742319480754,0.0,0.0,698.4742319480754,0.0,580.6042319480754
67,5,0.0,0.0,585.2850973992392,0.0,0.0,585.2850973992392,0.0,585.2850973992392
67,6,0.0,0.0,438.02641659475444,0.0,0.0,438.02641659475444,0.0,438.02641659475444
67,7,0.0,0.0,403.18223673467065,0.0,0.0,403.18223673467065,0.0,403.18223673467065
67,8,0.0,0.0,504.97962016469467,0.0,0.0,504.97962016469467,0.0,464.0267630218375
67,9,0.0,0.0,460.2792062194249,0.0,0.0,460.2792062194249,0.0,427.67920621942494
67,10,425.97,36.4457142857143,562.3448730570349,425.97,0.0,136.37487305703485,486.8228571428572,623.197730199892
67,11,0.0,0.0,427.81044582436414,0.0,0.0,427.81044582436414,0.0,306.9190172529356
67,12,0.0,0.0,493.50453091866586,0.0,0.0,493.50453091866586,0.0,410.49024520438013
67,13,326.93,0.0,457.35492863005874,326.93,0.0,130.42492863005873,338.7528571428571,469.17778577291585
67,14,551.09,0.0,412.3054295178932,412.3054295178932,138.78457048210686,0.0,491.032572375036,491.032572375036
67,15,0.0,0.0,372.3979189124351,0.0,0.0,372.3979189124351,0.0,333.8322046267208
67,16,0.0,0.0,531.4481901926213,0.0,0.0,531.4481901926213,0.0,531.4481901926213
67,17,0.0,0.0,471.32480985889157,0.0,0.0,471.32480985889157,0.0,471.32480985889157
67,18,0.0,309.37142857142857,484.963576071121,0.0,0.0,484.963576071121,0.0,484.963576071121
67,19,0.0,0.0,314.45509515223836,0.0,0.0,314.45509515223836,0.0,314.45509515223836
67,20,0.0,0.0,508.43293619609835,0.0,0.0,508.43293619609835,0.0,391.8315076246698
67,21,0.0,68.61142857142858,474.50285976427693,0.0,0.0,474.50285976427693,0.0,474.50285976427693
67,22,0.0,0.0,531.6830846511127,0.0,0.0,531.6830846511127,0.0,386.158798936827
67,23,0.0,0.0,480.8398600433211,0.0,0.0,480.8398600433211,0.0,480.8398600433211
67,24,0.0,0.0,294.5173822803438,0.0,0.0,294.5173822803438,0.0,294.5173822803438
67,25,0.0,0.0,641.5902139479197,0.0,0.0,641.5902139479197,0.0,580.4444996622054
67,26,0.0,0.0,483.7175823001923,0.0,0.0,483.7175823001923,0.0,417.13758230019226
67,27,401.13,93.94999999999999,566.3667624802143,401.13,0.0,165.23676248021434,458.4342857142857,623.6710481945
67,28,0.0,0.0,507.31511158306284,0.0,0.0,507.31511158306284,0.0,423.13511158306284
67,29,550.74,0.0,439.05084347610557,439.05084347610557,111.68915652389444,0.0,391.44370061896274,391.44370061896274
67,30,0.0,0.0,349.5278751688229,0.0,0.0,349.5278751688229,0.0,349.5278751688229
67,31,0.0,0.0,805.2868389807406,0.0,0.0,805.2868389807406,0.0,660.2425532664549
67,32,0.0,0.0,632.2566758970177,0.0,0.0,632.2566758970177,0.0,479.95096161130334
67,33,0.0,0.0,480.9946854422369,0.0,0.0,480.9946854422369,0.0,392.4846854422369
67,34,0.0,0.0,393.54086858208524,0.0,0.0,393.54086858208524,0.0,393.54086858208524
67,35,0.0,0.0,481.57448310951634,0.0,0.0,481.57448310951634,0.0,481.57448310951634
67,36,220.68,0.0,579.7435111732249,220.68,0.0,359.06351117322487,125.57714285714286,484.6406540303677
67,37,506.72,0.0,475.7008609099481,475.7008609099481,31.019139090051908,0.0,489.0808609099481,489.0808609099481
67,38,0.0,0.0,461.8909516863815,0.0,0.0,461.8909516863815,0.0,433.4052374006672
67,39,0.0,455.8449171798682,455.8449171798682,0.0,0.0,455.8449171798682,0.0,455.8449171798682
67,40,551.68,0.0,439.97885121938185,439.97885121938185,111.7011487806181,0.0,518.7902797908105,518.7902797908105
67,41,0.0,388.17497811439523,388.17497811439523,0.0,0.0,388.17497811439523,0.0,388.17497811439523
67,42,0.0,0.0,449.3750473153564,0.0,0.0,449.3750473153564,0.0,303.98790445821356
67,43,0.0,0.0,588.8453469086448,0.0,0.0,588.8453469086448,0.0,588.8453469086448
67,44,0.0,0.0,427.01304111296247,0.0,0.0,427.01304111296247,0.0,300.2158982558196
67,45,0.0,0.0,484.789667185608,0.0,0.0,484.789667185608,0.0,484.789667185608
67,46,0.0,0.0,527.6137238762102,0.0,0.0,527.6137238762102,0.0,487.7722953047816
67,47,0.0,261.4171428571429,531.0211885769445,0.0,0.0,531.0211885769445,0.0,451.81976000551595
67,48,0.0,0.0,545.58184032927,0.0,0.0,545.58184032927,0.0,502.6161260435557
67,49,216.66,5.684341886080802e-14,667.9781234717775,216.66,0.0,451.31812347177754,247.61142857142858,698.9295520432062
67,50,0.0,0.0,559.8659572061617,0.0,0.0,559.8659572061617,0.0,391.52595720616176
67,51,0.0,0.0,391.7555287276458,0.0,0.0,391.7555287276458,0.0,391.7555287276458
67,52,0.0,0.0,353.86445612153426,0.0,0.0,353.86445612153426,0.0,327.20017040724855
67,53,0.0,0.0,351.5469409485103,0.0,0.0,351.5469409485103,0.0,321.9183695199389
67,54,403.11,0.0,516.2440893961973,403.11,0.0,113.13408939619728,438.01571428571424,551.1498036819115
67,55,0.0,0.0,510.7849922594987,0.0,0.0,510.7849922594987,0.0,427.36356368807014
67,56,0.0,0.0,421.4547246463028,0.0,0.0,421.4547246463028,0.0,343.7904389320171
67,57,0.0,498.9585714285713,643.0838856743924,0.0,0.0,643.0838856743924,0.0,557.9938856743925
67,58,0.0,0.0,402.4930856606233,0.0,0.0,402.4930856606233,0.0,341.5187999463376
67,59,0.0,0.0,562.1051649592105,0.0,0.0,562.1051649592105,0.0,357.04945067349615
67,60,0.0,0.0,561.0348884349642,0.0,0.0,561.0348884349642,0.0,509.8191741492499
67,61,0.0,494.04645334612104,494.04645334612104,0.0,0.0,494.04645334612104,0.0,494.04645334612104
67,62,0.0,302.3314285714286,546.6076707603206,0.0,0.0,546.6076707603206,0.0,529.7890993317492
67,63,0.0,0.0,510.67368386821283,0.0,0.0,510.67368386821283,0.0,436.0579695824986
67,64,0.0,0.0,480.3080345227339,0.0,0.0,480.3080345227339,0.0,480.3080345227339
67,65,0.0,0.0,503.1994583897591,0.0,0.0,503.1994583897591,0.0,335.8808869611877
67,66,0.0,99.93,442.8798683548503,0.0,0.0,442.8798683548503,0.0,428.5870112119932
67,67,0.0,383.1085714285714,460.6405781212301,0.0,0.0,460.6405781212301,0.0,460.6405781212301
67,68,304.23,0.0,376.22744415384625,304.23,0.0,71.99744415384623,347.69142857142856,419.6888727252748
67,69,0.0,0.0,439.53372885270437,0.0,0.0,439.53372885270437,0.0,399.2565859955615
67,70,0.0,0.0,662.4527613384616,0.0,0.0,662.4527613384616,0.0,432.7141899098902
67,71,0.0,0.0,402.10422712213233,0.0,0.0,402.10422712213233,0.0,255.68994140784656
67,72,439.35,0.0,577.4638049686781,439.35,0.0,138.1138049686781,442.8457142857143,580.9595192543924
67,73,0.0,0.0,577.1071045137857,0.0,0.0,577.1071045137857,0.0,463.99710451378576
67,74,0.0,0.0,511.6790129560197,0.0,0.0,511.6790129560197,0.0,462.9475843845911
67,75,0.0,0.0,527.2474022159441,0.0,0.0,527.2474022159441,0.0,503.8431165016584
67,76,0.0,0.0,622.1741256360528,0.0,0.0,622.1741256360528,0.0,366.95698277891006
67,77,251.18,0.0,427.3443386592496,251.18,0.0,176.1643386592496,153.94285714285724,330.10719580210684
67,78,0.0,0.0,529.6163626168611,0.0,0.0,529.6163626168611,0.0,376.5263626168611
67,79,0.0,0.0,418.833695502673,0.0,0.0,418.833695502673,0.0,366.4551240741015
67,80,0.0,18.68571428571431,318.41926515292755,0.0,0.0,318.41926515292755,0.0,318.41926515292755
67,81,0.0,0.0,513.213575835305,0.0,0.0,513.213575835305,0.0,432.75500440673363
67,82,0.0,358.9428571428571,534.8048743285121,0.0,0.0,534.8048743285121,0.0,498.3434457570835
67,83,0.0,0.0,625.6668133553154,0.0,0.0,625.6668133553154,0.0,605.0268133553154
67,84,0.0,0.0,532.5627230523213,0.0,0.0,532.5627230523213,0.0,405.3012944808928
67,85,0.0,0.0,365.19946409893384,0.0,0.0,365.19946409893384,0.0,198.3080355275053
67,86,573.73,0.0,558.4919998233836,558.4919998233836,15.238000176616424,0.0,640.4534283948121,640.4534283948121
67,87,574.57,0.0,296.5894276395903,296.5894276395903,277.9805723604097,0.0,322.46085621101895,322.46085621101895
67,88,359.85,0.0,537.1965214419718,359.85,0.0,177.34652144197173,330.61428571428576,507.9608071562575
67,89,0.0,0.0,358.4726485373871,0.0,0.0,358.4726485373871,0.0,358.4726485373871
67,90,0.0,0.0,497.7653105090719,0.0,0.0,497.7653105090719,0.0,475.72388193764334
67,91,0.0,0.0,436.8784198608936,0.0,0.0,436.8784198608936,0.0,436.8784198608936
67,92,0.0,0.0,616.6653006491217,0.0,0.0,616.6653006491217,0.0,531.5224435062646
67,93,0.0,0.0,575.5556031452725,0.0,0.0,575.5556031452725,0.0,544.9684602881296
67,94,0.0,0.0,372.1140868955822,0.0,0.0,372.1140868955822,0.0,274.0998011812965
67,95,599.06,0.0,347.323738727962,347.323738727962,251.73626127203795,0.0,432.90373872796204,432.90373872796204
68,0,0.0,0.0,371.6694519548283,0.0,0.0,371.6694519548283,0.0,212.36088052625686
68,1,319.29,0.0,471.88093907097016,319.29,0.0,152.59093907097014,318.7328571428572,471.32379621382734
68,2,194.55,0.0,654.4697788353,194.55,0.0,459.91977883529995,109.5914285714286,569.5112074067285
68,3,0.0,0.0,267.2735305643938,0.0,0.0,267.2735305643938,0.0,267.2735305643938
68,4,0.0,0.0,698.4742319480754,0.0,0.0,698.4742319480754,0.0,545.4370890909324
68,5,0.0,0.0,585.2850973992392,0.0,0.0,585.2850973992392,0.0,585.2850973992392
68,6,154.7,0.0,438.02641659475444,154.7,0.0,283.32641659475445,176.79999999999995,460.1264165947544
68,7,0.0,0.0,403.18223673467065,0.0,0.0,403.18223673467065,0.0,348.76509387752776
68,8,0.0,0.0,504.97962016469467,0.0,0.0,504.97962016469467,0.0,464.0267630218375
68,9,248.19,0.0,460.2792062194249,248.19,0.0,212.0892062194249,251.04571428571427,463.1349205051392
68,10,0.0,0.0,136.37487305703485,0.0,0.0,136.37487305703485,0.0,547.9191587713206
68,11,0.0,0.0,427.81044582436414,0.0,0.0,427.81044582436414,0.0,306.9190172529356
68,12,0.0,0.0,493.50453091866586,0.0,0.0,493.50453091866586,0.0,410.49024520438013
68,13,0.0,0.0,130.42492863005873,0.0,0.0,130.42492863005873,0.0,469.17778577291585
68,14,0.0,0.0,0.0,0.0,0.0,0.0,0.0,491.032572375036
68,15,0.0,0.0,372.3979189124351,0.0,0.0,372.3979189124351,0.0,333.8322046267208
68,16,160.21,0.0,531.4481901926213,160.21,0.0,371.23819019262123,183.0971428571429,554.3353330497641
68,17,353.96,0.0,471.32480985889157,353.96,0.0,117.36480985889159,404.52571428571423,521.8905241446058
68,18,0.0,0.0,484.963576071121,0.0,0.0,484.963576071121,0.0,484.963576071121
68,19,0.0,0.0,314.45509515223836,0.0,0.0,314.45509515223836,0.0,314.45509515223836
68,20,0.0,0.0,508.43293619609835,0.0,0.0,508.43293619609835,0.0,391.8315076246698
68,21,0.0,0.0,474.50285976427693,0.0,0.0,474.50285976427693,0.0,474.50285976427693
68,22,0.0,0.0,531.6830846511127,0.0,0.0,531.6830846511127,0.0,386.158798936827
68,23,0.0,0.0,480.8398600433211,0.0,0.0,480.8398600433211,0.0,407.82128861474973
68,24,0.0,0.0,294.5173822803438,0.0,0.0,294.5173822803438,0.0,294.5173822803438
68,25,0.0,0.0,641.5902139479197,0.0,0.0,641.5902139479197,0.0,514.3302139479197
68,26,0.0,0.0,483.7175823001923,0.0,0.0,483.7175823001923,0.0,417.13758230019226
68,27,0.0,0.0,165.23676248021434,0.0,0.0,165.23676248021434,0.0,517.8196196230715
68,28,0.0,0.0,507.31511158306284,0.0,0.0,507.31511158306284,0.0,423.13511158306284
68,29,0.0,0.0,0.0,0.0,0.0,0.0,0.0,391.44370061896274
68,30,0.0,0.0,349.5278751688229,0.0,0.0,349.5278751688229,0.0,349.5278751688229
68,31,0.0,0.0,805.2868389807406,0.0,0.0,805.2868389807406,0.0,500.48826755216925
68,32,0.0,0.0,632.2566758970177,0.0,0.0,632.2566758970177,0.0,479.95096161130334
68,33,355.66,0.0,480.9946854422369,355.66,0.0,125.33468544223689,317.9585714285715,443.29325687080836
68,34,0.0,0.0,393.54086858208524,0.0,0.0,393.54086858208524,0.0,393.54086858208524
68,35,0.0,0.0,481.57448310951634,0.0,0.0,481.57448310951634,0.0,481.57448310951634
68,36,0.0,0.0,359.06351117322487,0.0,0.0,359.06351117322487,0.0,484.6406540303677
68,37,0.0,0.0,0.0,0.0,0.0,0.0,0.0,489.0808609099481
68,38,0.0,0.0,461.8909516863815,0.0,0.0,461.8909516863815,0.0,433.4052374006672
68,39,0.0,0.0,455.8449171798682,0.0,0.0,455.8449171798682,0.0,455.8449171798682
68,40,0.0,0.0,0.0,0.0,0.0,0.0,0.0,518.7902797908105
68,41,121.89,0.0,388.17497811439523,121.89,0.0,266.28497811439524,139.3028571428572,405.58783525725244
68,42,0.0,0.0,449.3750473153564,0.0,0.0,449.3750473153564,0.0,303.98790445821356
68,43,0.0,0.0,588.8453469086448,0.0,0.0,588.8453469086448,0.0,588.8453469086448
68,44,0.0,0.0,427.01304111296247,0.0,0.0,427.01304111296247,0.0,292.6716125415339
68,45,0.0,0.0,484.789667185608,0.0,0.0,484.789667185608,0.0,484.789667185608
68,46,0.0,0.0,527.6137238762102,0.0,0.0,527.6137238762102,0.0,420.8937238762102
68,47,0.0,0.0,531.0211885769445,0.0,0.0,531.0211885769445,0.0,451.81976000551595
68,48,0.0,0.0,545.58184032927,0.0,0.0,545.58184032927,0.0,502.6161260435557
68,49,0.0,5.684341886080802e-14,451.3181234717776,0.0,0.0,451.3181234717776,0.0,650.2866949003491
68,50,0.0,0.0,559.8659572061617,0.0,0.0,559.8659572061617,0.0,391.52595720616176
68,51,0.0,0.0,391.7555287276458,0.0,0.0,391.7555287276458,0.0,391.7555287276458
68,52,0.0,0.0,353.86445612153426,0.0,0.0,353.86445612153426,0.0,327.20017040724855
68,53,0.0,0.0,351.5469409485103,0.0,0.0,351.5469409485103,0.0,321.9183695199389
68,54,0.0,0.0,113.13408939619728,0.0,0.0,113.13408939619728,0.0,527.2155179676258
68,55,0.0,0.0,510.7849922594987,0.0,0.0,510.7849922594987,0.0,427.36356368807014
68,56,0.0,0.0,421.4547246463028,0.0,0.0,421.4547246463028,0.0,343.7904389320171
68,57,0.0,0.0,643.0838856743924,0.0,0.0,643.0838856743924,0.0,557.9938856743925
68,58,0.0,0.0,402.4930856606233,0.0,0.0,402.4930856606233,0.0,341.5187999463376
68,59,356.07,0.0,562.1051649592105,356.07,0.0,206.03516495921048,201.88142857142856,407.91659353063903
68,60,0.0,0.0,561.0348884349642,0.0,0.0,561.0348884349642,0.0,426.212031292107
68,61,0.0,0.0,494.04645334612104,0.0,0.0,494.04645334612104,0.0,494.04645334612104
68,62,270.09,0.0,546.6076707603206,270.09,0.0,276.51767076032064,291.8557142857142,568.3733850460349
68,63,0.0,0.0,510.67368386821283,0.0,0.0,510.67368386821283,0.0,389.06511243964144
68,64,361.78,0.0,480.3080345227339,361.78,0.0,118.52803452273395,413.46285714285716,531.9908916655911
68,65,0.0,0.0,503.1994583897591,0.0,0.0,503.1994583897591,0.0,335.8808869611877
68,66,0.0,0.0,442.8798683548503,0.0,0.0,442.8798683548503,0.0,428.5870112119932
68,67,0.0,0.0,460.6405781212301,0.0,0.0,460.6405781212301,0.0,377.6862924069444
68,68,0.0,0.0,71.99744415384623,0.0,0.0,71.99744415384623,0.0,419.6888727252748
68,69,0.0,0.0,439.53372885270437,0.0,0.0,439.53372885270437,0.0,399.2565859955615
68,70,0.0,0.0,662.4527613384616,0.0,0.0,662.4527613384616,0.0,432.7141899098902
68,71,0.0,0.0,402.10422712213233,0.0,0.0,402.10422712213233,0.0,255.68994140784656
68,72,0.0,0.0,138.1138049686781,0.0,0.0,138.1138049686781,0.0,580.9595192543924
68,73,0.0,0.0,577.1071045137857,0.0,0.0,577.1071045137857,0.0,463.99710451378576
68,74,0.0,0.0,511.6790129560197,0.0,0.0,511.6790129560197,0.0,388.29615581316256
68,75,383.17,0.0,527.2474022159441,383.17,0.0,144.07740221594412,340.5785714285715,484.6559736445156
68,76,0.0,0.0,622.1741256360528,0.0,0.0,622.1741256360528,0.0,366.95698277891006
68,77,0.0,0.0,176.1643386592496,0.0,0.0,176.1643386592496,0.0,299.53291008782116
68,78,0.0,0.0,529.6163626168611,0.0,0.0,529.6163626168611,0.0,376.5263626168611
68,79,0.0,0.0,418.833695502673,0.0,0.0,418.833695502673,0.0,366.4551240741015
68,80,0.0,0.0,318.41926515292755,0.0,0.0,318.41926515292755,0.0,318.41926515292755
68,81,0.0,0.0,513.213575835305,0.0,0.0,513.213575835305,0.0,432.75500440673363
68,82,0.0,0.0,534.8048743285121,0.0,0.0,534.8048743285121,0.0,498.3434457570835
68,83,0.0,0.0,625.6668133553154,0.0,0.0,625.6668133553154,0.0,574.1939562124583
68,84,0.0,0.0,532.5627230523213,0.0,0.0,532.5627230523213,0.0,328.6155801951785
68,85,0.0,0.0,365.19946409893384,0.0,0.0,365.19946409893384,0.0,198.3080355275053
68,86,529.16,0.0,0.0,0.0,529.16,0.0,75.59428571428566,716.0477141090978
68,87,0.0,0.0,0.0,0.0,0.0,0.0,0.0,322.46085621101895
68,88,0.0,0.0,177.34652144197173,0.0,0.0,177.34652144197173,0.0,507.9608071562575
68,89,0.0,0.0,358.4726485373871,0.0,0.0,358.4726485373871,0.0,358.4726485373871
68,90,0.0,0.0,497.7653105090719,0.0,0.0,497.7653105090719,0.0,475.72388193764334
68,91,0.0,0.0,436.8784198608936,0.0,0.0,436.8784198608936,0.0,436.8784198608936
68,92,0.0,0.0,616.6653006491217,0.0,0.0,616.6653006491217,0.0,531.5224435062646
68,93,0.0,0.0,575.5556031452725,0.0,0.0,575.5556031452725,0.0,459.6984602881296
68,94,0.0,0.0,372.1140868955822,0.0,0.0,372.1140868955822,0.0,274.0998011812965
68,95,0.0,0.0,0.0,0.0,0.0,0.0,0.0,387.97231015653347
69,0,0.0,0.0,371.6694519548283,0.0,0.0,371.6694519548283,0.0,212.36088052625686
69,1,475.96,0.0,152.59093907097014,152.59093907097014,323.36906092902984,0.0,220.5852247852559,539.3180819281131
69,2,0.0,0.0,459.91977883529995,0.0,0.0,459.91977883529995,0.0,569.5112074067285
69,3,0.0,0.0,267.2735305643938,0.0,0.0,267.2735305643938,0.0,267.2735305643938
69,4,0.0,0.0,698.4742319480754,0.0,0.0,698.4742319480754,0.0,545.4370890909324
69,5,0.0,0.0,585.2850973992392,0.0,0.0,585.2850973992392,0.0,523.5722402563822
69,6,0.0,0.0,283.32641659475445,0.0,0.0,283.32641659475445,0.0,460.1264165947544
69,7,0.0,0.0,403.18223673467065,0.0,0.0,403.18223673467065,0.0,348.76509387752776
69,8,0.0,0.0,504.97962016469467,0.0,0.0,504.97962016469467,0.0,464.0267630218375
69,9,0.0,0.0,212.0892062194249,0.0,0.0,212.0892062194249,0.0,448.50777764799636
69,10,582.97,486.8228571428572,623.197730199892,582.97,0.0,40.227730199891994,590.9728571428573,631.2005873427493
69,11,0.0,0.0,427.81044582436414,0.0,0.0,427.81044582436414,0.0,306.9190172529356
69,12,0.0,0.0,493.50453091866586,0.0,0.0,493.50453091866586,0.0,410.49024520438013
69,13,0.0,338.7528571428571,469.17778577291585,0.0,0.0,469.17778577291585,0.0,469.17778577291585
69,14,0.0,491.032572375036,491.032572375036,0.0,0.0,491.032572375036,0.0,491.032572375036
69,15,0.0,0.0,372.3979189124351,0.0,0.0,372.3979189124351,0.0,307.70220462672086
69,16,0.0,0.0,371.23819019262123,0.0,0.0,371.23819019262123,0.0,554.3353330497641
69,17,266.72,0.0,117.36480985889159,117.36480985889159,149.35519014110844,0.0,155.46766700174874,559.993381287463
69,18,0.0,0.0,484.963576071121,0.0,0.0,484.963576071121,0.0,484.963576071121
69,19,0.0,0.0,314.45509515223836,0.0,0.0,314.45509515223836,0.0,314.45509515223836
69,20,0.0,0.0,508.43293619609835,0.0,0.0,508.43293619609835,0.0,391.8315076246698
69,21,0.0,0.0,474.50285976427693,0.0,0.0,474.50285976427693,0.0,474.50285976427693
69,22,0.0,0.0,531.6830846511127,0.0,0.0,531.6830846511127,0.0,386.158798936827
69,23,0.0,0.0,480.8398600433211,0.0,0.0,480.8398600433211,0.0,407.82128861474973
69,24,0.0,0.0,294.5173822803438,0.0,0.0,294.5173822803438,0.0,294.5173822803438
69,25,0.0,0.0,641.5902139479197,0.0,0.0,641.5902139479197,0.0,514.3302139479197
69,26,352.59,0.0,483.7175823001923,352.59,0.0,131.12758230019233,336.37999999999994,467.50758230019227
69,27,0.0,458.4342857142857,623.6710481945,0.0,0.0,623.6710481945,0.0,478.80533390878577
69,28,0.0,0.0,507.31511158306284,0.0,0.0,507.31511158306284,0.0,423.13511158306284
69,29,0.0,391.44370061896274,391.44370061896274,0.0,0.0,391.44370061896274,0.0,367.47084347610564
69,30,0.0,0.0,349.5278751688229,0.0,0.0,349.5278751688229,0.0,349.5278751688229
69,31,0.0,0.0,805.2868389807406,0.0,0.0,805.2868389807406,0.0,462.05255326645494
69,32,0.0,0.0,632.2566758970177,0.0,0.0,632.2566758970177,0.0,479.95096161130334
69,33,0.0,0.0,125.33468544223689,0.0,0.0,125.33468544223689,0.0,443.29325687080836
69,34,0.0,0.0,393.54086858208524,0.0,0.0,393.54086858208524,0.0,393.54086858208524
69,35,463.88,0.0,481.57448310951634,463.88,0.0,17.69448310951634,530.1485714285715,547.8430545380878
69,36,227.77,125.57714285714286,484.6406540303677,227.77,0.0,256.87065403036775,260.30857142857144,517.1792254589392
69,37,0.0,489.0808609099481,489.0808609099481,0.0,0.0,489.0808609099481,0.0,412.9922894813767
69,38,161.73,0.0,461.8909516863815,161.73,0.0,300.1609516863815,77.10000000000002,377.26095168638153
69,39,0.0,0.0,455.8449171798682,0.0,0.0,455.8449171798682,0.0,455.8449171798682
69,40,0.0,518.7902797908105,518.7902797908105,0.0,0.0,518.7902797908105,0.0,518.7902797908105
69,41,0.0,0.0,266.28497811439524,0.0,0.0,266.28497811439524,0.0,387.4921209715381
69,42,309.62,0.0,449.3750473153564,309.62,0.0,139.75504731535642,208.46428571428572,348.21933302964214
69,43,0.0,0.0,588.8453469086448,0.0,0.0,588.8453469086448,0.0,513.0167754800734
69,44,0.0,0.0,427.01304111296247,0.0,0.0,427.01304111296247,0.0,292.6716125415339
69,45,0.0,0.0,484.789667185608,0.0,0.0,484.789667185608,0.0,484.789667185608
69,46,0.0,0.0,527.6137238762102,0.0,0.0,527.6137238762102,0.0,420.8937238762102
69,47,0.0,0.0,531.0211885769445,0.0,0.0,531.0211885769445,0.0,451.81976000551595
69,48,0.0,0.0,545.58184032927,0.0,0.0,545.58184032927,0.0,502.6161260435557
69,49,0.0,247.61142857142858,698.9295520432062,0.0,0.0,698.9295520432062,0.0,650.2866949003491
69,50,0.0,0.0,559.8659572061617,0.0,0.0,559.8659572061617,0.0,391.52595720616176
69,51,0.0,0.0,391.7555287276458,0.0,0.0,391.7555287276458,0.0,391.7555287276458
69,52,0.0,0.0,353.86445612153426,0.0,0.0,353.86445612153426,0.0,327.20017040724855
69,53,368.61,0.0,351.5469409485103,351.5469409485103,17.063059051489688,0.0,374.57694094851036,374.57694094851036
69,54,0.0,438.01571428571424,551.1498036819115,0.0,0.0,551.1498036819115,0.0,527.2155179676258
69,55,0.0,0.0,510.7849922594987,0.0,0.0,510.7849922594987,0.0,346.3392779737844
69,56,0.0,0.0,421.4547246463028,0.0,0.0,421.4547246463028,0.0,343.7904389320171
69,57,0.0,0.0,643.0838856743924,0.0,0.0,643.0838856743924,0.0,534.7795999601067
69,58,0.0,0.0,402.4930856606233,0.0,0.0,402.4930856606233,0.0,341.5187999463376
69,59,523.89,0.0,206.03516495921048,206.03516495921048,317.8548350407895,0.0,280.876593530639,482.75802210206757
69,60,0.0,0.0,561.0348884349642,0.0,0.0,561.0348884349642,0.0,426.212031292107
69,61,0.0,0.0,494.04645334612104,0.0,0.0,494.04645334612104,0.0,445.17216763183535
69,62,0.0,0.0,276.51767076032064,0.0,0.0,276.51767076032064,0.0,507.33909933174914
69,63,0.0,0.0,510.67368386821283,0.0,0.0,510.67368386821283,0.0,389.06511243964144
69,64,0.0,0.0,118.52803452273395,0.0,0.0,118.52803452273395,0.0,531.9908916655911
69,65,0.0,0.0,503.1994583897591,0.0,0.0,503.1994583897591,0.0,335.8808869611877
69,66,0.0,0.0,442.8798683548503,0.0,0.0,442.8798683548503,0.0,410.1098683548503
69,67,0.0,0.0,460.6405781212301,0.0,0.0,460.6405781212301,0.0,377.6862924069444
69,68,0.0,347.69142857142856,419.6888727252748,0.0,0.0,419.6888727252748,0.0,419.6888727252748
69,69,0.0,0.0,439.53372885270437,0.0,0.0,439.53372885270437,0.0,380.9165859955615
69,70,0.0,0.0,662.4527613384616,0.0,0.0,662.4527613384616,0.0,410.4299041956045
69,71,0.0,0.0,402.10422712213233,0.0,0.0,402.10422712213233,0.0,255.68994140784656
69,72,0.0,442.8457142857143,580.9595192543924,0.0,0.0,580.9595192543924,0.0,580.9595192543924
69,73,0.0,0.0,577.1071045137857,0.0,0.0,577.1071045137857,0.0,387.56853308521426
69,74,0.0,0.0,511.6790129560197,0.0,0.0,511.6790129560197,0.0,388.29615581316256
69,75,0.0,0.0,144.07740221594412,0.0,0.0,144.07740221594412,0.0,484.6559736445156
69,76,0.0,0.0,622.1741256360528,0.0,0.0,622.1741256360528,0.0,366.95698277891006
69,77,537.42,153.94285714285724,330.10719580210684,330.10719580210684,207.31280419789312,0.0,376.3071958021068,376.3071958021068
69,78,0.0,0.0,529.6163626168611,0.0,0.0,529.6163626168611,0.0,376.5263626168611
69,79,0.0,0.0,418.833695502673,0.0,0.0,418.833695502673,0.0,366.4551240741015
69,80,0.0,0.0,318.41926515292755,0.0,0.0,318.41926515292755,0.0,318.41926515292755
69,81,0.0,0.0,513.213575835305,0.0,0.0,513.213575835305,0.0,432.75500440673363
69,82,0.0,0.0,534.8048743285121,0.0,0.0,534.8048743285121,0.0,498.3434457570835
69,83,0.0,0.0,625.6668133553154,0.0,0.0,625.6668133553154,0.0,536.6682419267439
69,84,0.0,0.0,532.5627230523213,0.0,0.0,532.5627230523213,0.0,328.6155801951785
69,85,533.72,0.0,365.19946409893384,365.19946409893384,168.52053590106618,0.0,274.5537498132196,274.5537498132196
69,86,0.0,640.4534283948121,640.4534283948121,0.0,0.0,640.4534283948121,0.0,716.0477141090978
69,87,0.0,322.46085621101895,322.46085621101895,0.0,0.0,322.46085621101895,0.0,322.46085621101895
69,88,0.0,330.61428571428576,507.9608071562575,0.0,0.0,507.9608071562575,0.0,507.9608071562575
69,89,0.0,0.0,358.4726485373871,0.0,0.0,358.4726485373871,0.0,358.4726485373871
69,90,225.64,0.0,497.7653105090719,225.64,0.0,272.12531050907194,235.8328571428571,507.95816765192905
69,91,236.94,0.0,436.8784198608936,236.94,0.0,199.9384198608936,270.7885714285714,470.726991289465
69,92,0.0,0.0,616.6653006491217,0.0,0.0,616.6653006491217,0.0,531.5224435062646
69,93,0.0,0.0,575.5556031452725,0.0,0.0,575.5556031452725,0.0,459.6984602881296
69,94,0.0,0.0,372.1140868955822,0.0,0.0,372.1140868955822,0.0,274.0998011812965
69,95,0.0,432.90373872796204,432.90373872796204,0.0,0.0,432.90373872796204,0.0,360.5451672993906
70,0,0.0,0.0,371.6694519548283,0.0,0.0,371.6694519548283,0.0,212.36088052625686
70,1,502.15,318.7328571428572,318.7328571428572,318.7328571428572,183.41714285714278,0.0,390.46857142857147,611.0537962138274
70,2,0.0,109.5914285714286,569.5112074067285,0.0,0.0,569.5112074067285,0.0,569.5112074067285
70,3,0.0,0.0,267.2735305643938,0.0,0.0,267.2735305643938,0.0,267.2735305643938
70,4,0.0,0.0,698.4742319480754,0.0,0.0,698.4742319480754,0.0,508.728517662361
70,5,0.0,0.0,585.2850973992392,0.0,0.0,585.2850973992392,0.0,523.5722402563822
70,6,0.0,176.79999999999995,460.1264165947544,0.0,0.0,460.1264165947544,0.0,460.1264165947544
70,7,0.0,0.0,403.18223673467065,0.0,0.0,403.18223673467065,0.0,348.76509387752776
70,8,0.0,0.0,504.97962016469467,0.0,0.0,504.97962016469467,0.0,421.69962016469464
70,9,0.0,251.04571428571427,463.1349205051392,0.0,0.0,463.1349205051392,0.0,448.50777764799636
70,10,0.0,0.0,40.227730199891994,0.0,0.0,40.227730199891994,0.0,631.2005873427493
70,11,0.0,0.0,427.81044582436414,0.0,0.0,427.81044582436414,0.0,306.9190172529356
70,12,0.0,0.0,493.50453091866586,0.0,0.0,493.50453091866586,0.0,410.49024520438013
70,13,0.0,0.0,469.17778577291585,0.0,0.0,469.17778577291585,0.0,469.17778577291585
70,14,0.0,0.0,491.032572375036,0.0,0.0,491.032572375036,0.0,491.032572375036
70,15,0.0,0.0,372.3979189124351,0.0,0.0,372.3979189124351,0.0,282.9893474838637
70,16,0.0,183.0971428571429,554.3353330497641,0.0,0.0,554.3353330497641,0.0,523.5167616211927
70,17,0.0,404.52571428571423,404.52571428571423,0.0,0.0,404.52571428571423,0.0,525.7990955731773
70,18,0.0,0.0,484.963576071121,0.0,0.0,484.963576071121,0.0,484.963576071121
70,19,0.0,0.0,314.45509515223836,0.0,0.0,314.45509515223836,0.0,314.45509515223836
70,20,0.0,0.0,508.43293619609835,0.0,0.0,508.43293619609835,0.0,391.8315076246698
70,21,0.0,0.0,474.50285976427693,0.0,0.0,474.50285976427693,0.0,474.50285976427693
70,22,0.0,0.0,531.6830846511127,0.0,0.0,531.6830846511127,0.0,386.158798936827
70,23,0.0,0.0,480.8398600433211,0.0,0.0,480.8398600433211,0.0,407.82128861474973
70,24,0.0,0.0,294.5173822803438,0.0,0.0,294.5173822803438,0.0,294.5173822803438
70,25,0.0,0.0,641.5902139479197,0.0,0.0,641.5902139479197,0.0,514.3302139479197
70,26,174.65,0.0,131.12758230019233,131.12758230019233,43.522417699807676,0.0,156.07758230019232,492.45758230019226
70,27,424.45,0.0,623.6710481945,424.45,0.0,199.22104819450004,340.2200000000001,539.4410481945001
70,28,0.0,0.0,507.31511158306284,0.0,0.0,507.31511158306284,0.0,423.13511158306284
70,29,0.0,0.0,391.44370061896274,0.0,0.0,391.44370061896274,0.0,367.47084347610564
70,30,0.0,0.0,349.5278751688229,0.0,0.0,349.5278751688229,0.0,331.1664465973943
70,31,441.83,0.0,805.2868389807406,441.83,0.0,363.45683898074066,161.71428571428572,525.1711246950264
70,32,0.0,0.0,632.2566758970177,0.0,0.0,632.2566758970177,0.0,400.44667589701766
70,33,0.0,317.9585714285715,443.29325687080836,0.0,0.0,443.29325687080836,0.0,443.29325687080836
70,34,0.0,0.0,393.54086858208524,0.0,0.0,393.54086858208524,0.0,393.54086858208524
70,35,0.0,0.0,17.69448310951634,0.0,0.0,17.69448310951634,0.0,547.8430545380878
70,36,0.0,0.0,256.87065403036775,0.0,0.0,256.87065403036775,0.0,517.1792254589392
70,37,0.0,0.0,489.0808609099481,0.0,0.0,489.0808609099481,0.0,412.9922894813767
70,38,584.81,0.0,300.1609516863815,300.1609516863815,284.64904831361844,0.0,383.70523740066716,460.8052374006672
70,39,522.49,0.0,455.8449171798682,455.8449171798682,66.64508282013179,0.0,505.68491717986825,505.68491717986825
70,40,338.71,0.0,518.7902797908105,338.71,0.0,180.0802797908105,387.09714285714284,567.1774226479533
70,41,0.0,139.3028571428572,405.58783525725244,0.0,0.0,405.58783525725244,0.0,387.4921209715381
70,42,0.0,0.0,139.75504731535642,0.0,0.0,139.75504731535642,0.0,348.21933302964214
70,43,0.0,0.0,588.8453469086448,0.0,0.0,588.8453469086448,0.0,513.0167754800734
70,44,0.0,0.0,427.01304111296247,0.0,0.0,427.01304111296247,0.0,292.6716125415339
70,45,0.0,0.0,484.789667185608,0.0,0.0,484.789667185608,0.0,484.789667185608
70,46,105.88,0.0,527.6137238762102,105.88,0.0,421.7337238762102,0.0,418.5380095904959
70,47,0.0,0.0,531.0211885769445,0.0,0.0,531.0211885769445,0.0,451.81976000551595
70,48,0.0,0.0,545.58184032927,0.0,0.0,545.58184032927,0.0,502.6161260435557
70,49,0.0,0.0,698.9295520432062,0.0,0.0,698.9295520432062,0.0,650.2866949003491
70,50,215.72,0.0,559.8659572061617,215.72,0.0,344.1459572061617,78.19714285714292,422.34310006330463
70,51,0.0,0.0,391.7555287276458,0.0,0.0,391.7555287276458,0.0,391.7555287276458
70,52,0.0,0.0,353.86445612153426,0.0,0.0,353.86445612153426,0.0,327.20017040724855
70,53,0.0,0.0,0.0,0.0,0.0,0.0,0.0,374.57694094851036
70,54,0.0,0.0,551.1498036819115,0.0,0.0,551.1498036819115,0.0,467.7440893961973
70,55,322.8,0.0,510.7849922594987,322.8,0.0,187.9849922594987,132.73571428571427,320.720706545213
70,56,0.0,0.0,421.4547246463028,0.0,0.0,421.4547246463028,0.0,343.7904389320171
70,57,0.0,0.0,643.0838856743924,0.0,0.0,643.0838856743924,0.0,464.07388567439244
70,58,0.0,0.0,402.4930856606233,0.0,0.0,402.4930856606233,0.0,341.5187999463376
70,59,576.4,201.88142857142856,201.88142857142856,201.88142857142856,374.5185714285714,0.0,284.2242857142857,565.1008792449247
70,60,0.0,0.0,561.0348884349642,0.0,0.0,561.0348884349642,0.0,426.212031292107
70,61,0.0,0.0,494.04645334612104,0.0,0.0,494.04645334612104,0.0,445.17216763183535
70,62,0.0,291.8557142857142,568.3733850460349,0.0,0.0,568.3733850460349,0.0,507.33909933174914
70,63,0.0,0.0,510.67368386821283,0.0,0.0,510.67368386821283,0.0,389.06511243964144
70,64,0.0,413.46285714285716,531.9908916655911,0.0,0.0,531.9908916655911,0.0,431.90946309416245
70,65,0.0,0.0,503.1994583897591,0.0,0.0,503.1994583897591,0.0,335.8808869611877
70,66,0.0,0.0,442.8798683548503,0.0,0.0,442.8798683548503,0.0,410.1098683548503
70,67,0.0,0.0,460.6405781212301,0.0,0.0,460.6405781212301,0.0,377.6862924069444
70,68,0.0,0.0,419.6888727252748,0.0,0.0,419.6888727252748,0.0,297.8017298681319
70,69,0.0,0.0,439.53372885270437,0.0,0.0,439.53372885270437,0.0,380.9165859955615
70,70,0.0,0.0,662.4527613384616,0.0,0.0,662.4527613384616,0.0,410.4299041956045
70,71,0.0,0.0,402.10422712213233,0.0,0.0,402.10422712213233,0.0,255.68994140784656
70,72,0.0,0.0,580.9595192543924,0.0,0.0,580.9595192543924,0.0,580.9595192543924
70,73,0.0,0.0,577.1071045137857,0.0,0.0,577.1071045137857,0.0,336.0542473709285
70,74,358.99,0.0,511.6790129560197,358.99,0.0,152.68901295601967,286.8914285714286,439.5804415274483
70,75,575.17,340.5785714285715,484.6559736445156,484.6559736445156,90.51402635548436,0.0,566.8231165016584,566.8231165016584
70,76,0.0,0.0,622.1741256360528,0.0,0.0,622.1741256360528,0.0,366.95698277891006
70,77,0.0,0.0,0.0,0.0,0.0,0.0,0.0,376.3071958021068
70,78,0.0,0.0,529.6163626168611,0.0,0.0,529.6163626168611,0.0,215.6692197597182
70,79,0.0,0.0,418.833695502673,0.0,0.0,418.833695502673,0.0,366.4551240741015
70,80,0.0,0.0,318.41926515292755,0.0,0.0,318.41926515292755,0.0,318.41926515292755
70,81,0.0,0.0,513.213575835305,0.0,0.0,513.213575835305,0.0,432.75500440673363
70,82,387.91,0.0,534.8048743285121,387.91,0.0,146.89487432851212,335.5485714285714,482.4434457570835
70,83,0.0,0.0,625.6668133553154,0.0,0.0,625.6668133553154,0.0,536.6682419267439
70,84,0.0,0.0,532.5627230523213,0.0,0.0,532.5627230523213,0.0,294.70843733803565
70,85,0.0,0.0,0.0,0.0,0.0,0.0,0.0,274.5537498132196
70,86,0.0,75.59428571428566,716.0477141090978,0.0,0.0,716.0477141090978,0.0,685.8662855376692
70,87,0.0,0.0,322.46085621101895,0.0,0.0,322.46085621101895,0.0,322.46085621101895
70,88,0.0,0.0,507.9608071562575,0.0,0.0,507.9608071562575,0.0,507.9608071562575
70,89,532.17,0.0,358.4726485373871,358.4726485373871,173.69735146261286,0.0,434.4969342516728,434.4969342516728
70,90,0.0,0.0,272.12531050907194,0.0,0.0,272.12531050907194,0.0,507.95816765192905
70,91,0.0,0.0,199.9384198608936,0.0,0.0,199.9384198608936,0.0,470.726991289465
70,92,0.0,0.0,616.6653006491217,0.0,0.0,616.6653006491217,0.0,531.5224435062646
70,93,0.0,0.0,575.5556031452725,0.0,0.0,575.5556031452725,0.0,459.6984602881296
70,94,0.0,0.0,372.1140868955822,0.0,0.0,372.1140868955822,0.0,274.0998011812965
70,95,0.0,0.0,432.90373872796204,0.0,0.0,432.90373872796204,0.0,360.5451672993906
71,0,0.0,0.0,371.6694519548283,0.0,0.0,371.6694519548283,0.0,189.39230909768543
71,1,0.0,220.5852247852559,220.5852247852559,0.0,0.0,220.5852247852559,0.0,611.0537962138274
71,2,142.77,0.0,569.5112074067285,142.77,0.0,426.74120740672856,163.16571428571433,589.9069216924429
71,3,0.0,0.0,267.2735305643938,0.0,0.0,267.2735305643938,0.0,267.2735305643938
71,4,0.0,0.0,698.4742319480754,0.0,0.0,698.4742319480754,0.0,508.728517662361
71,5,0.0,0.0,585.2850973992392,0.0,0.0,585.2850973992392,0.0,444.4779545420965
71,6,0.0,0.0,460.1264165947544,0.0,0.0,460.1264165947544,0.0,460.1264165947544
71,7,0.0,0.0,403.18223673467065,0.0,0.0,403.18223673467065,0.0,348.76509387752776
71,8,0.0,0.0,504.97962016469467,0.0,0.0,504.97962016469467,0.0,421.69962016469464
71,9,474.96,0.0,463.1349205051392,463.1349205051392,11.825079494860802,0.0,516.3592062194249,516.3592062194249
71,10,0.0,590.9728571428573,631.2005873427493,0.0,0.0,631.2005873427493,0.0,631.2005873427493
71,11,0.0,0.0,427.81044582436414,0.0,0.0,427.81044582436414,0.0,306.9190172529356
71,12,0.0,0.0,493.50453091866586,0.0,0.0,493.50453091866586,0.0,410.49024520438013
71,13,0.0,0.0,469.17778577291585,0.0,0.0,469.17778577291585,0.0,469.17778577291585
71,14,0.0,0.0,491.032572375036,0.0,0.0,491.032572375036,0.0,424.06828666075035
71,15,0.0,0.0,372.3979189124351,0.0,0.0,372.3979189124351,0.0,282.9893474838637
71,16,0.0,0.0,554.3353330497641,0.0,0.0,554.3353330497641,0.0,523.5167616211927
71,17,0.0,155.46766700174874,559.993381287463,0.0,0.0,559.993381287463,0.0,525.7990955731773
71,18,0.0,0.0,484.963576071121,0.0,0.0,484.963576071121,0.0,384.24214749969246
71,19,0.0,0.0,314.45509515223836,0.0,0.0,314.45509515223836,0.0,314.45509515223836
71,20,0.0,0.0,508.43293619609835,0.0,0.0,508.43293619609835,0.0,391.8315076246698
71,21,0.0,0.0,474.50285976427693,0.0,0.0,474.50285976427693,0.0,474.50285976427693
71,22,0.0,0.0,531.6830846511127,0.0,0.0,531.6830846511127,0.0,386.158798936827
71,23,0.0,0.0,480.8398600433211,0.0,0.0,480.8398600433211,0.0,407.82128861474973
71,24,0.0,0.0,294.5173822803438,0.0,0.0,294.5173822803438,0.0,294.5173822803438
71,25,0.0,0.0,641.5902139479197,0.0,0.0,641.5902139479197,0.0,514.3302139479197
71,26,165.09,336.37999999999994,336.37999999999994,165.09,0.0,171.28999999999994,188.67428571428576,516.041868014478
71,27,0.0,0.0,199.22104819450004,0.0,0.0,199.22104819450004,0.0,539.4410481945001
71,28,0.0,0.0,507.31511158306284,0.0,0.0,507.31511158306284,0.0,423.13511158306284
71,29,0.0,0.0,391.44370061896274,0.0,0.0,391.44370061896274,0.0,367.47084347610564
71,30,0.0,0.0,349.5278751688229,0.0,0.0,349.5278751688229,0.0,331.1664465973943
71,31,0.0,0.0,363.45683898074066,0.0,0.0,363.45683898074066,0.0,525.1711246950264
71,32,0.0,0.0,632.2566758970177,0.0,0.0,632.2566758970177,0.0,400.44667589701766
71,33,0.0,0.0,443.29325687080836,0.0,0.0,443.29325687080836,0.0,415.58897115652263
71,34,0.0,0.0,393.54086858208524,0.0,0.0,393.54086858208524,0.0,359.5822971535138
71,35,228.55,530.1485714285715,547.8430545380878,228.55,0.0,319.2930545380878,261.2,580.4930545380878
71,36,0.0,260.30857142857144,517.1792254589392,0.0,0.0,517.1792254589392,0.0,517.1792254589392
71,37,0.0,0.0,489.0808609099481,0.0,0.0,489.0808609099481,0.0,412.9922894813767
71,38,439.48,77.10000000000002,77.10000000000002,77.10000000000002,362.38,0.0,139.88285714285718,523.5880945435243
71,39,0.0,0.0,0.0,0.0,0.0,0.0,0.0,505.68491717986825
71,40,0.0,0.0,180.0802797908105,0.0,0.0,180.0802797908105,0.0,567.1774226479533
71,41,0.0,0.0,405.58783525725244,0.0,0.0,405.58783525725244,0.0,387.4921209715381
71,42,0.0,208.46428571428572,348.21933302964214,0.0,0.0,348.21933302964214,0.0,348.21933302964214
71,43,0.0,0.0,588.8453469086448,0.0,0.0,588.8453469086448,0.0,513.0167754800734
71,44,0.0,0.0,427.01304111296247,0.0,0.0,427.01304111296247,0.0,292.6716125415339
71,45,0.0,0.0,484.789667185608,0.0,0.0,484.789667185608,0.0,484.789667185608
71,46,0.0,0.0,421.7337238762102,0.0,0.0,421.7337238762102,0.0,418.5380095904959
71,47,0.0,0.0,531.0211885769445,0.0,0.0,531.0211885769445,0.0,451.81976000551595
71,48,0.0,0.0,545.58184032927,0.0,0.0,545.58184032927,0.0,488.19755461498426
71,49,0.0,0.0,698.9295520432062,0.0,0.0,698.9295520432062,0.0,573.5209806146347
71,50,503.75,0.0,344.1459572061617,344.1459572061617,159.6040427938383,0.0,416.11024292044743,494.30738577759035
71,51,0.0,0.0,391.7555287276458,0.0,0.0,391.7555287276458,0.0,391.7555287276458
71,52,0.0,0.0,353.86445612153426,0.0,0.0,353.86445612153426,0.0,327.20017040724855
71,53,0.0,374.57694094851036,374.57694094851036,0.0,0.0,374.57694094851036,0.0,374.57694094851036
71,54,539.86,0.0,551.1498036819115,539.86,0.0,11.289803681911508,533.5771428571429,544.8669465390544
71,55,0.0,0.0,187.9849922594987,0.0,0.0,187.9849922594987,0.0,320.720706545213
71,56,0.0,0.0,421.4547246463028,0.0,0.0,421.4547246463028,0.0,343.7904389320171
71,57,0.0,0.0,643.0838856743924,0.0,0.0,643.0838856743924,0.0,464.07388567439244
71,58,0.0,0.0,402.4930856606233,0.0,0.0,402.4930856606233,0.0,341.5187999463376
71,59,0.0,280.876593530639,280.876593530639,0.0,0.0,280.876593530639,0.0,565.1008792449247
71,60,0.0,0.0,561.0348884349642,0.0,0.0,561.0348884349642,0.0,402.61774557782127
71,61,0.0,0.0,494.04645334612104,0.0,0.0,494.04645334612104,0.0,445.17216763183535
71,62,0.0,0.0,568.3733850460349,0.0,0.0,568.3733850460349,0.0,507.33909933174914
71,63,0.0,0.0,510.67368386821283,0.0,0.0,510.67368386821283,0.0,389.06511243964144
71,64,0.0,0.0,531.9908916655911,0.0,0.0,531.9908916655911,0.0,431.90946309416245
71,65,0.0,0.0,503.1994583897591,0.0,0.0,503.1994583897591,0.0,335.8808869611877
71,66,0.0,0.0,442.8798683548503,0.0,0.0,442.8798683548503,0.0,410.1098683548503
71,67,0.0,0.0,460.6405781212301,0.0,0.0,460.6405781212301,0.0,377.6862924069444
71,68,0.0,0.0,419.6888727252748,0.0,0.0,419.6888727252748,0.0,297.8017298681319
71,69,472.18,0.0,439.53372885270437,439.53372885270437,32.646271147295636,0.0,448.3708717098472,448.3708717098472
71,70,0.0,0.0,662.4527613384616,0.0,0.0,662.4527613384616,0.0,410.4299041956045
71,71,0.0,0.0,402.10422712213233,0.0,0.0,402.10422712213233,0.0,255.68994140784656
71,72,0.0,0.0,580.9595192543924,0.0,0.0,580.9595192543924,0.0,580.9595192543924
71,73,0.0,0.0,577.1071045137857,0.0,0.0,577.1071045137857,0.0,298.7013902280714
71,74,0.0,0.0,152.68901295601967,0.0,0.0,152.68901295601967,0.0,439.5804415274483
71,75,0.0,0.0,0.0,0.0,0.0,0.0,0.0,566.8231165016584
71,76,0.0,0.0,622.1741256360528,0.0,0.0,622.1741256360528,0.0,366.95698277891006
71,77,421.74,376.3071958021068,376.3071958021068,376.3071958021068,45.43280419789323,0.0,390.26862437353543,390.26862437353543
71,78,0.0,0.0,529.6163626168611,0.0,0.0,529.6163626168611,0.0,201.56636261686106
71,79,0.0,0.0,418.833695502673,0.0,0.0,418.833695502673,0.0,366.4551240741015
71,80,0.0,0.0,318.41926515292755,0.0,0.0,318.41926515292755,0.0,318.41926515292755
71,81,0.0,0.0,513.213575835305,0.0,0.0,513.213575835305,0.0,432.75500440673363
71,82,0.0,0.0,146.89487432851212,0.0,0.0,146.89487432851212,0.0,482.4434457570835
71,83,0.0,0.0,625.6668133553154,0.0,0.0,625.6668133553154,0.0,477.1782419267439
71,84,0.0,0.0,532.5627230523213,0.0,0.0,532.5627230523213,0.0,294.70843733803565
71,85,0.0,274.5537498132196,274.5537498132196,0.0,0.0,274.5537498132196,0.0,274.5537498132196
71,86,0.0,0.0,716.0477141090978,0.0,0.0,716.0477141090978,0.0,685.8662855376692
71,87,364.12,0.0,322.46085621101895,322.46085621101895,41.659143788981055,0.0,374.4779990681618,374.4779990681618
71,88,276.22,0.0,507.9608071562575,276.22,0.0,231.74080715625746,315.68000000000006,547.4208071562575
71,89,0.0,0.0,0.0,0.0,0.0,0.0,0.0,434.4969342516728
71,90,0.0,235.8328571428571,507.95816765192905,0.0,0.0,507.95816765192905,0.0,490.5553105090719
71,91,429.13,270.7885714285714,470.726991289465,429.13,0.0,41.596991289464995,490.4342857142858,532.0312770037508
71,92,0.0,0.0,616.6653006491217,0.0,0.0,616.6653006491217,0.0,531.5224435062646
71,93,0.0,0.0,575.5556031452725,0.0,0.0,575.5556031452725,0.0,390.00988885955815
71,94,110.36,0.0,372.1140868955822,110.36,0.0,261.7540868955822,28.111428571428632,289.8655154670108
71,95,0.0,0.0,432.90373872796204,0.0,0.0,432.90373872796204,0.0,360.5451672993906
72,0,0.0,0.0,371.6694519548283,0.0,0.0,371.6694519548283,0.0,189.39230909768543
72,1,498.25,390.46857142857147,611.0537962138274,498.25,0.0,112.80379621382735,569.4285714285713,682.2323676423987
72,2,0.0,0.0,426.74120740672856,0.0,0.0,426.74120740672856,0.0,589.9069216924429
72,3,0.0,0.0,267.2735305643938,0.0,0.0,267.2735305643938,0.0,267.2735305643938
72,4,0.0,0.0,698.4742319480754,0.0,0.0,698.4742319480754,0.0,508.728517662361
72,5,0.0,0.0,585.2850973992392,0.0,0.0,585.2850973992392,0.0,370.34938311352505
72,6,0.0,0.0,460.1264165947544,0.0,0.0,460.1264165947544,0.0,415.2421308804687
72,7,385.5,0.0,403.18223673467065,385.5,0.0,17.682236734670653,386.1542857142857,403.8365224489564
72,8,0.0,0.0,504.97962016469467,0.0,0.0,504.97962016469467,0.0,421.69962016469464
72,9,0.0,0.0,0.0,0.0,0.0,0.0,0.0,456.8277776479963
72,10,100.44,0.0,631.2005873427493,100.44,0.0,530.7605873427492,114.78857142857146,645.5491587713207
72,11,0.0,0.0,427.81044582436414,0.0,0.0,427.81044582436414,0.0,306.9190172529356
72,12,0.0,0.0,493.50453091866586,0.0,0.0,493.50453091866586,0.0,410.49024520438013
72,13,0.0,0.0,469.17778577291585,0.0,0.0,469.17778577291585,0.0,469.17778577291585
72,14,0.0,0.0,491.032572375036,0.0,0.0,491.032572375036,0.0,424.06828666075035
72,15,129.41,0.0,372.3979189124351,129.41,0.0,242.9879189124351,0.0,236.95363319814942
72,16,0.0,0.0,554.3353330497641,0.0,0.0,554.3353330497641,0.0,523.5167616211927
72,17,0.0,0.0,559.993381287463,0.0,0.0,559.993381287463,0.0,525.7990955731773
72,18,287.53,0.0,484.963576071121,287.53,0.0,197.43357607112102,227.88428571428568,425.3178617854067
72,19,0.0,0.0,314.45509515223836,0.0,0.0,314.45509515223836,0.0,314.45509515223836
72,20,0.0,0.0,508.43293619609835,0.0,0.0,508.43293619609835,0.0,391.8315076246698
72,21,0.0,0.0,474.50285976427693,0.0,0.0,474.50285976427693,0.0,474.50285976427693
72,22,0.0,0.0,531.6830846511127,0.0,0.0,531.6830846511127,0.0,386.158798936827
72,23,0.0,0.0,480.8398600433211,0.0,0.0,480.8398600433211,0.0,325.59986004332114
72,24,0.0,0.0,294.5173822803438,0.0,0.0,294.5173822803438,0.0,294.5173822803438
72,25,0.0,0.0,641.5902139479197,0.0,0.0,641.5902139479197,0.0,514.3302139479197
72,26,0.0,156.07758230019232,327.3675823001922,0.0,0.0,327.3675823001922,0.0,486.9775823001923
72,27,341.87,340.2200000000001,539.4410481945001,341.87,0.0,197.57104819450012,390.7085714285714,588.2796196230715
72,28,0.0,0.0,507.31511158306284,0.0,0.0,507.31511158306284,0.0,423.13511158306284
72,29,0.0,0.0,391.44370061896274,0.0,0.0,391.44370061896274,0.0,367.47084347610564
72,30,0.0,0.0,349.5278751688229,0.0,0.0,349.5278751688229,0.0,331.1664465973943
72,31,0.0,161.71428571428572,525.1711246950264,0.0,0.0,525.1711246950264,0.0,525.1711246950264
72,32,0.0,0.0,632.2566758970177,0.0,0.0,632.2566758970177,0.0,400.44667589701766
72,33,0.0,0.0,443.29325687080836,0.0,0.0,443.29325687080836,0.0,415.58897115652263
72,34,0.0,0.0,393.54086858208524,0.0,0.0,393.54086858208524,0.0,359.5822971535138
72,35,0.0,0.0,319.2930545380878,0.0,0.0,319.2930545380878,0.0,580.4930545380878
72,36,138.5,0.0,517.1792254589392,138.5,0.0,378.6792254589392,158.28571428571422,536.9649397446534
72,37,0.0,0.0,489.0808609099481,0.0,0.0,489.0808609099481,0.0,412.9922894813767
72,38,0.0,383.70523740066716,383.70523740066716,0.0,0.0,383.70523740066716,0.0,473.56809454352435
72,39,0.0,505.68491717986825,505.68491717986825,0.0,0.0,505.68491717986825,0.0,473.15634575129684
72,40,0.0,387.09714285714284,567.1774226479533,0.0,0.0,567.1774226479533,0.0,567.1774226479533
72,41,0.0,0.0,405.58783525725244,0.0,0.0,405.58783525725244,0.0,387.4921209715381
72,42,0.0,0.0,348.21933302964214,0.0,0.0,348.21933302964214,0.0,348.21933302964214
72,43,0.0,0.0,588.8453469086448,0.0,0.0,588.8453469086448,0.0,483.8553469086448
72,44,0.0,0.0,427.01304111296247,0.0,0.0,427.01304111296247,0.0,292.6716125415339
72,45,0.0,0.0,484.789667185608,0.0,0.0,484.789667185608,0.0,484.789667185608
72,46,196.65,0.0,421.7337238762102,196.65,0.0,225.0837238762102,144.6771428571428,369.760866733353
72,47,0.0,0.0,531.0211885769445,0.0,0.0,531.0211885769445,0.0,451.81976000551595
72,48,598.9,0.0,545.58184032927,545.58184032927,53.31815967072998,0.0,573.7546974721272,573.7546974721272
72,49,356.27,0.0,698.9295520432062,356.27,0.0,342.6595520432062,197.19285714285718,539.8524091860634
72,50,0.0,78.19714285714292,78.19714285714292,0.0,0.0,78.19714285714292,0.0,494.30738577759035
72,51,0.0,0.0,391.7555287276458,0.0,0.0,391.7555287276458,0.0,391.7555287276458
72,52,0.0,0.0,353.86445612153426,0.0,0.0,353.86445612153426,0.0,327.20017040724855
72,53,0.0,0.0,374.57694094851036,0.0,0.0,374.57694094851036,0.0,374.57694094851036
72,54,0.0,0.0,11.289803681911508,0.0,0.0,11.289803681911508,0.0,544.8669465390544
72,55,0.0,132.73571428571427,320.720706545213,0.0,0.0,320.720706545213,0.0,320.720706545213
72,56,0.0,0.0,421.4547246463028,0.0,0.0,421.4547246463028,0.0,343.7904389320171
72,57,400.73,0.0,643.0838856743924,400.73,0.0,242.35388567439236,278.9671428571429,521.3210285315353
72,58,0.0,0.0,402.4930856606233,0.0,0.0,402.4930856606233,0.0,341.5187999463376
72,59,0.0,284.2242857142857,565.1008792449247,0.0,0.0,565.1008792449247,0.0,565.1008792449247
72,60,0.0,0.0,561.0348884349642,0.0,0.0,561.0348884349642,0.0,402.61774557782127
72,61,0.0,0.0,494.04645334612104,0.0,0.0,494.04645334612104,0.0,364.0821676318353
72,62,0.0,0.0,568.3733850460349,0.0,0.0,568.3733850460349,0.0,507.33909933174914
72,63,0.0,0.0,510.67368386821283,0.0,0.0,510.67368386821283,0.0,350.1322552967843
72,64,323.84,0.0,531.9908916655911,323.84,0.0,208.15089166559113,270.0214285714285,478.1723202370196
72,65,0.0,0.0,503.1994583897591,0.0,0.0,503.1994583897591,0.0,335.8808869611877
72,66,0.0,0.0,442.8798683548503,0.0,0.0,442.8798683548503,0.0,410.1098683548503
72,67,0.0,0.0,460.6405781212301,0.0,0.0,460.6405781212301,0.0,377.6862924069444
72,68,0.0,0.0,419.6888727252748,0.0,0.0,419.6888727252748,0.0,262.6703012967033
72,69,0.0,0.0,0.0,0.0,0.0,0.0,0.0,448.3708717098472
72,70,0.0,0.0,662.4527613384616,0.0,0.0,662.4527613384616,0.0,410.4299041956045
72,71,0.0,0.0,402.10422712213233,0.0,0.0,402.10422712213233,0.0,255.68994140784656
72,72,0.0,0.0,580.9595192543924,0.0,0.0,580.9595192543924,0.0,520.8966621115353
72,73,0.0,0.0,577.1071045137857,0.0,0.0,577.1071045137857,0.0,298.7013902280714
72,74,349.75,286.8914285714286,439.5804415274483,349.75,0.0,89.83044152744827,399.7142857142857,489.544727241734
72,75,220.2,566.8231165016584,566.8231165016584,220.2,0.0,346.62311650165844,251.6571428571429,598.2802593588013
72,76,0.0,0.0,622.1741256360528,0.0,0.0,622.1741256360528,0.0,366.95698277891006
72,77,0.0,0.0,0.0,0.0,0.0,0.0,0.0,390.26862437353543
72,78,0.0,0.0,529.6163626168611,0.0,0.0,529.6163626168611,0.0,201.56636261686106
72,79,0.0,0.0,418.833695502673,0.0,0.0,418.833695502673,0.0,291.8822669312444
72,80,0.0,0.0,318.41926515292755,0.0,0.0,318.41926515292755,0.0,318.41926515292755
72,81,0.0,0.0,513.213575835305,0.0,0.0,513.213575835305,0.0,415.65357583530505
72,82,0.0,335.5485714285714,482.4434457570835,0.0,0.0,482.4434457570835,0.0,482.4434457570835
72,83,0.0,0.0,625.6668133553154,0.0,0.0,625.6668133553154,0.0,477.1782419267439
72,84,0.0,0.0,532.5627230523213,0.0,0.0,532.5627230523213,0.0,294.70843733803565
72,85,0.0,0.0,274.5537498132196,0.0,0.0,274.5537498132196,0.0,274.5537498132196
72,86,0.0,0.0,716.0477141090978,0.0,0.0,716.0477141090978,0.0,685.8662855376692
72,87,0.0,0.0,0.0,0.0,0.0,0.0,0.0,374.4779990681618
72,88,0.0,0.0,231.74080715625746,0.0,0.0,231.74080715625746,0.0,547.4208071562575
72,89,359.46,434.4969342516728,434.4969342516728,359.46,0.0,75.03693425167285,410.8114285714285,485.84836282310135
72,90,0.0,0.0,507.95816765192905,0.0,0.0,507.95816765192905,0.0,465.9095962233576
72,91,0.0,0.0,41.596991289464995,0.0,0.0,41.596991289464995,0.0,532.0312770037508
72,92,0.0,0.0,616.6653006491217,0.0,0.0,616.6653006491217,0.0,531.5224435062646
72,93,474.32,0.0,575.5556031452725,474.32,0.0,101.23560314527248,356.53428571428566,457.76988885955814
72,94,0.0,0.0,261.7540868955822,0.0,0.0,261.7540868955822,0.0,289.8655154670108
72,95,0.0,0.0,432.90373872796204,0.0,0.0,432.90373872796204,0.0,360.5451672993906
73,0,0.0,0.0,371.6694519548283,0.0,0.0,371.6694519548283,0.0,162.753737669114
73,1,0.0,0.0,112.80379621382735,0.0,0.0,112.80379621382735,0.0,682.2323676423987
73,2,0.0,163.16571428571433,589.9069216924429,0.0,0.0,589.9069216924429,0.0,589.9069216924429
73,3,0.0,0.0,267.2735305643938,0.0,0.0,267.2735305643938,0.0,267.2735305643938
73,4,0.0,0.0,698.4742319480754,0.0,0.0,698.4742319480754,0.0,467.10708909093245
73,5,321.06,0.0,585.2850973992392,321.06,0.0,264.22509739923925,151.99000000000007,416.2150973992393
73,6,0.0,0.0,460.1264165947544,0.0,0.0,460.1264165947544,0.0,415.2421308804687
73,7,0.0,0.0,17.682236734670653,0.0,0.0,17.682236734670653,0.0,403.8365224489564
73,8,197.6,0.0,504.97962016469467,197.6,0.0,307.37962016469464,142.54857142857145,449.9281915932661
73,9,0.0,516.3592062194249,516.3592062194249,0.0,0.0,516.3592062194249,0.0,456.8277776479963
73,10,0.0,0.0,530.7605873427492,0.0,0.0,530.7605873427492,0.0,645.5491587713207
73,11,175.05,0.0,427.81044582436414,175.05,0.0,252.76044582436413,79.16571428571433,331.92616011007846
73,12,0.0,0.0,493.50453091866586,0.0,0.0,493.50453091866586,0.0,410.49024520438013
73,13,0.0,0.0,469.17778577291585,0.0,0.0,469.17778577291585,0.0,469.17778577291585
73,14,0.0,0.0,491.032572375036,0.0,0.0,491.032572375036,0.0,424.06828666075035
73,15,0.0,0.0,242.9879189124351,0.0,0.0,242.9879189124351,0.0,236.95363319814942
73,16,0.0,0.0,554.3353330497641,0.0,0.0,554.3353330497641,0.0,523.5167616211927
73,17,0.0,0.0,559.993381287463,0.0,0.0,559.993381287463,0.0,525.7990955731773
73,18,155.61,0.0,197.43357607112102,155.61,0.0,41.82357607112101,177.84000000000003,447.5478617854067
73,19,0.0,0.0,314.45509515223836,0.0,0.0,314.45509515223836,0.0,314.45509515223836
73,20,0.0,0.0,508.43293619609835,0.0,0.0,508.43293619609835,0.0,317.00436476752697
73,21,0.0,0.0,474.50285976427693,0.0,0.0,474.50285976427693,0.0,474.50285976427693
73,22,0.0,0.0,531.6830846511127,0.0,0.0,531.6830846511127,0.0,386.158798936827
73,23,111.63,0.0,480.8398600433211,111.63,0.0,369.2098600433211,0.0,341.547002900464
73,24,0.0,0.0,294.5173822803438,0.0,0.0,294.5173822803438,0.0,294.5173822803438
73,25,0.0,0.0,641.5902139479197,0.0,0.0,641.5902139479197,0.0,472.05878537649113
73,26,0.0,188.67428571428576,516.041868014478,0.0,0.0,516.041868014478,0.0,486.9775823001923
73,27,416.29,0.0,197.57104819450012,197.57104819450012,218.7189518054999,0.0,257.04104819450015,647.7496196230716
73,28,0.0,0.0,507.31511158306284,0.0,0.0,507.31511158306284,0.0,423.13511158306284
73,29,252.39,0.0,391.44370061896274,252.39,0.0,139.05370061896275,264.47285714285715,403.5265577618199
73,30,0.0,0.0,349.5278751688229,0.0,0.0,349.5278751688229,0.0,331.1664465973943
73,31,0.0,0.0,525.1711246950264,0.0,0.0,525.1711246950264,0.0,525.1711246950264
73,32,0.0,0.0,632.2566758970177,0.0,0.0,632.2566758970177,0.0,400.44667589701766
73,33,0.0,0.0,443.29325687080836,0.0,0.0,443.29325687080836,0.0,415.58897115652263
73,34,0.0,0.0,393.54086858208524,0.0,0.0,393.54086858208524,0.0,359.5822971535138
73,35,0.0,261.2,580.4930545380878,0.0,0.0,580.4930545380878,0.0,580.4930545380878
73,36,0.0,0.0,378.6792254589392,0.0,0.0,378.6792254589392,0.0,505.0149397446535
73,37,133.06,0.0,489.0808609099481,133.06,0.0,356.0208609099481,75.97999999999996,432.0008609099481
73,38,543.73,139.88285714285718,523.5880945435243,523.5880945435243,20.141905456475683,0.0,551.2438088292387,551.2438088292387
73,39,0.0,0.0,505.68491717986825,0.0,0.0,505.68491717986825,0.0,473.15634575129684
73,40,0.0,0.0,567.1774226479533,0.0,0.0,567.1774226479533,0.0,482.17885121938184
73,41,0.0,0.0,405.58783525725244,0.0,0.0,405.58783525725244,0.0,387.4921209715381
73,42,0.0,0.0,348.21933302964214,0.0,0.0,348.21933302964214,0.0,348.21933302964214
73,43,278.16,0.0,588.8453469086448,278.16,0.0,310.6853469086448,212.9071428571428,523.5924897657876
73,44,0.0,0.0,427.01304111296247,0.0,0.0,427.01304111296247,0.0,292.6716125415339
73,45,0.0,0.0,484.789667185608,0.0,0.0,484.789667185608,0.0,484.789667185608
73,46,0.0,0.0,225.0837238762102,0.0,0.0,225.0837238762102,0.0,369.760866733353
73,47,0.0,0.0,531.0211885769445,0.0,0.0,531.0211885769445,0.0,451.81976000551595
73,48,0.0,0.0,0.0,0.0,0.0,0.0,0.0,573.7546974721272
73,49,0.0,0.0,342.6595520432062,0.0,0.0,342.6595520432062,0.0,539.8524091860634
73,50,0.0,416.11024292044743,494.30738577759035,0.0,0.0,494.30738577759035,0.0,494.30738577759035
73,51,0.0,0.0,391.7555287276458,0.0,0.0,391.7555287276458,0.0,360.29410015621727
73,52,508.91,0.0,353.86445612153426,353.86445612153426,155.04554387846576,0.0,399.90159897867716,399.90159897867716
73,53,0.0,0.0,374.57694094851036,0.0,0.0,374.57694094851036,0.0,374.57694094851036
73,54,176.29,533.5771428571429,544.8669465390544,176.29,0.0,368.57694653905446,201.47428571428566,570.0512322533401
73,55,0.0,0.0,320.720706545213,0.0,0.0,320.720706545213,0.0,320.720706545213
73,56,0.0,0.0,421.4547246463028,0.0,0.0,421.4547246463028,0.0,343.7904389320171
73,57,0.0,0.0,242.35388567439236,0.0,0.0,242.35388567439236,0.0,521.3210285315353
73,58,0.0,0.0,402.4930856606233,0.0,0.0,402.4930856606233,0.0,341.5187999463376
73,59,0.0,0.0,565.1008792449247,0.0,0.0,565.1008792449247,0.0,565.1008792449247
73,60,0.0,0.0,561.0348884349642,0.0,0.0,561.0348884349642,0.0,402.61774557782127
73,61,0.0,0.0,494.04645334612104,0.0,0.0,494.04645334612104,0.0,330.1278819175496
73,62,0.0,0.0,568.3733850460349,0.0,0.0,568.3733850460349,0.0,470.47767076032056
73,63,0.0,0.0,510.67368386821283,0.0,0.0,510.67368386821283,0.0,350.1322552967843
73,64,0.0,0.0,208.15089166559113,0.0,0.0,208.15089166559113,0.0,478.1723202370196
73,65,0.0,0.0,503.1994583897591,0.0,0.0,503.1994583897591,0.0,335.8808869611877
73,66,0.0,0.0,442.8798683548503,0.0,0.0,442.8798683548503,0.0,410.1098683548503
73,67,558.72,0.0,460.6405781212301,460.6405781212301,98.07942187876995,0.0,457.5034352640873,457.5034352640873
73,68,440.76,0.0,419.6888727252748,419.6888727252748,21.0711272747252,0.0,325.6360155824176,325.6360155824176
73,69,0.0,448.3708717098472,448.3708717098472,0.0,0.0,448.3708717098472,0.0,448.3708717098472
73,70,0.0,0.0,662.4527613384616,0.0,0.0,662.4527613384616,0.0,410.4299041956045
73,71,0.0,0.0,402.10422712213233,0.0,0.0,402.10422712213233,0.0,255.68994140784656
73,72,0.0,0.0,580.9595192543924,0.0,0.0,580.9595192543924,0.0,520.8966621115353
73,73,0.0,0.0,577.1071045137857,0.0,0.0,577.1071045137857,0.0,276.10281879949997
73,74,253.33,0.0,89.83044152744827,89.83044152744827,163.49955847255174,0.0,126.02044152744821,525.7347272417339
73,75,0.0,0.0,346.62311650165844,0.0,0.0,346.62311650165844,0.0,598.2802593588013
73,76,0.0,0.0,622.1741256360528,0.0,0.0,622.1741256360528,0.0,366.95698277891006
73,77,0.0,390.26862437353543,390.26862437353543,0.0,0.0,390.26862437353543,0.0,358.3014815163926
73,78,0.0,0.0,529.6163626168611,0.0,0.0,529.6163626168611,0.0,201.56636261686106
73,79,0.0,0.0,418.833695502673,0.0,0.0,418.833695502673,0.0,291.8822669312444
73,80,128.52,0.0,318.41926515292755,128.52,0.0,189.89926515292754,146.88000000000002,336.77926515292756
73,81,572.6,0.0,513.213575835305,513.213575835305,59.38642416469497,0.0,497.45357583530506,497.45357583530506
73,82,0.0,0.0,482.4434457570835,0.0,0.0,482.4434457570835,0.0,424.5377314713693
73,83,0.0,0.0,625.6668133553154,0.0,0.0,625.6668133553154,0.0,477.1782419267439
73,84,0.0,0.0,532.5627230523213,0.0,0.0,532.5627230523213,0.0,294.70843733803565
73,85,0.0,0.0,274.5537498132196,0.0,0.0,274.5537498132196,0.0,274.5537498132196
73,86,0.0,0.0,716.0477141090978,0.0,0.0,716.0477141090978,0.0,629.9805712519551
73,87,0.0,374.4779990681618,374.4779990681618,0.0,0.0,374.4779990681618,0.0,374.4779990681618
73,88,0.0,315.68000000000006,547.4208071562575,0.0,0.0,547.4208071562575,0.0,547.4208071562575
73,89,0.0,0.0,75.03693425167285,0.0,0.0,75.03693425167285,0.0,485.84836282310135
73,90,0.0,0.0,507.95816765192905,0.0,0.0,507.95816765192905,0.0,465.9095962233576
73,91,0.0,490.4342857142858,532.0312770037508,0.0,0.0,532.0312770037508,0.0,532.0312770037508
73,92,0.0,0.0,616.6653006491217,0.0,0.0,616.6653006491217,0.0,531.5224435062646
73,93,0.0,0.0,101.23560314527248,0.0,0.0,101.23560314527248,0.0,457.76988885955814
73,94,0.0,28.111428571428632,289.8655154670108,0.0,0.0,289.8655154670108,0.0,289.8655154670108
73,95,0.0,0.0,432.90373872796204,0.0,0.0,432.90373872796204,0.0,360.5451672993906
